beta,gamma1,gamma2,frac,lambda1,lambda2,delta,epsilon
1e-06,0.00652715139907816,0,0.92,0.0189888305436687,0.0189888305436687,9.34870159210447,82.9821824691878
