Complexity,Loss,Equation
1,1.4672103455697452e11,"x0"
2,2.055437216833001e7,"cube(x0)"
4,90.78218354451124,"cube(x0 - -0.3360861291207506)"
8,1.284613695845735e-21,"((square(x0) + x0) * x0) + x0"
