Complexity,Loss,Equation
1,7.294054674100288e14,"2.0303921968326986e7"
3,1.4676163896247638e11,"square(square(x0))"
4,1.4676163896247626e11,"x0 * cube(x0)"
5,233552.66893823323,"square(square(x0 - -0.2518390675754089))"
7,101644.03289993647,"square(square(x0 - -0.251628864217271)) - -484.8258785289949"
8,1.9727061590573592e-17,"(cube(x0) + x0) * (x0 + 1.0000000000000016)"
11,9.456428632129184e-18,"((x0 * (cube(x0) + x0)) + x0) + cube(x0)"
12,8.767353493163721e-18,"(square(x0) + ((x0 * cube(x0)) + x0)) + cube(x0)"
