Complexity,Loss,Equation
1,0.12702603173553353,"x1"
3,0.059293912348135164,"x0 + x1"
4,0.035210034025883574,"sin(x0 + x1)"
5,0.007459416482428513,"-0.22767190398808582 + (x1 + x0)"
6,0.0021099479530833666,"(x1 * x1) + sin(x0)"
7,0.00048560498191245406,"((x1 * x1) + x0) * 0.906016755006006"
8,0.00020318693878295852,"sin(x0) + ((x1 * 0.9056709402824913) * x1)"
9,6.812275555847605e-5,"(1.974219383756826 + sin(x0)) - (1.9935327189761773 * cos(x1))"
11,5.566585566785969e-5,"((-0.12220289887051694 + sin(x1)) * (1.2382574130685349 * x1)) + sin(x0)"
13,4.519809491630955e-5,"sin(-0.009993094845736196 + x0) + ((-0.09316003837954004 + sin(x1)) * (x1 * 1.1990741442054798))"
14,4.519809487775824e-5,"((-0.09316003837954004 + sin(x1)) * (x1 * 1.1990741442054798)) + sin(sin(-0.009993094845736196) + x0)"
15,2.5626589403919366e-5,"((sin(x0) + -0.05402933968033392) + (sin(x1) * x1)) / (0.8907405521191241 - (-0.07181115654789852 * x0))"
16,2.5623305531538246e-5,"((x1 * sin(x1)) + (sin(x0) + -0.05403770323225741)) / (0.8906795645805681 - sin(x0 * -0.07193612616225172))"
17,1.4356037533648716e-5,"((sin(x1) + (-0.06903330278631747 * x0)) * (x1 * 1.1197153697217572)) + (sin(x0 / 0.9135027611853628) - 0.05582510041790536)"
19,7.574060754277845e-6,"(((1.1101546149787864 * x1) - (0.054700984164787414 / x1)) * ((-0.0471291106725917 * x0) + sin(x1))) + sin(x0 / 0.9438279183458961)"
21,5.785219345380412e-6,"(((1.118101510630355 * x1) - (0.031346055536487435 / x1)) * ((-0.05900008414919959 * x0) + sin(x1))) + (sin(x0 / 0.9290246571859939) - 0.025919475450372827)"
22,5.785219338311281e-6,"(((1.1181012487141058 * x1) - (0.031347311834098265 / x1)) * (sin(x1) + (-0.058999514550664246 * x0))) + (sin(x0 / 0.9290255106785518) - sin(0.025921030302616617))"
24,5.0862842300666425e-6,"(sin(x0 / 0.9247153967926285) - (0.027569143112056195 / cos(x1))) + (((1.146509042680897 * x1) - (0.03294300390644485 / x1)) * ((-0.06199000876627268 * x0) + sin(x1)))"
25,5.086210017859215e-6,"(sin(x0 / 0.9247015187235136) - (sin(0.027585227527649622) / cos(x1))) + (((x1 * 1.1465299418129062) - (0.032938347779865484 / x1)) * (sin(x1) + (-0.06197184585881228 * x0)))"
26,5.086183440417164e-6,"(((x0 * -0.06204964935885788) + sin(x1)) * ((1.1466728629647107 * x1) - (0.03286260837929175 / x1))) + (sin(x0 / 0.9246328992630248) - ((0.02537273200006418 / 0.9167727420615832) / cos(x1)))"
