Complexity,Loss,Equation
1,5.021149146566985,"x0"
2,0.855280181640396,"exp(x4)"
4,0.2976500337434542,"x0 + exp(x2)"
6,0.16138270294257515,"x4 + (exp(x0) + x1)"
7,0.09270671462586116,"exp(x0) + (x2 * exp(x3))"
9,4.622231866529366e-32,"((x2 + x3) + (x1 + x0)) + x4"
