Complexity,Loss,Equation
1,4.5773434358490795e-12,"x4"
2,3.0838920976792715e-22,"square(x5)"
3,3.877833268455332e-25,"square(square(x4))"
5,3.877833267413444e-25,"cube(square(x4 / -1.5857962906951173))"
8,3.8765256837536197e-25,"cube(x5 + sin(x4)) / cos(3.036615497386538)"
