Complexity,Loss,Equation
1,5.675258780515509e-44,"-1.073846803137871e-12"
