Complexity,Loss,Equation
1,0.06133311966697609,"-0.24765524356920968"
2,1.966587580509797e-22,"cube(x4)"
