gamma1,lambda1,delta,epsilon,NRow,NCol,FValue,Model_1_Y_pred,Model_1_Residuals,Model_2_Y_pred,Model_2_Residuals,Model_3_Y_pred,Model_3_Residuals,Model_4_Y_pred,Model_4_Residuals,Model_5_Y_pred,Model_5_Residuals,Model_6_Y_pred,Model_6_Residuals,Model_7_Y_pred,Model_7_Residuals,Model_8_Y_pred,Model_8_Residuals,Model_9_Y_pred,Model_9_Residuals,Model_10_Y_pred,Model_10_Residuals,Model_11_Y_pred,Model_11_Residuals,Model_12_Y_pred,Model_12_Residuals,Model_13_Y_pred,Model_13_Residuals,Model_14_Y_pred,Model_14_Residuals,Model_15_Y_pred,Model_15_Residuals,Model_16_Y_pred,Model_16_Residuals
-0.597541810525913,-0.6215163339667974,-0.9383888117306464,-0.7825426357098743,0.47445137494634665,-0.945810375934829,1.0055211424317099,1.115234918190586e-09,1.5035761703122942e-09,-2.280420390331024e-10,2.8468531275359824e-09,-1.5199542819735885e-10,2.770806516700239e-09,1.2460078660640217e-09,1.3728032224388584e-09,1.0658703018219098e-09,1.5529407866809703e-09,1.7105435730808782e-09,9.082675154220019e-10,2.105085462724538e-09,5.137256257783421e-10,2.81980210436819e-09,2.0099101586530973e-10,2.7705968996606688e-09,1.5178581115778868e-10,2.64036070835597e-09,2.154961985308999e-11,2.887221468548733e-09,2.6841038004585304e-10,2.9653708350592313e-09,3.4655974655635117e-10,2.026968915616562e-09,5.91842172886318e-10,3.4487482577813116e-09,8.299371692784315e-10,3.396814806974325e-09,7.780037184714447e-10,3.4925415811941295e-09,8.737304926912494e-10
-0.47960889392480016,-0.5132402557789225,-0.7771429615831764,-1.0758591212050717,-0.593555395035317,-0.8056695947391768,0.20090269068394762,-1.908528864636482e-09,2.249286852941277e-09,-2.280420390331024e-10,5.688000273378973e-10,-1.5199542819735885e-10,4.927534165021538e-10,1.007927912884117e-09,6.671699245793221e-10,8.741512312133942e-10,5.333932429085992e-10,1.3863803899767304e-09,1.0456224016719354e-09,5.717772318876432e-10,2.3101924358284832e-10,7.549417947869351e-10,4.141838064821402e-10,1.6915375932576436e-09,1.3507796049528486e-09,1.5613014019529447e-09,1.2205434136481497e-09,7.396536182038319e-10,3.98895629899037e-10,1.4033370055751908e-09,1.0625790172703958e-09,7.666996063159563e-10,4.259416180111614e-10,9.346419427154364e-10,5.938839544106414e-10,8.548643062126779e-10,5.141063179078829e-10,8.537063236336579e-10,5.129483353288629e-10
-0.5661629872016013,1.2156519759488136,-0.4338282449285714,0.9865203979518316,0.3279519151052824,-0.6929247979752919,0.5544338876405032,7.004624904102413e-10,6.412206413513587e-10,-2.280420390331024e-10,1.5697251707947023e-09,-1.5199542819735885e-10,1.4936785599589588e-09,1.1856503780706746e-09,1.5603275369092536e-10,7.199111344542602e-10,6.217719973073398e-10,1.3534825709328236e-09,1.179943917122364e-11,1.6070057534920886e-09,2.653226217304887e-10,2.129673482386414e-09,7.87990350624814e-10,2.1625562949422667e-09,8.208731631806667e-10,2.0323201036375684e-09,6.906369718759684e-10,2.2074692856289063e-09,8.657861538673063e-10,2.300248235696685e-09,9.58565103935085e-10,1.6645193457625706e-09,3.2283621400097064e-10,2.613763343762038e-09,1.272080212000438e-09,2.557477251918694e-09,1.215794120157094e-09,2.5839925477640885e-09,1.2423094160024885e-09
-0.5251310959986846,-0.4840016160991132,-0.38451675618233644,1.2202112906224962,-1.13217149800158,-0.6266290990298848,-0.1258062082705967,-3.4334703825865997e-09,2.8492430955611455e-09,-2.280420390331024e-10,3.5618524799235167e-10,-1.5199542819735885e-10,4.322318588280952e-10,1.1034559060139097e-09,1.6876831930393638e-09,6.292155519213597e-10,1.2134428389468137e-09,1.2186697110621645e-09,1.8028969980876185e-09,-2.0539219906285436e-10,3.788350879625997e-10,-1.9955430654892082e-10,3.8467298047653323e-10,1.759164570880359e-09,2.3433918579058133e-09,1.6289283795756606e-09,2.2131556666011146e-09,-3.012186784724996e-10,2.8300860855295443e-10,1.1587610928850277e-09,1.7429883799104817e-09,-1.877906413810141e-11,5.654482228873526e-10,2.4835546583254133e-10,8.325827528579953e-10,1.5397285255698238e-10,7.382001395824364e-10,1.6592042399682783e-11,6.008193294251369e-10
-0.42976631665112813,-1.1523180385219105,0.20185465015831086,-1.0056853104836578,-0.7443489513892788,-0.7060281155448312,0.13096523141872748,-2.33545883100236e-09,2.478208377476073e-09,-2.280420390331024e-10,3.7079158550681537e-10,-1.5199542819735885e-10,2.9474497467107183e-10,8.981452546197073e-10,7.553957081459944e-10,7.378370789572601e-10,5.950875324835471e-10,1.198615313637362e-09,1.0558657671636491e-09,2.2457497194686474e-10,8.182542547315176e-11,3.1465091273990324e-10,1.7190136626619026e-10,1.2275148305167278e-09,1.0847652840430148e-09,1.0972786392120295e-09,9.545290927383166e-10,3.00733586485111e-10,1.5798404001139804e-10,8.571510121358387e-10,7.144014656621258e-10,3.24815231661098e-10,1.8206568518738503e-10,3.2377550321969554e-10,1.8102595674598256e-10,2.411674266412275e-10,9.841788016751454e-11,3.491796103517394e-10,2.0643006387802644e-10
-0.5954591493116088,-0.6985667752945577,1.6055746099079733,1.5326029016313554,0.22245060161003996,2.2305602899363737,1.101548987609457,4.0176489807842896e-10,2.4889222951015614e-09,-2.280420390331024e-10,3.1187292322130925e-09,-1.5199542819735885e-10,3.042682621377349e-09,1.2420687469183116e-09,1.6486184462616786e-09,-3.279551685792019e-09,6.170238878972009e-09,-2.281872378843851e-09,5.1725595720238414e-09,-1.8614487224119647e-09,4.752135915591955e-09,-2.359448742492987e-09,5.250135935672977e-09,-1.725014633716152e-09,4.615701826896142e-09,-1.8552508250208508e-09,4.7459380182008405e-09,-2.044534051578782e-09,4.935221244758772e-09,-1.6300838149002068e-09,4.520771008080197e-09,5.712746380888749e-10,2.3194125550911155e-09,-1.4440176453079615e-09,4.334704838487952e-09,-1.502966868058518e-09,4.3936540612385085e-09,-1.487466835844636e-09,4.378154029024626e-09
-0.6011621553486546,-0.7318838267696521,0.6719861928378246,0.00521486526353173,1.3968188518253952,0.588130856287038,2.3981914747290465,3.726661595843887e-09,2.835107749647123e-09,-2.280420390331024e-10,6.789811384524113e-09,-1.5199542819735885e-10,6.713764773688369e-09,1.2528327616037574e-09,5.308936583887252e-09,-1.0326322532557683e-09,7.594401598746779e-09,-2.1167358529349513e-10,6.773442930784505e-09,1.4021266370980144e-09,5.159642708392995e-09,1.9056241119303502e-09,4.65614523356066e-09,6.376703447381154e-10,5.924099000752895e-09,5.074341534334163e-10,6.054335192057594e-09,2.2471655331022742e-09,4.314603812388736e-09,1.137453060717011e-09,5.424316284773999e-09,2.665341001751226e-09,3.896428343739784e-09,2.6252656624065137e-09,3.936503683084496e-09,2.5991048900706775e-09,3.962664455420333e-09,3.000842242805665e-09,3.560927102685345e-09
-0.43007323549015775,1.794171467512105,-1.179468977076916,1.1590666932749107,-1.2146663344741957,1.83584851206703,-1.6326589144004553,-3.6670315413800215e-09,1.183429600070019e-09,-2.280420390331024e-10,4.622419102416938e-09,-1.5199542819735885e-10,4.698465713252681e-09,8.98837664044891e-10,5.749298805494931e-09,-2.7395677170592026e-09,2.110893424390838e-09,-1.993818994510139e-09,2.8566421469399016e-09,-3.2579823694139003e-09,1.5924787720361402e-09,-3.861521086905545e-09,9.889400545444952e-10,-2.3544899355922386e-09,2.495971205857802e-09,-2.4847261268969377e-09,2.365735014553103e-09,-4.016327818682218e-09,8.341333227678226e-10,-3.0075366207339673e-09,1.8429245207160733e-09,-3.3569076751810515e-09,1.493553466268989e-09,-3.856391504899322e-09,9.940696365507186e-10,-3.950059398757362e-09,9.004017426926787e-10,-3.770238641572732e-09,1.0802224998773086e-09
-0.5299307950635697,-0.5822823862224253,0.6577530170938877,0.9317350149792198,-1.284432140082833,1.4676793699899369,-0.9374259155943226,-3.864553993679432e-09,9.82451500791452e-10,-2.280420390331024e-10,2.654060453854878e-09,-1.5199542819735885e-10,2.7301070646906215e-09,1.1132622761817735e-09,3.995364769069754e-09,-2.2358953017669664e-09,6.462071911210139e-10,-1.405936437395615e-09,1.4761660554923652e-09,-2.7974848922551415e-09,8.461760063283879e-11,-3.467734250259866e-09,5.856317573718856e-10,-1.1585232318880852e-09,1.723579260999895e-09,-1.2887594231927839e-09,1.5933430696951964e-09,-3.512000006565251e-09,6.298975136772706e-10,-1.8571646585035832e-09,1.024937834384397e-09,-3.5513744819750583e-09,6.692719890870781e-10,-2.9038867288823956e-09,2.178423599441528e-11,-3.002364729097084e-09,1.2026223620910384e-10,-3.1729505944184037e-09,2.908481015304234e-10
0.3548401586714575,1.9685658540498827,1.3752027932020514,-0.015419328072650002,-0.8064035501194904,3.218560686107253,-2.695654215503859,-2.511149148210276e-09,5.3488871973810346e-09,-2.280420390331024e-10,7.631994306558209e-09,-1.5199542819735885e-10,7.708040917393952e-09,-1.1659743813722946e-09,6.694061964219016e-09,-4.631181925745349e-09,3.2288544198459615e-09,-4.716546688052927e-09,3.143489657538384e-09,-5.292282325600017e-09,2.567754019991294e-09,-4.61474044610226e-09,3.245295899489051e-09,-6.880527896572129e-09,9.795084490191813e-10,-7.010764087876828e-09,8.492722577144831e-10,-6.03172791662208e-09,1.8283084289692305e-09,-7.285847382955559e-09,5.741889626357519e-10,-6.460886237320472e-09,1.3991501082708388e-09,-7.3734111896134194e-09,4.866251559778913e-10,-7.447175279136434e-09,4.1286106645487695e-10,-6.5734334236920645e-09,1.2866029218992462e-09
2.917292212132508,0.0536489688886692,0.23183548029987866,-0.20223351370353895,-0.2955423253097415,0.10784970872758336,-0.816815055522948,-1.0647878394173403e-09,1.47583858726021e-09,-2.280420390331024e-10,2.312584387644448e-09,-1.5199542819735885e-10,2.3886309984801914e-09,-7.583859626347842e-10,1.782240464042766e-09,-3.7558542894602317e-10,2.165040997731527e-09,-4.027885427878035e-09,1.487259001200485e-09,-4.067652538079651e-09,1.527026111402101e-09,-1.972558979319776e-09,5.680674473577743e-10,-2.236726069556624e-09,3.0390035712092644e-10,-2.3669622608613225e-09,1.7366416581622775e-10,-2.121319641420478e-09,4.1930678525707235e-10,-2.3735321832128555e-09,1.6709424346469475e-10,-2.0322052642483073e-09,5.084211624292429e-10,-2.2618521614470682e-09,2.78774265230482e-10,-2.3272146133154767e-09,2.1341181336207352e-10,-2.1558817522571583e-09,3.8474467442039196e-10
-0.26918000793969366,-0.5104879848180407,-0.21093903290739802,-1.367823018359838,3.551153768846248,0.1839839342919986,-0.18246612585926034,9.826061039050835e-09,1.0570705105780326e-08,-2.280420390331024e-10,5.166020276963876e-10,-1.5199542819735885e-10,5.926486385321311e-10,5.095874321724329e-10,1.2542314989019229e-09,-4.797405709551904e-10,2.649034957742995e-10,-1.2102830358703168e-10,6.236157631424582e-10,3.976563397195996e-09,4.721207463925486e-09,4.445798881100159e-09,5.190442947829649e-09,-8.998818020908425e-10,1.5523773536135252e-10,-1.030117993395541e-09,2.85473926666051e-10,4.810658647400755e-09,5.555302714130245e-09,4.666989209660996e-11,7.913139588260999e-10,3.4604747831081857e-09,4.205118849837676e-09,2.7451125203993263e-09,3.489756587128816e-09,2.751056925291469e-09,3.495700992020959e-09,1.0910286929620557e-09,1.8356727596915456e-09
-0.5567288955587838,1.450272924618088,0.2190893046434231,1.4443840468756457,0.445240565815737,-0.1536368091690367,0.25362861102958767,1.0325326458840834e-09,5.424958956477434e-10,-2.280420390331024e-10,7.180787892694424e-10,-1.5199542819735885e-10,6.420321784336989e-10,1.1670806273398754e-09,6.770438771035354e-10,-1.785977792508842e-11,5.078965281614285e-10,6.642395455626831e-10,1.7420279532634304e-10,1.1081518415687392e-09,6.181150913323991e-10,1.4802767812797104e-09,9.902400310433703e-10,1.3290678818553633e-09,8.390311316190233e-10,1.1988316905506646e-09,7.087949403143246e-10,1.6081051025312581e-09,1.118068352294918e-09,1.5126683074148946e-09,1.0226315571785545e-09,1.3802666189348696e-09,8.902298686985295e-10,1.9309846090419114e-09,1.4409478588055713e-09,1.87774460384869e-09,1.3877078536123497e-09,1.919433638200082e-09,1.4293968879637417e-09
-0.40132964545664573,-0.7685434516399499,1.2344149152216948,-0.5768866779976944,0.9513713323700332,0.656825822892271,-0.3762735969432821,2.4655009793223232e-09,3.758856934755693e-09,-2.280420390331024e-10,1.0653139164002678e-09,-1.5199542819735885e-10,1.1413605272360113e-09,8.331240547336583e-10,2.1264800101670286e-09,-1.1266101449206602e-09,1.6674581051270993e-10,-5.489676306588623e-10,7.443883247745078e-10,5.765781394718628e-10,1.869934094905233e-09,7.234573175279151e-10,2.016813272961285e-09,-8.667349775009143e-10,4.266209779324558e-10,-9.96971168805613e-10,2.963847866277571e-10,8.458761471263762e-10,2.1392321025597465e-09,-5.032838961448385e-10,7.900720592885316e-10,2.154775251346541e-09,3.4481312067799108e-09,2.330737061922131e-10,1.5264296616255832e-09,1.89683269018255e-10,1.4830392244516252e-09,-1.9826917903658677e-11,1.2735290375297114e-09
-0.41973473433554476,-0.3119857364799539,-1.137133570703603,0.25108091997621307,-0.4992500870910152,0.19801555750298666,-0.5357079244950609,-1.6415296444955559e-09,1.0322021492845405e-10,-2.280420390331024e-10,1.5167078203909076e-09,-1.5199542819735885e-10,1.5927544312266511e-09,8.754033844326258e-10,2.620153243856636e-09,-4.989364805126218e-10,1.2458133789113882e-09,5.04566794758799e-11,1.7952065388998898e-09,-5.489429491595083e-10,1.1958069102645017e-09,-6.109250769114264e-10,1.1338247825125836e-09,-1.090204663217275e-10,1.6357293931022824e-09,-2.392566576264262e-10,1.5054932017975837e-09,-6.282958132081705e-10,1.1164540462158394e-09,-3.477752531671846e-10,1.3969746062568254e-09,-5.620261731417574e-10,1.1827236862822526e-09,-7.204833489643473e-10,1.0242665104596626e-09,-7.972152419586135e-10,9.475346174653964e-10,-7.130586256139363e-10,1.0316912338100736e-09
-0.5205703993656191,0.47633266747275016,1.452695924718461,-0.38195564680843525,0.1951067124662578,-0.6112085391818017,1.105410869118559,3.2434828987094897e-10,2.577272745461551e-09,-2.280420390331024e-10,3.1296630743656024e-09,-1.5199542819735885e-10,3.053616463529859e-09,1.0940907992348947e-09,1.8075302360976054e-09,6.081195128018831e-10,2.293501522530617e-09,1.1935715016799347e-09,1.7080495336525654e-09,1.306197201732631e-09,1.595423833599869e-09,1.6971303106623982e-09,1.2044907246701018e-09,1.7042532202959463e-09,1.1973678150365538e-09,1.5740170289912474e-09,1.3276040063412527e-09,1.7721336070206186e-09,1.1294874283118815e-09,1.7878685840438608e-09,1.1137524512886392e-09,3.0450004178750333e-09,1.4337938254253328e-10,1.958297331536776e-09,9.433237037957242e-10,1.8981994319404243e-09,1.0034216033920757e-09,1.883099820839254e-09,1.018521214493246e-09
-0.5825440759729782,-0.8658187141973471,0.9283564056315199,0.0107425482652282,-1.0515360979944548,0.9850246019691735,-0.21184520460768613,-3.2051737003853205e-09,2.3773509527811398e-09,-2.280420390331024e-10,5.997807085710786e-10,-1.5199542819735885e-10,6.758273194068222e-10,1.2174291963858146e-09,2.0452519439899955e-09,-1.5756012548790616e-09,7.477785072748806e-10,-7.335928547814936e-10,9.422989282268738e-11,-1.9092791219331513e-09,1.0814563743289704e-09,-2.4068658344764072e-09,1.5790430868722263e-09,-7.358701414463521e-11,7.542357334595457e-10,-2.0382320544933385e-10,6.239995421548471e-10,-2.3953058561128358e-09,1.5674831085086548e-09,-6.238323797557803e-10,2.039903678484007e-10,-2.5983610885825282e-09,1.7705383409783473e-09,-1.5780341303690117e-09,7.502113827648307e-10,-1.6719386341793146e-09,8.441158865751336e-10,-2.0010881598193858e-09,1.1732654122152048e-09
-0.5015083926179995,0.9122906066093404,-1.0832210649540324,0.6669054731720317,-0.3552302107514495,0.07112825594675284,-0.3659674352849981,-1.233777466959932e-09,3.039946148766809e-11,-2.280420390331024e-10,1.0361348894144977e-09,-1.5199542819735885e-10,1.1121815002502412e-09,1.0544523079522844e-09,2.3186292363998844e-09,-3.25348783064148e-10,9.38828145383452e-10,3.125531329631437e-10,1.5767300614107438e-09,-1.411483679780959e-10,1.1230285604695042e-09,-1.2006216238939676e-10,1.1441147660582032e-09,6.062448721467638e-10,1.870421800594364e-09,4.760086808420651e-10,1.7401856092896651e-09,-1.0003418976278974e-10,1.1641427386848102e-09,4.402380426145516e-10,1.7044149710621515e-09,-2.0271941838100292e-10,1.0614575100665972e-09,1.3244529794220577e-10,1.3966222263898057e-09,5.835952779187229e-11,1.3225364562394723e-09,2.3217720932171986e-11,1.287394649379772e-09
3.540730064055594,0.5823640387910043,0.08824671926005069,-1.141313824760124,0.6783978773556752,-0.8857867401671776,-0.14734670154659898,1.6926526508798356e-09,2.3378658466681374e-09,-2.280420390331024e-10,4.1717115675519965e-10,-1.5199542819735885e-10,4.932177675909432e-10,-5.519241177431873e-10,9.328907804511479e-11,9.837551918179763e-10,1.6289683876062784e-09,-3.5628835443093645e-09,2.9176703485210623e-09,-2.5134639839540355e-09,1.8682507881657332e-09,-1.1587509454997791e-09,5.135377497114771e-10,-6.797113200623641e-10,3.449812427406201e-11,-8.099475113670627e-10,1.647343155787607e-10,-3.5544828544233603e-10,2.89764910345966e-10,-4.0971097366519744e-10,2.355022221231046e-10,-3.1532478786127297e-10,3.2988840792702907e-10,-6.655243214524733e-10,2.0311125664171285e-11,-7.303417177011807e-10,8.512852191287866e-11,-7.834798634044151e-10,1.3826666761611307e-10
1.706571191522511,-0.4836698901832845,1.6508607210639386,0.6411628196719807,3.1476516391689984,0.3526850004024642,-0.9642058146070596,8.683657113996498e-09,1.1641579434078899e-08,-2.280420390331024e-10,2.7298802810492977e-09,-1.5199542819735885e-10,2.8059268918850413e-09,-1.4983787277913751e-09,1.459543592291025e-09,-7.105314323262964e-10,2.247390887756104e-09,-2.8146482980212395e-09,1.4327402206116057e-10,1.0304379236953033e-09,3.988360243777703e-09,5.094202915603941e-10,3.4673426116427943e-09,-3.0121453670847025e-09,5.422304700230241e-11,-3.142381558389401e-09,1.844592383070011e-10,2.86987239318696e-10,3.2449095594010962e-09,-2.128047795934882e-09,8.298745241475179e-10,7.177606548793716e-10,3.6756829749617714e-09,-2.5778389457697524e-09,3.800833743126477e-10,-2.6342233101449387e-09,3.236990099374614e-10,-4.5853508872982285e-09,1.6274285672158284e-09
-0.6036766556600057,0.6746221117142455,0.036674776416668324,0.9437423617180304,0.9428034410251918,-0.8319624822624181,2.708359834314424,2.4412433807078746e-09,4.998681308601087e-09,-2.280420390331024e-10,7.667966728342064e-09,-1.5199542819735885e-10,7.59192011750632e-09,1.257556116165289e-09,6.182368573143672e-09,9.101211174703607e-10,6.5298035718386e-09,1.5752465436891813e-09,5.86467814561978e-09,2.5220818572813543e-09,4.917842832027607e-09,3.376335800927451e-09,4.06358888838151e-09,2.660765301986653e-09,4.779159387322308e-09,2.5305291106819545e-09,4.909395578627006e-09,3.51923806801193e-09,3.920686621297031e-09,3.021403099813885e-09,4.418521589495076e-09,2.9303323325523175e-09,4.509592356756643e-09,4.01596667124629e-09,3.423958018062671e-09,3.9772095958282466e-09,3.4627150934807145e-09,4.237586926192512e-09,3.2023377631164487e-09
-0.38607572519891725,2.141824326345336,1.2363007329851563,-1.0725979018772342,-0.771142331802448,-0.026045152682687582,-0.02519418309303143,-2.4113168270282094e-09,2.1119444738848975e-09,-2.280420390331024e-10,7.133031411020963e-11,-1.5199542819735885e-10,1.4737692494595317e-10,7.975455662651155e-10,1.0969179194084275e-09,-1.924110654964951e-10,1.0696128764681692e-10,2.8961790360461403e-10,5.889902567479261e-10,-6.431680918782135e-10,3.437957387349015e-10,-7.15357165710221e-10,4.1598481256690896e-10,6.846227791158093e-12,3.062185809344701e-10,-1.233899635135407e-10,1.7598238962977132e-10,-7.577202300517777e-10,4.583478769084657e-10,-3.7852709521029637e-10,7.915474206698435e-11,-1.1152612325717505e-09,8.158888794284384e-10,-8.97126731984888e-10,5.977543788415759e-10,-9.795897642293795e-10,6.802174110860675e-10,-7.814800213457093e-10,4.821076682023972e-10
2.098662378394853,-0.9393055340529352,0.5937027470957134,-1.6472055595596529,-0.45382632648949334,-0.14450310093094232,-0.46098749374025905,-1.5129249145938465e-09,2.0274851044253556e-11,-2.280420390331024e-10,1.3051577266049977e-09,-1.5199542819735885e-10,1.3812043374407413e-09,-1.2090852648531456e-09,3.241145007849545e-10,-3.035511325629411e-11,1.502844652381806e-09,-2.6826373623196394e-09,1.1494375966815393e-09,-3.01232567490023e-09,1.4791259092621299e-09,-1.7196512882027997e-09,1.864515225646996e-10,-2.1628313114880395e-09,6.296315458499394e-10,-2.293067502792738e-09,7.598677371546381e-10,-1.662062204632457e-09,1.2886243899435685e-10,-2.378286046886013e-09,8.450862812479128e-10,-1.7081461961045831e-09,1.7494643046648305e-10,-2.2163193873451444e-09,6.831196217070443e-10,-2.2822882679704573e-09,7.490885023323572e-10,-1.953680574574386e-09,4.2048080893628613e-10
0.24615861750082593,0.9221558985284568,-0.10267191751579599,1.5349337310510598,-0.3489625007499167,-0.3609775785439962,-0.45372376875607756,-1.2160321913338015e-09,2.966023595950686e-10,-2.280420390331024e-10,1.2845925118957677e-09,-1.5199542819735885e-10,1.3606391227315112e-09,-9.027443449385202e-10,6.098902059903499e-10,2.657919847144018e-10,1.7784265356432719e-09,-8.381936074305714e-11,1.4288151901858128e-09,-4.987753959847307e-10,1.0138591549441394e-09,-4.719309844317993e-10,1.0407035664970708e-09,-1.6738889351800863e-09,1.6125438425121629e-10,-1.804125126484785e-09,2.9149057555591497e-10,-3.7466153389844103e-10,1.137973017030429e-09,-1.836803727456031e-09,3.24169176527161e-10,-2.7018281791490276e-10,1.2424517330139672e-09,-1.8958554741449785e-09,3.832209232161084e-10,-1.9651445780236474e-09,4.5251002709477734e-10,-1.5504209468060044e-09,3.778639587713436e-11
-0.39236492165931613,0.3333197101548073,0.22647192156484078,-1.6701360327586139,0.11921433067945211,0.15854331398425647,0.5658682786236221,1.0948014306756536e-10,1.2645762828577344e-09,-2.280420390331024e-10,1.602098464958402e-09,-1.5199542819735885e-10,1.5260518541226585e-09,8.122732007234403e-10,5.617832252018595e-10,-4.4493662566895014e-10,1.8189930515942499e-09,6.565839332233564e-11,1.3083980326029642e-09,1.8016313645451815e-10,1.1938932894707817e-09,2.525978999339112e-10,1.1214585259913885e-09,-2.1690680611863032e-10,1.59096323204393e-09,-3.4714299742332896e-10,1.7211994233486287e-09,3.0214931419565323e-10,1.0719071117296465e-09,-1.6520999270437525e-10,1.539266418629675e-09,2.186097692762567e-10,1.1554466566490431e-09,-9.111221148458233e-11,1.465168637409882e-09,-1.535319588799347e-10,1.5275883848052344e-09,-1.8050794708873003e-10,1.5545643730140297e-09
-0.6015561623836216,2.3364455713990537,-0.9052709804401261,1.6447206077859067,1.4011918712229072,-1.3260952139756694,1.885381530357985,3.7390425826011375e-09,1.370848197279843e-09,-2.280420390331024e-10,5.337932818914083e-09,-1.5199542819735885e-10,5.26188620807834e-09,1.2535737954622836e-09,3.856316984418697e-09,1.586117549579951e-09,3.5237732303010295e-09,2.1932570372013605e-09,2.91663374267962e-09,3.6210024757651063e-09,1.4888883041158742e-09,4.810888072032513e-09,2.9900270784846743e-10,3.339889568628756e-09,1.7700012112522246e-09,3.2096533773240572e-09,1.9002374025569233e-09,4.9737817538738335e-09,1.3610902600714695e-10,3.840918584843287e-09,1.2689721950376938e-09,3.4051101497379766e-09,1.704780630143004e-09,5.356234991291022e-09,2.463442114100416e-10,5.330211583156503e-09,2.203208032755229e-10,5.735078000564155e-09,6.251872206831747e-10
-0.6064415826232993,0.7569776615208808,-0.13459113249543628,1.4184070934672437,-0.47018778839339953,-0.9047786126786681,0.5971616172588532,-1.559247838127361e-09,3.021902638771371e-09,-2.280420390331024e-10,1.6906968396771125e-09,-1.5199542819735885e-10,1.614650228841369e-09,1.2627339451317783e-09,1.9992085551223185e-10,1.009736951844952e-09,4.529178487990581e-10,1.6701829760017238e-09,2.0752817535771368e-10,9.756734193168652e-10,4.86981381327145e-10,1.3519143514718547e-09,1.1074044917215548e-10,2.786442605803044e-09,1.3237878051590338e-09,2.6562064144983453e-09,1.1935516138543351e-09,1.283072723706491e-09,1.7958207693751916e-10,2.5626334702708895e-09,1.0999786696268793e-09,1.1713041367379714e-09,2.9135066390603875e-10,2.1066855181462107e-09,6.440307175022005e-10,2.0283844546236437e-09,5.657296539796335e-10,1.8098890453262215e-09,3.472342446822113e-10
-0.5752777205669933,-1.0590524249898832,1.4169895364352452,0.22288345441359703,0.891304553019468,1.3636842851046669,1.043995063748189,2.295438619179773e-09,4.3230066447125686e-10,-2.280420390331024e-10,2.955781322684132e-09,-1.5199542819735885e-10,2.8797347118483885e-09,1.2034054742821225e-09,1.5243338093689072e-09,-2.093625215558283e-09,4.821364499209312e-09,-1.2183497833813972e-09,3.946089067032427e-09,-1.0906409123177975e-10,2.8368033748828094e-09,-7.444155557687736e-11,2.802180839227907e-09,-6.654295573005897e-10,3.3931688409516196e-09,-7.95665748605288e-10,3.523405032256318e-09,2.292961627116706e-10,2.4984431209393593e-09,-3.218615821191213e-10,3.049600865770151e-09,3.028267503529264e-09,3.005282198782344e-10,5.548544254566671e-10,2.1728848581943625e-09,5.139596505482698e-10,2.21377963310276e-09,6.841459747832447e-10,2.043593308867785e-09
-0.6050024673893777,-1.011017601405612,-0.878759444482983,1.490015611441712,1.5022962058422624,-0.024536591449131007,1.1842629581287516,4.025291353584194e-09,9.004225845754644e-10,-2.280420390331024e-10,3.352910808041832e-09,-1.5199542819735885e-10,3.2768641972060886e-09,1.2600410225166965e-09,1.864827746492033e-09,-1.9447484703949732e-10,3.319343616048227e-09,5.62714194336288e-10,2.5621545746724415e-09,2.236937000737767e-09,8.879317682709626e-10,3.0049124383346487e-09,1.1995633067408112e-10,1.5333573214766208e-09,1.591511447532109e-09,1.4031211301719221e-09,1.7217476388368077e-09,3.306056594028892e-09,1.8118782502016212e-10,2.0627297646226614e-09,1.0621390043860684e-09,1.7440027879664443e-09,1.3808659810422855e-09,3.6876371274394547e-09,5.627683584307249e-10,3.6645793368860618e-09,5.39710567877332e-10,4.118704138175204e-09,9.938353691664739e-10
-0.5419585463253521,2.029919946335358,-0.20172513193083935,-0.009388224352894636,-0.17003313814330473,2.0086853418974426,-1.000040902749826,-7.094435239759213e-10,2.3499358699060892e-09,-2.280420390331024e-10,2.831337354848908e-09,-1.5199542819735885e-10,2.9073839656846517e-09,1.1376133196384553e-09,4.196992713520466e-09,-2.976016494490714e-09,8.33628993912965e-11,-2.0703794444172913e-09,9.889999494647192e-10,-2.1205798896767166e-09,9.38799504205294e-10,-2.6291269724041723e-09,4.3025242147783826e-10,-1.83192189499143e-09,1.2274574988905804e-09,-1.9621580862961286e-09,1.097221307585882e-09,-2.484538772870962e-09,5.748406210110487e-10,-1.9090789728752785e-09,1.150300421006732e-09,-2.5400422003246925e-09,5.19337193557318e-10,-2.096097673930481e-09,9.632817199515295e-10,-2.1656853915363475e-09,8.93694002345663e-10,-2.2266362788121885e-09,8.32743115069822e-10
-0.5827886292546884,1.4432111436143262,0.034936898087555776,-0.48618217471613007,3.090738101833591,-0.28516939574095157,2.6612354108693537,8.522522280599949e-09,1.2160172744848088e-09,-2.280420390331024e-10,7.534547045148243e-09,-1.5199542819735885e-10,7.4585004343125e-09,1.2178991559092131e-09,6.088605850205927e-09,1.620828842832483e-10,7.144422121831892e-09,8.62189311877168e-10,6.444315694237972e-09,4.34928301939133e-09,2.95722198672381e-09,5.704777256015487e-09,1.601727750099653e-09,1.7192832850024505e-09,5.58722172111269e-09,1.589047093697752e-09,5.7174579124173884e-09,6.1984569416266645e-09,1.1080480644884757e-09,2.593919036347783e-09,4.712585969767357e-09,4.918365402611426e-09,2.388139603503714e-09,6.068139585623222e-09,1.2383654204919181e-09,6.087652925401373e-09,1.218852080713767e-09,6.864428118487863e-09,4.4207688762727686e-10
-0.4590466461046458,1.0416502167788124,-0.3703874532276229,-1.5242849971860208,0.27071992911331405,0.5963701235267744,0.17058947648702377,5.384260583146367e-10,2.834914952970347e-10,-2.280420390331024e-10,4.829766020507044e-10,-1.5199542819735885e-10,4.0692999121496083e-10,9.632900166633838e-10,7.083554536457818e-10,-1.0439039519306324e-09,1.2988385149482344e-09,-4.00532362286206e-10,6.55466925303808e-10,-7.379960630562895e-11,3.2873416932323094e-10,-4.0413408102391565e-11,2.953479711199935e-10,-4.22041262765809e-10,6.76975825783411e-10,-5.522774540705075e-10,8.072120170881094e-10,4.144193787332172e-11,2.1349262514428027e-10,-3.0737072446926476e-10,5.623052874868667e-10,-2.8041655390600376e-10,5.353511169236057e-10,-1.0291008221453965e-10,3.578446452321416e-10,-1.6147805769104964e-10,4.1641262070865163e-10,-1.984807475204173e-10,4.534153105380193e-10
-0.10351270846020584,0.20857092615740908,0.8920551151296519,0.46979302353256003,1.1870647086738544,-0.07815310640442509,-0.4896255121187801,3.1328011455300352e-09,4.747081485953625e-09,-2.280420390331024e-10,1.3862383013904878e-09,-1.5199542819735885e-10,1.4622849122262313e-09,6.351589702488367e-11,1.6777962374484737e-09,-1.211249746554872e-10,1.493155365768103e-09,1.4614639795758048e-13,1.6144264868215476e-09,1.3545812093548044e-09,2.9688615497783947e-09,1.408146069322409e-09,3.022426409745999e-09,-1.2027692191432413e-09,4.115111212803488e-10,-1.3330054104479398e-09,2.8127492997565033e-10,1.538910576802127e-09,3.1531909172257168e-09,-7.648165315452258e-10,8.494638088783643e-10,1.8991745752521945e-09,3.513454915675785e-09,-1.769984008617034e-10,1.4372819395618867e-09,-2.2198866414352486e-10,1.3922916762800652e-09,-1.0032598847573448e-09,6.110204556662453e-10
0.8677181930543735,1.821259016561059,-1.4117759354625194,0.557784686574122,1.0848404097736153,-0.37089068747237003,-0.47879177058275535,2.8433815075395956e-09,4.4269891254581554e-09,-2.280420390331024e-10,1.3555655788854577e-09,-1.5199542819735885e-10,1.4316121897212013e-09,-1.8509642869440423e-09,2.6735666902548223e-10,2.793535762395372e-10,1.8629611941580972e-09,-8.521009301099703e-10,7.315066878085897e-10,4.518601597721903e-10,2.03546777769075e-09,2.704517397174868e-10,1.8540593576360468e-09,-2.1466441681602843e-09,5.630365502417242e-10,-2.276880359464983e-09,6.932727415464229e-10,4.920219943286102e-10,2.07562961224717e-09,-1.7403296145685233e-09,1.5672199664996326e-10,3.987018607708661e-10,1.9823094786894263e-09,-1.7952273824180257e-09,2.116197644994656e-10,-1.853381005277508e-09,2.6977338735894796e-10,-2.759298318535988e-09,1.175690700617428e-09
-0.6063657187334826,0.9133591867660782,0.23352967614101766,1.2654951879473926,0.06310974350975108,-0.9218072301340686,1.5090585821728275,-4.9364373186876317e-11,4.093801512368067e-09,-2.280420390331024e-10,4.2724791782142934e-09,-1.5199542819735885e-10,4.19643256737855e-09,1.2625920988314015e-09,2.781845040349789e-09,1.0330328881487426e-09,3.0114042510324482e-09,1.6914771202911879e-09,2.352960018890003e-09,1.6119118017002586e-09,2.432525337480932e-09,2.1869212254819288e-09,1.857515913699262e-09,2.8098193422415024e-09,1.2346177969396883e-09,2.6795831509368037e-09,1.364853988244387e-09,2.1933870540860037e-09,1.851050085095187e-09,2.8374270901237233e-09,1.2070100490574674e-09,1.994208141982148e-09,2.0502289971990427e-09,2.9000208082536345e-09,1.1444163309275561e-09,2.836672028238897e-09,1.2077651109422937e-09,2.801864074939468e-09,1.2425730642417228e-09
-0.6069723677650288,-1.1607285922417105,0.8868069121047644,-0.24306491069873665,-0.7303976544065911,1.8199681074262968,0.08704823738453248,-2.2959596183331e-09,2.3143704248814926e-09,-2.280420390331024e-10,2.4645284558149527e-10,-1.5199542819735885e-10,1.7040623474575173e-10,1.2637260278906421e-09,1.2453152213422492e-09,-2.7178425889941752e-09,2.736253395542568e-09,-1.7516710001294065e-09,1.7700818066777994e-09,-2.475131231041462e-09,2.493542037589855e-09,-3.178335112143889e-09,3.1967459186922822e-09,-1.0508803534551712e-09,1.069291160003564e-09,-1.1811165447598705e-09,1.1995273513082634e-09,-3.0173509123468436e-09,3.0357617188952363e-09,-1.413478479484996e-09,1.4318892860333888e-09,-2.9768239267632265e-09,2.9952347333116196e-09,-2.1376468955558557e-09,2.156057702104249e-09,-2.22325450887243e-09,2.2416653154208233e-09,-2.532837894734956e-09,2.551248701283349e-09
-0.5841869882099866,-0.5876761896767906,1.0896039631715355,0.40003959872273964,-0.4503363864843322,1.0277761827554037,0.345211440583205,-1.5030441212426707e-09,2.252372152130544e-09,-2.280420390331024e-10,9.773700699209753e-10,-1.5199542819735885e-10,9.013234590852318e-10,1.2205838698093037e-09,4.712558389214307e-10,-1.6340873947838906e-09,2.3834154256717635e-09,-7.852289454170582e-10,1.5345569763049312e-09,-1.2616621582139759e-09,2.010990189101849e-09,-1.5687429581450804e-09,2.318070989032953e-09,-1.2066611403867718e-10,8.699941449265502e-10,-2.509023053433755e-10,1.0002303362312485e-09,-1.4677671299004238e-09,2.217095160788297e-09,-3.3434437092645985e-10,1.0836724018143328e-09,-1.2943692023777796e-09,2.0436972332656526e-09,-7.793489856225842e-10,1.5286770165104572e-09,-8.568155708440026e-10,1.6061436017318756e-09,-1.0286667803860523e-09,1.7779948112739253e-09
-0.4369874593730632,2.1902191078568003,1.0342362047562637,1.6718252209460245,-0.5515524994138231,-0.42355694935989024,-0.11920207080643831,-1.7896093613862174e-09,1.2240798506691256e-09,-2.280420390331024e-10,3.374874716839896e-10,-1.5199542819735885e-10,4.135340825197331e-10,9.14382726965574e-10,1.479912237682666e-09,3.514034584747687e-10,9.169329691918607e-10,8.528771600905196e-10,1.4184066708076117e-09,1.2923630819626993e-10,6.947658189133618e-10,2.018589081837067e-10,7.673884189007987e-10,8.744468708764582e-10,1.43997638159355e-09,7.442106795717593e-10,1.3097401902888514e-09,2.0017889631843146e-10,7.657084070355234e-10,6.084496363773223e-10,1.1739791470944142e-09,1.0620439229383555e-10,6.717339030109275e-10,1.9589167491806528e-10,7.614211856351573e-10,1.1771981654036373e-10,6.832493272574557e-10,1.8471020881013303e-10,7.50239719527225e-10
-0.4778135815935111,-0.8216596551138554,-0.7273253445244273,1.639478491815881,0.5362387331484137,0.8080941179020625,-0.8892539571896193,1.2901686182561585e-09,4.035885624398119e-09,-2.280420390331024e-10,2.517674967108858e-09,-1.5199542819735885e-10,2.5937215779446014e-09,1.0040672715700116e-09,3.749784277711972e-09,-1.333552169107919e-09,1.4121648370340412e-09,-6.429033398210632e-10,2.102813666320897e-09,1.0101426688807389e-11,2.7558184328307675e-09,6.437455088959538e-11,2.8100915570315558e-09,-5.959169293104045e-10,2.1498000768315555e-09,-7.261531206151031e-10,2.0195638855268572e-09,1.915530339122421e-10,2.937270040054202e-09,-3.7784281328728887e-10,2.3678741928546713e-09,-3.8983852180153676e-10,2.3558784843404232e-09,6.420142133656279e-11,2.809918427478523e-09,1.2303512656040573e-11,2.758020518798001e-09,-2.6077570095279143e-11,2.719639436046681e-09
3.576128295201739,1.5262886651935814,-0.7097791662010404,1.1147565563535495,0.27670369021135544,4.981929457362453,-4.134818846850738,5.553674116860743e-10,1.2489997675691474e-08,-2.280420390331024e-10,1.1706588224972298e-08,-1.5199542819735885e-10,1.1782634835808041e-08,-5.428801193755696e-10,1.139175014462983e-08,-7.0435519659347365e-09,4.891078298070663e-09,-1.0977712640665066e-08,9.569176233403338e-10,-9.803530597093827e-09,2.1310996669115725e-09,-4.104714433030485e-09,7.829915830974914e-09,-8.945584542741777e-09,2.989045721263623e-09,-9.075820734046473e-09,2.8588095299589265e-09,-8.888755923848589e-09,3.0458743401568105e-09,-8.828487682383013e-09,3.1061425816223867e-09,-8.339919838644657e-09,3.5947104253607426e-09,-9.007234674714236e-09,2.9273955892911633e-09,-9.07223438724676e-09,2.86239587675864e-09,-9.047593546322097e-09,2.887036717683303e-09
1.9578289450941364,-0.9147914300443668,-1.2942321595271382,0.720117010728289,2.0948279340773857,-0.13422548278558472,-0.6717140804908353,5.702879951682741e-09,7.83269337090854e-09,-2.280420390331024e-10,1.9017713801926976e-09,-1.5199542819735885e-10,1.977817991028441e-09,-1.3093798090997782e-09,8.204336101260218e-10,-4.441537024991149e-11,2.0853980489758884e-09,-2.51864781602017e-09,3.8883439679437026e-10,8.556691990454545e-11,2.2153803391303454e-09,-5.469259822967358e-11,2.075120820996126e-09,-2.2312212618390817e-09,1.0140784261328178e-10,-2.36145745314378e-09,2.3164403391798006e-10,5.342407519467392e-11,2.183237494420474e-09,-1.5526368267809171e-09,5.771765924448828e-10,1.9061626428380895e-11,2.1488750456541806e-09,-2.008274446198938e-09,1.2153897302686204e-10,-2.0688714673440097e-09,6.094195188179019e-11,-3.1560965045561716e-09,1.0262830853303717e-09
-0.5600646289441441,-0.4661629885487587,-1.0092123429721265,1.087603881539872,-0.8896020234248898,-0.6869774228419989,-0.003644609093665013,-2.746702458768121e-09,2.508341723927336e-09,-2.280420390331024e-10,1.031869580768262e-11,-1.5199542819735885e-10,8.636530664342616e-11,1.1736689720207372e-09,1.4120297068615222e-09,7.117748501879177e-10,9.501355850287026e-10,1.3383520740549719e-09,1.5767128088957568e-09,1.8525545748688817e-10,4.236161923276732e-10,3.012791718487622e-10,5.396399066895472e-10,2.106775408795379e-09,2.345136143636164e-09,1.9765392174906807e-09,2.214899952331466e-09,2.1421809947998016e-10,4.5257883432076517e-10,1.6535104439031736e-09,1.891871178743959e-09,4.220400287917718e-10,6.604007636325568e-10,8.773520684975197e-10,1.1157128033383046e-09,7.884219464629389e-10,1.026782681303724e-09,5.71691827736582e-10,8.100525625773669e-10
-0.440057054281565,-1.1777684625835874,-1.4392347176571052,-0.8679501366386253,1.0514634674990804,1.375083947355914,-1.0382936341551492,2.7488839892954174e-09,5.916565340682448e-09,-2.280420390331024e-10,2.9396393123539277e-09,-1.5199542819735885e-10,3.0156859231896713e-09,9.212511476557127e-10,4.088932499042743e-09,-2.109220480786674e-09,1.0584608706003561e-09,-1.4025177664497609e-09,1.7651635849372692e-09,-9.340981853521039e-11,3.0742715328518197e-09,-6.57989089086711e-11,3.101882442478359e-09,-1.642160918579007e-09,1.5255204328080232e-09,-1.7723971098837056e-09,1.3952842415033245e-09,7.778109643094737e-11,3.2454624478179774e-09,-1.2463978398321432e-09,1.921283511554887e-09,-9.929837752725421e-10,2.174697576114488e-09,-3.8398727705839097e-10,2.783694074328639e-09,-4.24143558093905e-10,2.7435377932931252e-09,-5.706975695519788e-10,2.5969837818350515e-09
2.5417412389714684,-0.8263674318033636,-0.002769648260459581,0.15163306145330122,0.10756257098025897,-0.42503963182723664,-0.4785990596976427,7.649142991059808e-11,1.659553440618288e-09,-2.280420390331024e-10,1.3550199716745877e-09,-1.5199542819735885e-10,1.4310665825103312e-09,-9.36330743048295e-10,6.46731267659395e-10,3.5343183666862455e-10,1.9364938473763144e-09,-2.886804774296007e-09,1.3037427635883171e-09,-2.5511510025539037e-09,9.680889918462137e-10,-1.3626029791875919e-09,2.2045903152009813e-10,-1.6052600414122782e-09,2.2198030704588205e-11,-1.7354962327169769e-09,1.524342220092869e-10,-1.04499976895851e-09,5.380622417491801e-10,-1.558531245548365e-09,2.453076515932503e-11,-9.369370003577163e-10,6.461250103499737e-10,-1.6051061646224407e-09,2.2044153914750678e-11,-1.670094791632138e-09,8.703278092444799e-11,-1.6250232235907833e-09,4.1961212883093296e-11
0.7187505533042118,-0.5458436648089355,-0.6168889801727254,0.19697841698181723,-0.49273391433541025,1.9236585874908059,-1.932607598453377,-1.6230809157656985e-09,4.076601403899752e-09,-2.280420390331024e-10,5.471640280632348e-09,-1.5199542819735885e-10,5.547686891468092e-09,-1.7544958409295107e-09,3.94518647873594e-09,-2.859695961719168e-09,2.8399863579462827e-09,-3.547139511795187e-09,2.152542807870264e-09,-3.853116661643279e-09,1.8465656580221717e-09,-3.0099812154001318e-09,2.689701104265319e-09,-5.342000590217043e-09,3.5768172944840743e-10,-5.472236781521742e-09,2.2744553814370916e-10,-4.091861794371449e-09,1.607820525294002e-09,-5.577392506773255e-09,1.2228981289219543e-10,-3.680098684057433e-09,2.019583635608018e-09,-5.564119352857954e-09,1.3556296680749693e-10,-5.632908839783624e-09,6.677347988182646e-11,-5.054972725159974e-09,6.44709594505477e-10
0.20824507303046857,0.5378925895390274,1.6747098826016933,-1.567891971994105,-1.1731540000972702,-0.05840195753511565,-0.3477116264353462,-3.5495009256970242e-09,2.337010236679104e-09,-2.280420390331024e-10,9.844486499848178e-10,-1.5199542819735885e-10,1.0604952608205613e-09,-8.042223365131204e-10,4.0826835250479964e-10,-1.4814545985877596e-10,1.064345229159144e-09,-4.1625812498025736e-10,7.962325640376627e-10,-1.7577850795214921e-09,5.45294390503572e-10,-1.625598226499875e-09,4.131075374819549e-10,-2.0343967576343647e-09,8.219060686164447e-10,-2.1646329489390634e-09,9.521422599211433e-10,-1.6982031046718604e-09,4.857124156539403e-10,-2.6607827025375776e-09,1.4482920135196575e-09,-3.072752383564745e-09,1.8602616945468251e-09,-2.7948404886896753e-09,1.5823497996717553e-09,-2.8745226609536813e-09,1.6620319719357612e-09,-1.7026586289392934e-09,4.901679399213733e-10
-0.44527839892047366,-1.0681168756525625,-1.2005738594349402,0.7012363335611782,-0.022339068451614215,-0.34283973765770404,-0.20259163424908813,-2.9128889104251946e-10,5.103349487470124e-10,-2.280420390331024e-10,5.735818007564295e-10,-1.5199542819735885e-10,6.496284115921731e-10,9.32887691175503e-10,1.7345115309650348e-09,2.409785794522299e-10,1.0426024192417617e-09,7.619034145190185e-10,1.5635272543085504e-09,6.574059987682181e-10,1.45902983855775e-09,8.417462471616442e-10,1.6433700869511761e-09,8.132252976893564e-10,1.6148491374788883e-09,6.829891063846575e-10,1.4846129461741894e-09,9.008980810496239e-10,1.7025219208391558e-09,8.033213694785035e-10,1.6049452092680354e-09,5.759554546603297e-10,1.3775792944498616e-09,7.783378791564409e-10,1.5799617189459728e-09,7.126866762088729e-10,1.5143105159984048e-09,7.043925127076671e-10,1.506016352497199e-09
-0.5863039436941125,-0.796990482688359,-0.22932136898873182,-0.7546335287580658,-0.765171806926183,0.6642675025615012,-0.11477759396514023,-2.3944129483331073e-09,1.8414101117970263e-09,-2.280420390331024e-10,3.249607975029786e-10,-1.5199542819735885e-10,4.0100740833872213e-10,1.224640055549844e-09,1.777642892085925e-09,-1.1367907069082464e-09,5.837878703721654e-10,-3.259711020268947e-10,2.270317345091863e-10,-1.2029349112935267e-09,6.499320747574457e-10,-1.4939879432161562e-09,9.409851066800753e-10,4.0892124863809707e-10,9.61924085174178e-10,2.786850573333985e-10,8.316878938694795e-10,-1.4650115289916737e-09,9.120086924555928e-10,2.6903500736639707e-11,5.799063372727207e-10,-1.340924232804885e-09,7.879213962688041e-10,-6.92372238588657e-10,1.3936940205257602e-10,-7.785162607684425e-10,2.2551342423236154e-10,-1.0417521752041061e-09,4.887493386680251e-10
2.0265246361225326,-0.17157159052183027,-1.0649716786116243,-0.9217276585857941,-0.530275383826791,-0.8354181035057116,-0.16931621307856476,-1.7293691332121978e-09,1.0219553829293767e-09,-2.280420390331024e-10,4.793717112497187e-10,-1.5199542819735885e-10,5.554183220854622e-10,-1.2597610935228718e-09,5.523473432400507e-10,9.14848567164068e-10,1.622262317446889e-09,-1.7241762376188094e-09,1.0167624873359884e-09,-2.2184258242030608e-09,1.5110120739202398e-09,-1.3114388694072208e-09,6.040251191243998e-10,-1.2162602361080901e-09,5.088464858252691e-10,-1.3464964274127888e-09,6.390826771299678e-10,-7.111351082234382e-10,3.721357940617153e-12,-1.471121089012895e-09,7.63707338730074e-10,-3.1660116198568637e-10,3.9081258829713464e-10,-1.2731303083375507e-09,5.657165580547297e-10,-1.3393168697643511e-09,6.319031194815301e-10,-9.576619595644557e-10,2.502482092816347e-10
-0.279440957103693,0.169537347342728,-1.5545092398944491,-0.13961401861999787,3.536053579421075,-1.1644082203161101,0.22395503947033893,9.783309057339662e-09,9.377284762370364e-09,-2.280420390331024e-10,6.340663340023994e-10,-1.5199542819735885e-10,5.580197231666558e-10,5.358852508105826e-10,1.2986095584128566e-10,1.3649222637436437e-09,9.588979687743468e-10,1.5855590728605079e-09,1.179534777891211e-09,5.5300745092209614e-09,5.124050214251665e-09,6.202638051111539e-09,5.796613756142242e-09,1.0499864136852004e-09,6.439621187159035e-10,9.197502223805015e-10,5.137259274112046e-10,6.745235314122561e-09,6.3392110191532645e-09,1.9943403417427916e-09,1.5883160467734947e-09,4.008326987116897e-09,3.6023026921476e-09,4.7322663843433325e-09,4.326242089374036e-09,4.738638423791244e-09,4.332614128821947e-09,3.144919809772836e-09,2.738895514803539e-09
-0.34629478937873065,0.642590301351665,-0.2063755285613954,-0.7084750626025261,1.16573082489522,-0.4762094985077477,0.046012229288074025,3.0724001940285913e-09,3.1701714179330578e-09,-2.280420390331024e-10,1.3027081512863612e-10,-1.5199542819735885e-10,5.4224204292892575e-11,7.025183660825522e-10,8.002895899870184e-10,4.234345810478859e-10,5.212058049523522e-10,8.050954343101159e-10,9.028666582145822e-10,2.07089632658083e-09,2.1686675504852963e-09,2.4201682358011666e-09,2.517939459705633e-09,4.196015850585878e-10,5.173728089630541e-10,2.89365393753889e-10,3.871366176583553e-10,2.6281148174882573e-09,2.7258860413927237e-09,8.510349121347992e-10,9.488061360392654e-10,2.0283737142286865e-09,2.126144938133153e-09,1.7108813896874638e-09,1.80865261359193e-09,1.6709609308381221e-09,1.7687321547425884e-09,1.291991150307739e-09,1.3897623742122053e-09
0.6859672402790179,0.8909235521955107,0.04036993023966817,1.594812050095182,-0.6876224946866117,-0.1196889534100247,-0.6445859654261422,-2.174853664324833e-09,1.2184594908384277e-10,-2.280420390331024e-10,1.824965676207888e-09,-1.5199542819735885e-10,1.9010122870436316e-09,-1.7223014154791586e-09,3.307062997618318e-10,-6.430201479390682e-11,1.9887057004470834e-09,-9.393371983669163e-10,1.1136705168740741e-09,-1.6778910004863745e-09,3.7511671475461583e-10,-1.3522295861361918e-09,7.007781291047985e-10,-2.4472950089382185e-09,3.942872936972281e-10,-2.577531200242917e-09,5.245234850019268e-10,-1.3561564423433928e-09,6.968512728975976e-10,-2.786293765475977e-09,7.332860502349868e-10,-1.1922145196576846e-09,8.607931955833058e-10,-2.729821179878233e-09,6.768134646372427e-10,-2.80023354330752e-09,7.472258280665298e-10,-2.031619625956151e-09,2.1388089284839533e-11
-0.6014859266061254,-0.20074651698519416,1.2728232579557266,-1.398117720054954,-0.7085508830242894,0.08173735294560429,0.346279320455635,-2.2341065683953723e-09,2.9864580037909892e-09,-2.280420390331024e-10,9.803934744287193e-10,-1.5199542819735885e-10,9.043468635929758e-10,1.2534417234560834e-09,5.010902880604664e-10,-3.398625184612395e-10,1.0922139538568565e-09,4.2480772244982487e-10,3.275437129457921e-10,-4.4634865162763316e-10,1.1987000870232501e-09,-5.138247710627337e-10,1.2661762064583507e-09,1.3543372205941296e-09,6.019857851985126e-10,1.224101029289431e-09,4.71749593893814e-10,-5.215185122490359e-10,1.2738699476446529e-09,1.0038316368940583e-09,2.514802014984413e-10,-6.656094021024304e-10,1.4179608374980474e-09,3.2440555722457923e-10,4.2794587817103776e-10,2.3951955510056453e-10,5.128318802950525e-10,-4.781388819383585e-11,8.001653235894528e-10
1.9653789412558735,-0.8186014613787489,0.43485255444626203,-1.7039071408665714,-0.6988389779710684,-1.063553895415482,0.10415584582032603,-2.2066100135161474e-09,2.273456249738668e-09,-2.280420390331024e-10,2.948882752556232e-10,-1.5199542819735885e-10,2.1884166441987964e-10,-1.3038671167223402e-09,1.370713352944861e-09,1.2269488824635512e-09,1.1601026462410305e-09,-1.3608133363734613e-09,1.427659572595982e-09,-2.0788432401293688e-09,2.1456894763518895e-09,-1.2493440431669722e-09,1.316190279389493e-09,-9.180255238243956e-10,9.848717600469164e-10,-1.048261715129094e-09,1.1151079513516148e-09,-4.822193532585845e-10,5.490655894811053e-10,-1.2631819325254673e-09,1.330028168747988e-09,-5.178452312538835e-10,5.846914674764042e-10,-9.943681852708998e-10,1.0612144214934206e-09,-1.0609831765032142e-09,1.127829412725735e-09,-5.729903371405991e-10,6.398365733631199e-10
-0.5985308092817582,1.5382130881925578,0.06582661724478824,0.8130094354611287,0.6501691317578299,-0.06204802014020373,2.016487313321546,1.6127308180108645e-09,3.868349479939564e-09,-2.280420390331024e-10,5.7091223369835315e-09,-1.5199542819735885e-10,5.633075726147788e-09,1.247875122925806e-09,4.233205175024623e-09,-1.4315747757364767e-10,5.6242377755240765e-09,6.017028666460037e-10,4.879377431304425e-09,1.287537660890102e-09,4.193542637060327e-09,1.7528566842335697e-09,3.728223613716859e-09,1.53267493699181e-09,3.948405360958619e-09,1.4024387456871113e-09,4.078641552263317e-09,1.925737233651381e-09,3.5553430642990477e-09,1.7925474368417584e-09,3.6885328611086704e-09,1.508986842471082e-09,3.972093455479347e-09,2.453125507483343e-09,3.027954790467086e-09,2.4060929980093915e-09,3.0749872999410372e-09,2.5589617087407432e-09,2.9221185892096855e-09
0.5894788609334684,0.7050536903818287,0.7669629258483105,1.016576622771828,-0.7578647319428508,-0.985737631367195,-0.07565447849276087,-2.3737250001720845e-09,1.9314883712685384e-09,-2.280420390331024e-10,2.141945898704436e-10,-1.5199542819735885e-10,2.9024120070618714e-10,-1.6032784963231514e-09,1.1610418674196053e-09,1.1204926340091058e-09,1.5627292629126519e-09,2.6969370642783134e-10,7.119303353313773e-10,-6.461564827444258e-10,2.0391985384087985e-10,-5.62458640759252e-10,1.2022201185570602e-10,-1.1737753863723787e-09,7.315387574688327e-10,-1.3040115776770772e-09,8.617749487735312e-10,-1.4404782953356132e-10,2.9818879936998467e-10,-1.5516949203823318e-09,1.1094582914787858e-09,-3.361317923463586e-10,1.0610483655718736e-10,-1.5047654183300682e-09,1.0625287894265221e-09,-1.5763096793283969e-09,1.1340730504248509e-09,-7.336159353985058e-10,2.9137930649495984e-10
-0.605543092833897,-0.8445922954922135,0.12301019909898288,-0.8667423098299687,-0.21206234261360815,0.05167403081444707,0.5433269061981376,-8.284375134058936e-10,2.1386743199512834e-09,-2.280420390331024e-10,1.5382788455784924e-09,-1.5199542819735885e-10,1.4622322347427489e-09,1.2610531898027036e-09,4.918361674268644e-11,-2.9873450326669666e-10,1.6089713098120868e-09,4.676660462926856e-10,8.425707602527045e-10,1.671791175671046e-10,1.1430576889782854e-09,2.904622159648289e-10,1.0197745905805611e-09,1.430405041366758e-09,1.2016823482136797e-10,1.3001688500620593e-09,1.0067956483330711e-11,3.521864465836703e-10,9.580503599617197e-10,1.3335339910713764e-09,2.3297184525986305e-11,2.382865994472319e-10,1.071950207098158e-09,1.1126747092130852e-09,1.9756209733230482e-10,1.0416162203429376e-09,2.6862058620245247e-10,9.129496753830621e-10,3.9728713116232795e-10
-0.08005465719869163,-0.4459046461869797,1.375795733129112,1.2142854287005156,-0.09347196292240467,-0.005277599185189514,-0.579783112006412,-4.926818747893629e-10,1.3768546053415772e-09,-2.280420390331024e-10,1.6414944410978376e-09,-1.5199542819735885e-10,1.7175410519335812e-09,-2.094648517995244e-12,1.8674418316129447e-09,-2.2082203924291866e-10,1.6487144408880213e-09,-1.208572461347504e-10,1.7486792339961897e-09,-2.3745374468398477e-10,1.6320827354469551e-09,-2.37676861393062e-10,1.631859618737878e-09,-1.385006118175836e-09,4.84530361955104e-10,-1.5152423094805345e-09,3.542941706504055e-10,-2.3758364264366836e-10,1.6319528374872716e-09,-1.426912329565006e-09,4.4262415056593397e-10,-2.4902468201709827e-10,1.6205117981138416e-09,-1.4759728857591644e-09,3.935635943717756e-10,-1.5426391429503726e-09,3.268973371805674e-10,-1.4189953624395607e-09,4.5054111769137924e-10
-0.5758512598440805,-0.06791509958593175,0.6197962916909395,-0.0018328979382257827,-1.0368028041008162,-0.7206781432705686,0.03348733106055227,-3.1634604812096625e-09,3.0302284955306006e-09,-2.280420390331024e-10,9.481005335404039e-11,-1.5199542819735885e-10,1.876344251829685e-11,1.2045165943293775e-09,1.3377485800084395e-09,7.578789944939382e-10,8.911109801730001e-10,1.400512524604547e-09,1.533744510283609e-09,7.227226444378484e-11,2.0550425012284684e-10,1.5978088355104261e-10,2.930128692301046e-10,2.277962999727953e-09,2.411194985407015e-09,2.1477268084232544e-09,2.2809587941023164e-09,4.26646487638412e-11,1.758966344429032e-10,1.7367461239674662e-09,1.869978109646528e-09,-5.6681199905382454e-11,7.655078577367954e-11,8.233438321717622e-10,9.56575817850824e-10,7.300319892233578e-10,8.632639749024198e-10,4.288658072898769e-10,5.620977929689389e-10
-0.6036254470377856,0.011269353304403481,-0.5355704715034548,-1.4183771497176259,1.301245621253215,1.2638558036951353,2.5183344168017143,3.45607260583505e-09,3.4458480263447705e-09,-2.280420390331024e-10,7.129962671212923e-09,-1.5199542819735885e-10,7.05391606037718e-09,1.257460061273211e-09,5.644460570906609e-09,-1.9570552356223594e-09,8.85897586780218e-09,-1.0573492323782273e-09,7.959269864558047e-09,5.131452457351674e-10,6.3887753864446535e-09,7.433490332360908e-10,6.15857159894373e-09,-2.9465539034220863e-10,7.196576022522029e-09,-4.2489158164690727e-10,7.326812213826727e-09,1.1380140702455364e-09,5.763906561934284e-09,1.7745827818524025e-10,6.7244623539945806e-09,1.96291784766531e-11,6.882291453703167e-09,1.5526694202315436e-09,5.349251211948277e-09,1.5239326148223368e-09,5.377988017357483e-09,1.9042599210566697e-09,4.997660711123151e-09
-0.6032060788290438,1.3546955216882315,1.255826113593264,-1.1883319461880506,-0.11860879775077292,-0.06325667578741934,1.71609307809588,-5.638498232567971e-10,5.194447488909868e-09,-2.280420390331024e-10,4.858639704686174e-09,-1.5199542819735885e-10,4.782593093850431e-09,1.2566732132470754e-09,3.3739244524059963e-09,-1.4150398074429574e-10,4.772101646397367e-09,6.090935923824105e-10,4.021504073270661e-09,4.054255383651359e-10,4.225172127287936e-09,6.019865784751539e-10,4.028611087177917e-09,1.5730238638125956e-09,3.057573801840476e-09,1.442787672507897e-09,3.1878099931451745e-09,6.65621881536253e-10,3.964975784116819e-09,1.5196370804440326e-09,3.110960585209039e-09,1.3103326721435865e-09,3.320264993509485e-09,1.3917660069318896e-09,3.238831658721182e-09,1.3233331398233923e-09,3.3072645258296793e-09,1.2282464197545128e-09,3.402351245898559e-09
-0.30228626260817515,1.677089728859712,-0.9772379320301006,1.330848778201031,-0.05020713172308397,-1.110913551681388,0.12168602789898485,-3.701895523363146e-10,4.866676178371486e-10,-2.280420390331024e-10,3.4452010453393637e-10,-1.5199542819735885e-10,2.6847349369819283e-10,5.937641194262547e-10,4.772860539254206e-10,1.291739082761935e-09,1.175261017261101e-09,1.54706078652899e-09,1.4305827210281559e-09,1.3479467109187105e-09,1.2314686454178765e-09,1.5505591057799287e-09,1.4340810402790946e-09,1.0862469190965293e-09,9.697688535956953e-10,9.560107277918306e-10,8.395326622909966e-10,1.7047861284176459e-09,1.5883080629168118e-09,1.063890223807287e-09,9.47412158306453e-10,1.4921607159865358e-09,1.3756826504857018e-09,1.0340385259964766e-09,9.175604604956426e-10,9.678819117368076e-10,8.514038462359735e-10,1.0092336669427012e-09,8.927556014418672e-10
-0.4931018185761608,-1.0487185864711068,1.220110873165098,0.8256215474484598,-0.49150552965542427,1.3821312720407146,-0.8898210037532349,-1.619603086587907e-09,1.127719354004873e-09,-2.280420390331024e-10,2.5192804015596777e-09,-1.5199542819735885e-10,2.5953270123954213e-09,1.0367173493801513e-09,3.784039789972931e-09,-2.1188615469154554e-09,6.284608936773246e-10,-1.344740950889524e-09,1.4025814897032561e-09,-1.8243144403017588e-09,9.230080002910213e-10,-2.203249706446115e-09,5.440727341466652e-10,-1.3007996786522073e-09,1.4465227619405727e-09,-1.4310358699569056e-09,1.3162865706358745e-09,-2.1880018497402616e-09,5.593205908525184e-10,-1.5355584185517162e-09,1.211764022041064e-09,-2.1088307359715788e-09,6.384917046212013e-10,-1.9612067963173455e-09,7.861156442754346e-10,-2.038628923125494e-09,7.086935174672862e-10,-2.064055772474414e-09,6.832666681183661e-10
-0.5653766499675301,0.8430733521312052,-0.6762229025395424,0.8893663829638714,-0.5705709371927078,0.1910040355532115,-0.22014165122748688,-1.8434547722750724e-09,9.921429462116395e-10,-2.280420390331024e-10,6.232697870303306e-10,-1.5199542819735885e-10,6.993163978660741e-10,1.1841100640047788e-09,2.0354218900682117e-09,-4.893443941813391e-10,3.6196743188209384e-10,2.4220277627208783e-10,1.0935146023355208e-09,-4.549004465749011e-10,3.964113794885318e-10,-5.193952074328871e-10,3.319166186305458e-10,9.10124388773479e-10,1.7614362148369119e-09,7.798881974687803e-10,1.6312000235322132e-09,-5.076724413423653e-10,3.436393847210676e-10,6.341099209031305e-10,1.4854217469665634e-09,-4.935763306475282e-10,3.577354954159047e-10,1.0619759114648243e-10,9.575094172099153e-10,2.572564805785776e-11,8.770374741212907e-10,-1.3929916523432523e-10,7.120126608291077e-10
-0.6014760742063804,-0.13846698226584844,-0.2920816290233408,-1.4679855903916286,0.058173798085133524,0.1916955249718575,0.9177118271048994,-6.333912824318164e-11,2.4335425908930817e-09,-2.280420390331024e-10,2.5982455016830024e-09,-1.5199542819735885e-10,2.522198890847259e-09,1.2534231960502833e-09,1.1167802665996167e-09,-4.902903836895133e-10,2.8604938463394134e-09,2.866782457075688e-10,2.0835252169423314e-09,3.130399464388565e-10,2.0571635162110437e-09,4.802785735112619e-10,1.889924889138638e-09,1.1992203606041929e-09,1.1709831020457072e-09,1.0689841692994942e-09,1.3012192933504059e-09,5.928912170761077e-10,1.7773122455737923e-09,1.2246884736517973e-09,1.1455149889981027e-09,2.5922706540638065e-10,2.1109763972435192e-09,1.2692778834727431e-09,1.100925579177157e-09,1.2057827663491772e-09,1.1644206963007228e-09,1.1699003565675617e-09,1.2003031060823383e-09
-0.6016839332082371,-0.6011471231996092,-0.3419062476784055,0.6173278566379925,-1.2252657898205448,1.2288638371099816,-0.6315960485188328,-3.6970409477759506e-09,1.6808105652169708e-09,-2.280420390331024e-10,1.7881883435258775e-09,-1.5199542819735885e-10,1.864234954361621e-09,1.2538140292625102e-09,3.27004441182149e-09,-1.9091846068501114e-09,1.070457757088684e-10,-1.015834967035591e-09,1.0003954155233887e-09,-2.369971053432353e-09,3.537406708733732e-10,-3.0323140911491665e-09,1.0160837085901867e-09,-2.614132690171426e-10,1.7548171135418371e-09,-3.9164946032184094e-10,1.6245809222371389e-09,-3.0063423281934334e-09,9.901119456344536e-10,-9.21323072532884e-10,1.0949073100260958e-09,-2.5979109077691906e-09,5.816805252102108e-10,-2.0468344490999045e-09,3.0604066540924665e-11,-2.1461430827888178e-09,1.2991270022983798e-10,-2.603800706002494e-09,5.875703234435141e-10
0.5485540605181589,-0.9927000537619833,0.7210577769355724,0.13024370379350786,-0.9622454240112317,-1.208440317444613,0.07979519528650739,-2.952372019980875e-09,2.950247857437541e-09,-2.280420390331024e-10,2.259178764897686e-10,-1.5199542819735885e-10,1.4987126565402505e-10,-1.5417666081219157e-09,1.539642445578582e-09,1.4251602092324361e-09,1.42728437177577e-09,6.008329348916605e-10,6.029570974349943e-10,-5.776511395553045e-10,5.755269770119707e-10,-5.114553024537045e-10,5.093311399103707e-10,-8.314966319633799e-10,8.293724694200461e-10,-9.617328232680786e-10,9.596086607247448e-10,-8.567158453813725e-12,6.4429959104799324e-12,-1.3276588248910256e-09,1.3255346623476918e-09,-2.0553447178736232e-10,2.0341030924402853e-10,-1.2667292081852206e-09,1.2646050456418868e-09,-1.340347314453113e-09,1.3382231519097792e-09,-2.965009551890171e-10,2.943767926456833e-10
-0.5861714240469585,2.3350674290348596,-0.3464546399971662,0.30212484200418105,-0.8365780065156475,0.7839092875946501,-0.4421938053365485,-2.5965797194216938e-09,1.1165890493980837e-09,-2.280420390331024e-10,1.2519486309905077e-09,-1.5199542819735885e-10,1.3279952418262513e-09,1.2243864301372296e-09,2.7043771001608395e-09,-1.3004662026261963e-09,1.795244673974138e-10,-4.764181262324729e-10,1.0035725437911373e-09,-1.4239913614073535e-09,5.599930861625654e-11,-1.780931381275946e-09,3.00940711252336e-10,2.391629114609118e-10,1.7191535814845218e-09,1.0892672015621319e-10,1.5889173901798234e-09,-1.7523601915083611e-09,2.7236952148475104e-10,-1.8340117992648902e-10,1.2965894900971211e-09,-1.573614996989014e-09,9.362432696540395e-11,-9.64343049045975e-10,5.156476209776352e-10,-1.0524461745922029e-09,4.275444954314072e-10,-1.3351682462822813e-09,1.4482242374132876e-10
-0.35323092905510656,-0.7098255284827545,0.8681376110510418,1.644882938821155,-0.29434437499970884,2.1481097941439637,-1.839168030566146,-1.0613961766836243e-09,4.373738024747266e-09,-2.280420390331024e-10,5.2070921623977875e-09,-1.5199542819735885e-10,5.283138773233531e-09,7.193163721526518e-10,6.154450573583542e-09,-3.1667555939644487e-09,2.2683786074664415e-09,-2.4825672043669304e-09,2.9525669970639598e-09,-2.643750035584919e-09,2.7913841658459714e-09,-3.0198724469374496e-09,2.4152617544934406e-09,-3.242947521347309e-09,2.1921866800835814e-09,-3.3731837126520075e-09,2.0619504887788827e-09,-3.1928773981515572e-09,2.242256803279333e-09,-3.3791731419459097e-09,2.0559610594849806e-09,-3.052253116681385e-09,2.3828810847495054e-09,-3.6084222769197213e-09,1.826711924511169e-09,-3.679947001925306e-09,1.7551871995055842e-09,-3.575297532656496e-09,1.8598366687743941e-09
-0.578026583188868,-0.16590938356397922,-1.142872249833309,-0.7309223629504074,1.136052349863279,2.0036005544008186,-0.3381259863925417,2.9883738559439917e-09,4.1737254743012016e-09,-2.280420390331024e-10,9.573095793241077e-10,-1.5199542819735885e-10,1.0333561901598512e-09,1.208724287429792e-09,2.394075905787002e-09,-2.9690602700086087e-09,1.7837086516513987e-09,-2.0186878902132113e-09,8.333362718560013e-10,-5.62807459236347e-10,6.225441591208631e-10,-6.60851343873935e-10,5.24500274483275e-10,-1.5458360548673626e-09,3.604844365101526e-10,-1.6760722461720615e-09,4.907206278148515e-10,-2.7092532882974286e-10,9.144262895274672e-10,-1.1235448781416912e-09,6.180674021551878e-11,-1.5199357129390136e-09,3.345840945818036e-10,1.401063731895946e-11,1.1993622556761694e-09,-2.0147546520640346e-11,1.1652040718365697e-09,2.1861685007856933e-10,1.4039684684357794e-09
-0.5016031678301726,1.3239019714775146,0.869362319502503,-1.0070680785603063,-0.8792426869793455,-0.38745138796025613,0.0758821730717569,-2.717372882178737e-09,2.7041700868149733e-09,-2.280420390331024e-10,2.148392436693386e-10,-1.5199542819735885e-10,1.3879263283359505e-10,1.0546513658065355e-09,1.0678541611702994e-09,3.0200938048920005e-10,3.1521217585296384e-10,8.886884035446921e-10,9.018911989084559e-10,-2.1669686083804926e-10,2.0349406547428546e-10,-2.1394308506361156e-10,2.0074028969984777e-10,1.2534837998474895e-09,1.2666865952112534e-09,1.1232476085427908e-09,1.1364504039065547e-09,-2.691427723009378e-10,2.55939976937174e-10,8.062570447928777e-10,8.194598401566415e-10,-4.458053750368565e-10,4.326025796730927e-10,1.0374498766031674e-10,1.1694778302408053e-10,1.6428584267451556e-11,2.9631379631215354e-11,-3.322302778583374e-11,2.0020232422069945e-11
-0.6047740262729363,0.7279292437644744,0.21177928285619219,-0.8947127864932548,-0.8168133846354512,-0.3130272362908452,0.12633495950028964,-2.5406216960248615e-09,2.6702619168602603e-09,-2.280420390331024e-10,3.576822598685014e-10,-1.5199542819735885e-10,2.8163564903275784e-10,1.259613139780263e-09,1.129972918944864e-09,2.0019369866446246e-10,7.055347782906347e-11,9.247967867351019e-10,7.951565658997029e-10,-1.1127269644435894e-10,2.4091291727975796e-10,-7.49114137216816e-11,2.0455163455708058e-10,1.9382136169423464e-09,1.8085733961069474e-09,1.8079774256376477e-09,1.6783372048022487e-09,-1.356372183012042e-10,2.6527743913660315e-10,1.5269633564094314e-09,1.3973231355740324e-09,-1.0322075430580502e-10,2.3286097514120403e-10,7.533929227077619e-10,6.237527018723629e-10,6.654114444954877e-10,5.357712236600887e-10,3.3260800408353807e-10,2.0296778324813908e-10
3.6896512189997726,-0.959881338244703,0.6086806440236491,1.2177061702218903,2.743136107543542,-0.577425307608895,-0.4176265957391856,7.538384023507481e-09,8.948819480293161e-09,-2.280420390331024e-10,1.1823934177525776e-09,-1.5199542819735885e-10,1.2584400285883211e-09,-5.15490198389098e-10,8.949452583965819e-10,5.619024894340207e-10,1.9723379462197006e-09,-4.137270552394297e-09,2.726835095608617e-09,-6.548098317185566e-10,7.556256250671233e-10,-3.9763725222479685e-10,1.0127982045608831e-09,-1.0848045498937787e-09,3.256309068919013e-10,-1.2150407411984773e-09,1.953947155872026e-10,1.4516876099230673e-10,1.5556042177779866e-09,-2.717678487602037e-10,1.1386676080254763e-09,1.0407048386443604e-10,1.514505940650116e-09,-1.035655140282659e-09,3.7478031650302096e-10,-1.0997255772748157e-09,3.1070987951086426e-10,-1.492327164474631e-09,8.189170768895103e-11
3.0111098781005845,-0.8139231619968543,-1.2386960470316755,-0.009685846463450677,-0.19314643957800076,0.07944515014731922,-0.8128994671379307,-7.748824010918394e-10,1.7546581273687204e-09,-2.280420390331024e-10,2.3014984894274575e-09,-1.5199542819735885e-10,2.377545100263201e-09,-7.208571342862714e-10,1.8086833941742884e-09,-3.367266790119081e-10,2.192813849448652e-09,-4.1100500238387814e-09,1.5805094953782216e-09,-4.024890428379808e-09,1.495349899919248e-09,-1.9236129824913793e-09,6.059275459691806e-10,-2.1697552323564173e-09,3.597852961041425e-10,-2.299991423661116e-09,2.295491047994438e-10,-2.0457437249111484e-09,4.837968035494115e-10,-2.2577215638327623e-09,2.718189646277975e-10,-1.6225207737538306e-09,9.070197547067292e-10,-2.1894649145833004e-09,3.400756138772594e-10,-2.2547284040457437e-09,2.748121244148161e-10,-2.119005103584927e-09,4.105354248756329e-10
0.3001060491740162,1.5611782628638167,1.217981105741435,1.0391703219889163,-0.2167068303195255,-0.24657594564319354,-0.5015112718234793,-8.415870870880712e-10,8.063444723507991e-10,-2.280420390331024e-10,1.419889520405768e-09,-1.5199542819735885e-10,1.4959361312415115e-09,-1.0373286546417116e-09,6.106029047971587e-10,1.0928525948630695e-10,1.7572168189251772e-09,-2.952805406727048e-10,1.3526510187661655e-09,-5.405091366316608e-10,1.1074224228072094e-09,-5.04048586712075e-10,1.1438829727267953e-09,-1.91971286180571e-09,2.7178130236683987e-10,-2.049949053110409e-09,4.0201749367153856e-10,-4.3853091110471197e-10,1.2094006483341583e-09,-2.018778401218325e-09,3.708468417794549e-10,-6.675958612750782e-10,9.80335698163792e-10,-2.0545899515505637e-09,4.0665839211169345e-10,-2.1221622238200727e-09,4.742306643812024e-10,-1.8252684099746428e-09,1.773368505357725e-10
3.0564506083787353,-0.53616902790829,0.2996258055049048,-1.3428614152211262,2.403949778173307,-1.0032826565738582,-0.04008807650312846,6.5780723782944285e-09,6.919612643425332e-09,-2.280420390331024e-10,1.1349822609780063e-10,-1.5199542819735885e-10,1.8954483693354417e-10,-7.03624979013261e-10,3.6208471388235793e-10,1.144495040002036e-09,1.4860353051329391e-09,-2.8070009348312585e-09,2.4654606697003557e-09,1.775567724023595e-10,5.190970375332625e-10,-4.839798210484909e-11,2.9314228302605395e-10,-6.3059850629788e-10,2.89058241166977e-10,-7.608346976025789e-10,4.192944324716759e-10,8.522441780809602e-10,1.1937844432118632e-09,1.1550372807287523e-10,4.5704399320377825e-10,8.080015081340547e-10,1.1495417732649577e-09,-5.415296834346828e-10,1.9998941830377982e-10,-6.049183873797814e-10,2.633781222488784e-10,-1.1793311591524977e-09,8.377908940215947e-10
-0.4559658442480259,-1.0328026667685781,0.25979042860256835,-0.20168020120118754,-0.11792176482872443,-0.38291264622928317,0.10128593865830586,-5.619046808422639e-10,6.206255740608807e-10,-2.280420390331024e-10,2.867629322517192e-10,-1.5199542819735885e-10,2.1071632141597565e-10,9.565227882292523e-10,8.978018950106355e-10,2.9580017187076525e-10,2.3707927865214845e-10,8.256628678686331e-10,7.669419746500162e-10,6.055792293399555e-10,5.468583361213387e-10,7.844691533937066e-10,7.257482601750897e-10,9.386086510418957e-10,8.798877578232789e-10,8.083724597371972e-10,7.496515665185804e-10,8.318579075251127e-10,7.731370143064958e-10,8.855368549109422e-10,8.268159616923253e-10,7.525151474342093e-10,6.937942542155925e-10,7.851881808612158e-10,7.264672876425989e-10,7.172257221115034e-10,6.585048288928865e-10,7.144118367667823e-10,6.556909435481655e-10
-0.03747390737373704,-0.8633295405207224,-0.6338063351736554,0.808114457681208,0.616827168718346,0.5642373023662541,-0.9730622425473546,1.5183323337307687e-09,4.501329163454659e-09,-2.280420390331024e-10,2.754954790690788e-09,-1.5199542819735885e-10,2.8310014015265315e-09,-1.2201862766044998e-10,2.8609782020634405e-09,-9.999447663433628e-10,1.9830520633805277e-09,-8.897030309176549e-10,2.0932937988062356e-09,-1.2390392003539536e-10,2.8590929096884948e-09,-1.232998354652689e-10,2.8596969942586215e-09,-2.3233875785138147e-09,6.596092512100756e-10,-2.4536237698185134e-09,5.293730599053769e-10,-2.1402634312164334e-10,2.768970486602247e-09,-2.0755934008332994e-09,9.074034288905909e-10,-4.5272912836050187e-10,2.5302677013633883e-09,-1.837071842200266e-09,1.1459249875236243e-09,-1.892399416460286e-09,1.0905974132636045e-09,-2.3061762407911947e-09,6.768205889326956e-10
0.8406424873379761,0.002702041168599803,-0.8432462295433925,-0.25066310933160674,-0.06957786341880748,-0.7479990029181105,-0.20605556536172231,-4.2503238535449363e-10,3.863986108491974e-10,-2.280420390331024e-10,5.833889571705887e-10,-1.5199542819735885e-10,6.594355680063322e-10,-1.8392144273528886e-09,1.0277834311491976e-09,7.952551941637525e-10,1.6066861903674435e-09,-3.4441037513162746e-10,4.670206210720636e-10,-4.1561385982554374e-10,3.958171363781473e-10,-3.666908719306065e-10,4.4474012427308453e-10,-1.6101810140545718e-09,7.987500178508808e-10,-1.7404172053592707e-09,9.289862091555797e-10,1.607992538700936e-11,8.275109215907004e-10,-1.6412577513940955e-09,8.298267551904045e-10,2.1783232865467e-10,1.029263324858361e-09,-1.6366616118608904e-09,8.252306156571993e-10,-1.702238643707616e-09,8.90807647503925e-10,-1.5321548870771608e-09,7.207238908734698e-10
-0.6056426810422465,-0.7809954486123544,0.5597763720386664,1.2911445570119426,-0.07880316924958701,-0.46352579799671517,0.8018733215326745,-4.5115127002887957e-10,2.4933902593710695e-09,-2.280420390331024e-10,2.2702810283752924e-09,-1.5199542819735885e-10,2.194234417539549e-09,1.2612395707958458e-09,7.809994185463442e-10,4.0608269208947503e-10,1.636156297252715e-09,1.1149272770915822e-09,9.273117122506078e-10,9.170885302900162e-10,1.1251504590521738e-09,1.2743743841155163e-09,7.678646052266738e-10,2.157639692976548e-09,1.1540070363435787e-10,2.027403501671849e-09,1.483548767034082e-11,1.3052727454396071e-09,7.369662439025829e-10,2.122391395368654e-09,8.015240602646397e-11,1.3144810069288973e-09,7.277579824132927e-10,2.03790890542441e-09,4.330083917780156e-12,1.970583117316554e-09,7.165587202563602e-11,1.887356233722417e-09,1.548827556197731e-10
0.7889269626947678,-0.8113254939930188,0.5578228956274419,-1.2304726969247743,-0.9783216445099228,-0.46349928605963897,-0.26987353266847736,-2.9978873619009625e-09,2.0057735613746728e-09,-2.280420390331024e-10,7.640717614931876e-10,-1.5199542819735885e-10,8.401183723289311e-10,-1.8098116636529232e-09,8.176978631266333e-10,4.060464225332979e-10,1.3981602230595879e-09,-6.368077227460785e-10,3.553060777802114e-10,-1.7355294152771037e-09,7.434156147508138e-10,-1.3600147196311447e-09,3.679009191048548e-10,-1.9992886657588023e-09,1.0071748652325124e-09,-2.129524857063501e-09,1.137411056537211e-09,-1.184515337775614e-09,1.924015372493241e-10,-2.505076833045987e-09,1.5129630325196972e-09,-1.2445333631871198e-09,2.5241956266082987e-10,-2.3552078765955635e-09,1.3630940760692736e-09,-2.427121491553836e-09,1.4350076910275461e-09,-1.3935982351664568e-09,4.0148443464016687e-10
-0.6041791632714549,0.23275857816335663,0.08754069014302852,0.8442799430211347,-0.15518437015956768,0.3110643054608672,0.770108900060849,-6.674033720678982e-10,2.619710246812528e-09,-2.280420390331024e-10,2.1803489137777323e-09,-1.5199542819735885e-10,2.104302302941989e-09,1.2584983941354099e-09,6.938084806092201e-10,-6.535923965637993e-10,2.6058992713084295e-09,1.4013591220401434e-10,1.8121709625406157e-09,-6.855703255158545e-11,2.0208639072962152e-09,-1.8960956428569088e-11,1.971267831173199e-09,1.0533308917130817e-09,8.989759830315483e-10,9.230947004083832e-10,1.0292121743362468e-09,7.550223469028903e-11,1.8768046400543408e-09,9.830768571283786e-10,9.692300176162514e-10,-5.0414051321819635e-11,2.00272092606645e-09,8.149931294229455e-10,1.1373137453216844e-09,7.455338590064285e-10,1.2067730157382015e-09,6.374298509721247e-10,1.3148770237725053e-09
-0.45666885236389343,-1.127902542875929,-0.13751541775212214,-1.0713897366927634,-0.5561411906830644,1.3162156007324797,-0.6112020200670196,-1.802600962994459e-09,1.558894067183514e-10,-2.280420390331024e-10,1.7304483306797081e-09,-1.5199542819735885e-10,1.8064949415154517e-09,9.580688143665904e-10,2.916559184079401e-09,-2.0286858597676285e-09,7.019549005481808e-11,-1.3077080892999012e-09,6.507822804129093e-10,-1.8649607796287976e-09,9.352959008401283e-11,-2.2169268945885976e-09,2.5843652487578717e-10,-1.4524996472884422e-09,5.059907224243683e-10,-1.582735838593141e-09,3.757545311196694e-10,-2.2488554485074215e-09,2.90365078794611e-10,-1.720908337923085e-09,2.3758203178972547e-10,-2.1364238826040372e-09,1.7793351289122676e-10,-2.169817131811292e-09,2.113267620984815e-10,-2.248359211905067e-09,2.8986884219225667e-10,-2.2123030873420315e-09,2.5381271762922105e-10
-0.5962534326596458,1.0850121515834021,-1.3478126230393317,0.8987519977181366,-0.9682549773494034,-0.7438640069725627,-0.020948556520701427,-2.9693863968983944e-09,2.6820343532003492e-09,-2.280420390331024e-10,5.931000466494263e-11,-1.5199542819735885e-10,1.3535661550068617e-10,1.243572163994101e-09,1.5309242076921459e-09,7.895983284542369e-10,1.0769503721522819e-09,1.4552629187106492e-09,1.7426149624086941e-09,2.019316978644154e-10,4.892837415624604e-10,3.332615224668336e-10,6.206135661648786e-10,2.475282029583993e-09,2.762634073282038e-09,2.3450458382792947e-09,2.63239788197734e-09,2.135775243190218e-10,5.009295680170668e-10,1.975527164433885e-09,2.26287920813193e-09,4.902014753885055e-10,7.775535190865505e-10,1.0889488473208458e-09,1.3763008910188908e-09,9.969583223700524e-10,1.2843103660680973e-09,6.427937438917985e-10,9.301457875898434e-10
-0.5753317528373975,0.2891703624913687,0.4262331659494988,0.0018861159368552813,0.3473119553227002,-0.7405185429586258,1.3901364881245202,7.552750534846389e-10,2.952467290243711e-09,-2.280420390331024e-10,3.935784382761452e-09,-1.5199542819735885e-10,3.859737771925709e-09,1.2035101820720098e-09,2.50423216165634e-09,7.85021578945393e-10,2.922720764782957e-09,1.4247812591771813e-09,2.2829610845511684e-09,1.6950240424165288e-09,2.012718301311821e-09,2.2547062389749774e-09,1.4530361047533725e-09,2.3018161041583294e-09,1.4059262395700205e-09,2.1715799128536307e-09,1.5361624308747192e-09,2.3292820747147185e-09,1.3784602690136314e-09,2.4472025845350093e-09,1.2605397591933405e-09,2.2312398131744897e-09,1.4765025305538602e-09,2.7848389232501087e-09,9.229034204782412e-10,2.729160365914827e-09,9.785819778135229e-10,2.766980335686726e-09,9.407620080416239e-10
0.30296364017609845,-0.992487947851336,0.1335554947881601,-0.9183171904012583,-1.1176380471611493,-1.1059936493501241,0.04576362369491974,-3.3923229633698226e-09,3.293847881952542e-09,-2.280420390331024e-10,1.295669576158218e-10,-1.5199542819735885e-10,5.352034678007825e-11,-1.044252794974244e-09,9.457777135569634e-10,1.2850084288124775e-09,1.383483510229758e-09,7.80634033439046e-10,8.791091148563265e-10,-5.918141523055713e-10,4.933390708882907e-10,-5.490361221208785e-10,4.505610407035979e-10,-7.121581889051201e-10,6.136831074878395e-10,-8.423943802098186e-10,7.43919298792538e-10,-1.9693735526513623e-10,9.846227384785563e-11,-1.3034274636314378e-09,1.2049523822141573e-09,-7.24316988440366e-11,2.6043382573243992e-11,-1.3607049858741341e-09,1.2622299044568535e-09,-1.4384440695844823e-09,1.3399689881672018e-09,-2.7811925124019493e-10,1.7964416982291433e-10
-0.5975487249509661,-0.5896947188672734,0.6478688635982619,0.10271287400152079,-0.7541339741766497,-1.1106490439557006,0.35538892770501523,-2.3631623983862052e-09,3.1413051501392342e-09,-2.280420390331024e-10,1.0061847907861313e-09,-1.5199542819735885e-10,9.301381799503878e-10,1.2460209281151362e-09,4.678781763621072e-10,1.2913772239589166e-09,5.132344722058876e-10,1.9176040723976668e-09,1.1394613206446378e-09,8.751141454884574e-10,9.697139373542845e-11,1.2130538791017581e-09,4.3491112734872915e-10,3.0030677498666566e-09,2.2249249981136276e-09,2.872831558561958e-09,2.094688806808929e-09,1.090050891056556e-09,3.1190813930352695e-10,2.6272370165841904e-09,1.8490942648311614e-09,1.0021797198442133e-09,2.240369680911843e-10,1.9254256111936193e-09,1.1472828594405903e-09,1.8393505579041413e-09,1.0612078061511123e-09,1.548106564130741e-09,7.69963812377712e-10
-0.5451555324107079,-1.0151802748396495,0.1822513347126038,-0.3813650618616504,-0.7360287839977252,-0.9681089992389973,0.23427452076392719,-2.3119025937829364e-09,2.7471436265765165e-09,-2.280420390331024e-10,6.632830718266824e-10,-1.5199542819735885e-10,5.872364609909389e-10,1.144032187001628e-09,7.087911542080478e-10,1.0963758498804445e-09,6.611348170868644e-10,1.6727508416287741e-09,1.237509808835194e-09,6.706530236971131e-10,2.3541199090353304e-10,9.140347525158025e-10,4.787937197222224e-10,2.3892646481847975e-09,1.9540236153912175e-09,2.259028456880099e-09,1.8237874240865188e-09,8.403421105691006e-10,4.0510107777552054e-10,2.0235361590581085e-09,1.5882951262645285e-09,8.319997180775684e-10,3.9675868528398834e-10,1.3896596237507406e-09,9.544185909571605e-10,1.3051317552300824e-09,8.698907224365024e-10,1.1559819302927488e-09,7.207408974991687e-10
-0.6027233376438277,-1.0535359791042145,-0.8081115255925311,0.07639285245776085,2.0852902740173507,-1.1283798353346977,1.764653428340572,5.675876722983222e-09,9.077939472368712e-10,-2.280420390331024e-10,4.996124814779453e-09,-1.5199542819735885e-10,4.92007820394371e-09,1.2557669848176485e-09,3.5123157909287023e-09,1.315633766667844e-09,3.4524490090785067e-09,1.9463752674385023e-09,2.8217075083078482e-09,4.1847425744029735e-09,5.833402013433771e-10,5.552508861021869e-09,7.844260852755183e-10,3.0707886486168137e-09,1.6972941271295369e-09,2.940552457312114e-09,1.8275303184342364e-09,5.8317143619405015e-09,1.063631586194151e-09,3.747184098429004e-09,1.0208986773173465e-09,3.8398117520452325e-09,9.28271023701118e-10,6.071022417024523e-09,1.3029396412781728e-09,6.064154002521322e-09,1.2960712267749712e-09,6.7012180733513425e-09,1.933135297604992e-09
-0.5983238071379859,-0.2614870725882796,0.7125897910767443,0.953435017387676,0.4797997145073261,0.043620558336177555,1.6939267266177742,1.1303772524128947e-09,3.437462561248225e-09,-2.280420390331024e-10,4.795881852694222e-09,-1.5199542819735885e-10,4.719835241858479e-09,1.2474844742031685e-09,3.3203553394579513e-09,-2.877169804190861e-10,4.855556794080206e-09,4.687138580029891e-10,4.099125955658131e-09,9.681236138133054e-10,3.599716199847814e-09,1.3352021946352417e-09,3.232637619025878e-09,1.3819834433147071e-09,3.1858563703464122e-09,1.2517472520100085e-09,3.3160925616511113e-09,1.4933074620134022e-09,3.0745323516477174e-09,1.5787921335346694e-09,2.9890476801264504e-09,1.7570094450528008e-09,2.8108303686083188e-09,2.057118096732024e-09,2.5107217169290957e-09,2.0053437028867792e-09,2.5624961107743403e-09,2.1037390030205804e-09,2.464100810640539e-09
-0.5925500087567948,1.0518161160044002,-0.4318680441053139,-1.0180524788167309,0.7514863213653258,-0.8264041937946957,2.099659228349858,1.899582228623392e-09,3.816976187518458e-09,-2.280420390331024e-10,5.944600455174952e-09,-1.5199542819735885e-10,5.868553844339209e-09,1.236550542801174e-09,4.4800078733406756e-09,9.02517121758948e-10,4.814041294382902e-09,1.554288802524919e-09,4.162269613616931e-09,2.281575137848245e-09,3.4349832782936048e-09,3.0416488831629026e-09,2.674909532978947e-09,2.5613679142082e-09,3.1551905019336495e-09,2.4311317229035014e-09,3.2854266932383482e-09,3.1609927933218904e-09,2.5555656228199592e-09,2.8571782941816717e-09,2.859380121960178e-09,2.338647687184564e-09,3.3779107289572856e-09,3.629148599334732e-09,2.0874098168071175e-09,3.5848097549217136e-09,2.131748661220136e-09,3.757113870747991e-09,1.9594445453938586e-09
-0.6050619904835566,-0.6534022457067594,0.5052957086997314,0.667732454221913,-0.3896996268118319,-0.5385910826860077,0.5602776325095804,-1.3313680205295234e-09,2.6895960886977535e-09,-2.280420390331024e-10,1.5862701072013324e-09,-1.5199542819735885e-10,1.5102234963655889e-09,1.260152493826261e-09,9.807557434196911e-11,5.087754735397423e-10,8.494525946284878e-10,1.2084864554647734e-09,1.497416127034567e-10,6.437323766664692e-10,7.144956915017609e-10,9.153741185985836e-10,4.4285394956964646e-10,2.2586429360612863e-09,9.004148678930562e-10,2.1284067447565876e-09,7.701786765883575e-10,8.94318419064088e-10,4.639096491041421e-10,2.0755224189701294e-09,7.172943508018993e-10,8.665255479578879e-10,4.917025202103422e-10,1.6916925689332956e-09,3.3346450076506554e-10,1.6156632689511016e-09,2.5743520078287146e-10,1.4271264867311912e-09,6.889841856296108e-11
-0.4168559465923914,-0.857828428066715,0.5685457225915489,-1.3659565983441109,-1.0662695384612464,-1.0577730835128942,0.10237750814507544,-3.246887334542048e-09,3.3086987028150408e-09,-2.280420390331024e-10,2.898534073060952e-10,-1.5199542819735885e-10,2.1380679647035164e-10,8.68837573389867e-10,8.070262051168742e-10,1.219040464400864e-09,1.1572290961278713e-09,1.6242212655100676e-09,1.5624098972370748e-09,2.441321501600647e-10,1.823207818870719e-10,3.345435812416547e-10,2.727322129686619e-10,1.644013018874489e-09,1.5822016506014963e-09,1.5137768275697904e-09,1.4519654592967976e-09,3.0265216603583523e-10,2.4084079776284243e-10,1.0846972960717678e-09,1.022885927798775e-09,2.0344482688740267e-10,1.4163345861440988e-10,3.7138737035036115e-10,3.0957600207736836e-10,2.8153649923236493e-10,2.1972513095937213e-10,4.744063178278919e-10,4.125949495548991e-10
-0.5634490931326676,1.2050829727415047,-0.4544616465633571,-1.0833375761122361,-1.1832824225559526,-0.3554029944431856,-0.27413430168903136,-3.5781767336305845e-09,2.5739997520332947e-09,-2.280420390331024e-10,7.761349425641877e-10,-1.5199542819735885e-10,8.521815533999312e-10,1.18032851844429e-09,2.18450550004158e-09,2.5816569582320244e-10,1.2623426774204924e-09,9.261167150490167e-10,1.930293696646307e-09,-5.337951354399864e-10,4.703818461573037e-10,-6.203226774320779e-10,3.8385430416521214e-10,1.6655175362176894e-09,2.6696945178149792e-09,1.535281344912991e-09,2.539458326510281e-09,-7.281878703403647e-10,2.759891112569253e-10,1.0326586961503335e-09,2.0368356777476235e-09,-3.9454033258926023e-10,6.096366490080299e-10,2.2117353452525013e-11,1.026294335049815e-09,-7.478110570044771e-11,9.293958758968423e-10,-3.624309552793769e-10,6.417460263179131e-10
1.45501352438416,1.9426547314193867,-0.7243027121667374,0.2685703818202918,-0.6489859701860959,-1.092493745009606,-0.04047068809020363,-2.0654651035379234e-09,1.7228415802363745e-09,-2.280420390331024e-10,1.1458148426844661e-10,-1.5199542819735885e-10,1.9062809510419016e-10,-1.6839264872552376e-09,1.3413029639536887e-09,1.266539935263447e-09,1.6091634585649959e-09,-6.833986546957073e-10,3.407751313941583e-10,-1.3976166832765853e-09,1.0549931599750364e-09,-9.573103506349531e-10,6.146868273334041e-10,-1.0591024149768486e-09,7.164788916752996e-10,-1.189338606281547e-09,8.46715082979998e-10,-2.5901179630059965e-10,8.361172700094935e-11,-1.3770553028022389e-09,1.03443177950069e-09,6.648861425490293e-11,4.0911213755645193e-10,-1.1772750703575667e-09,8.346515470560177e-10,-1.2447089528343511e-09,9.020854295328021e-10,-6.610523636466612e-10,3.1842884034511217e-10
-0.5877689242791009,-0.8389462907864482,-0.24848248310565121,1.6596668718767122,2.3728336529166776,1.9100739407106555,-0.3559901420322038,6.489975733912181e-09,7.72590473469078e-09,-2.280420390331024e-10,1.0078869617454977e-09,-1.5199542819735885e-10,1.0839335725812413e-09,1.2274412721545895e-09,2.4633702729331896e-09,-2.8411115365931278e-09,1.6051825358145277e-09,-1.8889730320806558e-09,6.530440313020557e-10,9.866536330561126e-10,2.2225826338347125e-09,1.3505259068105025e-09,2.5864549075891027e-09,-1.3357617963381334e-09,9.98327955595333e-11,-1.4659979876428316e-09,2.3006898686423157e-10,1.9269139919020726e-09,3.162842992680673e-09,-5.961637064547727e-10,6.397652943238274e-10,5.680562104621306e-10,1.8039852112407307e-09,1.992918402976277e-09,3.228847403754877e-09,1.9930982816399334e-09,3.2290272824185333e-09,2.614393621727244e-09,3.850322622505844e-09
2.8603180804338852,-0.5708222567348687,1.4028209391663855,1.5007170279386692,1.3497930762877364,-0.7507912965473652,-0.2982734343085095,3.5935212067314012e-09,4.6660414208017314e-09,-2.280420390331024e-10,8.444781750372277e-10,-1.5199542819735885e-10,9.205247858729712e-10,-7.824560241955788e-10,2.900641898747512e-10,7.990751810005561e-10,1.8715953950708864e-09,-2.8777925674524367e-09,1.8052723533821066e-09,-1.1065000024906312e-09,3.397978842030115e-11,-6.314316857834045e-10,4.4108852828692554e-10,-1.0430394825631617e-09,2.948073150716829e-11,-1.1732756738678602e-09,1.0075545979753019e-10,1.0833835902849467e-11,1.0833540499731795e-09,-5.567674829361186e-10,5.157527311342114e-10,-2.077050264986906e-10,8.648151875716395e-10,-9.850390717063538e-10,8.748114236397621e-11,-1.0489757197912814e-09,2.3544494279048578e-11,-1.3888451378278091e-09,3.163249237574791e-10
-0.5025981031382891,0.8215647024059846,-0.3669860044715288,1.1105743744161738,-0.0023777231391017995,0.15065966982811033,-0.35236432123034894,-2.347739000247039e-10,9.90889598762876e-10,-2.280420390331024e-10,9.976214597544777e-10,-1.5199542819735885e-10,1.0736680705902212e-09,1.056739852328911e-09,2.282403351116491e-09,-4.341514358210753e-10,7.915120629665048e-10,2.140234785786828e-10,1.439686977366263e-09,1.7614483130096752e-10,1.4018083300885476e-09,2.745054751034175e-10,1.5001689738909976e-09,5.017658184045103e-10,1.7274293171920903e-09,3.715296270998116e-10,1.5971931258873916e-09,3.416156347309525e-10,1.5672791335185325e-09,5.007149589490821e-10,1.7263784577366622e-09,9.726192043205143e-11,1.3229254192196316e-09,4.856411901387318e-10,1.7113046889263118e-09,4.2046300417117476e-10,1.6461265029587548e-09,3.946185777426742e-10,1.6202820765302543e-09
-0.408363454936813,-1.0283105337162666,1.4520601536210676,0.44096326182512857,0.07805247090917096,1.024245752267682,-0.8589338061908735,-7.05820135633704e-12,2.6528157398756226e-09,-2.280420390331024e-10,2.4318319021988575e-09,-1.5199542819735885e-10,2.507878513034601e-09,8.493660989123559e-10,3.5092400401443157e-09,-1.6292576025836528e-09,1.030616338648307e-09,-1.001644183012504e-09,1.6582297582194558e-09,-8.499190062909883e-10,1.8099549349409715e-09,-9.659460235030626e-10,1.6939279177288973e-09,-1.342839087571999e-09,1.3170348536599608e-09,-1.4730752788766977e-09,1.186798662355262e-09,-9.58145578444763e-10,1.7017283627871969e-09,-1.3087740991182398e-09,1.35109984211372e-09,-1.6518961661613387e-10,2.494684324615826e-09,-1.2733457092077573e-09,1.3865282320242025e-09,-1.3366686402981937e-09,1.3232053009337661e-09,-1.3546811346200105e-09,1.3051928066119493e-09
-0.4754992110646264,0.5431151821697416,0.3244502424821815,-1.3668224224975751,-0.49922715406204626,-0.5698083744390572,0.4195596130218014,-1.64146471600973e-09,2.601288894916467e-09,-2.280420390331024e-10,1.1878662179398393e-09,-1.5199542819735885e-10,1.1118196071040958e-09,9.990800553694079e-10,3.925587646267086e-11,5.514821725516013e-10,4.0834200635513567e-10,1.08495590354155e-09,1.251317246348131e-10,4.0337486256048094e-10,5.564493163462561e-10,5.463765909057659e-10,4.134475880009711e-10,1.331269791086547e-09,3.7144561217981e-10,1.2010335997818483e-09,2.412094208751113e-10,5.443921913439979e-10,4.1543198756273906e-10,1.0925268515763734e-09,1.3270267266963637e-10,5.155312982818491e-10,4.4429288062488794e-10,6.942429825082535e-10,2.6558119639848353e-10,6.168456182881989e-10,3.4297856061853814e-10,6.19146367327688e-10,3.40677811579049e-10
-0.5996192647958309,0.1648320098467299,0.8280260433782781,0.7079048152548065,0.03705822516623677,1.3038313209520986,1.2383137480530546,-1.2312199333391533e-10,3.4010205235763755e-09,-2.280420390331024e-10,3.5059405692755625e-09,-1.5199542819735885e-10,3.429893958439819e-09,1.2499276843837928e-09,2.027970845858667e-09,-2.011743592217859e-09,5.289642122460319e-09,-1.1125941016912058e-09,4.390492631933666e-09,-9.994525869956439e-10,4.277351117238104e-09,-1.2368801170098334e-09,4.514778647252294e-09,-3.8417361864914336e-10,3.6620721488916034e-09,-5.144098099538427e-10,3.7923083401963025e-09,-1.0254107295338827e-09,4.3033092597763425e-09,-3.67896140384573e-10,3.645794670627033e-09,-6.963914220851418e-10,3.974289952327602e-09,-3.5713733031197635e-10,3.6350358605544365e-09,-4.212234642891169e-10,3.699121994531577e-09,-4.636645331905375e-10,3.741563063432998e-09
-0.5856168564694497,0.26330185609962947,-1.4540795240079991,0.3791108180136454,-0.536137785258729,-0.3712354502219493,0.021086979650262804,-1.7459668904816504e-09,1.5776267626609374e-09,-2.280420390331024e-10,5.970191121238938e-11,-1.5199542819735885e-10,1.6344699623354156e-11,1.2233246418633352e-09,1.3916647696840483e-09,2.798252276272763e-10,4.4816535544798934e-10,9.738483207582166e-10,1.1421884485789296e-09,2.5841791133930867e-10,4.267580391600217e-10,4.03419820451283e-10,5.71759948271996e-10,1.8633837491175846e-09,2.0317238769382977e-09,1.733147557812886e-09,1.901487685633599e-09,3.803026324128423e-10,5.486427602335553e-10,1.60546193854063e-09,1.773802066361343e-09,3.1639039688606685e-10,4.847305247067799e-10,1.0983398002331643e-09,1.2666799280538774e-09,1.0184994541695883e-09,1.1868395819903014e-09,8.204370123421224e-10,9.887771401628355e-10
-0.23499036016572517,-0.4597579301639896,-0.29100199939158905,-0.4449601849313574,0.39533663657327955,-0.5476615636463471,-0.08616880470723784,8.912435659780654e-10,1.3632485818448424e-09,-2.280420390331024e-10,2.4396297683367467e-10,-1.5199542819735885e-10,3.200095876694182e-10,4.2068065200893425e-10,8.926856678757114e-10,5.211843110305273e-10,9.931893268973043e-10,7.550373722027623e-10,1.2270423880695394e-09,1.1340318315642895e-09,1.6060368474310665e-09,1.2628983830427362e-09,1.7349033989095132e-09,-2.426781103770798e-11,4.477372048290691e-10,-1.5450400234240672e-10,3.1750101352437034e-10,1.4096083660664545e-09,1.8816133819332314e-09,1.400055120338838e-10,6.120105279006608e-10,1.142862205440284e-09,1.614867221307061e-09,3.6419649458054715e-10,8.362015104473242e-10,3.0672361378231226e-10,7.787286296490893e-10,1.299562427238467e-10,6.019612585906237e-10
-0.604041373099159,-0.6159666531283892,-1.588579379439864,-1.2310480852222947,-0.9603893653699933,-1.2412000871860813,0.17739786411614117,-2.9471171067575473e-09,3.2213277235521554e-09,-2.280420390331024e-10,5.022526558277104e-10,-1.5199542819735885e-10,4.262060449919668e-10,1.2582400715380055e-09,9.840294547433975e-10,1.4699770894767011e-09,1.1957664726820931e-09,2.089742959858432e-09,1.815532343063824e-09,7.950866723638543e-10,5.208760555692463e-10,1.113156630146408e-09,8.389460133518e-10,3.2407985287791894e-09,2.9665879119845814e-09,3.11056233747449e-09,2.836351720679882e-09,9.429034455142312e-10,6.686928287196231e-10,2.7457445708234843e-09,2.4715339540288763e-09,1.1983778054030117e-09,9.241671886084037e-10,1.8606076363750155e-09,1.5863970195804074e-09,1.7686270181971531e-09,1.494416401402545e-09,1.3897466167381573e-09,1.1155359999435493e-09
0.42006427679334873,2.03717163927572,-1.5960075092318942,1.6028831066516323,-0.37439349242827347,0.4044764321763565,-0.9736505525705493,-1.2880329630140333e-09,1.6966295027256668e-09,-2.280420390331024e-10,2.7566204267065978e-09,-1.5199542819735885e-10,2.8326670375423413e-09,-1.3072619225083408e-09,1.6774005432313593e-09,-7.813845065025595e-10,2.203277959237141e-09,-1.2637374357374181e-09,1.720925030002282e-09,-1.6143347444185666e-09,1.3703277213211335e-09,-1.4017809078212276e-09,1.5828815579184725e-09,-2.9896535353040646e-09,4.991069564364514e-12,-3.1198897266087633e-09,1.352272608690632e-10,-1.6262410186286116e-09,1.3584214471110885e-09,-3.1651519040867815e-09,1.8048943834708143e-10,-1.2463243261402021e-09,1.738338139599498e-09,-3.1991635254425543e-09,2.1450105970285418e-10,-3.2680422831582625e-09,2.833798174185624e-10,-2.8066577633925533e-09,1.7800470234714676e-10
-0.597133523321274,-0.7717675045028949,1.303831849547609,-1.6685684059057457,-0.4614729368062666,-0.16558507153766935,0.543235472490694,-1.5345741625079284e-09,2.8445520999703984e-09,-2.280420390331024e-10,1.5380199764955723e-09,-1.5199542819735885e-10,1.4619733656598288e-09,1.2452363846544466e-09,6.474155280802341e-11,-1.514002361707806e-12,1.3114919398241777e-09,7.299993639962967e-10,5.799785734661733e-10,1.2027954341948223e-10,1.1896983940429877e-09,2.2688324737286507e-10,1.083094690089605e-09,1.6671640364701267e-09,3.5718609900765673e-10,1.536927845165428e-09,2.2694990770295805e-10,2.3130262833803709e-10,1.0786753091244329e-09,1.4478101614824765e-09,1.3783222402000647e-10,4.231699318892853e-10,8.868080055731847e-10,9.977861896915651e-10,3.1219174777090487e-10,9.198493449729681e-10,3.901285924895019e-10,7.21548216684354e-10,5.88429720778116e-10
-0.5979594823121306,1.0669831668217233,0.29589742465306423,1.6768997883124224,-0.4464257792035521,-0.7182246930031556,0.6341687173047997,-1.4919723256353397e-09,3.0594024254362194e-09,-2.280420390331024e-10,1.7954721388339822e-09,-1.5199542819735885e-10,1.7194255279982387e-09,1.2467967028495206e-09,3.2063339695135927e-10,7.545225610486591e-10,8.129075387522208e-10,1.4252006411159899e-09,1.4222945868489006e-10,7.776342679498365e-10,7.897958318510434e-10,1.086000078616401e-09,4.81430021184479e-10,2.4531477750040896e-09,8.857176752032097e-10,2.3229115836993914e-09,7.554814838985115e-10,1.04233700117163e-09,5.250930986292499e-10,2.2414578215576965e-09,6.740277217568166e-10,9.760827029325877e-10,5.913473968682922e-10,1.8110191399428084e-09,2.435890401419285e-10,1.7334900269034542e-09,1.6605992710257433e-10,1.5384351000000298e-09,2.8994999800850127e-11
0.33447243674767946,1.0195769512067556,-1.6177965032498505,-0.7261601621106549,-0.9599247448419947,-0.6628448888392517,-0.21913067755820034,-2.945801663106058e-09,2.097352127481695e-09,-2.280420390331024e-10,6.204074965912606e-10,-1.5199542819735885e-10,6.964541074270042e-10,-1.119110325104807e-09,2.706607894804441e-10,6.787604274698384e-10,1.5272099630942014e-09,1.8442254074575416e-10,1.0328720763701172e-09,-9.582875650081794e-10,1.0983802938381643e-10,-8.651791839367535e-10,1.6729648312390555e-11,-1.3811713308222016e-09,5.327217951978387e-10,-1.5114075221269001e-09,6.629579865025372e-10,-6.72693993371562e-10,1.7575554225280097e-10,-1.8759479691277668e-09,1.0274984335034038e-09,-9.458841573172772e-11,7.538611198926352e-10,-1.92573929581643e-09,1.077289760192067e-09,-2.0013611630419215e-09,1.1529116274175586e-09,-9.836011537587357e-10,1.3515161813437279e-10
-0.18525369439419642,-0.5813586389981084,0.41781704086389265,0.6906325482254723,-0.20244752210048322,-1.3233336239150286,0.26890703557225704,-8.012158263687703e-10,1.3345091814219254e-09,-2.280420390331024e-10,7.613353940862575e-10,-1.5199542819735885e-10,6.852887832505139e-10,2.881176996640867e-10,2.4517565538906844e-10,1.5823395666451437e-09,1.0490462115919886e-09,1.6668758517423537e-09,1.1335824966891985e-09,1.2822093739189482e-09,7.489160188657931e-10,1.3891383285929693e-09,8.558449735398142e-10,8.590829422437505e-10,3.257895871905954e-10,7.288467509390518e-10,1.9555339588589672e-10,1.6280094327052398e-09,1.0947160776520847e-09,7.667446934294348e-10,2.3345133837627964e-10,1.5545839441943502e-09,1.021290589141195e-09,6.709724042152195e-10,1.3767904916206438e-10,6.021292359929768e-10,6.883588093982172e-11,7.646544442300866e-10,2.3136108917693152e-10
0.24847827108884596,-0.18195614272621857,0.350391088523893,0.2095262830494071,0.07347247360514432,-0.8979170335653749,-0.06275070405834228,-2.0025188422906966e-11,3.85677996224256e-10,-2.280420390331024e-10,1.776611456140606e-10,-1.5199542819735885e-10,2.5370775644980414e-10,-9.086734709203824e-10,5.029702862732195e-10,1.000349994249284e-09,1.406053178896447e-09,5.877099661999123e-10,9.934131508470753e-10,6.078391728404672e-10,1.0135423574876301e-09,5.243157762733811e-10,9.300189609205441e-10,-9.206921553433654e-10,5.149889706962024e-10,-1.050928346648064e-09,6.452251620009011e-10,8.532217012027727e-10,1.2589248858499357e-09,-8.886031210364706e-10,4.828999363893076e-10,8.131470578313268e-10,1.2188502424784898e-09,-8.767426222580111e-10,4.710394376108481e-10,-9.40984565753017e-10,5.35281381105854e-10,-9.238952139143355e-10,5.181920292671726e-10
-0.10479323739933842,-1.051659369284634,1.2107322224525499,-0.5579221370111941,-0.6374243712040749,0.35745117703598317,-0.6262233362853867,-2.0327316553463867e-09,3.171261144523666e-11,-2.280420390331024e-10,1.7729770048680477e-09,-1.5199542819735885e-10,1.8490236157037913e-09,6.708549641934522e-11,2.068104540320495e-09,-7.170517824109628e-10,1.2839672614901872e-09,-5.454025552281666e-10,1.4556164886729834e-09,-1.2572182968063483e-09,7.438007470948018e-10,-1.2926269892453962e-09,7.083920546557539e-10,-1.8125062703066509e-09,1.8851277359449923e-10,-1.94274246161135e-09,5.827658228980013e-11,-1.419411006968498e-09,5.816080369326521e-10,-2.1242107592709347e-09,1.2319171536978463e-10,-1.728734487651147e-09,2.72284556250003e-10,-2.3850116820051274e-09,3.8399263810397735e-10,-2.4609517745302036e-09,4.5993273062905353e-10,-1.9617251015207688e-09,3.929394238038132e-11
-0.03906481700760918,-1.1137269969372057,0.4209108669691109,-1.4356552838044505,0.8351967323257566,0.6870064137989554,-0.6241508801618387,2.13658494810247e-09,4.131736409564989e-09,-2.280420390331024e-10,1.7671094224294175e-09,-1.5199542819735885e-10,1.843156033265161e-09,-1.1752412829657168e-10,1.877627333165948e-09,-1.1678985892241577e-09,8.272528722383621e-10,-1.0419134729475888e-09,9.53237988514931e-10,-1.1524378485398821e-11,1.983627082977121e-09,-1.0125995130022727e-11,1.985025466332497e-09,-2.4916266509134102e-09,4.964751894508904e-10,-2.621862842218109e-09,6.267113807555891e-10,-1.1354226544060686e-10,1.881609196021913e-09,-2.1669724037881356e-09,1.718209423256158e-10,-1.0893928893548349e-10,1.886212172527036e-09,-1.8271774238488798e-09,1.6797403761363997e-10,-1.8790178444411975e-09,1.1613361702132229e-10,-2.4597816486703862e-09,4.646301872078664e-10
1.4897916514724336,-1.179770116279152,-1.2567065540628346,-0.719150720203735,1.7044309452335602,-0.09877903098077793,-0.6253176527248234,4.597579583773117e-09,6.596034436860027e-09,-2.280420390331024e-10,1.7704128140538077e-09,-1.5199542819735885e-10,1.8464594248895512e-09,-1.6596058367879275e-09,3.388490162989825e-10,-9.290775582395414e-11,1.905547097262956e-09,-1.9752758046054308e-09,2.3179048481479227e-11,1.3435444345710618e-10,2.1328092965440162e-09,-4.059547949916677e-12,1.9943953051369932e-09,-2.44952125559087e-09,4.5106640250395995e-10,-2.5797574468955686e-09,5.813025938086586e-10,7.213893832607839e-11,2.0705937914129884e-09,-1.8661050985044177e-09,1.3234975458249228e-10,1.6158221485522966e-11,2.014613074572433e-09,-2.157321922903518e-09,1.5886706981660813e-10,-2.216565953767897e-09,2.181111006809869e-10,-3.3575759185339464e-09,1.3591210654470364e-09
-0.5668369314089,-0.9633360667808579,-0.7757621602393826,0.21053538692011328,0.0024327608075526658,-0.42866019855282483,0.3002026413063199,-2.2115435420851538e-10,8.430525026394494e-10,-2.280420390331024e-10,8.499401874640364e-10,-1.5199542819735885e-10,7.738935766282928e-10,1.1869694484607134e-09,5.650713000297793e-10,3.5838493941133577e-10,2.635132090195983e-10,1.0223896057816572e-09,4.004914573507231e-10,9.25835235004511e-10,3.0393708657357693e-10,1.2550129396544077e-09,6.331147912234737e-10,1.7952237751974773e-09,1.1733256267665432e-09,1.6649875838927786e-09,1.0430894354618445e-09,1.3051999097182772e-09,6.833017612873431e-10,1.796298149102753e-09,1.174400000671819e-09,8.915206377310593e-10,2.6962248930012525e-10,1.7921285602384694e-09,1.1702304118075354e-09,1.7270760249231005e-09,1.1051778764921665e-09,1.6834132573735007e-09,1.0615151089425666e-09
-0.3132807797855878,-1.1263038777683858,1.1876878957217647,1.4689022652266268,0.4475821384444062,0.4351544552689479,-0.7561149053142615,1.039162156771501e-09,3.407933010083781e-09,-2.280420390331024e-10,2.140728814279178e-09,-1.5199542819735885e-10,2.2167754251149215e-09,6.212787704836304e-10,2.9900496237959107e-09,-8.233534610441137e-10,1.5454173922681666e-09,-3.811260569650652e-10,1.987644796347215e-09,1.4856517240412324e-10,2.5173360257164036e-09,1.9914732978183497e-10,2.567918183094115e-09,-1.0382481773737148e-09,1.3305226759385655e-09,-1.1684843686784132e-09,1.200286484633867e-09,2.3295052552646507e-10,2.6017213788387455e-09,-8.537482948815674e-10,1.5150225584307129e-09,8.318672146508471e-10,3.2006380679631274e-09,-5.726115842996359e-10,1.7961592690126445e-09,-6.283692353786615e-10,1.7404016179336188e-09,-7.882093828237858e-10,1.5805614704884945e-09
-0.5251071459826466,0.05720231154222401,-0.05723181375949188,-0.6534376265399925,0.26223122482094213,-0.5728554359221526,0.6568336059886172,5.143926557896287e-10,1.1172067652835413e-09,-2.280420390331024e-10,1.8596414601062723e-09,-1.5199542819735885e-10,1.7835948492705288e-09,1.1034068458813937e-09,5.281925751917762e-10,5.556506935962393e-10,1.0759487274769307e-09,1.151095193928147e-09,4.805042271450229e-10,1.3447104522843585e-09,2.8688896878881153e-10,1.7500558685267496e-09,1.1845644745357962e-10,1.683171644693907e-09,5.157222362073707e-11,1.5529354533892082e-09,7.866396768396182e-11,1.834225363266414e-09,2.0262594219324402e-10,1.7943923315296653e-09,1.6279291045649529e-10,1.5074641404397955e-09,1.2413528063337448e-10,2.0272770401059628e-09,3.9567761903279277e-10,1.9689369692685535e-09,3.3733754819538353e-10,1.96131944276313e-09,3.2972002168995983e-10
-0.584994999753486,1.441460603158105,-0.9561864886967334,0.03993177954800223,0.6885661241659948,1.6416916471880285,-0.2787804125993963,1.7214412103759697e-09,2.7387723613068496e-09,-2.280420390331024e-10,7.892891118977776e-10,-1.5199542819735885e-10,8.653357227335211e-10,1.222133217834006e-09,2.239464368764886e-09,-2.473952145565441e-09,1.456620994634561e-09,-1.5553456415785158e-09,5.380144906476359e-10,-6.537006435185361e-10,3.6363050741234383e-10,-7.803970530540888e-10,2.3693409787679114e-10,-9.797510082639204e-10,3.758014266695953e-11,-1.1099871995686195e-09,9.265604863773957e-11,-4.687570457712507e-10,5.485741051596292e-10,-7.06124411397361e-10,3.112067395335189e-10,-1.3313167870965304e-09,3.1398563616565047e-10,-3.6865978908315336e-11,9.804651720225646e-10,-8.308792280585364e-11,9.342432281250262e-10,5.599720879038752e-11,1.0733283597212674e-09
-0.14621667093029245,-0.7426204845876935,1.6128106744431896,-0.853720211459862,-0.7014662615782612,-1.158119660975017,0.2931801191746179,-2.2140484354830615e-09,2.8160642679186515e-09,-2.280420390331024e-10,8.300578714686924e-10,-1.5199542819735885e-10,7.540112606329489e-10,1.8175508325272295e-10,4.2026074918286714e-10,1.3563192237002344e-09,7.543033912646444e-10,1.410318711397906e-09,8.08302878962316e-10,4.690390683496918e-10,1.3297676408589827e-10,5.058649745019302e-10,9.615085793365985e-11,4.740488969472073e-10,1.2796693548838276e-10,3.438127056425088e-10,2.582031267930813e-10,6.898165038202232e-10,8.780067138463307e-11,1.2744702473810587e-10,4.745688076974843e-10,-1.5318197150481405e-10,7.551978039404042e-10,-1.6319819253037418e-10,7.652140249659642e-10,-2.407292521894806e-10,8.427450846250707e-10,2.6349130157324194e-10,3.3852453086234815e-10
-0.1161091806968136,-0.6635386192548369,-0.009875046749621846,-1.1490387778034428,0.030779107181624268,1.8250520629782296,-1.4648782168411483,-1.4089956748758416e-10,4.234537247341376e-09,-2.280420390331024e-10,4.147394775795857e-09,-1.5199542819735885e-10,4.223441386631601e-09,9.856998239288717e-11,4.4740067972218475e-09,-2.724797675337463e-09,1.6506391394914972e-09,-2.3746240781674473e-09,2.0008127366615127e-09,-2.168453945833592e-09,2.206982868995368e-09,-2.244854831960931e-09,2.130581982868029e-09,-3.842015827405083e-09,5.334209874238767e-10,-3.9722520187097816e-09,4.031847961191785e-10,-2.6298197162919333e-09,1.7456170985370268e-09,-3.8284831101209615e-09,5.469537047079985e-10,-2.562861861388554e-09,1.8125749534404059e-09,-3.8468009933158925e-09,5.286358215130675e-10,-3.911390583835334e-09,4.6404623099362613e-10,-3.88172217615237e-09,4.937146386765899e-10
-0.4918277850211689,-0.670362458952032,1.0001027806533511,0.9745003063880576,-0.4887040498539077,-0.6932965478994697,0.2144974036941882,-1.6116714766016774e-09,1.9909191093485195e-09,-2.280420390331024e-10,6.072896717799445e-10,-1.5199542819735885e-10,5.312430609442009e-10,1.0340160418999487e-09,6.547684091531066e-10,7.204197055450879e-10,3.4117207279824586e-10,1.2605779924288932e-09,8.813303596820511e-10,5.772084552577155e-10,1.9796082251087344e-10,7.677238277571895e-10,3.8847619501034745e-10,1.6166371716848928e-09,1.2373895389380507e-09,1.4864009803801941e-09,1.107153347633352e-09,7.612134163597095e-10,3.819657836128674e-10,1.383321556331013e-09,1.0040739235841708e-09,7.242078558259682e-10,3.449602230791261e-10,9.841463564281552e-10,6.048987236813131e-10,9.068099365267125e-10,5.275623037798704e-10,8.834013569283421e-10,5.041537241814999e-10
-0.48983484268310334,-0.24684056364453222,-1.2292894910479348,-1.7377355097548197,-0.9244669257799379,-0.9814286889398086,0.10923646711841715,-2.84541272165794e-09,2.9266433223875245e-09,-2.280420390331024e-10,3.0927263976268667e-10,-1.5199542819735885e-10,2.3322602892694313e-10,1.0297833060054443e-09,9.485527052758601e-10,1.1145978014668867e-09,1.0333672007373025e-09,1.6199939044496718e-09,1.5387633037200876e-09,4.042029541665084e-10,3.229723534369241e-10,5.53000599752752e-10,4.717699990231677e-10,2.0091462030415045e-09,1.92791560231192e-09,1.8789100117368062e-09,1.7976794110072218e-09,4.894001168125607e-10,4.0816951608297645e-10,1.5354147276768644e-09,1.45418412694728e-09,7.631334250193948e-10,6.819028242898105e-10,8.214113295735881e-10,7.401807288440038e-10,7.332262101816299e-10,6.519956094520456e-10,7.14781905729241e-10,6.335513049996567e-10
-0.5961404344385866,1.7569344339514985,-1.5659748948035956,0.9874870729244852,-1.0196467411318217,-0.641576332284054,-0.10894498041075441,-3.1148878660169363e-09,2.57839845066945e-09,-2.280420390331024e-10,3.0844737631438363e-10,-1.5199542819735885e-10,3.8449398715012717e-10,1.243358365542706e-09,1.779847780890192e-09,6.496640583675825e-10,1.1861534737150685e-09,1.326638698707752e-09,1.863128114055238e-09,2.4105981589944342e-11,5.605953969374304e-10,1.0110145033129208e-10,6.375908656787781e-10,2.330134741860627e-09,2.8666241572081133e-09,2.1998985505559284e-09,2.7363879659034142e-09,-1.6700825342963566e-11,5.197885900045225e-10,1.7993786260773986e-09,2.3358680414248844e-09,3.2919561673664204e-10,8.65685032084128e-10,8.693797680951225e-10,1.4058691834426086e-09,7.759661412226575e-10,1.3124555565701435e-09,4.0624554504613866e-10,9.427349603936247e-10
-0.6065298024367772,1.806156491625251,0.6628639989855414,-1.3893487557556476,-0.6331000523857698,-0.17892901096647268,0.4895044185435553,-2.020488550718489e-09,3.178341970336119e-09,-2.280420390331024e-10,1.3858954586507323e-09,-1.5199542819735885e-10,1.3098488478149888e-09,1.2628988780930046e-09,1.0504545847537461e-10,1.6741123974250373e-11,1.1411122956433796e-09,7.585630715369679e-10,3.992903480806621e-10,-5.1874040193949455e-11,1.2097274598115794e-09,3.201081563340496e-12,1.1546523380542894e-09,1.7637680561165012e-09,6.059146364988712e-10,1.6335318648118025e-09,4.756784451941725e-10,-1.8146634095229936e-11,1.1760000537128598e-09,1.4543948096180052e-09,2.965413900003752e-10,-3.304512397162301e-11,1.1908985435892531e-09,8.405592731388682e-10,3.1729414647876175e-10,7.576889640465634e-10,4.0016445557106656e-10,4.828681866420407e-10,6.749852329755893e-10
1.5859112844135672,2.0349237538754115,0.6900822622579533,-0.9532791593647254,-0.35361109904618615,-0.4035778129691671,-0.397273153484848,-1.2291934030079677e-09,1.2361694944847225e-10,-2.280420390331024e-10,1.1247683134233376e-09,-1.5199542819735885e-10,1.2008149242590811e-09,-1.5895640668180037e-09,2.3675371436156374e-10,3.24071075797077e-10,1.676881428253517e-09,-1.7131565038780273e-09,3.6034615142158734e-10,-2.00401002081621e-09,6.511996683597699e-10,-1.2996949209702271e-09,5.311543148621281e-11,-1.9883574579261323e-09,6.355471054696924e-10,-2.118593649230831e-09,7.65783296774391e-10,-1.0644960438042178e-09,2.883143086522221e-10,-2.1535649523872946e-09,8.007545999308547e-10,-1.1618821885120058e-09,1.9092816394443407e-10,-2.052101000355489e-09,6.992906478990491e-10,-2.1183260790897907e-09,7.655157266333508e-10,-1.7720964763067692e-09,4.192861238503293e-10
0.006174655331213166,2.3227609785733785,-0.5405232218355485,1.396489531429716,0.7167824771932836,0.7332564166406143,-1.1140311442536803,1.8013279571321194e-09,5.183438979261189e-09,-2.280420390331024e-10,3.154068983095968e-09,-1.5199542819735885e-10,3.2301155939317115e-09,-2.4552352233158243e-10,3.136587499797488e-09,-1.2311707323133613e-09,2.150940289815709e-09,-1.156832272299192e-09,2.2252787498298783e-09,-2.542299496724991e-10,3.127881072456571e-09,-2.5391791950400547e-10,3.1281931026250646e-09,-2.6892182381350878e-09,6.928927839939825e-10,-2.8194544294397865e-09,5.626565926892838e-10,-4.005456921830402e-10,2.98156532994603e-09,-2.4055892902477783e-09,9.76521731881292e-10,-6.275853629576202e-10,2.75452565917145e-09,-2.148155101752553e-09,1.233955920376517e-09,-2.2023820565145844e-09,1.1797289656144859e-09,-2.715357759918541e-09,6.667532622105294e-10
2.4732304357569865,-0.5271722538522287,0.2136401186942296,0.26448331936050773,-0.6729796135432579,-1.346328299895366,0.09573170202089443,-2.1333964236761853e-09,2.176392042432596e-09,-2.280420390331024e-10,2.710376577895131e-10,-1.5199542819735885e-10,1.9499104695376955e-10,-9.73957971486318e-10,1.0169535902427287e-09,1.6137973469592085e-09,1.5708017282027978e-09,-1.6435298881491413e-09,1.686525506905552e-09,-2.309192895224381e-09,2.352188513980792e-09,-1.2585165971570754e-09,1.3015122159134862e-09,-3.301122319194333e-10,3.73107850675844e-10,-4.6034842322413213e-10,5.033440419805428e-10,-1.7869014295040552e-10,2.2168576170681623e-10,-6.61104803318648e-10,7.041004220750588e-10,-1.511334808231788e-10,1.9412909957958952e-10,-3.708492303069079e-10,4.138448490633186e-10,-4.3683480540403237e-10,4.79830424160443e-10,-7.424840517623639e-11,1.172440239326471e-10
-0.606070022674342,-0.4482002231320544,0.32775396223335407,-0.5050667007339593,1.2542721584041285,0.6369655131653722,2.6384052809185636,3.323080325533794e-09,3.918787524673036e-09,-2.280420390331024e-10,7.469909889239933e-09,-1.5199542819735885e-10,7.39386327840419e-09,1.2620391020549386e-09,5.979828748151892e-09,-1.0994403226151709e-09,8.341308172822e-09,-2.668494829014168e-10,7.508717333108247e-09,1.1865127786451208e-09,6.055355071561709e-09,1.6282852622406418e-09,5.613582587966189e-09,6.095648361085523e-10,6.632303014098278e-09,4.793286448038535e-10,6.762539205402977e-09,1.9586629434672535e-09,5.283204906739577e-09,1.0677726631412905e-09,6.17409518706554e-09,1.7198054044368651e-09,5.522062445769965e-09,2.400796034247747e-09,4.841071815959083e-09,2.370831737480163e-09,4.871036112726668e-09,2.7448412282705904e-09,4.49702662193624e-09
0.014907775170969114,-0.16478822574606125,-1.1408653140220126,-0.8515048442893322,-0.26077065572928776,0.12321468003314462,-0.5947474586580973,-9.663415391681285e-10,9.45562321686262e-10,-2.280420390331024e-10,1.6838618218212882e-09,-1.5199542819735885e-10,1.7599084326570317e-09,-2.7024454039128554e-10,1.641659320463105e-09,-3.9660542036819247e-10,1.5152984404861982e-09,-4.0153594840617453e-10,1.510367912448216e-09,-6.892705278615149e-10,1.2226333329928756e-09,-6.821745561657722e-10,1.2297293046886184e-09,-1.8532993691179706e-09,5.860449173641995e-11,-1.983535560422669e-09,7.163169956827853e-11,-7.387060437062352e-10,1.1731978171481553e-09,-1.9733444214254175e-09,6.144056057102693e-11,-5.931961078604835e-10,1.318707752993907e-09,-2.0682298229058144e-09,1.5632596205142385e-10,-2.13727574210828e-09,2.253718812538893e-10,-1.8581593786906594e-09,5.374448216373115e-11
-0.4178782120384477,0.2967333293102852,-1.2838452444241093,0.43844450838552423,-1.0084431796876916,0.384885662525687,-0.7120292559319916,-3.0831681014184216e-09,8.392134886874712e-10,-2.280420390331024e-10,2.015912573697848e-09,-1.5199542819735885e-10,2.0919591845335916e-09,8.711711235952903e-10,3.115125736326241e-09,-7.545834274883917e-10,1.4893711852425587e-09,-1.8660050523836412e-10,2.0573541074925865e-09,-1.3559271986176747e-09,8.880274141132757e-10,-1.572562306636952e-09,6.713923060939984e-10,-3.838342553626394e-10,1.860120357368311e-09,-5.140704466673383e-10,1.729884166063612e-09,-1.65820455136198e-09,5.857500613689703e-10,-9.077893867239878e-10,1.3361652260069626e-09,-1.2085558483266956e-09,1.0353987644042547e-09,-1.6049764897726228e-09,6.389781229583276e-10,-1.6935099675622344e-09,5.50444645168716e-10,-1.513927275720843e-09,7.300273370101074e-10
-0.5838707684508266,-0.9357625223945721,-1.3480927711354063,-1.62412267647237,1.1319021297950864,0.15230982553842384,0.8256687318792686,2.976623663449258e-09,8.670145955402678e-10,-2.280420390331024e-10,2.3376511069420926e-09,-1.5199542819735885e-10,2.261604496106349e-09,1.2199771339317576e-09,8.896319339772327e-10,-4.3640892515745167e-10,2.546017993066442e-09,3.140363290928936e-10,1.7955727388160968e-09,1.579744785553842e-09,5.298642823551483e-10,2.1164319910787906e-09,6.822923169800324e-12,1.1111530982020843e-09,9.98455969706906e-10,9.809169068973858e-10,1.1286921610116045e-09,2.3699326960734124e-09,2.6032362816442214e-10,1.5321590530253952e-09,5.774500148835951e-10,9.256776735631876e-10,1.1839313943458027e-09,2.695450727978239e-09,5.858416600692487e-10,2.6613602438368866e-09,5.517511759278963e-10,2.9183092813157045e-09,8.087002134067142e-10
-0.5109417355499787,-1.1214398489995836,0.5246031633544891,-0.48104907877161635,-0.8253090203176324,-0.39375313353694974,0.06290347735672272,-2.5646747228500698e-09,2.514726364485683e-09,-2.280420390331024e-10,1.7809368066871548e-10,-1.5199542819735885e-10,1.0204706983297194e-10,1.0741684389465025e-09,1.1241167973108894e-09,3.1063045991281395e-10,3.605788182772009e-10,9.083340078283653e-10,9.582823661927523e-10,-1.3625049373279648e-10,8.630213536840957e-11,-1.1342702094652077e-10,6.347866258213386e-11,1.3284432500907068e-09,1.3783916084550938e-09,1.1982070587860079e-09,1.2481554171503949e-09,-1.6369103284035714e-10,1.1374267447597024e-10,9.123384311654646e-10,9.622867895298516e-10,-1.9437284590156584e-10,1.4442448753717894e-10,2.388120486120267e-10,2.8876040697641364e-10,1.5266181686825378e-10,2.0261017523264069e-10,8.074981086896987e-11,1.3069816923335677e-10
-0.44464905712556463,-0.45255657573373237,1.5787363260929725,-0.006734460343877909,1.186645682893983,-1.2287692670001291,0.7879767554780575,3.1316147907120153e-09,1.1287200586560752e-09,-2.280420390331024e-10,2.2309367710890425e-09,-1.5199542819735885e-10,2.154890160253299e-09,9.314882217750049e-10,1.0714065102809352e-09,1.452971152499476e-09,5.49923579556464e-10,1.873918041534988e-09,1.289766905209522e-10,3.0789666902564377e-09,1.0760719582004976e-09,3.766208091238345e-09,1.7633133591824046e-09,2.05832259692045e-09,5.542786486450987e-11,1.9280864056157513e-09,7.480832644018882e-11,3.992623117806404e-09,1.989728385750464e-09,2.4961476547639875e-09,4.932529227080474e-10,7.365300336450624e-09,5.362405604394684e-09,3.517875791810635e-09,1.5149810597546949e-09,3.481058404821833e-09,1.4781636727658928e-09,3.3289416777199212e-09,1.3260469456639811e-09
-0.6058801811089081,-1.1498262934315113,-0.9904185720849593,-1.153267296998169,-0.08738304785949721,-0.6901557063477247,0.4116302510655238,-4.754428072465177e-10,1.4128172057040816e-09,-2.280420390331024e-10,1.1654164374906663e-09,-1.5199542819735885e-10,1.0893698266549228e-09,1.2616839687643442e-09,3.2430957030678023e-10,7.161228890289272e-10,2.2125150942863672e-10,1.3998926256842773e-09,4.6251822722671337e-10,1.169488044705621e-09,2.3211364624805708e-10,1.6057570401319178e-09,6.683826416743539e-10,2.479154934000612e-09,1.5417805355430482e-09,2.3489187426959135e-09,1.4115443442383496e-09,1.6133197990817562e-09,6.759454006241923e-10,2.4400160921268825e-09,1.5026416936693186e-09,1.1735951146908861e-09,2.362207162333222e-10,2.349586285577996e-09,1.412211887120432e-09,2.2820195483281338e-09,1.3446451498705698e-09,2.195714777051881e-09,1.258340378594317e-09
3.525494780123134,-0.970623670773011,1.121192571636212,-0.512369379785736,-0.2982806190817114,-0.007441164183103172,-0.7368322358821323,-1.072540555755052e-09,1.2416367883174884e-09,-2.280420390331024e-10,2.086135305039438e-09,-1.5199542819735885e-10,2.1621819158751815e-09,-5.55893236304906e-10,1.7582841077676343e-09,-2.1786218225438067e-10,2.0963151618181595e-09,-4.647025717766102e-09,2.3328483736935614e-09,-4.6407581873876784e-09,2.326580843315138e-09,-2.029629330271858e-09,2.8454801380068217e-10,-1.921325241285911e-09,3.928521027866294e-10,-2.0515614325906096e-09,2.626159114819307e-10,-2.072667193305368e-09,2.4151015076717235e-10,-2.059459073735464e-09,2.5471827033707617e-10,-2.296542279950516e-09,1.7635064122024492e-11,-1.939476855001669e-09,3.747004890708713e-10,-2.004729193058356e-09,3.0944815101418447e-10,-1.8706684981112886e-09,4.435088459612517e-10
0.6876182795086496,0.10988350754985357,0.8234927214206412,-0.44853960200042453,0.42231205254127907,-0.7967327237592748,-0.12735013109713042,9.67616944989635e-10,1.5562154195932659e-09,-2.280420390331024e-10,3.6055643557052853e-10,-1.5199542819735885e-10,4.3660304640627207e-10,-1.7240216468931145e-09,1.1354231722894836e-09,8.619251783557111e-10,1.450523652959342e-09,-9.098473380249508e-11,4.976137408011358e-10,3.864309446320133e-10,9.750294192356442e-10,2.481606017068777e-10,8.367590763105087e-10,-1.4934349783970443e-09,9.048365037934133e-10,-1.6236711697017427e-09,1.0350726950981118e-09,6.526359889183737e-10,1.2412344635220046e-09,-1.318676928667948e-09,7.300784540643171e-10,5.769939469471275e-10,1.1655924215507584e-09,-1.3286189289409856e-09,7.400204543373547e-10,-1.3904908470666088e-09,8.018923724629779e-10,-1.6962985048318829e-09,1.107700030228252e-09
-0.52009753075207,-0.1504385169653049,-0.7414960149200249,1.6105332783740496,1.400443022140594,0.5474943680197624,-0.605309208403765,3.736922424941518e-09,5.678728939282629e-09,-2.280420390331024e-10,1.7137644753080084e-09,-1.5199542819735885e-10,1.789811086143752e-09,1.0931171703312687e-09,3.0349236846723797e-09,-9.770396577462632e-10,9.647668565948476e-10,-2.6245486781612463e-10,1.6793516465249862e-09,1.359571282888314e-09,3.3013777972294245e-09,1.7636217840979692e-09,3.70542829843908e-09,6.71172181871414e-11,2.0089237325282523e-09,-6.311897311755726e-11,1.8786875412235536e-09,2.032448421820066e-09,3.9742549361611765e-09,5.679329353380039e-10,2.5097394496791146e-09,8.226464747402487e-10,2.7644529890813595e-09,1.90380485518434e-09,3.845611369525451e-09,1.8747038433697538e-09,3.816510357710864e-09,1.9544267774216805e-09,3.896233291762791e-09
-0.15745887744499518,1.074007496713074,-0.233508668868402,-0.1575490141697822,0.5908603120685101,-0.7333431689778739,-0.04589787774803724,1.4448144095953402e-09,1.8028035092126392e-09,-2.280420390331024e-10,1.299470605841966e-10,-1.5199542819735885e-10,2.0599367141994014e-10,2.1257253243158646e-10,5.705616320488854e-10,7.752053354570843e-10,1.1331944350743833e-09,8.908834049365142e-10,1.2488725045538131e-09,1.485161001655703e-09,1.843150101273002e-09,1.5844285824278886e-09,1.9424176820451875e-09,-8.218981838689984e-11,2.757992812303991e-10,-2.1242600969159858e-10,1.4556308992570041e-10,1.7974689507455872e-09,2.1554580503628863e-09,1.5610991617561026e-10,5.140990157929092e-10,1.5077476071485711e-09,1.86573670676587e-09,4.5915130972948e-10,8.17140409346779e-10,4.046071325176494e-10,7.625962321349484e-10,7.243772387646054e-11,4.3042682349375953e-10
-0.5134601761141788,1.4888867258003615,-0.9504795130199479,0.9915399081755669,-0.6924689325868124,1.6732761768493318,-1.329098340948076,-2.188575003749113e-09,1.802438900381187e-09,-2.280420390331024e-10,3.762971865097197e-09,-1.5199542819735885e-10,3.839018475932941e-09,1.079398981316336e-09,5.070412885446636e-09,-2.5171612430216496e-09,1.4738526611086504e-09,-1.6848725871407542e-09,2.306141316989546e-09,-2.3697851708626312e-09,1.6212287332676688e-09,-2.9057569605455763e-09,1.0852569435847237e-09,-1.5679658831472874e-09,2.423048020983013e-09,-1.6982020744519856e-09,2.2928118296783146e-09,-2.885982654428251e-09,1.105031249702049e-09,-1.9096225938248852e-09,2.0813913103054148e-09,-2.6664151868009603e-09,1.3245987173293397e-09,-2.5090170359103063e-09,1.4819968682199937e-09,-2.591826475674529e-09,1.3991874284557712e-09,-2.6622258785279313e-09,1.3287880256023688e-09
-0.5258548647153145,-0.7366867012105651,-1.1579267057729894,0.4052351708994996,-1.008335120532636,-0.6372353445509574,-0.08244603878199339,-3.0828621620099425e-09,2.6213971212567037e-09,-2.280420390331024e-10,2.3342300172013664e-10,-1.5199542819735885e-10,3.094696125558802e-10,1.1049379052160343e-09,1.5664029459692734e-09,6.437253863649603e-10,1.1051904271181994e-09,1.2329012019551315e-09,1.6943662427083705e-09,-4.9103236234277374e-11,4.123618045189617e-10,-2.8988771359621543e-12,4.585661636172769e-10,1.7794057473724807e-09,2.24087078812572e-09,1.649169556067782e-09,2.110634596821021e-09,-8.888798727813449e-11,3.725770534751045e-10,1.2555160958145038e-09,1.7169811365677428e-09,2.434464635595503e-10,7.049115043127893e-10,4.325343380015178e-10,8.939993787547569e-10,3.413337928490803e-10,8.027988336023194e-10,2.1318989986560852e-10,6.746549406188475e-10
-0.43655063522089055,-0.9869846753171786,-0.11013295538340927,-1.0160959948968808,-0.25555211047732107,0.7900147479627153,-0.40945387735834216,-9.515666813905772e-10,4.3572999899234295e-10,-2.280420390331024e-10,1.1592546413498178e-09,-1.5199542819735885e-10,1.2353012521855614e-09,9.134036594560683e-10,2.3007003398389885e-09,-1.308818754805625e-09,7.847792557729522e-11,-6.720239437280392e-10,7.152727366548809e-10,-9.322297640355821e-10,4.55066916347338e-10,-1.0751854542958948e-09,3.121112260870254e-10,-8.393766534748691e-10,5.47920026908051e-10,-9.696128447795676e-10,4.1768383560335254e-10,-1.0762293464878243e-09,3.1106733389509583e-10,-9.569219226172118e-10,4.303747577657084e-10,-1.0986093273854065e-09,2.886873529975137e-10,-1.1708842449439455e-09,2.164124354389747e-10,-1.242047929596357e-09,1.4524875078656326e-10,-1.215406622731313e-09,1.7189005765160712e-10
-0.40877033162716925,1.8439836209765488,0.12883069135396244,0.6988696208855222,-0.9436477038704029,0.25675435604046065,-0.5841085113283967,-2.8997177539353913e-09,1.0179351100312511e-09,-2.280420390331024e-10,1.6537406048710378e-09,-1.5199542819735885e-10,1.7297872157067814e-09,8.503024519638273e-10,2.7320850958679672e-09,-5.792938737580844e-10,1.3024887701460557e-09,-3.709665037254759e-11,1.8446859935315925e-09,-1.1433827549720973e-09,7.383998889320428e-10,-1.3143771172794993e-09,5.674055266246409e-10,-2.582743974662181e-10,1.623508246437922e-09,-3.885105887709168e-10,1.4932720551332233e-09,-1.3891141008063512e-09,4.926685430977889e-10,-7.433611411965349e-10,1.1384215027076053e-09,-1.2464163863105395e-09,6.353662575936006e-10,-1.3902841752025703e-09,4.914984687015699e-10,-1.4771144894140224e-09,4.0466815449011776e-10,-1.2876595394397804e-09,5.941231044643597e-10
-0.04031987555793977,-0.9475259338533574,0.45530768617756256,0.07226800725140613,-0.7451305257906015,-0.20843829329186836,-0.4173070054312256,-2.337671641290393e-09,9.281410154718132e-10,-2.280420390331024e-10,1.1814885867854776e-09,-1.5199542819735885e-10,1.2575351976212212e-09,-1.1397902051016877e-10,1.2955516053084111e-09,5.711118708850312e-11,1.466641812907083e-09,8.442002326127386e-11,1.4939506490798538e-09,-8.019829415277135e-10,6.075476842908665e-10,-8.059878981560254e-10,6.035427276625546e-10,-1.225251901390531e-09,1.8427872442804898e-10,-1.3554880926952297e-09,5.4042533123350294e-11,-8.112744906535033e-10,5.982561351650767e-10,-1.5960517715110645e-09,1.8652114569248451e-10,-8.08277056121262e-10,6.01253569697318e-10,-1.8448231456708756e-09,4.3529251985229564e-10,-1.921801950853329e-09,5.12271325034749e-10,-1.2898811644019255e-09,1.196494614166545e-10
0.7470597234041464,2.1238775470250957,-0.18497218290867792,0.22636693292870838,1.2149730097187392,0.47527588339950294,-0.9891017896672265,3.2118157288750513e-09,6.2402240700586015e-09,-2.280420390331024e-10,2.800366302150448e-09,-1.5199542819735885e-10,2.8764129129861914e-09,-1.7790085391235645e-09,1.2493998020599858e-09,-8.782414304635034e-10,2.150166910720047e-09,-1.7634026918457335e-09,1.2650056493378167e-09,-2.365551956513738e-10,2.7918531455321764e-09,-2.3451771397138e-10,2.79389062721217e-09,-3.3101452811632e-09,2.817369399796496e-10,-3.4403814724678985e-09,4.119731312843483e-10,-4.695256753310081e-10,2.5588826658525423e-09,-2.8637297065111293e-09,1.6467863467242088e-10,-5.216127765753973e-10,2.506795564608153e-09,-2.8738075872950084e-09,1.5460075388854183e-10,-2.9301255277784574e-09,9.828281340509282e-11,-3.990237308310764e-09,9.618289671272137e-10
1.2751739958073496,1.5240953659429557,0.11905232784032335,-0.7081122585046798,-0.38539128091310415,2.8746847658984884,-2.532526961285072,-1.319170138775751e-09,6.079016809262341e-09,-2.280420390331024e-10,7.170144909004989e-09,-1.5199542819735885e-10,7.2461915198407325e-09,-1.7949104572916636e-09,5.603276490746428e-09,-4.1607437616036055e-09,3.2374431864344862e-09,-5.440628354925631e-09,1.9575585931124608e-09,-5.472019601647287e-09,1.9261673463908048e-09,-3.654766005153161e-09,3.743420942884931e-09,-6.6998014963786405e-09,6.983854516594512e-10,-6.83003768768334e-09,5.681492603547521e-10,-5.621074674459728e-09,1.7771122735783633e-09,-6.8807728455109455e-09,5.174141025271462e-10,-5.33573173903975e-09,2.062455208998342e-09,-6.828427918492584e-09,5.69759029545508e-10,-6.8951921605968015e-09,5.029947874412902e-10,-6.4805277773730355e-09,9.176591706650562e-10
-0.32901981070037306,1.4559545058956185,-1.4535286483016159,1.1469898403579872,1.9778591107221941,0.4038999300151258,-0.8004377154295181,5.371715298309432e-09,7.865973846781111e-09,-2.280420390331024e-10,2.2662165094385777e-09,-1.5199542819735885e-10,2.342263120274321e-09,6.602707897497246e-10,3.1545293382214043e-09,-7.80595824881036e-10,1.713662723590644e-09,-3.22098031703088e-10,2.172160516768592e-09,1.9723171560035135e-09,4.4665757044751935e-09,2.2861791923444734e-09,4.780437740816153e-09,-9.13012109016237e-10,1.581246439455443e-09,-1.0432483003209355e-09,1.4510102481507445e-09,2.4954691966180332e-09,4.989727745089713e-09,-2.617303376531687e-10,2.2325282108185114e-09,8.837157518117845e-10,3.3779743002834647e-09,1.2343328033448542e-09,3.728591351816534e-09,1.2112345536070668e-09,3.705493102078747e-09,4.97567098608467e-10,2.991825647080147e-09
0.40185601745072236,-0.672423646266504,-1.2944975839799044,-1.4053382253994757,0.07660420532199975,-0.41406093929181176,-0.25284265135130407,-1.1158562097007478e-11,9.327370402268695e-10,-2.280420390331024e-10,7.158535632907746e-10,-1.5199542819735885e-10,7.919001741265181e-10,-1.2692259513910741e-09,3.2533034906719717e-10,3.384124774825947e-10,1.2823080798064716e-09,-2.1271158750967532e-10,7.311840148142016e-10,-1.2535463132191543e-10,8.185409710019615e-10,-1.405483478230837e-10,8.033472545007932e-10,-1.8154238766775892e-09,8.715282743537123e-10,-1.945660067982288e-09,1.001764465658411e-09,2.030267350979292e-11,9.641982758336697e-10,-1.7819834087696995e-09,8.380878064458226e-10,1.3202338323069532e-10,1.0759189855545721e-09,-1.781718499972778e-09,8.37822897648901e-10,-1.8460529921093227e-09,9.021573897854458e-10,-1.8262741986638293e-09,8.823785963399524e-10
-0.08779897690780443,1.6278539515760244,1.2252630536918723,-0.4356487805232378,0.6944743866493667,-0.8408124256987141,0.08920368400394747,1.7381688104425518e-09,1.7136554569751764e-09,-2.280420390331024e-10,2.525553925004778e-10,-1.5199542819735885e-10,1.7650878166473426e-10,1.9609120129547812e-11,4.904233337827604e-12,9.222282494277303e-10,8.977148959603548e-10,9.38375270075217e-10,9.138619166078416e-10,1.6486847965485488e-09,1.6241714430811733e-09,1.6994156858505534e-09,1.674902332383178e-09,-1.810982434400368e-10,2.056115969074122e-10,-3.113344347447355e-10,3.358477882121109e-10,1.962467274602502e-09,1.9379539211351267e-09,9.463008627351748e-11,7.011673280614206e-11,2.4042787113289675e-09,2.379765357861592e-09,4.138669314604892e-10,3.8935357799311376e-10,3.6034073135758455e-10,3.3582737789020914e-10,-8.469520251055256e-11,1.0920855597792797e-10
-0.5403036431222973,-0.542098707526177,-1.4512213412380977,0.521778500267168,1.1598670068895844,-0.5940426827819584,0.19443086404091295,3.055798426125159e-09,2.733363612880649e-09,-2.280420390331024e-10,5.504768522776124e-10,-1.5199542819735885e-10,4.744302414418689e-10,1.13428177462071e-09,8.118469613762e-10,5.846358272743807e-10,2.622010140298707e-10,1.1967963652168163e-09,8.743615519723062e-10,2.424690032619964e-09,2.102255219375454e-09,3.1346268014518606e-09,2.8121919882073507e-09,1.8253851525344154e-09,1.5029503392899053e-09,1.6951489612297167e-09,1.3727141479852066e-09,3.3354134896492566e-09,3.0129786764047467e-09,2.255018923569247e-09,1.9325841103247373e-09,1.87788944541075e-09,1.55545463216624e-09,3.3878192689949874e-09,3.0653844557504775e-09,3.353139915425924e-09,3.030705102181414e-09,3.475713020861101e-09,3.153278207616591e-09
-0.6049016754022369,-0.6837712612389572,-1.1928650614746417,-0.06880549685677827,-1.0863858222656477,0.08241645786903895,-0.31738914092858933,-3.3038409907570395e-09,2.1771999761585093e-09,-2.280420390331024e-10,8.985989755654281e-10,-1.5199542819735885e-10,9.746455864011716e-10,1.259852247642296e-09,2.3864932622408262e-09,-3.407915654071445e-10,7.858494491913858e-10,4.2824518700496137e-10,1.5548862016034917e-09,-8.800638880983257e-10,2.4657712650020465e-10,-1.0831580963327566e-09,4.348291826577378e-11,1.3817203815290553e-09,2.5083613961275856e-09,1.2514841902243562e-09,2.3781252048228865e-09,-1.144540547599757e-09,1.7899533001226624e-11,8.09952646865034e-10,1.936593661463564e-09,-7.423438060533244e-10,3.84297208545206e-10,-1.9623659500334322e-10,9.304044195951872e-10,-2.9176754374906705e-10,8.348734708494634e-10,-7.164216026659152e-10,4.102194119326152e-10
0.30258964165419916,-0.9673968311074148,1.073952313548555,1.0322584844555287,-0.812453758457383,0.30831168950140736,-0.8562957249803654,-2.5282786284391257e-09,1.2412632041872442e-10,-2.280420390331024e-10,2.4243629098247478e-09,-1.5199542819735885e-10,2.5004095206604913e-09,-1.0433478118990765e-09,1.6090571369587736e-09,-6.498266906144864e-10,2.0025782582433637e-09,-9.953876529434123e-10,1.6570172959144378e-09,-1.8738260825635897e-09,7.785788662942604e-10,-1.6804847428181934e-09,9.719202060396567e-10,-2.7057102343489266e-09,5.3305285491076534e-11,-2.8359464256536253e-09,1.8354147679577522e-10,-1.8741593502796845e-09,7.782455985781656e-10,-3.1144743392178e-09,4.6206939035994993e-10,-2.2017366769875893e-09,4.5066827187026074e-10,-3.1930294122462815e-09,5.406244633884314e-10,-3.267325617838398e-09,6.149206689805479e-10,-2.3994714881423285e-09,2.5293346071552155e-10
-0.5765851038996165,-0.9052854630198583,-0.47245590111472785,1.0091303221545531,-0.5820676959762323,-0.8110109196533738,0.2365820511786283,-1.8760046434993133e-09,2.3177788061305112e-09,-2.280420390331024e-10,6.698162016643003e-10,-1.5199542819735885e-10,5.937695908285568e-10,1.205937219286068e-09,7.6416305665487e-10,8.814584107483668e-10,4.3968424811716884e-10,1.5149001813392424e-09,1.0731260187080444e-09,7.033669100142452e-10,2.6159274738304727e-10,9.752359770011288e-10,5.334618143699308e-10,2.411154511547776e-09,1.969380348916578e-09,2.2809183202430773e-09,1.8391441576118794e-09,9.145335203347506e-10,4.727593577035526e-10,2.129055552619228e-09,1.68728138998803e-09,8.722544029510941e-10,4.304802403198962e-10,1.593559461932851e-09,1.151785299301653e-09,1.5126015973709725e-09,1.0708274347397745e-09,1.3213683963458513e-09,8.795942337146534e-10
0.040366053710195506,2.1941116489886165,0.2668110911539939,0.7309760900644158,-0.26598682985253946,-1.2209594207202425,0.1401237914285351,-9.811096837549638e-10,1.1497891426963477e-09,-2.280420390331024e-10,3.9672149797448636e-10,-1.5199542819735885e-10,3.206748871387428e-10,-3.422329832645508e-10,5.109124422059347e-10,1.4422869215596982e-09,1.2736074626183143e-09,1.254886702132156e-09,1.0862072431907721e-09,8.294908675108129e-10,6.60811408569429e-10,8.026691910082612e-10,6.339897320668773e-10,-2.6264538289090826e-11,1.949439972304748e-10,-1.5650072959378962e-10,3.251801885351736e-10,1.1365332335098679e-09,9.67853774568484e-10,-1.4881232611720163e-10,3.174917850585856e-10,1.1005670097073586e-09,9.318875507659746e-10,-2.2483254629910186e-10,3.9351200524048586e-10,-2.9385632497607233e-10,4.625357839174563e-10,-2.6836166418542124e-12,1.713630755832382e-10
0.0038774482768750475,-1.0387849084657732,-0.9029781802596846,1.5462208322754423,-1.2198932193828034,-0.29251767632704484,-0.47566954151222174,-3.6818300105731755e-09,2.1070621148834655e-09,-2.280420390331024e-10,1.3467258566566076e-09,-1.5199542819735885e-10,1.4227724674923512e-09,-2.3901987152354515e-10,1.3357480241661648e-09,1.7213567200511469e-10,1.7469035676948247e-09,1.345153850494342e-10,1.7092832807391442e-09,-1.3048227558126442e-09,2.699451398770658e-10,-1.292980062204506e-09,2.817878334852039e-10,-1.2364909924210861e-09,3.382769032686239e-10,-1.3667271837257846e-09,2.080407119639254e-10,-1.3100900706915133e-09,2.6467782499819663e-10,-1.8929192225506664e-09,3.181513268609564e-10,-7.628272368854721e-10,8.119406588042379e-10,-2.2009404699419984e-09,6.261725742522884e-10,-2.284636844485963e-09,7.098689487962531e-10,-1.2363873804417471e-09,3.3838051524796284e-10
-0.5851016662455537,2.224132941149453,0.2848080148389107,0.49237028163179225,-0.4904532896099461,2.4605532305615867,-0.4686246091188418,-1.6166239618952687e-09,6.180183061670866e-11,-2.280420390331024e-10,1.3267800922454577e-09,-1.5199542819735885e-10,1.4028267030812012e-09,1.2223376419431515e-09,2.7771597732217113e-09,-3.5941926664329446e-09,2.0393705351543843e-09,-2.5837735763287217e-09,1.0289514450501617e-09,-2.963668928990282e-09,1.408846797711722e-09,-3.778123337413617e-09,2.2233012061350567e-09,-2.1334442658139725e-09,5.786221345354125e-10,-2.263680457118671e-09,7.088583258401112e-10,-3.5663543176057927e-09,2.011532186327233e-09,-2.3676608173999985e-09,8.128386861214384e-10,-3.445151607906048e-09,1.890329476627488e-09,-2.865617872315156e-09,1.3107957410365958e-09,-2.9441967933950696e-09,1.3893746621165095e-09,-3.1286679408822262e-09,1.5738458096036662e-09
-0.5882683285737583,1.2074922787412092,1.0003309269252196,1.1046345921339116,0.24149349158093467,-0.8000227259948234,1.8254113104740928,4.5567953854025006e-10,4.4844222624410905e-09,-2.280420390331024e-10,5.1681438400144434e-09,-1.5199542819735885e-10,5.0920972291787e-09,1.228395116845696e-09,3.711706684135645e-09,8.664260535864457e-10,4.0736757473948946e-09,1.5157732012102862e-09,3.4243285997710545e-09,1.656430374083966e-09,3.2836714268973746e-09,2.2215891703796703e-09,2.7185126306016704e-09,2.4893770243524365e-09,2.450724776628904e-09,2.359140833047738e-09,2.580960967933603e-09,2.2723497615629678e-09,2.667752039418373e-09,2.592131101952529e-09,2.3479706990288117e-09,2.7961208840162827e-09,2.143980916965058e-09,2.82941141524555e-09,2.1106903857357906e-09,2.7709422951260246e-09,2.169159505855316e-09,2.788934171432639e-09,2.1511676295487015e-09
1.9098361312707577,-0.9800022796821741,-0.6037610548148467,1.2363023940174174,-1.032248977260968,-0.7822522870133638,-0.26433931613558587,-3.1505675885252507e-09,2.1741223811098148e-09,-2.280420390331024e-10,7.484031683823336e-10,-1.5199542819735885e-10,8.244497792180772e-10,-1.3447306019319735e-09,3.682853945165376e-10,8.421152711235286e-10,1.8185604785389646e-09,-1.6443861736420424e-09,6.679409662266064e-10,-2.7253938385161476e-09,1.7489486311007116e-09,-1.6235894877074904e-09,6.471442802920545e-10,-1.3358819907865333e-09,3.5943678337109733e-10,-1.466118182091232e-09,4.89672974675796e-10,-1.0912831509296196e-09,1.1483794351418369e-10,-1.874316725749918e-09,8.978715183344818e-10,-7.27695025257865e-10,2.4875018215757094e-10,-1.458677377740645e-09,4.82232170325209e-10,-1.5261328074288731e-09,5.496876000134372e-10,-8.306724693349869e-10,1.4577273808044902e-10
-0.6057394929967825,-0.5700046043918664,-1.3795053848235226,0.12917524344082332,-0.992919771166264,-0.7966329466717837,0.006350628713693117,-3.0392178926815166e-09,2.8291558905193196e-09,-2.280420390331024e-10,1.79800368709054e-11,-1.5199542819735885e-10,5.806657396483814e-11,1.2614207352335022e-09,1.4714827373956992e-09,8.617886786850329e-10,1.07185068084723e-09,1.533460655048069e-09,1.743522657210266e-09,2.453961587291249e-10,4.5545816089132187e-10,3.931432150367832e-10,6.032052171989802e-10,2.62811007789015e-09,2.838172080052347e-09,2.4978738865854513e-09,2.7079358887476483e-09,2.598659863595276e-10,4.699279885217246e-10,2.1135388694859075e-09,2.3236008716481045e-09,5.519938313041172e-10,7.620558334663142e-10,1.1936120488883578e-09,1.4036740510505548e-09,1.1006743396768863e-09,1.3107363418390833e-09,7.046910439474323e-10,9.147530461096293e-10
-0.5992818543267998,0.5611648318232728,0.7853045750507137,-1.2218990872962612,0.07147339744325734,-0.7101927109404286,1.7185605605992351,-2.568501593273686e-11,4.663268671223807e-09,-2.280420390331024e-10,4.865625694324173e-09,-1.5199542819735885e-10,4.7895790834884295e-09,1.2492916876320104e-09,3.38829196765906e-09,7.435344380835068e-10,3.894049217207564e-09,1.4167727828370002e-09,3.22081087245407e-09,1.3687078785105312e-09,3.2688757767805392e-09,1.8597850979641017e-09,2.7777985573269686e-09,2.4527136663460545e-09,2.1848699889450158e-09,2.3224774750413558e-09,2.3151061802497145e-09,1.8904328433396907e-09,2.7471508119513795e-09,2.483939347262212e-09,2.1536443080288584e-09,2.0785500269522708e-09,2.5590336283387995e-09,2.5518617986352894e-09,2.085721856655781e-09,2.4887333537060783e-09,2.148850301584992e-09,2.457394814994294e-09,2.180188840296776e-09
-0.4347500676629765,0.2810919825012052,-0.861131317509108,1.0741541509387755,1.1536600519812281,-0.2979491352559169,-0.24131554385971254,3.0382251616281083e-09,3.949484968811447e-09,-2.280420390331024e-10,6.832177681502368e-10,-1.5199542819735885e-10,7.592643789859804e-10,9.093636701010774e-10,1.8206234772844166e-09,1.7956615904113222e-10,1.0908259662244715e-09,6.922923766929995e-10,1.6035521838763386e-09,1.953100238629181e-09,2.8643600458125204e-09,2.3935702434273805e-09,3.30483005061072e-09,6.832817798825701e-10,1.5945415870659093e-09,5.530455885778715e-10,1.4643053957612106e-09,2.5931626264604413e-09,3.5044224336437807e-09,1.111007083269927e-09,2.022266890453266e-09,1.5704932220859585e-09,2.4817530292692977e-09,2.077841439306397e-09,2.989101246489736e-09,2.039966349589657e-09,2.9512261567729958e-09,1.866751987726551e-09,2.77801179490989e-09
-0.5377514848483487,-0.3697815654698044,0.9556565771272164,0.17527672826191285,0.8578047787316899,0.68590143068331,0.1412350247366153,2.2005933362926577e-09,2.028767729662246e-09,-2.280420390331024e-10,3.998676456635144e-10,-1.5199542819735885e-10,3.2382103482777085e-10,1.1291320959648482e-09,9.573064893344362e-10,-1.1663869212131605e-09,1.3382125278435726e-09,-4.1413135549024863e-10,5.859569621206606e-10,5.925111798501022e-10,4.206855732196902e-10,8.107390469196029e-10,6.389134402891909e-10,1.6656108632077838e-12,1.7015999576720422e-10,-1.2857058044149088e-10,3.0039618707190285e-10,1.0275109158755797e-09,8.556853092451677e-10,3.339809637793691e-10,1.621553571489571e-10,1.8516042979954827e-09,1.6797786913650706e-09,1.1385510918965006e-09,9.667254852660886e-10,1.0958872475519102e-09,9.240616409214981e-10,1.1713902718846293e-09,9.995646652542172e-10
-0.5833325660450683,0.7741588086016122,0.6233514068851227,-1.23230421776647,0.07734071256786132,-1.063997688938597,1.6857949745230865,-9.073346910717848e-12,4.553890368801269e-09,-2.280420390331024e-10,4.772859060923654e-09,-1.5199542819735885e-10,4.696812450087911e-09,1.2189439718774115e-09,3.32587305001314e-09,1.2275560125299584e-09,3.317261009360593e-09,1.8411491402237787e-09,2.7036678816667728e-09,1.7661447801592613e-09,2.77867224173129e-09,2.357432530804594e-09,2.1873844910859573e-09,2.8217585075417327e-09,1.7230585143488188e-09,2.691522316237034e-09,1.8532947056535174e-09,2.3660046427505487e-09,2.1788123791400028e-09,2.855516607244955e-09,1.6893004146455964e-09,2.394155258349214e-09,2.1506617635413373e-09,2.9315682486868436e-09,1.6132487732037078e-09,2.8685690698073152e-09,1.6762479520832362e-09,2.840126108770598e-09,1.7046909131199536e-09
-0.44942525155074114,-0.9664201608222676,1.0646088661593003,-0.3630117617831025,-1.0958297152945142,1.1727693125671759,-0.6916905633512175,-3.3305787442172257e-09,1.1442074762218654e-09,-2.280420390331024e-10,1.958329228962258e-09,-1.5199542819735885e-10,2.0343758397980015e-09,9.420876953122995e-10,3.12845896330766e-09,-1.8324447027349846e-09,3.539265652603757e-10,-1.1366255766054753e-09,1.049745691389885e-09,-2.33149970417253e-09,1.4512843617716988e-10,-2.7746264688561376e-09,5.882552008607773e-10,-1.2971254750208045e-09,8.892457929745558e-10,-1.4273616663255032e-09,7.590096016698571e-10,-2.8768509014531755e-09,6.904796334578152e-10,-1.8747661229028198e-09,3.1160514509254053e-10,-3.2463250307385973e-09,1.059953762743237e-09,-2.6736320358975415e-09,4.872607679021812e-10,-2.765010063408271e-09,5.786387954129109e-10,-2.6591946966050573e-09,4.72823428609697e-10
-0.6008282618464345,1.599728698533232,-0.9540469197587564,0.327082539693528,3.40382350421088,0.47064545203971136,1.9787158940861456,9.408936418832932e-09,4.0347953769997115e-09,-2.280420390331024e-10,5.602183080866323e-09,-1.5199542819735885e-10,5.5261364700305795e-09,1.2522045214886167e-09,4.121936520344603e-09,-8.719067861919236e-10,6.246047828025144e-09,-6.452102014328745e-11,5.438662061976508e-09,3.858226555353694e-09,1.5159144864795263e-09,5.119366039879941e-09,2.5477500195327936e-10,8.005582389102702e-10,4.57358280292295e-09,6.703220476055715e-10,4.703818994227649e-09,5.737357850691375e-09,3.632168088581549e-10,1.7252158724550456e-09,3.6489251693781748e-09,2.72140103341413e-09,2.6527400084190903e-09,5.669550322468571e-09,2.954092806353504e-10,5.699333283183474e-09,3.251922413502539e-10,6.7534767636933786e-09,1.3793357218601583e-09
2.004693151251396,-1.162657795392409,1.3635529513757583,-1.5786004534791593,-0.6492296949418204,-0.05714912579108695,-0.5118472548213637,-2.0661551423186237e-09,3.889601250746538e-10,-2.280420390331024e-10,1.4491529782108676e-09,-1.5199542819735885e-10,1.5251995890466112e-09,-1.2753943637110483e-09,4.018006535329217e-10,-1.4985939163184559e-10,1.5273356256121245e-09,-2.6743280260144254e-09,9.971330087704554e-10,-3.23061587664038e-09,1.55342085939641e-09,-1.8703599896996506e-09,1.9316497245568065e-10,-2.3219431563597745e-09,6.447481391158046e-10,-2.4521793476644732e-09,7.749843304205033e-10,-1.8883525933350365e-09,2.111575760910665e-10,-2.6400280075859347e-09,9.628329903419647e-10,-2.3311840921781494e-09,6.539890749341794e-10,-2.401452750375874e-09,7.242577331319041e-10,-2.467907868840717e-09,7.90712851596747e-10,-2.0168302515223354e-09,3.396352342783654e-10
-0.6036939996112186,-0.17957386783007218,1.031855530798452,0.9239443098043234,-0.1866627651408145,0.04777491413501241,0.9991899895883185,-7.565256823014314e-10,3.3574118744371115e-09,-2.280420390331024e-10,2.8289282311687825e-09,-1.5199542819735885e-10,2.752881620333039e-09,1.2575886478915278e-09,1.3432975442441524e-09,-2.934003313033498e-10,2.89428652343903e-09,4.702410554271059e-10,2.1306451367085745e-09,1.9891829181870775e-10,2.4019679003169726e-09,3.315475285078954e-10,2.269338663627785e-09,1.4205250458738878e-09,1.1803611462617923e-09,1.2902888545691895e-09,1.3105973375664906e-09,3.9609099432721126e-10,2.2047951978084687e-09,1.335598798157352e-09,1.265287393978328e-09,7.174073268418958e-10,1.8834788652937844e-09,1.1399655161294354e-09,1.4609206760062447e-09,1.0696281923129756e-09,1.5312579998227045e-09,9.513762868678915e-10,1.6495099052677887e-09
-0.17994103866021,0.2279867966476407,1.0169568908801452,0.3826949951437342,0.04708409148175043,-0.3373469187006979,-0.2838226243045435,-9.473654456298987e-11,9.3687022480768e-10,-2.280420390331024e-10,8.035647303375677e-10,-1.5199542819735885e-10,8.796113411733112e-10,2.737532601193456e-10,1.3053600294900157e-09,2.334641490596389e-10,1.265070918430309e-09,4.2171697271868135e-10,1.4533237420893513e-09,4.2452492712880325e-10,1.4561316964994733e-09,4.691083370159857e-10,1.5007151063866558e-09,-5.524586935353046e-10,4.791480758353654e-10,-6.826948848400034e-10,3.489118845306666e-10,5.527030339130534e-10,1.5843098032837234e-09,-5.318098359536051e-10,4.99796933417065e-10,6.320087737079629e-10,1.663615543078633e-09,-5.15598188749878e-10,5.160085806207921e-10,-5.798545186906587e-10,4.5175225068001134e-10,-5.66969399783964e-10,4.6463736958670606e-10
-0.1411052784408602,-0.5938604542350326,-0.5230931574397305,-0.2076157525083511,-0.8580318024570872,-0.5706633888007465,-0.18883697543620506,-2.6573201688225918e-09,1.8946388154783968e-09,-2.280420390331024e-10,5.346393143110926e-10,-1.5199542819735885e-10,6.106859251468362e-10,1.6769748937224554e-10,9.303788427164405e-10,5.526518717453796e-10,1.3153332250895746e-09,6.660017894415727e-10,1.4286831427857677e-09,-3.971618432555547e-10,3.6551951008864024e-10,-4.0570576248675553e-10,3.5697559085743944e-10,-3.7334154955326457e-10,3.893398037909304e-10,-5.035777408579633e-10,2.5910361248623166e-10,-3.5363215337217166e-10,4.090491999720233e-10,-8.082659689474559e-10,4.55846156032609e-11,-8.690041178100381e-11,6.757809415631912e-10,-1.1558879457831344e-09,3.932065924389394e-10,-1.236112137561449e-09,4.73430784217254e-10,-6.236219373046199e-10,1.3905941603957507e-10
-0.5178505540767642,0.5453862086623866,-1.1210410044957366,1.299114991927924,-0.48401665239506214,1.3289832172986498,-1.1368352108998072,-1.5984004159022999e-09,1.8482739711452501e-09,-2.280420390331024e-10,3.2186323480144477e-09,-1.5199542819735885e-10,3.294678958850191e-09,1.0884839488022408e-09,4.535158335849791e-09,-2.046152549770838e-09,1.4005218372767121e-09,-1.2468957551402653e-09,2.199778631907285e-09,-1.7255854793079877e-09,1.7210889077395623e-09,-2.1045527673900573e-09,1.3421216196574927e-09,-1.05097885909583e-09,2.39569552795172e-09,-1.1812150504005292e-09,2.265459336647021e-09,-2.0615754599608908e-09,1.3850989270866592e-09,-1.2818826895580255e-09,2.1647916974895247e-09,-2.0123763736998624e-09,1.4342980133476875e-09,-1.7167631052856803e-09,1.7299112817618697e-09,-1.794301371412752e-09,1.652373015634798e-09,-1.8593342841448015e-09,1.5873401029027485e-09
-0.3484852217713267,-1.1176622914517604,0.651414199393534,-0.5931420893810784,-0.31000393458798187,0.38911527485887687,-0.42783106731398257,-1.1057318592550516e-09,3.335947173605984e-10,-2.280420390331024e-10,1.2112845375825476e-09,-1.5199542819735885e-10,1.2873311484182912e-09,7.078334766732583e-10,2.147160053288908e-09,-7.603697327924943e-10,6.789568438231557e-10,-2.7907694670092236e-10,1.1602496299147276e-09,-6.334699088928723e-10,8.058566677227777e-10,-6.955472989974498e-10,7.437792776182002e-10,-7.886348478433674e-10,6.506917287722826e-10,-9.188710391480658e-10,5.204555374675841e-10,-7.249919712943028e-10,7.143346053213471e-10,-9.324658707061415e-10,5.068607059095084e-10,-6.983182584917824e-10,7.410083181238676e-10,-1.1500916437328868e-09,2.892349328827632e-10,-1.221925265308997e-09,2.174013113066529e-10,-1.1083174775794936e-09,3.3100909903615633e-10
-0.5957265207400624,1.2600473892563546,-0.27389030111348056,-0.25128735527600216,-0.5902561705470482,0.10378858312235884,0.1377455349816625,-1.8991880291666706e-09,2.0611341172039997e-09,-2.280420390331024e-10,3.8998812707043135e-10,-1.5199542819735885e-10,3.139415162346878e-10,1.2425749808881288e-09,1.0806288928507999e-09,-3.7002962127879535e-10,5.319757093161243e-10,3.8987512613816893e-10,2.2792903810083997e-10,-3.417245488467466e-10,5.036706368840755e-10,-3.764056987335292e-10,5.383517867708581e-10,1.2758147443374752e-09,1.1138686563001463e-09,1.1455785530327765e-09,9.836324649954476e-10,-3.6637377569842634e-10,5.283198637357554e-10,9.893687704383844e-10,8.274226824010555e-10,-3.633475893949239e-10,5.252936774322529e-10,4.204069454160104e-10,2.5846085737868145e-10,3.389158260166368e-10,1.7696973797930782e-10,1.0339276040789065e-10,5.855332762943831e-11
-0.6057316533675686,-0.553271207212965,-0.15823726170936395,-0.6128667587764959,0.21543642276216746,-0.7737118081667883,1.1057546109560548,3.819062037680618e-10,2.5206880408624283e-09,-2.280420390331024e-10,3.1306362836635923e-09,-1.5199542819735885e-10,3.0545896728278487e-09,1.2614060656781517e-09,1.6411881789523383e-09,8.304315010385654e-10,2.0721627435919245e-09,1.5046598489187904e-09,1.3979343957116996e-09,1.6160711299700458e-09,1.2865231146604442e-09,2.191558028324642e-09,7.11036216305848e-10,2.5957271421755017e-09,3.068671024549882e-10,2.465490950870803e-09,4.371032937596869e-10,2.234696686299526e-09,6.678975583309638e-10,2.6877645903264785e-09,2.1482965430401146e-10,1.8137827587339515e-09,1.0888114858965385e-09,2.903909128997283e-09,1.3148843667932562e-12,2.8448270809857654e-09,5.776716364472452e-11,2.8621935848291138e-09,4.040065980137618e-11
-0.5969048625697687,-0.8153910227981717,-1.362948303651566,1.2142390782349834,0.7150023845740743,-0.12188079844967695,0.41477931543610563,1.796288120547436e-09,8.499980231812221e-10,-2.280420390331024e-10,1.1743321363993163e-09,-1.5199542819735885e-10,1.0982855255635728e-09,1.244804158120807e-09,2.9851406075459296e-10,-6.130346940023342e-11,1.0075935667664474e-09,6.748157486255789e-10,2.7147434874063513e-10,1.429805327701071e-09,4.83515230334857e-10,1.9369249091811517e-09,9.906348118149377e-10,1.6036650006611621e-09,6.573749032949481e-10,1.4734288093564638e-09,5.271387119902498e-10,2.113193746541917e-09,1.166903649175703e-09,1.886665537743213e-09,9.403754403769991e-10,9.786233035575033e-10,3.2333206191289325e-11,2.615973955473158e-09,1.669683858106944e-09,2.570712583547915e-09,1.624422486181701e-09,2.7409106813243914e-09,1.7946205839581774e-09
1.08155837705884,-0.32562469282897927,1.2888373883667423,1.2563555402433215,1.157372003304119,-1.1767457950673423,0.015541685618032583,3.0487345182064073e-09,3.2327746019928233e-09,-2.280420390331024e-10,4.400195524668638e-11,-1.5199542819735885e-10,3.204465558905716e-11,-1.867549973153161e-09,1.683509889366745e-09,1.3818006366532896e-09,1.5658407204397056e-09,-1.0847829938614024e-10,7.556178440027577e-11,1.220255946630194e-09,1.40429603041661e-09,7.699269792832518e-10,9.539670630696678e-10,-1.0171064446987038e-09,8.330663609122878e-10,-1.1473426360034023e-09,9.633025522169863e-10,1.5060725340715307e-09,1.6901126178579467e-09,-5.88239372426601e-10,4.04199288640185e-10,1.4594527056202286e-09,1.6434927894066446e-09,-7.062340642774827e-10,5.221939804910667e-10,-7.653525121823838e-10,5.813124283959678e-10,-1.6679829316686978e-09,1.4839428478822818e-09
-0.6075974799867592,-0.7370467479380441,-0.5926575523115382,0.8333477617875177,-0.1512896279642232,0.26790488563193043,0.38935664807336523,-6.563764940323468e-10,1.530689387700092e-09,-2.280420390331024e-10,1.1023549327008473e-09,-1.5199542819735885e-10,1.0263083218651038e-09,1.2648936277818678e-09,3.9058073411412283e-10,-5.945483139847647e-10,1.4688612076525097e-09,1.9864163157359523e-10,6.756712620941498e-10,-1.0197175089996248e-11,8.845100687577413e-10,5.807107791906891e-11,8.162418157486761e-10,1.142669735814589e-09,2.6835684214684396e-10,1.0124335445098903e-09,1.3812065084214528e-10,1.5044152088958808e-10,7.238713727781569e-10,1.0742210170755931e-09,1.9990812340784814e-10,-1.3017959583986632e-10,1.0044924895076113e-09,9.09683734699308e-10,3.5370841031562954e-11,8.403189251552613e-10,3.39939685124837e-11,7.307014109099775e-10,1.436114827577675e-10
-0.580780008591364,-0.6140761887558094,-0.7521693078753395,0.7766494777996343,-0.5418808836561115,6.6985796698509175,-3.6404770993249724,-1.762226874428677e-09,8.772812380866624e-09,-2.280420390331024e-10,1.0306997216262199e-08,-1.5199542819735885e-10,1.0383043827097942e-08,1.2140352883315256e-09,1.1749074543626826e-08,-9.392008856857292e-09,1.1430303984380088e-09,-7.912534603436666e-09,2.622504651858635e-09,-7.928436730292299e-09,2.606602525003002e-09,-1.0198172376703082e-08,3.368668785922189e-10,-8.143536836614061e-09,2.39150241868124e-09,-8.273773027918759e-09,2.2612662273765416e-09,-9.67546808720941e-09,8.59571168085891e-10,-8.404462769970821e-09,2.1305764853244792e-09,-9.326461097960967e-09,1.208578157334334e-09,-8.993068214831466e-09,1.5419710404638348e-09,-9.07299446707942e-09,1.4620447882158803e-09,-9.262770807994434e-09,1.2722684473008668e-09
-0.6076731052445711,2.2948432695014134,-0.4345291984158539,0.5150635386705921,0.10766629344063651,0.7595376452120535,1.0518474838049938,7.678509117564859e-11,2.6731861333606614e-09,-2.280420390331024e-10,2.9780132635694123e-09,-1.5199542819735885e-10,2.9019666527336688e-09,1.2650348246846097e-09,1.4849363998517003e-09,-1.267124668585001e-09,4.017095893121311e-09,-4.1879721128345036e-10,3.16876843581976e-09,-2.7914718448608136e-10,3.0291184090223914e-09,-2.951652446995443e-10,3.045136469235854e-09,4.501249520883906e-10,2.2998462724479192e-09,3.1988876078369224e-10,2.430082463752618e-09,-1.1677176694870544e-10,2.8667429914850153e-09,4.968980526639647e-10,2.253073171872345e-09,-4.940314717004056e-10,3.2440026962367157e-09,5.85797635066973e-10,2.164173589469337e-09,5.237019708229331e-10,2.226269253713377e-09,5.042776674792295e-10,2.2456935570570805e-09
-0.5242673305777861,-0.04083364039198502,-1.1815853545342754,-0.07470361405225474,-0.3055365913733841,-0.5345530326960366,0.08766123875340628,-1.0930838208741797e-09,1.1132301701083702e-09,-2.280420390331024e-10,2.481883882672929e-10,-1.5199542819735885e-10,1.7214177743154935e-10,1.1016857363159977e-09,1.0815393870818072e-09,5.032512343814977e-10,4.831048851473073e-10,1.1019291367378938e-09,1.0817827875037033e-09,6.429580515917096e-10,6.228117023575191e-10,8.669684964469651e-10,8.468221472127746e-10,1.623040808210928e-09,1.6028944589767375e-09,1.4928046169062293e-09,1.4726582676720388e-09,8.777445139878612e-10,8.575981647536708e-10,1.481383252586571e-09,1.4612369033523805e-09,6.79894290922169e-10,6.597479416879785e-10,1.2115431385498668e-09,1.1913967893156764e-09,1.1385343116280587e-09,1.1183879623938683e-09,1.0790827983481201e-09,1.0589364491139297e-09
-0.5876518792823426,0.7274506295560947,0.054982831426803554,1.2932708337712033,0.5732625561424927,-0.1445117674941004,1.0094474272213403,1.394991263784162e-09,1.234936006826958e-09,-2.280420390331024e-10,2.8579693096442224e-09,-1.5199542819735885e-10,2.781922698808479e-09,1.2272176412186087e-09,1.4027096293925113e-09,-3.034325699703922e-11,2.6602705276081593e-09,6.916196712396742e-10,1.938307599371446e-09,1.2813842667770243e-09,1.3485430038340958e-09,1.7334237260913403e-09,8.965035445197798e-10,1.5601509232581848e-09,1.0697763473529353e-09,1.4299147319534861e-09,1.200012538657634e-09,1.885474417860771e-09,7.44452852750349e-10,1.7919722101961395e-09,8.379550604149806e-10,1.4898421021175192e-09,1.1400851684936008e-09,2.3625190202066305e-09,2.6740825040448953e-10,2.313174682038697e-09,3.167525885724231e-10,2.424702145817063e-09,2.0522512479405707e-10
-0.5992151073090715,1.941643464458254,-1.2527017073591404,-1.512764720587625,-0.8379655306754189,-0.7894982916007448,0.0951278850778874,-2.600508107724126e-09,2.6417941869391783e-09,-2.280420390331024e-10,2.693281182481548e-10,-1.5199542819735885e-10,1.9328150741241126e-10,1.2491658443615007e-09,1.2078797651464483e-09,8.520281405485839e-10,8.107420613335315e-10,1.5163037027189228e-09,1.4750176235038704e-09,4.0877168381314547e-10,3.6748560459809306e-10,6.045927833305216e-10,5.633067041154692e-10,2.5639801724024073e-09,2.522694093187355e-09,2.4337439810977086e-09,2.392457901882656e-09,4.978290405476792e-10,4.5654296133262675e-10,2.1406191875701444e-09,2.0993331083550922e-09,6.531530867738077e-10,6.118670075587553e-10,1.3607687776928357e-09,1.3194826984777833e-09,1.272325256037567e-09,1.2310391768225145e-09,9.495546684858101e-10,9.082685892707577e-10
3.204069746131609,0.8249870847641917,0.015230711201058688,-1.477079492200244,-0.37120957327767895,-0.5642536469439816,-0.3026258521456779,-1.2790185825010872e-09,1.94175709255117e-10,-2.280420390331024e-10,8.568008342128678e-10,-1.5199542819735885e-10,9.328474450486114e-10,-6.513768114552203e-10,4.3346606179074984e-10,5.438830484154751e-10,1.6287259216614452e-09,-3.5438824242711616e-09,2.459039551025191e-09,-3.709603346234005e-09,2.624760472988035e-09,-1.7299585761740266e-09,6.451157029280564e-10,-1.2106915980596138e-09,1.258487248136436e-10,-1.3409277893643124e-09,2.560849161183423e-10,-1.2626167112159255e-09,1.777738379699553e-10,-1.3846090267316345e-09,2.9976615348566435e-10,-1.147641329799849e-09,6.279845655387892e-11,-1.227487558982629e-09,1.4264468573665885e-10,-1.2928360517160466e-09,2.0799317847007644e-10,-1.1225581148652919e-09,3.771524161932169e-11
-0.5252174932473951,1.5080196832930068,-0.20445010698035113,1.3540206911195927,-0.4290797298868858,-0.21211362610031062,-0.1068078059025522,-1.4428618170008596e-09,9.124232161773246e-10,-2.280420390331024e-10,3.023965617904326e-10,-1.5199542819735885e-10,3.784431726261761e-10,1.1036328749488045e-09,1.6340714757723393e-09,6.213921236565492e-11,5.925778131891899e-10,6.981104696883523e-10,1.2285490705118871e-09,1.283800666472576e-10,6.588186674707926e-10,2.202661274479698e-10,7.507047282715048e-10,1.175349944906684e-09,1.7057885457302191e-09,1.0451137536019854e-09,1.5755523544255204e-09,2.256362855799489e-10,7.560748864034839e-10,9.724500792612734e-10,1.5028886800848082e-09,1.7085162622787154e-10,7.012902270514065e-10,5.954014503261282e-10,1.125840051149663e-09,5.191914871784215e-10,1.0496300880019564e-09,4.471159428263485e-10,9.775545436498835e-10
-0.6048955412493245,1.513810552095945,-1.3481547374547356,0.3561236488415429,-1.2186136717706924,0.6890381010988996,-0.7802033889760573,-3.678207327799385e-09,1.241236640434545e-09,-2.280420390331024e-10,2.2089286483317377e-09,-1.5199542819735885e-10,2.2849752591674813e-09,1.259840758176322e-09,3.696811445541162e-09,-1.1706780314221332e-09,1.2662926559427068e-09,-3.337324688143252e-10,2.103238218550515e-09,-1.7343811347773082e-09,7.025895525875318e-10,-2.203574788920442e-09,2.333958984443979e-10,5.263641711143341e-10,2.9633348584791743e-09,3.9612797980963545e-10,2.8330986671744757e-09,-2.2254282114845583e-09,2.1154247588028172e-10,-1.2923574078593755e-10,2.3077349465789024e-09,-1.6575964249022155e-09,7.793742624626245e-10,-1.2490186675061302e-09,1.1879520198587098e-09,-1.3482510625880545e-09,1.0887196247767855e-09,-1.8177415054093357e-09,6.192291819555044e-10
1.5817167212908074,0.9154352146772999,-1.5057824035593703,-1.4657532146209293,1.0774492061525172,0.4043072856047411,-0.8705606650636214,2.82245537256635e-09,5.51524752719883e-09,-2.280420390331024e-10,2.464750115599378e-09,-1.5199542819735885e-10,2.5407967264351215e-09,-1.5926862963324754e-09,1.1001058583000049e-09,-7.811531061690517e-10,1.9116390484634284e-09,-2.7226622552455614e-09,2.9870100613081095e-11,-1.2786006243987192e-09,1.414191530233761e-09,-8.62625048423893e-10,1.8301671062085873e-09,-3.128856337296553e-09,4.3606418266407273e-10,-3.2590925286012517e-09,5.663003739687714e-10,-1.168960291658399e-09,1.5238318629740813e-09,-2.7248688663173134e-09,3.2076711684833093e-11,-1.0217674561243082e-09,1.671024698508172e-09,-2.9703848000502447e-09,2.7759264541776443e-10,-3.0321157523565168e-09,3.3932359772403646e-10,-3.681340000554056e-09,9.885478459215757e-10
-0.5911641523187556,0.5695173281045939,-0.7558395874078303,0.22457802978170985,-0.18698055791232351,-0.4959121185669004,0.4792839067771992,-7.574254240445943e-10,1.8863423104962443e-09,-2.280420390331024e-10,1.3569589254847523e-09,-1.5199542819735885e-10,1.2809123146490088e-09,1.2339152632304416e-09,1.0499837677879157e-10,4.5038867659427666e-10,6.785282098573734e-10,1.1374210331657189e-09,8.504146714068858e-12,8.127124240464451e-10,3.1620446240520487e-10,1.1269207689076772e-09,1.996117543972835e-12,2.0841026567978367e-09,9.551857703461867e-10,1.953866465493138e-09,8.24949579041488e-10,1.1418495606005723e-09,1.2932674148922243e-11,1.9990275453998248e-09,8.701106589481748e-10,8.337628205459133e-10,2.951540659057367e-10,1.8125942523557487e-09,6.836773659040987e-10,1.7423131415977547e-09,6.133962551461046e-10,1.635623882807394e-09,5.06706996355744e-10
-0.572692055378249,-0.5774622543129093,0.9273014582700152,-1.0437731415018001,-0.149730857241598,-0.6248360610397202,0.8862599957708883,-6.51963268770782e-10,2.933119628757652e-09,-2.280420390331024e-10,2.5091983990199724e-09,-1.5199542819735885e-10,2.433151788184229e-09,1.1983872765769967e-09,1.0827690834098734e-09,6.267625930174115e-10,1.6543937669694585e-09,1.2761582316216363e-09,1.0049981283652337e-09,9.8349542100881e-10,1.29766093897806e-09,1.3339229506462024e-09,9.472334093406677e-10,2.1178251649397537e-09,1.6333119504711635e-10,1.9875889736350555e-09,2.9356738635181463e-10,1.3484271958309731e-09,9.32729164155897e-10,2.0500983604793114e-09,2.310579995075587e-10,1.5425151789961504e-09,7.386411809907197e-10,1.9046242694496517e-09,3.765320905372184e-10,1.8354473899285821e-09,4.4570897005828797e-10,1.7542490572836544e-09,5.269073027032157e-10
-0.5062155754823023,1.245160057765886,-0.1355986823655867,-1.1760635461664675,-0.7251968646837964,1.2436681933289309,-0.5497667609341393,-2.281235030392374e-09,4.966814902726838e-10,-2.280420390331024e-10,1.5565115010865877e-09,-1.5199542819735885e-10,1.6325581119223312e-09,1.0643150100911867e-09,2.8488685502108767e-09,-1.929437650903661e-09,1.448841107839709e-10,-1.154347160517847e-09,6.302063796018431e-10,-1.919261044883018e-09,1.347075047633279e-10,-2.334696307994219e-09,5.501427678745291e-10,-1.0138041115814116e-09,7.707494285382784e-10,-1.1440403028861097e-09,6.405132372335803e-10,-2.3376028927538316e-09,5.530493526341416e-10,-1.3735160041212733e-09,4.1103753599841666e-10,-2.1789371441541254e-09,3.9438360403443545e-10,-1.9861506468751296e-09,2.0159710675543963e-10,-2.0696624876389794e-09,2.851089475192894e-10,-2.125491818697077e-09,3.409382785773869e-10
-0.35178770669799125,-1.0307354560587811,1.205217652750069,0.9913177296848223,2.0319897229531687,-1.0252676249520865,0.23097187670658287,5.52497105417799e-09,5.0990805384118795e-09,-2.280420390331024e-10,6.539325547992124e-10,-1.5199542819735885e-10,5.778859439634689e-10,7.15829030412125e-10,2.8993851464601497e-10,1.1745714936144005e-09,7.486809778482904e-10,1.5016601484783227e-09,1.0757696327122126e-09,3.7137374898320747e-09,3.287846974065965e-09,4.324366117632284e-09,3.898475601866174e-09,1.223488545665661e-09,7.97598029899551e-10,1.0932523543609628e-09,6.673618385948528e-10,4.674217029135427e-09,4.248326513369317e-09,1.887529836823146e-09,1.461639321057036e-09,6.582990291665451e-09,6.157099775899341e-09,3.4974037936723784e-09,3.0715132779062686e-09,3.4764497164126897e-09,3.05055920064658e-09,2.8282881620745368e-09,2.402397646308427e-09
-0.596375891590248,-0.7151627200004448,-0.9496795267921254,-1.3504560092661984,-0.29357402703676555,-0.7136267008868513,0.41426841690165017,-1.059215150929862e-09,2.00405878135541e-09,-2.280420390331024e-10,1.1728856694586504e-09,-1.5199542819735885e-10,1.0968390586229069e-09,1.2438038310483183e-09,2.9896020062277025e-10,7.482322951625826e-10,1.9661133526296553e-10,1.417436031291138e-09,4.7259240086559e-10,9.472247138648871e-10,2.381083439339024e-12,1.3062946645005494e-09,3.6145103407500134e-10,2.433653742557976e-09,1.488810112132428e-09,2.303417551253278e-09,1.3585739208277297e-09,1.2854996376458642e-09,3.4065600722031616e-10,2.2978012958387514e-09,1.3529576654132033e-09,1.0167329091128664e-09,7.188927868731828e-11,2.0109037633553766e-09,1.0660601329298285e-09,1.9376369738017025e-09,9.927933433761545e-10,1.7929612521644996e-09,8.481176217389515e-10
-0.5709007133949839,0.07766773886145208,1.6932158119771041,1.4623958229847298,0.42488709865771457,-1.008788464365089,1.561216133215335,9.749074710469941e-10,3.217199250646296e-09,-2.280420390331024e-10,4.420148760726393e-09,-1.5199542819735885e-10,4.344102149890649e-09,1.1949020629491664e-09,2.997204658744124e-09,1.152027239720619e-09,3.0400794819726714e-09,1.7561860188805855e-09,2.4359207028127046e-09,2.0897911382559043e-09,2.102315583437386e-09,2.7573900379211565e-09,1.4347166837721337e-09,2.6450568468777565e-09,1.5470498748155337e-09,2.514820655573058e-09,1.6772860661202324e-09,2.8254310119979274e-09,1.3666757096953628e-09,2.8208111321685323e-09,1.3712955895247579e-09,6.371049807151481e-09,2.1789430854581906e-09,3.237033049800583e-09,9.550736718927072e-10,3.1834118391937224e-09,1.0086948824995677e-09,3.235581507610775e-09,9.565252140825153e-10
-0.31058419640032153,0.422310889714158,-1.3266512889547166,-0.9178483625325697,-0.6077877151665385,0.5586914245440537,-0.7294057807585085,-1.948823716099949e-09,3.4432768818572123e-10,-2.280420390331024e-10,2.0651093652525677e-09,-1.5199542819735885e-10,2.1411559760883112e-09,6.14551205630243e-10,2.907702609915913e-09,-9.92357748969054e-10,1.300793655316616e-09,-5.396864627494481e-10,1.753464941536222e-09,-1.2176884392307355e-09,1.0754629650549345e-09,-1.3492074018465061e-09,9.43944002439164e-10,-1.226111567012541e-09,1.067039837273129e-09,-1.3563477583172397e-09,9.368036459684303e-10,-1.4421588800985903e-09,8.509925241870797e-10,-1.5219020988979063e-09,7.712493053877638e-10,-1.210256405010422e-09,1.082894999275248e-09,-1.896376346047178e-09,3.9677505823849186e-10,-1.9741710927447165e-09,3.1898031154095353e-10,-1.7105925253748307e-09,5.825588789108394e-10
-0.5961860135108589,0.2272445465183588,0.41639090282557323,0.7362110593507248,-1.0427126589937494,0.9901108471153693,-0.4314853930564017,-3.180192589740512e-09,1.7305198073318319e-09,-2.280420390331024e-10,1.2216307433755777e-09,-1.5199542819735885e-10,1.2976773542113212e-09,1.2434446068559273e-09,2.6931173892646075e-09,-1.5825594734932018e-09,1.3288669108452176e-10,-7.228461552804363e-10,7.268266271282437e-10,-1.889184138365985e-09,4.39511355957305e-10,-2.3964802096977216e-09,9.468074272890416e-10,2.9914000525389335e-11,1.4795867829340694e-09,-1.0032219077930899e-10,1.3493505916293711e-09,-2.3715333482653843e-09,9.218605658567042e-10,-5.149193996200396e-10,9.347533827886406e-10,-2.284098896235451e-09,8.34426113826771e-10,-1.482340158901354e-09,3.266737649267393e-11,-1.5763951914422195e-09,1.2672240903353948e-10,-1.953444641118151e-09,5.037718587094711e-10
-0.5475479245788186,-0.876563302018387,-0.35472936459484705,0.19780768221136644,0.29665754024587715,1.7949449686806895,-0.8645174227164187,6.118611819113186e-10,3.287543578577909e-09,-2.280420390331024e-10,2.447640357633488e-09,-1.5199542819735885e-10,2.5236869684692315e-09,1.1488208606509794e-09,3.82450325731757e-09,-2.683609777794714e-09,7.92738112812371e-12,-1.79488205358276e-09,8.808003430838302e-10,-1.32735444281685e-09,1.3483279538497403e-09,-1.6268034993126045e-09,1.0488788973539858e-09,-1.488410612483094e-09,1.1872717841834964e-09,-1.6186468037877924e-09,1.057035592878798e-09,-1.4204907075262878e-09,1.2551916891403025e-09,-1.3632555766588525e-09,1.3124268200077377e-09,-1.7605729399088748e-09,9.151094567577155e-10,-1.1163515795474017e-09,1.5593308171191886e-09,-1.17362779779015e-09,1.5020545988764404e-09,-1.1650727504621938e-09,1.5106096462043965e-09
-0.49500679062777253,1.6385805298897598,-0.09995604065632945,-0.058286406249204045,-0.23997714545873655,-0.28806069423018216,0.06148038988629702,-9.074705047878737e-10,8.534930705095372e-10,-2.280420390331024e-10,1.740646047547659e-10,-1.5199542819735885e-10,9.801799391902236e-11,1.040749778587342e-09,1.0947272128656785e-09,1.6603831434777188e-10,2.2001574862610837e-10,7.555593532979199e-10,8.095367875762564e-10,3.9991750620013733e-10,4.538949404784738e-10,5.497360605702881e-10,6.037134948486246e-10,1.06729139050619e-09,1.1212688247845265e-09,9.370551992014913e-10,9.910326334798278e-10,5.787894706218884e-10,6.327669049002249e-10,9.571825690994978e-10,1.0111600033778343e-09,4.645623369516127e-10,5.185397712299492e-10,7.493675206867743e-10,8.033449549651109e-10,6.782305376737059e-10,7.322079719520424e-10,6.521999758804761e-10,7.061774101588127e-10
-0.06634296353661698,0.4189209567874021,-0.37947042913916346,-0.6827376257035084,0.26094687589175203,1.4147779653443135,-1.3682527110466511,5.107563794234551e-10,4.6126249799575156e-09,-2.280420390331024e-10,3.873826561500958e-09,-1.5199542819735885e-10,3.949873172336701e-09,-4.0613910766960026e-11,4.0612546897671e-09,-2.1635237333625895e-09,1.938344867171471e-09,-1.9217945838556274e-09,2.180074016678433e-09,-1.4854728925300846e-09,2.616395708003976e-09,-1.507944744517198e-09,2.5939238560168626e-09,-3.4320386135514854e-09,6.698299869825751e-10,-3.5622748048561836e-09,5.395937956778768e-10,-1.8238435130499064e-09,2.278025087484154e-09,-3.3213406921518016e-09,7.805279083822589e-10,-1.8602145953746388e-09,2.2416540051594217e-09,-3.2399116703690806e-09,8.619569301649799e-10,-3.3007666014324673e-09,8.011019991015932e-10,-3.4369362700023236e-09,6.649323305317369e-10
0.483176304852556,-0.32454227132315866,0.49017279091418703,-1.5065191569908556,-0.17355415461643167,-0.6028025663242851,-0.03727487362945449,-7.194123016929029e-10,3.858368371627549e-10,-2.280420390331024e-10,1.055334254970456e-10,-1.5199542819735885e-10,1.8158003633278914e-10,-1.4300910744159781e-09,1.0965156098858302e-09,5.96619753131259e-10,9.301952176614069e-10,-7.77809700726264e-11,2.557944944575216e-10,-2.9039729155332967e-10,4.3178172976818314e-11,-2.7970911903405055e-10,5.386634549609743e-11,-1.6318682649887858e-09,1.2982928004586379e-09,-1.7621044562934845e-09,1.4285289917633366e-09,-3.7816168200883283e-11,2.957592963292647e-10,-1.71066694447603e-09,1.3770914799458821e-09,-7.074389523151316e-11,2.628315692986348e-10,-1.7206248137420188e-09,1.3870493492118709e-09,-1.7873795820501091e-09,1.4538041175199612e-09,-1.5193065181051228e-09,1.1857310535749749e-09
2.928344505084243,-0.227466906583316,-0.5201081612020948,1.6698892542036603,-0.609067998546697,0.26328972325937144,-0.9645549448258354,-1.952448481996091e-09,1.0064623030854988e-09,-2.280420390331024e-10,2.7308687460484876e-09,-1.5199542819735885e-10,2.806915356884231e-09,-7.538303476775872e-10,2.2050804374040027e-09,-5.882345583939556e-10,2.3706762266876345e-09,-4.237014358168001e-09,1.2781035730864114e-09,-4.622683351572784e-09,1.6637725664911941e-09,-2.220649305249636e-09,7.38261479831954e-10,-2.4526525182484503e-09,5.062582668331397e-10,-2.5828887095531494e-09,3.7602207552844056e-10,-2.5137807809657538e-09,4.4513000411583617e-10,-2.7491274723970264e-09,2.0978331268456353e-10,-2.188950019625318e-09,7.699607654562721e-10,-2.492599281283806e-09,4.663115037977838e-10,-2.558215423028526e-09,4.00695362053064e-10,-2.2940671120480225e-09,6.648436730335674e-10
-0.024530948800524893,-0.4547464196342788,-1.6848136779422191,1.208655270886932,-1.127569990510591,-0.43694921481464943,-0.38907787607511196,-3.420442495415155e-09,2.0908347889702254e-09,-2.280420390331024e-10,1.1015656674118277e-09,-1.5199542819735885e-10,1.1776122782475712e-09,-1.586102092700529e-10,1.1709974971748771e-09,3.697246970494586e-10,1.6993324034943886e-09,3.516174925427379e-10,1.681225198987668e-09,-9.982223100437108e-10,3.3138539640121924e-10,-9.985932858645167e-10,3.310144205804133e-10,-9.507371974795415e-10,3.788705089653885e-10,-1.0809733887842402e-09,2.486343176606898e-10,-9.740671023826897e-10,3.5554060406224033e-10,-1.5482441489879227e-09,2.1863644254299272e-10,-3.3169787132158784e-10,9.979098351233423e-10,-1.866641144050675e-09,5.370334376057451e-10,-1.949426319871085e-09,6.198186134261548e-10,-1.0061485272959593e-09,3.2345917914897064e-10
-0.1413769283615799,-0.9241116721165605,-1.635699886024803,-1.3355585625151818,-0.6550795903895124,-1.3030107136881595,0.2562989459655874,-2.082717492375974e-09,2.580314552429107e-09,-2.280420390331024e-10,7.256390990862354e-10,-1.5199542819735885e-10,6.495924882504919e-10,1.6844529693773754e-10,3.2915176311539553e-10,1.55453688545903e-09,1.056939825405897e-09,1.5862354316290278e-09,1.0886383715758947e-09,6.846118772891739e-10,1.8701481723604084e-10,7.308308348598265e-10,2.3323377480669347e-10,6.602412230118414e-10,1.626441629587083e-10,5.300050317071425e-10,3.2407971654009414e-11,9.51405532266213e-10,4.5380847221307987e-10,3.389859529605255e-10,1.5861110709260756e-10,1.2106105706123956e-09,7.130135105592625e-10,6.977467939018598e-11,4.278223806629471e-10,-6.879566512332589e-12,5.044766265654656e-10,4.716782208931963e-10,2.5918839159936723e-11
-0.6063577203608939,0.6356560849121112,-1.5157456207200881,-0.9918948326728002,-0.7477119138225081,1.87046442018511,-0.9222433578844821,-2.344980122715503e-09,4.941371855987074e-10,-2.280420390331024e-10,2.611075269281108e-09,-1.5199542819735885e-10,2.6871218801168515e-09,1.2625771431642867e-09,4.101694451478497e-09,-2.786923880454658e-09,5.219342785955248e-11,-1.8158708456749924e-09,1.0232464626392179e-09,-2.5542493199707577e-09,2.8486798834345255e-10,-3.28120615634354e-09,4.420888480293296e-10,-1.1272061184786126e-09,1.7119111898355977e-09,-1.2574423097833113e-09,1.581674998530899e-09,-3.1187705045474706e-09,2.7965319623326035e-10,-1.4994469416145437e-09,1.3396703666996666e-09,-2.886734247050456e-09,4.761693873624577e-11,-2.2388860378978053e-09,6.00231270416405e-10,-2.3249664719573437e-09,5.141508363568666e-10,-2.6388107155632727e-09,2.0030659275093762e-10
-0.51238262596094,0.5471278997574195,0.8331085565570883,-0.13873691190705864,0.07723463559337662,0.5989982701519544,-0.046016999615108314,-9.373674326848558e-12,3.4895268568759046e-10,-2.280420390331024e-10,1.3028432098133663e-10,-1.5199542819735885e-10,2.0633093181708017e-10,1.0771627294478234e-09,1.4354890894622626e-09,-1.047499378073569e-09,6.8917301805913e-10,-3.368388794987543e-10,2.14874805156847e-11,-2.3888902610954056e-10,1.1943733390489845e-10,-2.4159603011803156e-10,1.1673032989640746e-10,-6.099833911242473e-11,2.973280209020143e-10,-1.912345304171234e-10,1.6709182959731563e-10,-1.4990322424196193e-10,2.0842313577247709e-10,-2.7285982464993853e-11,3.3104037754944514e-10,9.970591029262154e-11,4.5803227030706056e-10,2.236740239684774e-11,3.8069376241128676e-10,-4.077961138230595e-11,3.175467486321331e-10,-6.481939866253819e-11,2.9350696135190083e-10
-0.10450241852265806,-0.9777600784493894,-0.23282006278523043,-0.11623291947532664,0.3232139639968031,0.22832304036499146,-0.6672618648468829,6.870483011285844e-10,2.8042565114775244e-09,-2.280420390331024e-10,1.8891661713158377e-09,-1.5199542819735885e-10,1.965212782151581e-09,6.627492732460478e-11,2.183483137673545e-09,-5.403985188801326e-10,1.5768096914688074e-09,-3.8357159223055684e-10,1.7336366181183832e-09,2.5106763776862237e-12,2.1197188867266263e-09,1.041352054038136e-11,2.1276217308893215e-09,-1.6314521459068668e-09,4.857560644420732e-10,-1.7616883372115653e-09,3.5551987313737475e-10,-3.16692882775205e-12,2.114041281521188e-09,-1.495650397466805e-09,6.215578128821349e-10,-1.264372439073169e-10,1.990770966441623e-09,-1.3629439729134269e-09,7.542642374355131e-10,-1.422576235922353e-09,6.946319744265869e-10,-1.5968304167480455e-09,5.203777936008945e-10
0.15490219295339597,-0.3145021142095615,0.05719519464951583,0.5084098586599547,0.17079119699100861,0.08490092440309036,-0.6816309180557045,2.5550567845558133e-10,2.4133958619039015e-09,-2.280420390331024e-10,1.929848144415218e-09,-1.5199542819735885e-10,2.0058947552509614e-09,-6.611295602884236e-10,1.4967606231598965e-09,-3.4419043053978067e-10,1.8136997529085395e-09,-5.292557717932431e-10,1.6286344116550771e-09,-3.078385129978542e-10,1.850051670450466e-09,-3.0242360540676866e-10,1.8554665780415515e-09,-2.13332454364736e-09,2.4565639800960146e-11,-2.263560734952059e-09,1.0567055150373895e-10,-3.303400124046517e-10,1.8275501710436686e-09,-2.059853195682451e-09,9.803698776586937e-11,-3.283250578664723e-10,1.829565125581848e-09,-2.0304749686039875e-09,1.2741521484433272e-10,-2.093356610462901e-09,6.453357298541928e-11,-2.1680938456392193e-09,1.0203662190899102e-11
-0.44294753536098674,0.310432458187704,-0.12568164620600772,0.25857118612778146,-1.0008642153766467,-0.3139256170139177,-0.24045201620820927,-3.0617103743335363e-09,2.1528954052462426e-09,-2.280420390331024e-10,6.807729300541916e-10,-1.5199542819735885e-10,7.568195408899352e-10,9.277002687415824e-10,1.8365152378288764e-09,2.0142272504643756e-10,1.1102376941337316e-09,7.226569759170181e-10,1.6314719450043121e-09,-5.101618004213113e-10,3.986531686659827e-10,-5.685043707256209e-10,3.4031059836167307e-10,7.575996226480979e-10,1.6664145917353919e-09,6.27363431343399e-10,1.536178400430693e-09,-6.283401360382936e-10,2.8047483304900043e-10,2.3823168872540375e-10,1.1470466578126978e-09,-4.3515295992429e-10,4.736620091630039e-10,-4.769410421677963e-10,4.318739269194977e-10,-5.658885016069054e-10,3.429264674803886e-10,-4.5288681978503636e-10,4.559281493022576e-10
-0.603858196279857,-0.4991416591826338,-0.19008846938166316,0.4869129766104444,-0.9925014263541644,-0.0597316436261892,-0.1389987946223343,-3.0380334658341266e-09,2.41645504402805e-09,-2.280420390331024e-10,3.9353638277297455e-10,-1.5199542819735885e-10,4.695829936087181e-10,1.2578965959766166e-09,1.8794750177826935e-09,-1.4632638778420412e-10,4.752520340218728e-10,6.054849597117195e-10,1.2270633815177965e-09,-6.083529288868743e-10,1.3225492919202618e-11,-7.265349830115674e-10,1.0495656120549042e-10,1.573467373990054e-09,2.195045795796131e-09,1.4432311826853553e-09,2.0648096044914322e-09,-7.881567764320987e-10,1.665783546260218e-10,1.0591484245504037e-09,1.6807268463564806e-09,-6.069530699542928e-10,1.462535185178416e-11,1.3391816185373126e-10,7.554965836598082e-10,4.104443953946215e-11,6.626228613455391e-10,-3.479763568424568e-10,2.7360206496362014e-10
-0.3651164151937217,0.4894229432050974,-0.20243570838338765,1.3058753797179592,-0.7110390082576057,-0.3601678933750732,-0.28520147162907,-2.2411510021752904e-09,1.2056404105451202e-09,-2.280420390331024e-10,8.074685525970678e-10,-1.5199542819735885e-10,8.835151634328113e-10,7.47877507782721e-10,1.7833880994128912e-09,2.6468429795293947e-10,1.3001948895831096e-09,6.829786195165445e-10,1.7184892111467146e-09,-2.1157061309129493e-10,8.239399785388753e-10,-2.0889864414248348e-10,8.266119474876866e-10,3.5909712301506617e-10,1.3946077146452364e-09,2.2886093171036748e-10,1.2643715233405377e-09,-2.2021952820866999e-10,8.152910634215002e-10,7.2184949715285135e-12,1.0427290866016987e-09,-1.0766158382852104e-10,9.278490078016491e-10,-4.54418201164828e-10,5.810923904653421e-10,-5.351976429009143e-10,5.003129487292558e-10,-3.163800437831182e-10,7.191305478470519e-10
-0.5767814353520254,-0.8042092999248622,0.48438672057972143,-1.1669189508989064,1.296458037403853,-1.2126277125479092,2.1155364532834344,3.442517895267815e-09,2.318992462261795e-09,-2.280420390331024e-10,5.989552396562713e-09,-1.5199542819735885e-10,5.913505785726969e-09,1.2063170903411509e-09,4.555193267188459e-09,1.4308887594133704e-09,4.3306215981162394e-09,2.0196126821222685e-09,3.7418976754073415e-09,3.340056330157542e-09,2.421454027372068e-09,4.382026518827532e-09,1.3794838387020784e-09,2.9789735607596234e-09,2.7825367967699867e-09,2.848737369454924e-09,2.912772988074686e-09,4.553678572086509e-09,1.2078317854431012e-09,3.4496792805949043e-09,2.3118310769347058e-09,4.469021773320829e-09,1.2924885842087808e-09,4.798026723098916e-09,9.634836344306944e-10,4.768195979818995e-09,9.933143777106153e-10,5.042677911880432e-09,7.188324456491781e-10
-0.3915560531603696,-0.5676795567823871,-0.8840435901356616,-1.1738107521389805,-0.6695309611443538,-0.8031426184908468,0.12268899922364736,-2.123632524685597e-09,2.24295022421495e-09,-2.280420390331024e-10,3.473597385624554e-10,-1.5199542819735885e-10,2.7131312772671184e-10,8.103836394030363e-10,6.910659398736833e-10,8.706942108254226e-10,7.513765112960696e-10,1.2726042010100775e-09,1.1532865014807244e-09,3.7919409229983123e-10,2.5987639277047823e-10,4.866682981322553e-10,3.6735059860290235e-10,1.1343032453821403e-09,1.0149855458527872e-09,1.0040670540774416e-09,8.847493545480886e-10,5.020836236512863e-10,3.8276592412193326e-10,8.051909308461778e-10,6.858732313168248e-10,6.285222317688284e-10,5.092045322394754e-10,3.525310853842971e-10,2.332133858549441e-10,2.722707919916798e-10,1.5295309246232678e-10,4.355088732170519e-10,3.161911736876989e-10
-0.4750860227467461,1.1147952143624171,-0.013472600997333387,0.6147427179580234,-1.0900557323173932,-0.6920774013693922,-0.10112584193600337,-3.3142313191824777e-09,2.7998796171879396e-09,-2.280420390331024e-10,2.8630966296143564e-10,-1.5199542819735885e-10,3.623562737971792e-10,9.981884488699422e-10,1.5125401508644801e-09,7.187518567027462e-10,1.2331035586972844e-09,1.2380175168003568e-09,1.7523692187948947e-09,-1.388846603003321e-10,3.754670416942059e-10,-1.187151457233728e-10,3.956365562711652e-10,1.500886817222056e-09,2.015238519216594e-09,1.3706506259173574e-09,1.8850023279118953e-09,-1.9426309604311212e-10,3.200886059514259e-10,9.268389245655806e-10,1.4411906265601187e-09,-2.754610404098031e-11,4.868055979535577e-10,1.176680879887173e-10,6.320197899832553e-10,2.574945161491264e-11,5.401011536094507e-10,5.40251951259484e-11,5.683768971204864e-10
-0.10109388958350525,-1.1152221350821894,0.3229328748596013,1.4769635079376224,-0.84033364332487,0.9535270342449019,-1.2173148287625808,-2.6072127592903217e-09,1.0673172561942981e-09,-2.280420390331024e-10,3.4464879764515174e-09,-1.5199542819735885e-10,3.522534587287261e-09,5.676960448885263e-11,3.731299619973472e-09,-1.5325111253749633e-09,2.1420188901096567e-09,-1.2987727795773273e-09,2.3757572359072925e-09,-2.1853389844099917e-09,1.4891910310746281e-09,-2.2495204115650942e-09,1.4250096039195255e-09,-2.6657468779920364e-09,1.0087831374925834e-09,-2.795983069296735e-09,8.785469461878847e-10,-2.5294327144638983e-09,1.1450973010207215e-09,-3.0904687358414874e-09,5.840612796431324e-10,-2.4078996424794184e-09,1.2666303730052013e-09,-3.4196408882455996e-09,2.548891272390202e-10,-3.498973231775888e-09,1.7555678370873158e-10,-2.8535701828071355e-09,8.209598326774843e-10
-0.20862593184986405,-1.0564690686803604,1.3156662556280827,1.4368839902729473,-0.04293245682480233,-0.631783367850294,-0.15107400795407888,-3.4959333599431256e-10,3.061726900186804e-10,-2.280420390331024e-10,4.2772398697989057e-10,-1.5199542819735885e-10,5.037705978156342e-10,3.5085819753543125e-10,1.0066242235484243e-09,6.362668300681233e-10,1.2920328560811163e-09,8.275856984191322e-10,1.4833517244321252e-09,6.940572127046998e-10,1.3498232387176928e-09,7.695400961387482e-10,1.4253061221517412e-09,-1.9517076323603414e-11,6.362489496893896e-10,-1.497532676283023e-10,5.060127583846907e-10,8.922504495194929e-10,1.5480164755324858e-09,-3.8612608043823347e-11,6.171534179691697e-10,1.000193279207794e-09,1.655959305220787e-09,-6.531738236485672e-11,5.904486436481363e-10,-1.312441240271317e-10,5.245219019858612e-10,-6.982290220168716e-11,5.859431238113058e-10
-0.5916181404731973,-1.179677199352406,-1.661825418628482,-0.9741063842157247,0.8348188447388716,-1.058627755387604,0.7002471184020932,2.135515064622965e-09,3.8100237163913514e-10,-2.280420390331024e-10,1.9825547320169324e-09,-1.5199542819735885e-10,1.906508121181189e-09,1.2347790091663654e-09,5.197336838174647e-10,1.2202096950566133e-09,5.343029979272167e-10,1.8448114407045711e-09,9.029874772074105e-11,2.645365958075483e-09,8.908532650916529e-10,3.5137636702857587e-09,1.7592509773019287e-09,2.8811977901774085e-09,1.1266850971935785e-09,2.7509615988727094e-09,9.964489058888794e-10,3.6252826859581084e-09,1.8707699929742783e-09,3.2057235222096603e-09,1.4512108292258303e-09,2.2581580951566948e-09,5.036454021728647e-10,4.069125987934407e-09,2.3146132949505772e-09,4.027069859632903e-09,2.272557166649073e-09,4.222027113495758e-09,2.4675144205119277e-09
-0.3228094393172071,1.5207574854786041,1.4662689248516678,0.8167688085889864,-0.7209029717581393,0.10866221653967811,-0.4916437131298786,-2.2690780682074223e-09,6.490837535887723e-10,-2.280420390331024e-10,1.3919522755855478e-09,-1.5199542819735885e-10,1.4679988864212913e-09,6.449415073865116e-10,2.2649358220051617e-09,-3.7669697721390023e-10,1.24329733740475e-09,4.094564154465465e-11,1.6609399561633048e-09,-8.139889553900018e-10,8.060053592286483e-10,-8.95634420578096e-10,7.24359894040554e-10,-5.2903840494245e-10,1.0909559096762e-09,-6.592745962471487e-10,9.607197183715014e-10,-9.495064131953796e-10,6.704879014232705e-10,-8.863708981721114e-10,7.336234164465387e-10,-1.4868984757308412e-09,1.330958388878089e-10,-1.3251855748618922e-09,2.9480873975675794e-10,-1.4055245164171379e-09,2.144697982015122e-10,-1.115101549993043e-09,5.04892764625607e-10
-0.39406245807435336,-1.0607248792043504,0.8085503451305407,1.4392815310732459,-1.2253049021946987,-0.3893583655620301,-0.24081545286088302,-3.697151683572531e-09,2.7873077448020897e-09,-2.280420390331024e-10,6.818018997373386e-10,-1.5199542819735885e-10,7.578485105730821e-10,8.16234318351384e-10,1.7260782571218249e-09,3.0461821405187957e-10,1.2144621528223204e-09,7.560031777717328e-10,1.6658471165421737e-09,-7.389797318748695e-10,1.7086420689557142e-10,-8.301355520976943e-10,7.970838667274663e-11,5.65527844730279e-10,1.4753717835007199e-09,4.3529165342558023e-10,1.3451355921960212e-09,-9.035482196720783e-10,6.295719098362616e-12,-9.440732617519854e-11,8.154366125952424e-10,-1.1667816253975207e-09,2.5693768662707985e-10,-8.716047256003137e-10,3.823921317012716e-11,-9.64504017173099e-10,5.466007840265803e-11,-6.744762333308159e-10,2.35367705439625e-10
-0.6035508864049869,-0.3974218285711637,1.6087565524025547,-0.6205219717160625,-0.9412823942998441,-1.0633207536868803,0.2568379750197887,-2.8930210385065627e-09,3.392144209234082e-09,-2.280420390331024e-10,7.271652097606214e-10,-1.5199542819735885e-10,6.511185989248779e-10,1.25732019346221e-09,7.581970227346908e-10,1.2266299337953175e-09,7.275067630677984e-10,1.8656948326093977e-09,1.3665716618818786e-09,6.109356774877453e-10,1.1181250676022622e-10,8.714681084737266e-10,3.723449377462075e-10,2.985924285468094e-09,2.486801114740575e-09,2.8556880941633953e-09,2.3565649234358762e-09,7.213950083412393e-10,2.2227183761372024e-10,2.5022415274029583e-09,2.0031183566754393e-09,-3.9428857839105675e-10,8.934117491185758e-10,1.6318968547584917e-09,1.1327736840309726e-09,1.5404635775679706e-09,1.0413404068404515e-09,1.1697023922387167e-09,6.705792215111976e-10
-0.5528876956827788,-0.516554038982488,-0.7009916115708593,-0.1550687082884516,0.3451549281648124,2.3466085568861637,-1.1315780449156958,7.491680317110714e-10,4.180958217131941e-09,-2.280420390331024e-10,3.2037481463877677e-09,-1.5199542819735885e-10,3.2797947572235112e-09,1.1594635776997256e-09,4.591253763120595e-09,-3.4383110825609087e-09,6.520897140038719e-12,-2.481112649994414e-09,9.50677535426456e-10,-1.9029766467035977e-09,1.5288135387172723e-09,-2.365153330091358e-09,1.066636855329512e-09,-2.225597755715762e-09,1.2061924297051079e-09,-2.355833947020461e-09,1.0759562384004092e-09,-2.112912859879073e-09,1.318877325541797e-09,-2.081066264925324e-09,1.3507239204955459e-09,-2.567007870805571e-09,8.64782314615299e-10,-1.7912729016472014e-09,1.6405172837736686e-09,-1.8472182850631625e-09,1.5845719003577075e-09,-1.8270244895971549e-09,1.6047656958237151e-09
3.704035864453715,1.0669532812761944,-0.8669077449334909,0.1268829541276034,-1.0243089384869657,0.31862166346296616,-0.9827737257649284,-3.128087579639649e-09,1.175953893467089e-10,-2.280420390331024e-10,2.782450151259838e-09,-1.5199542819735885e-10,2.8584967620955815e-09,-5.121884649473044e-10,2.4983037253456357e-09,-6.639312118612209e-10,2.3465609784317194e-09,-5.280852456831824e-09,2.2703602665388838e-09,-6.063702401830578e-09,3.0532102115376377e-09,-2.541700515558792e-09,4.687916747341484e-10,-2.345460457754396e-09,6.650317325385443e-10,-2.4756966490590947e-09,5.347955412338456e-10,-2.9064015794829437e-09,1.0409061080999658e-10,-2.8790537456088504e-09,1.3143844468408992e-10,-2.4778056919141586e-09,5.326864983787817e-10,-2.3802458356498088e-09,6.302463546431315e-10,-2.4457495483637503e-09,5.647426419291899e-10,-2.1978740460732314e-09,8.126181442197089e-10
1.1705377220080608,1.270158188898451,1.1726285008493142,-0.4401325752650557,0.13224591840634092,1.2560185518909273,-1.473612743495432,1.4637545507197959e-10,4.54654164999449e-09,-2.280420390331024e-10,4.172124155889408e-09,-1.5199542819735885e-10,4.248170766725151e-09,-1.8421425280652774e-09,2.558023666857233e-09,-1.9463335126577218e-09,2.4538326822647886e-09,-3.276009392714722e-09,1.1241568022077883e-09,-2.8808862952076013e-09,1.519279899714909e-09,-2.0113653207776847e-09,2.3888008741448257e-09,-4.436930761623184e-09,3.6764566700673985e-11,-4.5671669529278834e-09,1.6700075800537308e-10,-2.8560175319373097e-09,1.5441486629852007e-09,-4.3796990516704526e-09,2.0467143252057798e-11,-2.9901869202062545e-09,1.4099792747162559e-09,-4.430191787847067e-09,3.002559292455677e-11,-4.4946827040513285e-09,9.45165091288181e-11,-4.5011592592385325e-09,1.0099306431602212e-10
0.4240310619105449,-1.1723039755506182,1.2662786313108403,0.758083195256934,-0.4652974189077516,-0.12196369284220138,-0.5836622007256378,-1.5454021186516325e-09,3.3511692105593794e-10,-2.280420390331024e-10,1.6524770006744681e-09,-1.5199542819735885e-10,1.7285236115102117e-09,-1.3153980804739354e-09,5.651209592336351e-10,-6.11900660371449e-11,1.8193289736704255e-09,-6.074651290459468e-10,1.2730539106616236e-09,-1.1153235985219578e-09,7.651954411856126e-10,-9.782518089039958e-10,9.022672308035746e-10,-2.251656269183722e-09,3.7113722947615137e-10,-2.3818924604884205e-09,5.0137342078085e-10,-9.75812107752785e-10,9.047069319547854e-10,-2.4729638217298946e-09,5.924447820223241e-10,-1.3452838566172215e-09,5.35235183090349e-10,-2.5012595934543295e-09,6.207405537467591e-10,-2.5710329487479237e-09,6.905139090403532e-10,-2.0204291989569045e-09,1.3991015924933409e-10
-0.6028218070504355,-1.0279368937481015,-0.5663722124452027,-1.1746481804469253,0.5288122037957287,-0.869685452332832,0.9341070716007692,1.2691424683103705e-09,1.1474795638754294e-09,-2.280420390331024e-10,2.6446640712189023e-09,-1.5199542819735885e-10,2.5686174603831588e-09,1.2559518783553649e-09,1.1606701538304351e-09,9.617278853275746e-10,1.4548941468582254e-09,1.6215561355222444e-09,7.950658966635556e-10,2.0860253799428337e-09,3.3059665224296624e-10,2.803442700290781e-09,3.868206681049809e-10,2.7068593815980336e-09,2.902373494122336e-10,2.576623190293335e-09,1.600011581075349e-10,2.8835251054770337e-09,4.669030732912337e-10,2.9221567264233396e-09,5.055346942375396e-10,2.115747400196294e-09,3.0087463198950603e-10,3.46592401212407e-09,1.0493019799382702e-09,3.415579003921082e-09,9.989569717352822e-10,3.535954584399574e-09,1.119332552213774e-09
-0.6079004627092031,-1.126682473211004,0.17787039641615005,1.1025671911540003,2.8914122441034844,1.1253117235233794,2.4612251988460843,7.958186616701879e-09,1.2179548331075188e-09,-2.280420390331024e-10,6.968273822627463e-09,-1.5199542819735885e-10,6.89222721179172e-09,1.265459239609164e-09,5.474772543985196e-09,-1.7675205258667609e-09,8.507752309461121e-09,-8.779559307290278e-10,7.618187714323388e-09,2.516946169556203e-09,4.2232856140381575e-09,3.377756943885661e-09,3.3624748397086996e-09,-6.369709029920962e-11,6.80392887389357e-09,-1.9393328160390828e-10,6.934165065198269e-09,3.994813445695375e-09,2.7454183378989855e-09,7.764383959855659e-10,5.963793387608795e-09,3.1465150106129424e-09,3.593716772981418e-09,4.091850963225779e-09,2.648380820368581e-09,4.1079196719671166e-09,2.632312111627244e-09,5.060862967556371e-09,1.6793688160379896e-09
0.500299677415826,-0.8492072974190388,-0.3709590296060555,-0.05210983882064145,-0.21378735055576104,-0.5141144905554955,-0.3285714122085313,-8.333213930658142e-10,3.2497910895957617e-10,-2.280420390331024e-10,9.30258462992288e-10,-1.5199542819735885e-10,1.0063050738280316e-09,-1.460908092024785e-09,3.026075899993946e-10,4.752903633891567e-10,1.6335908654145471e-09,-2.1068942294096997e-10,9.476110790844203e-10,-4.592644610593533e-10,6.990360409660371e-10,-4.1852738252749525e-10,7.397731194978951e-10,-1.7719840306641413e-09,6.13683528638751e-10,-1.9022202219688402e-09,7.439197199434498e-10,-2.1746929925231386e-10,9.408312027730766e-10,-1.8696697627975058e-09,7.113692607721154e-10,-7.701338068797753e-11,1.0812871213374128e-09,-1.879515543505136e-09,7.212150414797458e-10,-1.9466154957747394e-09,7.88314993749349e-10,-1.638408102621067e-09,4.801076005956767e-10
-0.530862051838085,0.27357341700167076,1.1280382120583015,-1.172586018050115,-0.31978104317614936,-1.0480990997603514,0.9598282386623307,-1.13341301978756e-09,3.6228573744518303e-09,-2.280420390331024e-10,2.7174863936973726e-09,-1.5199542819735885e-10,2.641439782861629e-09,1.1151590644321504e-09,1.3742852902321198e-09,1.2058060071765247e-09,1.2836383474877456e-09,1.755271554214275e-09,7.341728004499952e-10,1.2279112543477212e-09,1.261533100316549e-09,1.6085831702312988e-09,8.808611844329714e-10,2.3954523941092374e-09,9.399196055503286e-11,2.2652162028045387e-09,2.2422815185973155e-10,1.5960254558853559e-09,8.934188987789144e-10,2.2468539496117516e-09,2.4259040505251866e-10,1.7232926581760713e-09,7.661516964881989e-10,1.9680187354558826e-09,5.214256192083876e-10,1.8945873907833313e-09,5.94856963880939e-10,1.825930753736127e-09,6.635136009281432e-10
2.5892943745742683,1.1479960033786576,-1.5447495466198837,-1.4008336019861285,1.4122491144223623,-0.43009294593227315,-0.3978135193310125,3.770348087832155e-09,5.124688335717195e-09,-2.280420390331024e-10,1.1262982088519376e-09,-1.5199542819735885e-10,1.2023448196876812e-09,-9.111857337460086e-10,4.4315451413903135e-10,3.6034500409529905e-10,1.714685251980339e-09,-2.940188274961474e-09,1.585848027076434e-09,-1.091721249506924e-09,2.626189983781159e-10,-6.458829662223978e-10,7.084572816626422e-10,-1.581931606949091e-09,2.2759135906405103e-10,-1.7121677982537895e-09,3.578275503687495e-10,-2.975608770774517e-10,1.0567793708075883e-09,-1.0777589100756946e-09,2.765813378093454e-10,-1.218152713204457e-10,1.2325249765645943e-09,-1.5049381677714039e-09,1.505979198863639e-10,-1.5684353393689583e-09,2.1409509148391835e-10,-2.0153489533723866e-09,6.610087054873466e-10
-0.5493975841600885,-1.1340865157513313,0.28482440253625796,1.6122075582523758,-0.9180638358260327,-1.2778149763834752,0.2025358133361817,-2.827284155393201e-09,3.172665875744961e-09,-2.280420390331024e-10,5.734237593848625e-10,-1.5199542819735885e-10,4.973771485491189e-10,1.152514538332515e-09,8.07132817980755e-10,1.5200679514475486e-09,1.1746862310957885e-09,2.067097081653789e-09,1.721715361302029e-09,8.231801579121717e-10,4.777984375604115e-10,1.1108164716265314e-09,7.654347512747713e-10,2.8580557132291577e-09,2.5126739928773978e-09,2.727819521924459e-09,2.382437801572699e-09,9.934380746711883e-10,6.480563543194282e-10,2.388099781066486e-09,2.042718060714726e-09,9.846946615401552e-10,6.393129411883951e-10,1.6095260933677948e-09,1.2641443730160347e-09,1.520094869832676e-09,1.174713149480916e-09,1.3305482262340736e-09,9.851665058823135e-10
2.878551667536315,-0.44050820310985483,1.338519728037604,1.548102452613718,-0.7100091919277384,-1.0548324993463183,-0.10757008589189646,-2.238235363989523e-09,1.705638579632945e-09,-2.280420390331024e-10,3.0455474532347564e-10,-1.5199542819735885e-10,3.806013561592192e-10,-7.746450403247176e-10,2.420482559681396e-10,1.2150176092501212e-09,1.7476143936066992e-09,-2.5187931527482186e-09,1.9861963683916406e-09,-3.15771836235749e-09,2.625121578000912e-09,-1.5687706318431938e-09,1.0361738474866158e-09,-6.088821962336289e-10,7.628541187705084e-11,-7.391183875383273e-10,2.0652160318174932e-10,-6.88475937367993e-10,1.5587915301141494e-10,-9.60192401701764e-10,4.2759561734518593e-10,-1.1283897253706058e-09,5.957929410140278e-10,-6.396766912273158e-10,1.0707990687073782e-10,-7.054050153716361e-10,1.7280823101505806e-10,-4.0296213674919823e-10,1.296346476073798e-10
3.5065207356645196,-1.1220261488051948,-1.206033692435321,-0.5604397577850442,0.23411057160941062,0.22075485250344992,-0.8929700859682026,4.3477685641419174e-10,3.1910150464370317e-09,-2.280420390331024e-10,2.5281961509897378e-09,-1.5199542819735885e-10,2.6042427618254813e-09,-5.609019231837562e-10,2.195336266839084e-09,-5.300448878340799e-10,2.2261933021887604e-09,-4.909826851983765e-09,2.153588661960925e-09,-4.267087030423227e-09,1.510848840400387e-09,-1.882303540713649e-09,8.739346493091912e-10,-2.247086487362062e-09,5.09151702660778e-10,-2.377322678666761e-09,3.789155113560793e-10,-2.134347888395783e-09,6.218903016270571e-10,-2.147359944201248e-09,6.088782458215922e-10,-1.7617279608418754e-09,9.945102291809647e-10,-2.2553832821271415e-09,5.008549078956986e-10,-2.3203939971280596e-09,4.3584419289478046e-10,-2.289614683420446e-09,4.66623506602394e-10
-0.4043102278587433,-0.06518436256608984,1.164697838488955,-0.7548592917279194,-0.5318782520025176,-0.10668894540392584,0.05106688683820109,-1.733907208133288e-09,1.6504468396131278e-09,-2.280420390331024e-10,1.4458167051294238e-10,-1.5199542819735885e-10,6.853505967719884e-11,8.40019315872928e-10,9.23479684393088e-10,-8.208662703574198e-11,1.3737414844180327e-12,4.13817708715632e-10,4.97278077235792e-10,-2.5218390980338387e-10,1.6872354128322386e-10,-2.5663203584528836e-10,1.7317166732512835e-10,2.274914463146786e-10,3.109518148348386e-10,9.725525500997998e-11,1.8071562353014e-10,-2.6608124518324205e-10,1.8262087666308204e-10,-2.8205759738066106e-11,5.5254608782093906e-11,-3.750222035878774e-10,2.915618350677174e-10,-4.098461916607911e-10,3.2638582314063107e-10,-4.871477166529937e-10,4.0368734813283365e-10,-3.7496313076237437e-10,2.9150276224221436e-10
-0.5855595349320829,-0.9243995289330639,0.8682940135706634,-0.27253844479945244,-0.9868744702699471,0.9337271458676109,-0.13203683046844503,-3.022102306507012e-09,2.420234747644465e-09,-2.280420390331024e-10,3.7382551982944465e-10,-1.5199542819735885e-10,4.498721306651882e-10,1.223214854217031e-09,1.825082413079578e-09,-1.505423962270407e-09,9.035564034078599e-10,-6.653710732514896e-10,6.350351438894253e-11,-1.7717123225230223e-09,1.1698447636604753e-09,-2.2317820929035834e-09,1.6299145340410363e-09,2.2991745567731286e-11,6.248593044302783e-10,-1.0724444573696704e-10,4.9462311312558e-10,-2.212700613629151e-09,1.6108330547666041e-09,-4.879374007713144e-10,1.1393015809123269e-10,-2.343075810044928e-09,1.7412082511823812e-09,-1.393944860280899e-09,7.920773014183519e-10,-1.4861608040493876e-09,8.842932451868406e-10,-1.808540858842637e-09,1.20667329998009e-09
0.9885230722954614,-1.0420642658742036,0.7485345279531319,-0.11406274576912102,-0.354265412028857,-0.6020597609828133,-0.2958552020715929,-1.2310459080250167e-09,1.6537224517699658e-10,-2.280420390331024e-10,8.376316238149178e-10,-1.5199542819735885e-10,9.136782346506613e-10,-1.875574048131826e-09,8.099003852838057e-10,5.956035610671433e-10,1.6612772239151634e-09,-7.134738293224557e-10,3.521998335255645e-10,-1.084525092598904e-09,1.8851429750883756e-11,-8.340800100861619e-10,2.315936527618582e-10,-1.830596293523386e-09,7.649226306753659e-10,-1.960832484828085e-09,8.951588219800648e-10,-5.257509517301296e-10,5.399227111178906e-10,-1.996126765242527e-09,9.304531023945069e-10,-6.559458894745537e-10,4.097277733734665e-10,-1.9388646716603293e-09,8.731910088123092e-10,-2.005998283324059e-09,9.403246204760387e-10,-1.58207978370781e-09,5.164061208597899e-10
-0.4707514479478683,-0.7874203286396064,-0.020536404836405925,-1.2716129028023244,0.0627490408668233,-0.7884529450142606,0.6201925567039586,-5.0385602282712265e-11,1.5782460950028022e-09,-2.280420390331024e-10,1.7559025317531922e-09,-1.5199542819735885e-10,1.6798559209174486e-09,9.888125457354486e-10,5.390479469846412e-10,8.505980580678479e-10,6.772624346522419e-10,1.3536290405310794e-09,1.7423145218901042e-10,1.3004942226228593e-09,2.2736627009723047e-10,1.6422255838223857e-09,1.1436509110229585e-10,1.607765481154486e-09,7.990498843439608e-11,1.4775292898497872e-09,5.03312028703026e-11,1.712695468849484e-09,1.8483497612939416e-10,1.6352169836200148e-09,1.0735649089992495e-10,1.4889902063701505e-09,3.887028634993934e-11,1.684450433816244e-09,1.5658994109615422e-10,1.6208684380722455e-09,9.300794535215573e-11,1.600133287759412e-09,7.227279503932224e-11
-0.29692656998508216,-0.47357233223245243,-1.5758161051804205,0.9813982075102,-0.8221383257723933,0.8960214055450483,-1.1281325088486693,-2.5556977841247976e-09,8.66337325331453e-10,-2.280420390331024e-10,3.1939930704231483e-09,-1.5199542819735885e-10,3.2700396812588918e-09,5.802700550596786e-10,4.002305164515929e-09,-1.4538407655051815e-09,1.968194343951069e-09,-9.80557659704032e-10,2.4414774497522186e-09,-1.8713725586809957e-09,1.5506625507752549e-09,-2.0780724071882686e-09,1.343962702267982e-09,-1.7700376421399089e-09,1.6519974673163417e-09,-1.9002738334446075e-09,1.521761276011643e-09,-2.2389432634153268e-09,1.1830918460409238e-09,-2.184329157731111e-09,1.2377059517251396e-09,-1.8142366243117585e-09,1.607798485144492e-09,-2.6623072541572952e-09,7.597278552989554e-10,-2.7443401191656756e-09,6.77694990290575e-10,-2.3716028797113685e-09,1.050432229744882e-09
-0.6069413760081921,-0.28445348563862155,-1.424079801588354,0.8922767196828401,-0.7508356148204797,1.082444316808079,-0.5539878645754982,-2.353824012297036e-09,5.573195925827159e-10,-2.280420390331024e-10,1.5684623806812176e-09,-1.5199542819735885e-10,1.6445089915169611e-09,1.2636681185487355e-09,3.0601725382630555e-09,-1.7088759307336663e-09,8.762848898065368e-11,-8.253154077684986e-10,9.711890119458214e-10,-1.6460216012202144e-09,1.5048281849410553e-10,-2.0897330550475513e-09,2.932286353332314e-10,-1.1268630505969347e-11,1.7852357892083505e-09,-1.4150482181066767e-10,1.6549995979036522e-09,-2.0041872588239126e-09,2.0768283910959269e-10,-3.8525468967681526e-10,1.4112497300375047e-09,-1.8167745622918168e-09,2.0270142577496832e-11,-1.1191654290012316e-09,6.773389907130883e-10,-1.2053457264858801e-09,5.911586932284398e-10,-1.5219168526540308e-09,2.7458756706028914e-10
-0.031729240412035994,-0.7076938689185416,-1.3576051142873826,1.2728934033452035,-0.9620895415233818,-0.36022384337492824,-0.42627300313081723,-2.9519306821219903e-09,1.5170153303981604e-09,-2.280420390331024e-10,1.2068733126907276e-09,-1.5199542819735885e-10,1.2829199235264711e-09,-1.3825425224826736e-10,1.2966610994755626e-09,2.647608401405969e-10,1.699676191864427e-09,2.6428538663089214e-10,1.6992007383547221e-09,-8.87274223345395e-10,5.476411283784349e-10,-8.895373472393457e-10,5.453780044844842e-10,-1.0373648361076823e-09,3.9755051561614766e-10,-1.1676010274123812e-09,2.6731432431144877e-10,-8.727355295393437e-10,5.621798221844862e-10,-1.5334339282891038e-09,9.851857656527382e-11,-3.7459898744687703e-10,1.060316364276953e-09,-1.8262631919909605e-09,3.9134784026713053e-10,-1.906564474708292e-09,4.716491229844622e-10,-1.0996425823373877e-09,3.3527276938644225e-10
-0.5694151531379376,-1.0815092884596316,-0.13374853951635088,1.483259988763515,-0.896709909794398,0.04655662517532087,-0.13970813159925563,-2.76682645983315e-09,2.143239747891729e-09,-2.280420390331024e-10,3.9554467290831857e-10,-1.5199542819735885e-10,4.715912837440622e-10,1.19200642139388e-09,1.815593133335301e-09,-2.9173365565696114e-10,3.318530562844598e-10,4.287140976228177e-10,1.0523008095642386e-09,-6.603155056898759e-10,3.6728793748454893e-11,-7.843872473974788e-10,1.6080053545605787e-10,1.1453953049860184e-09,1.7689820169274394e-09,1.0151591136813198e-09,1.6387458256227407e-09,-8.265214758473312e-10,2.029347639059102e-10,6.879759704953101e-10,1.311562682436731e-09,-6.828212699938291e-10,5.923455805240817e-11,-1.137383257463131e-10,5.098483861951079e-10,-2.0308419146581963e-10,4.2050252047560135e-10,-4.4987173907763997e-10,1.73714972863781e-10
-0.029153407362861577,-0.015754882620019298,-1.6299042706868114,-0.3528784900918358,1.3386508141380735,0.7954571422645356,-1.071217033662827,3.5619749940163887e-09,6.8228697835921785e-09,-2.280420390331024e-10,3.0328527505426875e-09,-1.5199542819735885e-10,3.108899361378431e-09,-1.4553700698401983e-10,3.11535778259177e-09,-1.3162642019376297e-09,1.9446305876381604e-09,-1.1905866921730217e-09,2.070308097402768e-09,4.337462225486684e-10,3.6946410121244584e-09,4.3531789084221655e-10,3.6962126804180066e-09,-2.6745623520629064e-09,5.863324375128835e-10,-2.804798543367605e-09,4.560962462081848e-10,3.4037130405319036e-10,3.6012660936289804e-09,-2.1915208536088936e-09,1.0693739359668962e-09,-4.3367250242514005e-10,2.82722228715065e-09,-1.6101020815629185e-09,1.6507927080128714e-09,-1.6541486464998195e-09,1.6067461430759704e-09,-2.632573774415047e-09,6.283210151607429e-10
2.8658651084584013,-0.6507021064983767,-1.163562541775021,-1.6814528361465126,1.5474042136817727,0.04313667703650722,-0.645276009628052,4.153002117461592e-09,6.207963500717553e-09,-2.280420390331024e-10,1.826919344222858e-09,-1.5199542819735885e-10,1.9029659550586016e-09,-7.800689282007798e-10,1.2748924550551806e-09,-2.870550084201708e-10,1.7679063748357896e-09,-3.882003238846232e-09,1.8270418555902716e-09,-1.802417663044968e-09,2.5254372021099234e-10,-9.502471669394606e-10,1.1047142163164998e-09,-2.160766416068322e-09,1.0580503281236162e-10,-2.2910026073730207e-09,2.360412241170603e-10,-1.0104945831392137e-09,1.0444668001167466e-09,-1.6190352611260017e-09,4.359261221299587e-10,-8.331457098620388e-10,1.2218156733939216e-09,-2.1032383534733332e-09,4.827697021737284e-11,-2.1670095285484487e-09,1.1204814529248832e-10,-2.566972951508935e-09,5.120115682529746e-10
0.18886081540158398,0.45032992574664504,1.501382410989082,-0.041920678962652294,-0.48636898024482295,-0.5298892116732653,-0.24128336519608873,-1.605060377203448e-09,6.938916749460141e-10,-2.280420390331024e-10,6.831266632243315e-10,-1.5199542819735885e-10,7.591732740600751e-10,-7.527726666323941e-10,1.583960356250398e-10,4.968709115065892e-10,1.408039613764023e-09,2.0031951585649708e-10,1.111488218113931e-09,-3.96095124117751e-10,5.150735781396829e-10,-3.826919625320275e-10,5.284767397254064e-10,-1.3335586542685494e-09,4.2238995201111555e-10,-1.4637948455732479e-09,5.52626143315814e-10,-2.4070670699522286e-10,6.70461995262211e-10,-1.56567237429257e-09,6.545036720351362e-10,-7.87264500597347e-10,1.2390420166008682e-10,-1.6558125756956675e-09,7.446438734382336e-10,-1.7270868650146995e-09,8.159181627572656e-10,-1.197608598999313e-09,2.8643989674187915e-10
-0.5990227936967071,-1.0965495066188256,-1.738029960118659,-0.8830625887633771,-0.47070269272761095,-0.8427655467730112,0.21114829270842447,-1.5607056463746214e-09,1.9304712039248854e-09,-2.280420390331024e-10,5.978075965833663e-10,-1.5199542819735885e-10,5.217609857476228e-10,1.2488032062946452e-09,8.790376487443812e-10,9.249002093950961e-10,5.551346518448321e-10,1.5829704810307266e-09,1.2132049234804626e-09,8.9479601846805e-10,5.25030460917786e-10,1.239919523961e-09,8.70153966410736e-10,2.6374991425322248e-09,2.267733584981961e-09,2.5072629512275257e-09,2.137497393677262e-09,1.1809121418077375e-09,8.111465842574735e-10,2.4134263935718927e-09,2.043660836021629e-09,1.0134520958305288e-09,6.436865382802648e-10,1.9613183774199176e-09,1.5915528198696536e-09,1.8831004236551846e-09,1.5133348661049206e-09,1.6783817070955043e-09,1.3086161495452403e-09
-0.6003252552007973,-0.5683084321417458,1.6185328538453503,1.020895453527068,-0.9753648128836075,0.5024581091714457,-0.012840991455002167,-2.9895159164805155e-09,2.7251181857153337e-09,-2.280420390331024e-10,3.63556917320796e-11,-1.5199542819735885e-10,1.1240230256782314e-10,1.25125762509104e-09,1.515655355856222e-09,-9.154279725792642e-10,6.510302418140822e-10,-1.0511232612924555e-10,1.5928540463593644e-10,-1.242667039416272e-09,9.7826930865109e-10,-1.5554525186116945e-09,1.2910547878465125e-09,7.515482683161933e-10,1.0159459990813754e-09,6.213120770114946e-10,8.857098077766767e-10,-1.5625329739665167e-09,1.2981352432013347e-09,2.4753420700102956e-10,5.119319377662115e-10,-2.728333245498505e-09,2.4639355147333232e-09,-6.647438512396114e-10,4.0034612047442944e-10,-7.570421466877237e-10,4.926444159225417e-10,-1.1277671354122805e-09,8.633694046470985e-10
-0.5902336349085546,-0.4639138982930021,-0.7112806195441189,1.2134511227686824,-0.9898956299523733,0.30633362583739915,-0.34964469859626285,-3.0306558789061974e-09,1.8126922343283875e-09,-2.280420390331024e-10,9.899216055447076e-10,-1.5199542819735885e-10,1.0659682163804511e-09,1.232143473944464e-09,2.450107118522274e-09,-6.471206080307261e-10,5.708430365470838e-10,1.2856125455893352e-10,1.3465248991367435e-09,-1.0443642176151408e-09,1.7359942696266914e-10,-1.2902899183586211e-09,7.23262737808112e-11,9.454123514114117e-10,2.1633759959892216e-09,8.151761601067133e-10,2.033139804684523e-09,-1.3209526958912869e-09,1.0298905131347697e-10,4.326639345385661e-10,1.650627579116376e-09,-1.0326754496123807e-09,1.8528819496542924e-10,-4.752455949403643e-10,7.427180496374456e-10,-5.67671837643709e-10,6.502918069341009e-10,-9.07259569399385e-10,3.1070407517842496e-10
-0.5960355585603221,-0.8615885627134146,-0.7230863579710934,-0.46371055966938823,-0.7077260831460885,1.6550903964572357,-0.369002189295132,-2.2317713772056887e-09,9.590023878053387e-10,-2.280420390331024e-10,1.0447269503672477e-09,-1.5199542819735885e-10,1.1207735612029913e-09,1.2431599099817407e-09,2.5159288993820908e-09,-2.4922822542981917e-09,1.2195132648978416e-09,-1.5583077354810493e-09,2.855387460806992e-10,-2.2709193712505223e-09,9.981503818501722e-10,-2.8945796541359105e-09,1.6218106647355605e-09,-9.089068508482462e-10,3.6386213855210393e-10,-1.0391430421529455e-09,2.336259472474046e-10,-2.7625524842370656e-09,1.4897834948367155e-09,-1.2589575140667063e-09,1.3811475333643746e-11,-2.5931238790589044e-09,1.3203548896585543e-09,-1.9499467016199837e-09,6.771777122196336e-10,-2.0347023683966936e-09,7.619333789963435e-10,-2.307338209569849e-09,1.0345692201694987e-09
-0.5678615003223778,-0.8853228974698174,-1.7052668720385251,-0.8579346414617106,-0.671502648842243,-0.4232424734625823,-0.020744344817117812,-2.1292148093859318e-09,1.8424409342638558e-09,-2.280420390331024e-10,5.873183608897363e-11,-1.5199542819735885e-10,1.3477844692471717e-10,1.1889728606808075e-09,1.4757467358028835e-09,3.5097324090179477e-10,6.377471160238708e-10,1.0168714165888353e-09,1.3036452917109113e-09,1.415036665469046e-10,4.282775416689806e-10,2.471831143092999e-10,5.339569894313759e-10,1.7956032736970575e-09,2.0823771488191334e-09,1.6653670823923584e-09,1.9521409575144343e-09,2.0447588511110677e-10,4.912497602331827e-10,1.4654162142983276e-09,1.7521900894204036e-09,2.74719671655213e-10,5.61493546777289e-10,8.564928486110118e-10,1.1432667237330878e-09,7.732599146732058e-10,1.0600337897952817e-09,5.808692855313565e-10,8.676431606534325e-10
-0.6074097665715393,2.2586448976984115,-0.6568314106922304,-0.2300521043444454,-0.6765831517314321,-0.7948630571729156,0.29631818809148047,-2.1435988386511605e-09,2.7544992394298776e-09,-2.280420390331024e-10,8.389424398118194e-10,-1.5199542819735885e-10,7.628958289760759e-10,1.264543101634765e-09,6.536427008560478e-10,8.593673879878656e-10,2.4846698720914855e-10,1.533335528716624e-09,9.22435127937907e-10,6.110517974027824e-10,1.513966240652746e-13,8.738961873069432e-10,2.6299578652822607e-10,2.6395492248675967e-09,2.0286488240888796e-09,2.509313033562898e-09,1.898412632784181e-09,7.855326946145777e-10,1.7463229383586058e-10,2.306589778600613e-09,1.6956893778218958e-09,7.873433921270491e-10,1.7644299134833205e-10,1.659686066591071e-09,1.0487856658123539e-09,1.5755797837767976e-09,9.646793829980805e-10,1.2834960636198263e-09,6.725956628411092e-10
-0.23652387839771458,2.109778992805878,-0.2152905707730094,0.6619462816347238,0.15673216432169085,0.5483918658298753,-0.8740373097950924,2.1570144218861882e-10,2.918336748306889e-09,-2.280420390331024e-10,2.474593267085168e-09,-1.5199542819735885e-10,2.5506398779209114e-09,4.247091395042476e-10,3.127344445622518e-09,-9.782674762624724e-10,1.7243678298557978e-09,-6.197755646785848e-10,2.082859741439685e-09,-4.0742107390527977e-10,2.2952142322129902e-09,-4.245269209017496e-10,2.2781083852165206e-09,-1.5628547288105174e-09,1.1397805773077528e-09,-1.6930909201152159e-09,1.0095443860030543e-09,-4.697171634774473e-10,2.2329181426408227e-09,-1.4952839272592669e-09,1.2073513788590033e-09,-5.758091269442271e-10,2.126826179174043e-09,-1.4241121075156582e-09,1.278523198602612e-09,-1.4861945876714868e-09,1.2164407184467834e-09,-1.5364916094669971e-09,1.166143696651273e-09
0.2476229700637187,-0.9089050909060169,-0.025851759414342305,0.8328421069842121,-0.5474289520757702,0.27949987616297184,-0.8359269364080019,-1.7779346852998558e-09,8.168017104024443e-10,-2.280420390331024e-10,2.366694356669198e-09,-1.5199542819735885e-10,2.4427409675049414e-09,-9.064886836243964e-10,1.6882477120779037e-09,-6.104107973344348e-10,1.9843255983678653e-09,-8.901545331716046e-10,1.7045818625306955e-09,-1.4705149936027389e-09,1.1242214020995613e-09,-1.3467156189450503e-09,1.24802077675725e-09,-2.5793682927640166e-09,1.5368102938283607e-11,-2.7096044840687152e-09,1.1486808836641508e-10,-1.504997262444674e-09,1.0897391332576261e-09,-2.8432014701779398e-09,2.484650744756396e-10,-1.3406851113619425e-09,1.2540512843403576e-09,-2.9302190876008525e-09,3.3548269189855234e-10,-3.0018708065030846e-09,4.0713441080078447e-10,-2.399927225741692e-09,1.948091699606083e-10
-0.34116135012405596,-0.758626788541115,1.2881496220224975,1.5222911282230858,0.9603915345749153,0.16313524982319957,-0.5589161589099336,2.4910391701910646e-09,4.301496683030284e-09,-2.280420390331024e-10,1.5824154738061174e-09,-1.5199542819735885e-10,1.658462084641861e-09,6.900249528375748e-10,2.5004824656767948e-09,-4.512186062874756e-10,1.359238906551744e-09,-4.425654094136065e-12,1.8060318587450837e-09,1.0882771226608997e-09,2.8987346355001192e-09,1.2846091031494003e-09,3.09506661598862e-09,-5.093821185647127e-10,1.301075394274507e-09,-6.396183098694114e-10,1.1708392029698084e-09,1.4119809702218278e-09,3.2224384830610474e-09,-1.4297738658046292e-10,1.6674801262587569e-09,2.6868152984326786e-09,4.497272811271898e-09,5.406858976961314e-10,2.351143410535351e-09,4.962206729403434e-10,2.306678185779563e-09,1.7742948821336921e-10,1.987887001052589e-09
-0.3556511457360934,-0.6064770389390114,-0.5601576328263252,0.8543980636769444,-1.240163616004098,-0.30238492246020293,-0.3655429012795273,-3.739219994316503e-09,2.4762450156939427e-09,-2.280420390331024e-10,1.0349329395894576e-09,-1.5199542819735885e-10,1.1109795504252011e-09,7.25155165625903e-10,1.988130144248463e-09,1.8563452110510258e-10,1.4486094997276624e-09,5.985089356882095e-10,1.8614839143107694e-09,-9.011391716271249e-10,3.61835806995435e-10,-1.0068290865380366e-09,2.5614589208452335e-10,2.2535221092145612e-10,1.488327189544016e-09,9.511601961675748e-11,1.3580909982393174e-09,-1.0800681094166431e-09,1.829068692059168e-10,-4.442425096611901e-10,8.187324689613699e-10,-6.480799081109376e-10,6.148950705116224e-10,-1.1755605516991255e-09,8.741442692343437e-11,-1.267737160649248e-09,4.762182026688127e-12,-8.658178298808139e-10,3.97157148741746e-10
-0.19855314784859973,1.9691506300254158,0.004058818210985577,-1.2619448119903676,1.2092153806595491,0.16413163276663303,-0.3020955500256527,3.1955146054051783e-09,4.278856075860868e-09,-2.280420390331024e-10,8.552994314225876e-10,-1.5199542819735885e-10,9.313460422583311e-10,3.2391169054229113e-10,1.407253160997981e-09,-4.525817042398022e-10,6.307597662158878e-10,-1.848055992428495e-10,8.985358712128404e-10,1.209939090126796e-09,2.293280560582486e-09,1.3207590750276237e-09,2.4041005454833136e-09,-1.1837911384138624e-09,1.0044966795817246e-10,-1.314027329718561e-09,2.3068585926287115e-10,1.42657744559932e-09,2.50991891605501e-09,-7.391154479514277e-10,3.4422602250426223e-10,1.0803403213288834e-09,2.1636817917845735e-09,-3.6186955784837844e-11,1.047154514670852e-09,-7.875737395222708e-11,1.0045840965034628e-09,-7.453501098941227e-10,3.379913605615672e-10
-0.5930612379762258,1.2689236730438203,0.35146213452332875,1.1159698521203887,-0.08499389624577004,-1.2769018811947657,1.2464090890915978,-4.686785897112721e-10,3.7694968239574824e-09,-2.280420390331024e-10,3.5288602732793124e-09,-1.5199542819735885e-10,3.452813662443569e-09,1.2375216101655065e-09,2.0632966240807036e-09,1.5188187949959934e-09,1.7819994392502166e-09,2.1207955301297777e-09,1.1800227041164323e-09,1.8358658970266878e-09,1.4649523372195222e-09,2.4616818309182948e-09,8.391364033279153e-10,3.2007170345955147e-09,1.0010119965069534e-10,3.070480843290816e-09,2.3033739095539403e-10,2.422793076909136e-09,8.780251573370741e-10,3.162662604017544e-09,1.3815563022866585e-10,2.2870133145144495e-09,1.0138049197317606e-09,3.082801573709386e-09,2.1801666053682414e-10,3.015332121031251e-09,2.854861132149589e-10,2.937520753065758e-09,3.632974811804522e-10
-0.6003240597373467,2.2600761959010724,-0.30523303181983696,-1.4783586857871265,0.37478747004838814,0.04312706669374168,1.919228850717991,8.330643228761552e-10,4.372655719821286e-09,-2.280420390331024e-10,5.4337620817305435e-09,-1.5199542819735885e-10,5.3577154708948e-09,1.2512553740047078e-09,3.954464668692733e-09,-2.8704186102676026e-10,5.492761903724201e-09,4.718462193329881e-10,4.7338738233644525e-09,8.495844572421059e-10,4.356135585455335e-09,1.1817909436011998e-09,4.023929099096241e-09,1.3991714327708718e-09,3.806548609926569e-09,1.2689352414661731e-09,3.9367848012312674e-09,1.3255067788448617e-09,3.880213263852579e-09,1.5553980844482514e-09,3.6503219582491894e-09,8.135810019836388e-10,4.392139040713802e-09,1.9250347432058865e-09,3.2806852994915543e-09,1.8703607255071076e-09,3.3353593171903332e-09,1.9372439764064397e-09,3.268476066291001e-09
-0.5350353374161949,-0.19949573305011378,0.30222038247810346,-1.4667131705178027,-0.7439918173083659,-0.3023296279443887,0.16232740141951693,-2.334447705296204e-09,2.565990503334119e-09,-2.280420390331024e-10,4.595848370710174e-10,-1.5199542819735885e-10,3.8353822623527384e-10,1.1236357483052225e-09,8.920929502673074e-10,1.8555887564993104e-10,4.5983922387983956e-11,8.237617476702776e-10,5.922189496323626e-10,-1.200773868672587e-10,3.516201849051737e-10,-9.15556251862882e-11,3.230984232242032e-10,1.3748188891866821e-09,1.143276091148767e-09,1.244582697881983e-09,1.013039899844068e-09,-1.3207674047868738e-10,3.636195385166024e-10,1.0046542855660823e-09,7.731114875281672e-10,-1.165517552335324e-10,3.480945532714474e-10,3.6703365356879103e-10,1.3549085553087604e-10,2.824933468752027e-10,5.095054883728772e-11,1.5718998943967717e-10,7.435280859823783e-11
-0.17965603618346931,0.9271850187532684,-1.7368571175546474,-1.1354730725071736,0.4738787211103619,0.10186986664577326,-0.48791742744961825,1.113613608309397e-09,2.7230579826082572e-09,-2.280420390331024e-10,1.3814023352657576e-09,-1.5199542819735885e-10,1.4574489461015011e-09,2.7298162867418457e-10,1.8824260029730443e-09,-3.674047283924152e-10,1.2420396459064447e-09,-1.3033579258455586e-10,1.479108581714304e-09,4.098320101273422e-10,2.019276384426202e-09,4.5332687287718273e-10,2.0627712471760425e-09,-1.172871171413826e-09,4.36573202885034e-10,-1.3031073627185246e-09,3.063370115803353e-10,4.958619353842227e-10,2.1053063096830826e-09,-9.783153020918928e-10,6.311290722069672e-10,5.7306232242317936e-11,1.6667506065411779e-09,-7.389648336209338e-10,8.704795406779261e-10,-7.954121436666003e-10,8.140322306322596e-10,-1.0425096203962697e-09,5.669347539025902e-10
-0.5844787446577482,1.019136729296784,-0.5476583151987661,0.8273621067903666,0.0076201000704880836,-0.07686514938574862,0.38019149012911857,-2.0646784749960167e-10,1.0548321484855057e-09,-2.280420390331024e-10,1.0764063400190064e-09,-1.5199542819735885e-10,1.0003597291832628e-09,1.2211434729370507e-09,3.7277917195114665e-10,-1.2288695942892464e-10,9.712512604148288e-10,6.02663854864154e-10,2.457004461217501e-10,5.454615478396387e-10,3.029027531462653e-10,7.754187609766394e-10,7.294554000926466e-11,1.4391686311935625e-09,5.908043302076584e-10,1.3089324398888638e-09,4.6056813890295976e-10,8.526075848895583e-10,4.243283903654227e-12,1.442531143286634e-09,5.941668423007299e-10,4.826165088936229e-10,3.6574779209228117e-10,1.4394743071074974e-09,5.911100061215934e-10,1.374565220068248e-09,5.262009190823439e-10,1.3270435410708943e-09,4.786792400849903e-10
-0.5366527282559712,2.1787439931632298,0.15669440019208306,0.3431258049274823,0.4081969188359924,0.24802104462619357,0.040964431320174216,9.276538742606544e-10,1.0397165325524005e-09,-2.280420390331024e-10,1.1597938074135639e-10,-1.5199542819735885e-10,3.9932769905612845e-11,1.1269106308958063e-09,1.2389732891875524e-09,-5.673462998014326e-10,4.552836415096866e-10,1.3450465250855253e-10,2.465673108002985e-10,5.776805830889969e-10,6.897432413807429e-10,7.913851120095681e-10,9.034477703013141e-10,6.108713735557435e-10,7.229340318474895e-10,4.806351822510448e-10,5.926978405427908e-10,9.282913842167189e-10,1.040354042508465e-09,7.801542484805093e-10,8.922169067722553e-10,7.012068444333813e-10,8.132695027251273e-10,1.1462199577897405e-09,1.2582826160814866e-09,1.0917752589536371e-09,1.2038379172453832e-09,1.1080458232184548e-09,1.220108481510201e-09
-0.5887130280869397,1.721744108665629,-1.3152147140677732,-1.7078582026241762,-0.710400618588837,1.1418235863939368,-0.6023103025597332,-2.23934357958771e-09,3.0602763209894973e-10,-2.280420390331024e-10,1.705273908455658e-09,-1.5199542819735885e-10,1.7813205192914016e-09,1.2292440171092934e-09,3.162559964598054e-09,-1.7901095179970312e-09,1.4320642949172914e-10,-9.227973772175734e-10,1.010518570271187e-09,-1.6890032207737726e-09,2.4431272671498777e-10,-2.1275982097874217e-09,1.9428226229866132e-10,-2.4492344924406506e-10,1.6883924982446952e-09,-3.7515964054876405e-10,1.5581563069399963e-09,-2.0494387301036964e-09,1.1612278261493607e-10,-5.964496869222559e-10,1.3368662605665046e-09,-1.882834846498868e-09,5.048110098989237e-11,-1.2765674236210586e-09,6.567485238677018e-10,-1.3612534889007407e-09,5.720624585880196e-10,-1.615502422276045e-09,3.1781352521271533e-10
-0.6075404175754926,-0.8358989698075383,0.4564989048502761,1.300508306131224,0.0914939903443523,-0.8010262229022838,0.945346842981699,3.0997718134665143e-11,2.4174465970030447e-09,-2.280420390331024e-10,2.6764863541708124e-09,-1.5199542819735885e-10,2.600439743335069e-09,1.264787080571427e-09,1.183657234566283e-09,8.677988837706036e-10,1.5806454313671064e-09,1.541241114150419e-09,9.072032009872911e-10,1.506434388213592e-09,9.42009926924118e-10,2.049915123910255e-09,3.9852919122745515e-10,2.6493305460103716e-09,2.0088623087266156e-10,2.519094354705673e-09,7.065003956796287e-11,2.0718184311127587e-09,3.766258840249513e-10,2.6891782799783066e-09,2.4073396484059654e-10,2.0019248385045188e-09,4.4651947663319126e-10,2.7792866931568833e-09,3.3084237801917325e-10,2.7167366957550973e-09,2.682923806173873e-10,2.6916779579981406e-09,2.4323364286043055e-10
-0.571188812109761,-0.9384046223482808,-0.9043320882547723,-1.245784872407547,0.024062365636159374,0.2666261522542109,0.276587918213443,-1.5991615089757073e-10,7.149557864082568e-10,-2.280420390331024e-10,7.830816745437885e-10,-1.5199542819735885e-10,7.070350637080449e-10,1.1954630605811352e-09,6.404234250704491e-10,-5.927989475787773e-10,1.1478385830894635e-09,1.5451535490632178e-10,4.0052428060436433e-10,1.5193750873112507e-10,4.0310212677956105e-10,2.6145612024792276e-10,2.9358351526276336e-10,8.490564608853017e-10,2.9401682537461563e-10,7.188202695806031e-10,1.6378063406991694e-10,3.626018779285863e-10,1.924377575820998e-10,8.596471366974089e-10,3.046075011867228e-10,-5.443608062819074e-11,6.094757161388768e-10,8.682411041066085e-10,3.132014685959224e-10,8.037742919699849e-10,2.487346564592988e-10,7.638123724270007e-10,2.0877273691631462e-10
-0.5933972717770074,-0.9060510507289443,1.6557955376275595,-0.7301565253221449,-0.2824049118286845,-0.4741024870793778,0.6888660179110746,-1.0275929112571693e-09,2.7498831872669497e-09,-2.280420390331024e-10,1.9503323150428826e-09,-1.5199542819735885e-10,1.874285704207139e-09,1.238159586383869e-09,4.841306896259113e-10,4.2055209195825664e-10,1.3017381840515237e-09,1.1128312182885648e-09,6.094590577212155e-10,6.797402714566292e-10,1.042550004553151e-09,9.5520866558598e-10,7.670816104238003e-10,2.0715546552420886e-09,3.492643792323083e-10,1.94131846393739e-09,2.1902818792760963e-10,9.580469358102754e-10,7.642433401995048e-10,1.94110267050805e-09,2.188123944982699e-10,2.0059262107627157e-09,2.8363593475293547e-10,1.6632525830228384e-09,5.903769298694183e-11,1.5903191267562638e-09,1.319711492535165e-10,1.4528080923384862e-09,2.694821836712941e-10
-0.6020405302664644,-1.0228388155794799,1.1293471852330765,0.660441741118697,1.038551893917881,0.2759562323773818,1.5786799633110815,2.7123284639265962e-09,1.529222229881094e-09,-2.280420390331024e-10,4.469592732840793e-09,-1.5199542819735885e-10,4.3935461220050495e-09,1.25448431182573e-09,2.98706638198196e-09,-6.055629287315584e-10,4.847113622539249e-09,1.8154841852390612e-10,4.060002275283784e-09,1.3498470527962387e-09,2.8917036410114516e-09,1.838167479438657e-09,2.4033832143690332e-09,1.0850895305937784e-09,3.1564611632139117e-09,9.548533392890799e-10,3.2866973545186104e-09,2.0996855569198915e-09,2.1418651368877987e-09,1.4767411723103182e-09,2.764809521497372e-09,3.726581897809771e-09,5.14968795997919e-10,2.563123641371635e-09,1.6784270524360554e-09,2.5269962454225e-09,1.7145544483851902e-09,2.8143593314344274e-09,1.4271913623732628e-09
-0.5346776419565817,-0.2796221689128295,-0.4224871834232887,-0.7866147553849786,-0.711691065843107,0.25996499631459374,-0.17820632011381207,-2.2429971216632693e-09,1.5104135087595414e-09,-2.280420390331024e-10,5.045415738706256e-10,-1.5199542819735885e-10,5.805881847063691e-10,1.122910709960079e-09,1.855494322863807e-09,-5.836861781548732e-10,1.4889743474885475e-10,1.1702112087247423e-10,8.496047337762021e-10,-7.333074619640064e-10,7.238490602785292e-13,-8.666689515001325e-10,1.340853385964046e-10,5.79358892156812e-10,1.31194250506054e-09,4.4912270085211347e-10,1.1817063137558414e-09,-8.794534107932871e-10,1.4686979788955917e-10,2.2712025629611348e-10,9.597038691998413e-10,-7.687691571888203e-10,3.6185544285092367e-11,-3.91041762525397e-10,3.415418503783309e-10,-4.747322004446714e-10,2.5785141245905655e-10,-5.952645920121018e-10,1.3731902089162613e-10
2.2560158732579016,-0.7196168282641314,-1.4299511683043664,0.6593625273584185,0.38887925482382674,-1.0004830983806874,-0.1266143105022417,8.729612876117782e-10,1.4594764910901513e-09,-2.280420390331024e-10,3.5847316444527075e-10,-1.5199542819735885e-10,4.345197752810143e-10,-1.1043361693168303e-09,5.178209658384572e-10,1.140665114905787e-09,1.7271803183841602e-09,-1.8051012444864788e-09,1.2185860410081057e-09,-1.2301282682404693e-09,6.436130647620962e-10,-7.470173382864614e-10,1.6050213480808822e-10,-8.96537519131333e-10,3.1002231565295984e-10,-1.0267737104360317e-09,4.402585069576585e-10,3.477029522756886e-11,6.212854987059419e-10,-7.347872063212959e-10,1.4827200284292274e-10,3.2185644353971333e-10,9.083716470180864e-10,-8.644650591383075e-10,2.7794985565993434e-10,-9.289602708324634e-10,3.424450673540903e-10,-1.0207483378259742e-09,4.3423313434760106e-10
1.9571454763746183,-0.39220770077170714,1.6857463708120122,-0.39239559354534576,-0.07001839668882112,0.037162914356031286,-0.7260000150911231,-4.262796326420932e-10,1.8572292944914771e-09,-2.280420390331024e-10,2.055466888100468e-09,-1.5199542819735885e-10,2.1315134989362115e-09,-1.3098795319428736e-09,9.736293951906967e-10,-2.7888262476877855e-10,2.004626302364792e-09,-2.7330681674209185e-09,4.4955924028734825e-10,-2.614962992321913e-09,3.3145406518834276e-10,-1.5476320935542848e-09,7.358768335792855e-10,-2.4731316837552484e-09,1.8962275662167806e-10,-2.603367875059947e-09,3.1985894792637675e-10,-1.62581778860734e-09,6.576911385262302e-10,-2.5044073503169124e-09,2.2089842318334206e-10,-2.1450173364315787e-09,1.3849159070199164e-10,-2.4926623410049244e-09,2.091534138713541e-10,-2.5579316542417195e-09,2.744227271081492e-10,-2.423024487236521e-09,1.395155601029505e-10
-0.5998349814447742,-1.021140371406271,1.1351145063276566,0.8929220426912584,0.09707904495022109,0.4837645782976727,0.7928264524858719,4.6810245093298086e-11,1.9698150536426323e-09,-2.280420390331024e-10,2.2446673377690327e-09,-1.5199542819735885e-10,2.168620726933289e-09,1.2503341657802187e-09,7.662911329557117e-10,-8.898543577118844e-10,2.9064796564478145e-09,-8.224743977883566e-11,2.0988727385147662e-09,1.8416461116207107e-11,1.9982088376197233e-09,9.430948958253762e-11,1.922315809153393e-09,7.738578779374007e-10,1.2427674207985297e-09,6.436216866327018e-10,1.3730036121032286e-09,2.3883380356171307e-10,1.7777914951742173e-09,8.161012338408868e-10,1.2005240648950435e-09,9.581069010690432e-10,1.0585183976668871e-09,8.962575968941322e-10,1.120367701841798e-09,8.338434479804608e-10,1.1827818507554695e-09,8.107167494187227e-10,1.2059085493172077e-09
0.2108995605493603,2.289009437222089,-0.844685225381077,-0.3872659164182629,1.049092226597045,-0.2401873829553649,-0.44731814884844945,2.742170480953091e-09,4.2366693027577215e-09,-2.280420390331024e-10,1.2664567827715277e-09,-1.5199542819735885e-10,1.3425033936072712e-09,-8.112141570236131e-10,6.832846647810169e-10,1.0054541023910762e-10,1.5950442320437376e-09,-1.9125396718241711e-10,1.303244854622213e-09,1.0188574103470291e-09,2.5133562321516594e-09,9.099842785323113e-10,2.4044831003369414e-09,-1.782905970801207e-09,2.8840714899657694e-10,-1.913142162105906e-09,4.1864334030127583e-10,1.0543668482448338e-09,2.548865670049464e-09,-1.3878967207784047e-09,1.0660210102622536e-10,7.144045958336267e-10,2.2089034176382567e-09,-1.1227977024599861e-09,3.717011193446439e-10,-1.1749264077428405e-09,3.195724140617895e-10,-2.065389017609611e-09,5.708901958049808e-10
1.8353402047291285,1.0672910539490623,-1.620597633393484,-0.6618534235759336,0.07638560848096727,-1.029183819317047,-0.06194048304826652,-1.1777458184122885e-11,3.9163181127896807e-10,-2.280420390331024e-10,1.753672304299886e-10,-1.5199542819735885e-10,2.5141384126573214e-10,-1.400501835094037e-09,9.970925656309461e-10,1.179929028641441e-09,1.5833382981045319e-09,-1.2406451140690977e-09,8.372358446060067e-10,-1.0718547382483338e-09,6.684454687852429e-10,-7.077291098715758e-10,3.0431984040848484e-10,-1.0160046614708592e-09,6.125953920077682e-10,-1.1462408527755578e-09,7.428315833124669e-10,3.191903677003765e-11,4.3532830623312863e-10,-9.826584814303213e-10,5.792492119672303e-10,3.7999512340876566e-10,7.834043928718566e-10,-1.006081210477484e-09,6.02671941014393e-10,-1.0710129682995173e-09,6.676036988364263e-10,-1.0201600430738254e-09,6.167507736107344e-10
-0.5981144455036622,1.7186140497262827,-0.07426597216136929,1.4011197292106918,2.535230971724306,0.21853956653785325,2.0502764192820955,6.949758522599146e-09,1.3730137796945254e-09,-2.280420390331024e-10,5.8047867819377234e-09,-1.5199542819735885e-10,5.72874017110198e-09,1.247089277393551e-09,4.32965546551107e-09,-5.270142741695012e-10,6.103759017074122e-09,2.487372764972484e-10,5.328007466407372e-09,3.1422630900681975e-09,2.434481652836423e-09,4.176048133938761e-09,1.40069660896586e-09,1.1336335792214239e-09,4.443111163683197e-09,1.0033973879167254e-09,4.5733473549878955e-09,4.643779342537841e-09,9.329654003667799e-10,1.906489667997505e-09,3.6702550749071157e-09,3.364757762051484e-09,2.211986980853137e-09,4.748892401142422e-09,8.278523417621986e-10,4.754266811521549e-09,8.22477931383072e-10,5.503636740219477e-09,7.310800268514382e-11
-0.5994007237886133,0.0811474267035056,0.5078511614658605,1.2977232026110304,-0.48102149033851965,-1.0224227557855428,0.6535981307043076,-1.5899204485417684e-09,3.212359522265178e-09,-2.280420390331024e-10,1.8504811127565122e-09,-1.5199542819735885e-10,1.7744345019207686e-09,1.2495157772218542e-09,3.729232965015556e-10,1.1706795810108084e-09,4.517594927126014e-10,1.8091103947876573e-09,1.866713210642475e-10,1.091034082177344e-09,5.314049915460659e-10,1.4968227736784002e-09,1.2561630004500967e-10,2.893922009733567e-09,1.2714829360101573e-09,2.7636858184288684e-09,1.1412467447054586e-09,1.4195958246189165e-09,2.0284324910449333e-10,2.664557412253942e-09,1.042118338530532e-09,1.3638695456333764e-09,2.585695280900334e-10,2.2047310540792085e-09,5.822919803557987e-10,2.126220863425476e-09,5.037817897020661e-10,1.9174828684751654e-09,2.9504379475175555e-10
-0.5686063887296475,-0.523312941699304,-0.46084807729764177,-0.6329601068890879,-0.1574895033661793,-0.5776282762198091,0.501028494947517,-6.739297148783131e-10,1.8644103479558633e-09,-2.280420390331024e-10,1.4185226721106523e-09,-1.5199542819735885e-10,1.3424760612749088e-09,1.190427943699595e-09,5.2689377955013773e-14,5.621801598816601e-10,6.283004731958899e-10,1.211729161001951e-09,2.1248527924400947e-11,9.152152000963012e-10,2.752654329812488e-10,1.2427292812405027e-09,5.2248648162952715e-11,2.0191171809026888e-09,8.286365478251388e-10,1.8888809895979897e-09,6.984003565204397e-10,1.2605241430443129e-09,7.004350996676287e-11,1.9477936178827493e-09,7.573129848051993e-10,9.914392213662851e-10,1.9904141171126488e-10,1.795450441197207e-09,6.04969808119657e-10,1.726080653058538e-09,5.356000199809881e-10,1.6463052621446207e-09,4.558246290670707e-10
0.3551508136177074,-0.9193145110487375,-1.2648950424071121,0.6853670658594554,0.38095787857390023,-0.5095440907583985,-0.3583753130973563,8.50534116466519e-10,2.093216064965459e-09,-2.280420390331024e-10,1.0146399094658377e-09,-1.5199542819735885e-10,1.0906865203015813e-09,-1.1666795022540907e-09,7.600244624484931e-11,4.690378450719834e-10,1.7117197935709235e-09,-3.41105512639733e-11,1.2085713972349667e-09,3.909689134624154e-10,1.6336508619613554e-09,3.080928640132057e-10,1.5507748125121458e-09,-1.6244905645108062e-09,3.8180861601186614e-10,-1.7547267558155049e-09,5.120448073165648e-10,5.228596793251811e-10,1.7655416278241212e-09,-1.4658422502033612e-09,2.2316030170442114e-10,4.83383537997504e-10,1.726065486496444e-09,-1.4198338569845967e-09,1.7715190848565665e-10,-1.4808687161247973e-09,2.381867676258573e-10,-1.7576778376781458e-09,5.149958891792057e-10
0.44433383980810803,1.612089998197077,-0.8660175092893371,-0.09405147164273653,0.1473060254263795,-0.7459645948013417,-0.18360651357208116,1.8901395461395733e-10,9.368867116114573e-10,-2.280420390331024e-10,5.198307179643976e-10,-1.5199542819735885e-10,5.958773288001411e-10,-1.3561813784182869e-09,6.083086214207869e-10,7.92472029762515e-10,1.540344786760015e-09,1.508326254346982e-10,8.987053824321981e-10,2.9105048760369323e-10,1.0389232446011931e-09,2.0780283612962422e-10,9.556755931271242e-10,-1.3929178194420762e-09,6.450450624445763e-10,-1.5231540107467747e-09,7.752812537492747e-10,5.258116005781272e-10,1.2736843575756272e-09,-1.3293177299439777e-09,5.814449729464777e-10,5.848934556598368e-10,1.3327662126573368e-09,-1.3214470602803091e-09,5.735743032828092e-10,-1.3851209923406828e-09,6.372482353431829e-10,-1.4331532012723216e-09,6.852804442748217e-10
-0.5702673861297335,0.37825849479428336,0.34704007551636046,1.5406342391292565,0.3287943011171438,-1.2985351193544767,1.0732204356481823,7.02847471840528e-10,2.107635314543513e-09,-2.280420390331024e-10,3.038524825417143e-09,-1.5199542819735885e-10,2.9624782145813994e-09,1.193668180379452e-09,1.6168146060045886e-09,1.5484140654008452e-09,1.2620687209831954e-09,2.1193376976180833e-09,6.911450887659572e-10,2.312975156754256e-09,4.975076296297844e-10,3.0437671136670135e-09,2.3328432728297297e-10,3.0486019597219888e-09,2.381191733379482e-10,2.918365768417291e-09,1.0788298203325036e-10,3.078832535382585e-09,2.6834974899854456e-10,3.1866296742972415e-09,3.7614688791320094e-10,2.892133435619681e-09,8.165064923564026e-11,3.509710237240234e-09,6.992274508561934e-10,3.453483249382236e-09,6.430004629981955e-10,3.4831246854396386e-09,6.72641899055598e-10
-0.42986074388531664,-0.700204421208177,0.6767586474658519,1.6574541362453588,-0.6463881877273351,-0.8984837837212498,0.10989821086016852,-2.0581102058582024e-09,2.141214349730078e-09,-2.280420390331024e-10,3.111461829049784e-10,-1.5199542819735885e-10,2.3509957206923484e-10,8.983583040657365e-10,8.152541601938605e-10,1.0011253346764213e-09,9.180211908045453e-10,1.4404751093785927e-09,1.3573709655067167e-09,5.604842189246787e-10,4.773800750528027e-10,7.174536446568187e-10,6.343495007849427e-10,1.4994548900658298e-09,1.4163507461939538e-09,1.3692186987611315e-09,1.2861145548892556e-09,7.216290314610764e-10,6.385248875892004e-10,1.1829079309750202e-09,1.0998037871031442e-09,6.361037374395977e-10,5.529995935677217e-10,7.163206100513862e-10,6.332164661795102e-10,6.360128850815731e-10,5.529087412096971e-10,7.287036018561723e-10,6.455994579842963e-10
-0.6017191515035458,-1.0261409036439657,0.9946313286038804,-0.8218475590629523,0.1783965512428383,-1.1215137092141327,0.9467700057917606,2.770381213095225e-10,2.1754354830453376e-09,-2.280420390331024e-10,2.6805156433879624e-09,-1.5199542819735885e-10,2.604469032552219e-09,1.2538802401807332e-09,1.1985933641741268e-09,1.3062405885559153e-09,1.1462330157989448e-09,1.936489465451394e-09,5.159841389034662e-10,1.970756676587355e-09,4.817169277675049e-10,2.650739591239514e-09,1.9826598688465387e-10,3.0527891324682315e-09,6.003155281133714e-10,2.9225529411635332e-09,4.700793368086731e-10,2.6572878682259295e-09,2.048142638710694e-10,3.129441614093288e-09,6.769680097384281e-10,3.130571538605955e-09,6.78097934251095e-10,3.3104533444600978e-09,8.579797401052377e-10,3.2503135065363146e-09,7.978399021814545e-10,3.2539203360498016e-09,8.014467316949415e-10
-0.37654631956786444,2.32882373869419,1.6585750108450568,0.1913711903877387,0.25930718728846414,1.0459959569894146,-0.8771629331317935,5.061140577143696e-10,3.21759869598101e-09,-2.280420390331024e-10,2.483442599233538e-09,-1.5199542819735885e-10,2.5594892100692816e-09,7.75074714759926e-10,3.4865593530265664e-09,-1.6590128886554056e-09,1.0524717496112348e-09,-1.0689294570348584e-09,1.642555181231782e-09,-7.022778112092962e-10,2.009206827057344e-09,-7.82214092852048e-10,1.9292705454145926e-09,-1.559244146189644e-09,1.1522404920769964e-09,-1.6894803374943429e-09,1.0220043007722975e-09,-7.821189487044319e-10,1.9293656895622084e-09,-1.449213929089419e-09,1.2622707091772213e-09,6.872300396068002e-10,3.3987146778734406e-09,-1.2849982245287484e-09,1.426486413737892e-09,-1.344339163337869e-09,1.3671454749287713e-09,-1.4101244080692381e-09,1.3013602301974022e-09
-0.5515439969307729,-0.3353079385284076,0.44837417140865343,0.6710061710659311,-1.033792934361262,-0.7483167863713633,0.020613083725830258,-3.1549388731400363e-09,2.9852570409655643e-09,-2.280420390331024e-10,5.836020685863038e-11,-1.5199542819735885e-10,1.7686403977113164e-11,1.1567913642563604e-09,1.3264731964308323e-09,7.956899366262433e-10,9.653717688007153e-10,1.4046970300962937e-09,1.5743788622707657e-09,7.960446708395763e-11,2.492862992584296e-10,1.6422090818823183e-10,3.3390274036270387e-10,2.1278293161874906e-09,2.2975111483619626e-09,1.997593124882792e-09,2.167274957057264e-09,5.802056626122483e-11,2.2770239843569684e-10,1.5884517520917772e-09,1.7581335842662492e-09,3.5633765269613245e-11,2.0531559744408526e-10,7.124911680193908e-10,8.821730001938628e-10,6.19936257734516e-10,7.89618089908988e-10,4.0412663382044343e-10,5.738084659949155e-10
-0.5432647926564066,-0.18887983089651883,-0.46510752977180464,-1.407910956429849,-1.2209798511354737,0.014706209764720342,-0.38354843018427903,-3.684906505808361e-09,2.3709538857296806e-09,-2.280420390331024e-10,1.0859105810455777e-09,-1.5199542819735885e-10,1.1619571918813213e-09,1.1402387067974346e-09,2.4541913268761145e-09,-2.4816081419769763e-10,1.0657918058809825e-09,4.358738661906737e-10,1.7498264862693538e-09,-1.0286685889312165e-09,2.8528403114746353e-10,-1.2444942746209009e-09,6.945834545777918e-11,9.893010760413348e-10,2.303253696120015e-09,8.590648847366361e-10,2.173017504815316e-09,-1.334972218606893e-09,2.1019598528212914e-11,3.3216915141085206e-10,1.6461217714895322e-09,-9.520471449549648e-10,3.6190547512371525e-10,-6.766799887682871e-10,6.37272631310393e-10,-7.739356528208834e-10,5.400169672577967e-10,-9.89091914648783e-10,3.2486070542989713e-10
-0.5653915556062544,-0.06870690379841006,0.9550919142210684,-1.3532813162892505,1.171229942397612,-1.097261459271412,3.190963463177635,3.0879694140079073e-09,5.718313069496073e-09,-2.280420390331024e-10,9.034324522537083e-09,-1.5199542819735885e-10,8.958277911701339e-09,1.1841392745195255e-09,7.622143208984455e-09,1.27306238889473e-09,7.53322009460925e-09,1.860395869602189e-09,6.945886613901792e-09,3.0486943048013615e-09,5.757588178702619e-09,3.980287685362438e-09,4.825994798141542e-09,2.726628449903804e-09,6.079654033600177e-09,2.5963922585991052e-09,6.209890224904875e-09,4.148187021526197e-09,4.658095461977784e-09,3.159746407779052e-09,5.646536075724929e-09,5.099476721794209e-09,3.706805761709772e-09,4.350314154037846e-09,4.455968329466135e-09,4.316713881542154e-09,4.4895686019618265e-09,4.521957703379573e-09,4.284324780124408e-09
-0.5708738697714948,-0.7439628836894443,0.04104804383348293,-0.21290184280764987,-0.0312854596343628,-1.1384013374192605,0.7694614398139941,-3.1661810655476105e-10,2.267091877895661e-09,-2.280420390331024e-10,2.1785158103740025e-09,-1.5199542819735885e-10,2.102469199538259e-09,1.19484978264787e-09,7.556239886930301e-10,1.3293436450441554e-09,6.211301262967447e-10,1.9189574293137347e-09,3.151634202716547e-11,1.7121686447864521e-09,2.38305126554448e-10,2.2709667239662317e-09,3.204929526253316e-10,2.827593004093403e-09,8.771192327525027e-10,2.697356812788704e-09,7.46883041447804e-10,2.266766724404814e-09,3.1629295306391386e-10,2.813703250505316e-09,8.632294791644159e-10,2.021452654589427e-09,7.097888324852694e-11,2.785580249358043e-09,8.351064780171427e-10,2.7196156331146484e-09,7.691418617737483e-10,2.6670176567625496e-09,7.165438854216495e-10
0.6936826272409151,-0.2332074207629507,0.32968081761046614,-0.8907057016888177,-0.9099937723215322,-0.2961350487185925,-0.4136889866345509,-2.8044360176885666e-09,1.4051488046558066e-09,-2.280420390331024e-10,1.1712451739996576e-09,-1.5199542819735885e-10,1.2472917848354011e-09,-1.7302497789254059e-09,3.30962565892646e-10,1.7708440475111087e-10,1.5763716177838708e-09,-7.273966404099095e-10,6.718905726228504e-10,-1.7399140287979509e-09,3.4062681576519094e-10,-1.3974640237184608e-09,1.8231893142991635e-12,-2.2019141949472094e-09,8.026269819144495e-10,-2.332150386251908e-09,9.328631732191482e-10,-1.319167495291339e-09,8.01197177414209e-11,-2.6671224402821276e-09,1.2678352272493677e-09,-1.2574311593165578e-09,1.418560537162021e-10,-2.5678124462787047e-09,1.1685252332459448e-09,-2.6398830819621045e-09,1.2405958689293446e-09,-1.6568975488603018e-09,2.5761033582754193e-10
-0.6008097257038121,0.1664578260965688,0.4985443006637948,1.20380439107331,-0.060989978482075276,0.03606608351104045,1.0419323105216607,-4.0071818045181985e-10,3.12261735271536e-09,-2.280420390331024e-10,2.9499412112966425e-09,-1.5199542819735885e-10,2.873894600460899e-09,1.2521696375156458e-09,1.4697295347478943e-09,-2.7738210944110375e-10,2.999281281704644e-09,4.81325472084621e-10,2.240573700178919e-09,3.5443365354373114e-10,2.367465518719809e-09,5.341947783472743e-10,2.1877043939162656e-09,1.4131394914734295e-09,1.3087596807901107e-09,1.2829033001687312e-09,1.438995872094809e-09,6.149437409817177e-10,2.1069554312818227e-09,1.3859352584802542e-09,1.335963913783286e-09,6.194195012974512e-10,2.102479670966089e-09,1.3138663751201763e-09,1.4080327971433638e-09,1.2470478663611667e-09,1.4748513059023735e-09,1.1724364585297041e-09,1.549462713733836e-09
3.749970478615403,0.2734623752416192,-0.05493319065087401,-0.9108537106635546,-0.4007145059029833,4.218275363979917,-3.521118811515702,-1.3625535835841606e-09,8.834555915082239e-09,-2.280420390331024e-10,9.969067459633298e-09,-1.5199542819735885e-10,1.0045114070469042e-08,-5.01888739945326e-10,9.695220758721075e-09,-5.998837844887501e-09,4.198271653778899e-09,-1.0236857188131446e-08,3.974768946504559e-11,-9.90482719476179e-09,2.9228230390460936e-10,-4.036263280859083e-09,6.160846217807317e-09,-7.835235898016255e-09,2.361873600650145e-09,-7.965472089320953e-09,2.231637409345447e-09,-8.156648623383088e-09,2.0404608752833123e-09,-8.023864267878834e-09,2.173245230787566e-09,-7.759038903951282e-09,2.4380705947151177e-09,-7.901749852510496e-09,2.2953596461559045e-09,-7.967012030648843e-09,2.2300974680175567e-09,-7.826981194709249e-09,2.3701283039571512e-09
2.351648110913331,-0.45267791145227665,1.6111358918500827,1.2153504411612046,-0.5184851761199134,-0.6304807144369263,-0.36131114067087494,-1.6959884430723057e-09,4.4499451627983564e-10,-2.280420390331024e-10,1.0229518877593677e-09,-1.5199542819735885e-10,1.0989984985951112e-09,-1.0448570753991988e-09,2.0613685139327128e-10,6.344847399469958e-10,1.885478666739466e-09,-2.3899791394045283e-09,1.1389852126120583e-09,-2.817687092421183e-09,1.566693165628713e-09,-1.542615982788418e-09,2.91622055995948e-10,-1.3829708905159285e-09,1.319769637234585e-10,-1.5132070818206272e-09,2.622131550281572e-10,-1.0759978599024787e-09,1.7499606688999134e-10,-1.6316926773748736e-09,3.8069875058240355e-10,-1.6608392090637079e-09,4.0984528227123784e-10,-1.4260106797900883e-09,1.7501675299761825e-10,-1.4918835133462077e-09,2.408895865537377e-10,-1.1731096729221465e-09,7.788425387032355e-11
3.203918320633478,0.5197886514534602,1.1454445200421073,-0.044022282512704236,2.5815771258222524,0.18797278965445566,-0.8765844523181315,7.080974752845607e-09,9.790821583766287e-09,-2.280420390331024e-10,2.4818047918875777e-09,-1.5199542819735885e-10,2.557851402723321e-09,-6.5142750457148e-10,2.0584193263492e-09,-4.851975095875961e-10,2.224649321333084e-09,-4.488554553250973e-09,1.7787077223302928e-09,-1.164984503787864e-09,1.544862327132816e-09,-6.322419943998754e-10,2.0776048365208047e-09,-2.271330370042397e-09,4.385164608782828e-10,-2.401566561347096e-09,3.082802695735841e-10,-8.144914309458598e-10,1.8953553999748204e-09,-1.489289163214948e-09,1.220557667705732e-09,-8.467707481334097e-10,1.8630760827872703e-09,-2.202282932519603e-09,5.075638984010771e-10,-2.2657984889325853e-09,4.4404834198809467e-10,-2.8188876168021215e-09,1.0904078588144154e-10
-0.5245540034814117,-0.9636200580741564,-0.47767881571390763,1.3583913477432208,1.2158970428260125,-0.42622917305874297,0.06761428774816691,3.2144318713213713e-09,3.2510428817870563e-09,-2.280420390331024e-10,1.914310285674174e-10,-1.5199542819735885e-10,1.1538441773167385e-10,1.1022734157445378e-09,1.1388844262102228e-09,3.5505918409318697e-10,3.9167019455887197e-10,9.662249613639941e-10,1.0028359718296791e-09,2.2772272071924053e-09,2.3138382176580903e-09,2.9220151057993524e-09,2.9586261162650374e-09,1.4724000751411299e-09,1.5090110856068149e-09,1.3421638838364314e-09,1.3787748943021164e-09,3.1370201952435308e-09,3.1736312057092158e-09,1.9190945889639875e-09,1.9557055994296725e-09,2.1405541284809523e-09,2.1771651389466373e-09,3.082963035476838e-09,3.119574045942523e-09,3.049255474314208e-09,3.0858664847798928e-09,3.1285665606180223e-09,3.1651775710837073e-09
-0.43043272316921605,-1.1564582207892706,1.5285343478705415,-0.9170444347467608,-1.0083204610297685,2.022173709999056,-0.8416595782568724,-3.08282065770951e-09,4.718538828656701e-10,-2.280420390331024e-10,2.3829247358107375e-09,-1.5199542819735885e-10,2.458971346646481e-09,8.996484127987485e-10,3.510615187642588e-09,-2.994469205931337e-09,3.835024310874973e-10,-2.2274082254099847e-09,3.8355854943385507e-10,-3.2344173801643294e-09,6.234506053204895e-10,-3.833896992673464e-09,1.2229302178296238e-09,-2.6149604915809876e-09,3.993716737147745e-12,-2.745196682885686e-09,1.3422990804184602e-10,-3.9697479324458915e-09,1.3587811576020517e-09,-3.1388412601997117e-09,5.278744853558719e-10,-4.922328760451247e-09,2.311361985607407e-09,-3.869725621202652e-09,1.258758846358812e-09,-3.958552035286302e-09,1.347585260442462e-09,-3.811445736797955e-09,1.2004789619541152e-09
0.5235490752063908,-0.9093885732951953,0.37559902099994336,-0.4769356109754519,3.145847877565552,-0.11998726735633307,-0.5357495337019722,8.678550265273573e-09,1.0423417929580873e-08,-2.280420390331024e-10,1.5168256252741976e-09,-1.5199542819735885e-10,1.5928722361099412e-09,-1.5009796431444954e-09,2.4388802116280454e-10,-6.389390751743922e-11,1.6809737567898608e-09,-7.34951039558064e-10,1.009916624749236e-09,2.942783490920099e-09,4.687651155227399e-09,2.3638687164092877e-09,4.108736380716588e-09,-2.3469404054058824e-09,6.020727410985825e-10,-2.477176596710581e-09,7.323089324032812e-10,2.5624691304080538e-09,4.307336794715354e-09,-1.4631401259264247e-09,2.8172753838087524e-10,2.450759569064604e-09,4.195627233371904e-09,-8.900693196080064e-10,8.547983446992935e-10,-9.266948954719033e-10,8.181727688353967e-10,-3.916079869210715e-09,2.171212204903415e-09
0.3128834933525319,-0.46054562518966247,1.22685164091032,0.589691912985278,0.4681264799286343,2.4187186241152006,-2.2074103172355084,1.097327739114305e-09,7.575037438222385e-09,-2.280420390331024e-10,6.249667660074978e-09,-1.5199542819735885e-10,6.325714270910721e-09,-1.0681182500550814e-09,5.409591449052999e-09,-3.536960989837845e-09,2.9407487092702353e-09,-3.6591737077461844e-09,2.818535991361896e-09,-2.8452330087121618e-09,3.6324766903959186e-09,-2.5292362098816525e-09,3.948473489226428e-09,-5.6961063773508355e-09,7.816033217572449e-10,-5.8263425686555346e-09,6.513671304525458e-10,-3.4947349057019192e-09,2.982974793406161e-09,-5.503743128351361e-09,9.739665707567196e-10,-3.2940923427566594e-09,3.183617356351421e-09,-5.465360507819131e-09,1.0123491912889493e-09,-5.5252444404064966e-09,9.524652587015838e-10,-5.88468793119749e-09,5.930217679105905e-10
-0.25484119390494975,-0.5686353083502749,-0.8187263476597691,0.6872920287799262,-0.6693429121465009,-0.9048633814366474,-0.007154868353800073,-2.1231001163104005e-09,1.8748010598058755e-09,-2.280420390331024e-10,2.0257017471422606e-11,-1.5199542819735885e-10,9.630362830716615e-11,4.72536033582737e-10,7.20835090087262e-10,1.009852919426678e-09,1.258151975931203e-09,1.2286485490144501e-09,1.4769476055189751e-09,3.389488733083794e-10,5.872479298129045e-10,3.9814907255598805e-10,6.46448129060513e-10,5.687557845309166e-10,8.170548410354416e-10,4.3851959322621804e-10,6.868186497307431e-10,4.857220982986602e-10,7.340211548031852e-10,2.3974593871616614e-10,4.880449952206911e-10,6.575331724602702e-10,9.058322289647952e-10,-1.120625928858916e-10,1.362364636186334e-10,-1.9038429003682246e-10,5.791476646770253e-11,1.7235551850268104e-10,4.2065457500720604e-10
2.841144844580992,-0.6711647707701455,-1.5606548453044553,1.6596809550266478,1.0324855668940713,-0.660302460153461,-0.3648045442039871,2.6951533481268193e-09,3.956037874285439e-09,-2.280420390331024e-10,1.0328424871255179e-09,-1.5199542819735885e-10,1.1088890979612614e-09,-7.907804522940928e-10,4.701040738645274e-10,6.752822674326989e-10,1.936166793591319e-09,-2.9673712121330875e-09,1.7064866859744673e-09,-1.5558535882157427e-09,2.949690620571225e-10,-8.39976086139399e-10,4.209084400192212e-10,-1.176431111582344e-09,8.445341457627618e-11,-1.3066673028870427e-09,4.578277672842251e-11,-2.845907594769639e-10,9.762937666816564e-10,-7.867169235869329e-10,4.741676025716872e-10,-3.8181205558395906e-11,1.2227033206002242e-09,-1.132852953978285e-09,1.2803157218033517e-10,-1.1970498408343713e-09,6.383468532424887e-11,-1.4416553608807207e-09,1.807708347221005e-10
0.8617599033251968,-0.5771464349804534,-0.01277606683830694,1.4153636181781166,-1.0371515243018987,1.8530430910191442,-1.9398107605503856,-3.1644477853579237e-09,2.5556282820654567e-09,-2.280420390331024e-10,5.492034028390278e-09,-1.5199542819735885e-10,5.568080639226021e-09,-1.848587033086875e-09,3.871489034336505e-09,-2.763090696366716e-09,2.9569853710566645e-09,-3.638072536756936e-09,2.0820035306664444e-09,-4.566317796011672e-09,1.1537582714117081e-09,-3.414483690336173e-09,2.3055923770872075e-09,-5.281314882280832e-09,4.387611851425481e-10,-5.4115510735855306e-09,3.085249938378498e-10,-4.5541564428923555e-09,1.165919624531025e-09,-5.822744970823791e-09,1.0266890340041095e-10,-4.216766149941383e-09,1.5033099174819972e-09,-5.65845387977052e-09,6.162218765286061e-11,-5.7302700850971815e-09,1.0194017673801091e-11,-4.657355053081134e-09,1.0627210143422461e-09
-0.602882239633902,-1.0470417931543237,-1.1900382367406919,1.3685880631021208,-0.6439287115746303,0.2820089829099366,-0.11889390409401712,-2.0511468839727025e-09,1.4864898614928415e-09,-2.280420390331024e-10,3.3661498344675857e-10,-1.5199542819735885e-10,4.126615942825021e-10,1.256065340615104e-09,1.820722363094965e-09,-6.138433714180204e-10,4.91863489381594e-11,1.7500289410281063e-10,7.396599165826716e-10,-6.015816544450736e-10,3.692463196521266e-11,-7.174038648653017e-10,1.5274684238544072e-10,1.0835308675765192e-09,1.6481878900563802e-09,9.532946762718206e-10,1.5179516987516815e-09,-6.965330166209619e-10,1.3187599414110095e-10,7.683139311433147e-10,1.3329709536231757e-09,-6.469125577958478e-10,8.225553531598687e-11,1.4285471255797691e-10,7.075117350378379e-10,5.974650623811822e-11,6.244035287179792e-10,-2.0981860797964017e-10,3.548384145002208e-10
-0.4699328250929582,-1.0877718362252329,-1.6320138725243225,-1.047641465497115,-1.0271483667527341,-0.5517663876541342,-0.10613436823567195,-3.136126630135662e-09,2.607594680547249e-09,-2.280420390331024e-10,3.0048991055531067e-10,-1.5199542819735885e-10,3.765365213910542e-10,9.870372230905016e-10,1.5155691726789148e-09,5.267999001336433e-10,1.0553318497220562e-09,1.0553017182215388e-09,1.583833667809952e-09,-2.343427371362467e-10,2.9418921245216637e-10,-2.357482174556024e-10,2.927837321328107e-10,1.2685953125959053e-09,1.7971272621843182e-09,1.1383591212912066e-09,1.6668910708796196e-09,-3.019656418887949e-10,2.2656630769961814e-10,7.33272063712418e-10,1.261804013300831e-09,1.2666333414395562e-10,6.551952837323686e-10,-2.9905325113463576e-11,4.986266244749495e-10,-1.201474926813348e-10,4.083844569070782e-10,-7.963717739002286e-11,4.488947721983902e-10
-0.5761008024398804,-0.5089023343089875,1.3564491969014902,1.0242508726770196,-0.8500189208445346,-1.3406982561362986,0.36306438969441557,-2.6346339257227156e-09,3.4345076108671246e-09,-2.280420390331024e-10,1.0279157241775113e-09,-1.5199542819735885e-10,9.518691133417678e-10,1.2049998085528565e-09,4.0512612340844746e-10,1.6060951866903376e-09,8.062215015459286e-10,2.179625574922699e-09,1.3797518897782898e-09,1.0054447707210034e-09,2.0557108557659443e-10,1.3650803030998108e-09,5.652066179554018e-10,3.154139990185352e-09,2.354266305040943e-09,3.0239037988806524e-09,2.2240301137362434e-09,1.2283046818236592e-09,4.284309966792502e-10,2.7238418134646547e-09,1.9239681283202456e-09,7.103277297497129e-10,8.95459553946961e-11,1.9677306721598104e-09,1.1678569870154014e-09,1.8794922689181566e-09,1.0796185837737476e-09,1.6233821197771761e-09,8.235084346327671e-10
-0.5984618911387246,0.8140696759267321,1.6508274270621346,1.5278949720519994,0.6377888045460409,-0.17307541659142087,3.1129242942299347,1.5776793688115317e-09,7.007656937815659e-09,-2.280420390331024e-10,8.813378345660293e-09,-1.5199542819735885e-10,8.73733173482455e-09,1.2477450729177228e-09,7.337591233709468e-09,8.7331361228241e-12,8.576603170504366e-09,7.41076440271856e-10,7.844259866355334e-09,1.4015207065117649e-09,7.1838156001154256e-09,1.9017568860724483e-09,6.683579420554742e-09,1.6886503596451539e-09,6.896685946982037e-09,1.5584141683404552e-09,7.026922138286735e-09,2.062705060838023e-09,6.522631245789168e-09,1.9440527351192923e-09,6.6412835715078986e-09,6.319269387819006e-09,2.2660669188081847e-09,2.5925661482596127e-09,5.9927701583675786e-09,2.545188035784445e-09,6.040148270842746e-09,2.693994616039203e-09,5.891341690587988e-09
-0.5150375804987454,0.37090938957993996,-0.4329146459911395,-0.190286980703109,1.4732499827580492,-0.13486101172506038,0.14886932513770162,3.9430550608390955e-09,3.749615058393174e-09,-2.280420390331024e-10,4.2148204147902335e-10,-1.5199542819735885e-10,3.454354306432798e-10,1.0826679754634827e-09,8.892279730175617e-10,-4.354593726558285e-11,2.3698593971150384e-10,5.882875526639177e-10,3.948475502179967e-10,2.2268928343860912e-09,2.03345283194017e-09,2.843715014389361e-09,2.6502750119434397e-09,9.927237941249956e-10,7.992837916790747e-10,8.62487602820297e-10,6.69047600374376e-10,3.0995993602255506e-09,2.9061593577796295e-09,1.514045184727376e-09,1.3206051822814552e-09,2.024141668163118e-09,1.8307016657171968e-09,2.9236917460030385e-09,2.7302517435571174e-09,2.896271974031717e-09,2.702831971585796e-09,2.962182589596964e-09,2.768742587151043e-09
-0.20245353883531808,-0.6789690217939075,-0.26992288048742547,-0.5925975860665033,-0.169148502180895,0.5066689737296753,-0.7352125717646829,-7.069389235751515e-10,1.6026527925441388e-09,-2.280420390331024e-10,2.081549677086188e-09,-1.5199542819735885e-10,2.1575962879219315e-09,3.34362998040181e-10,2.6439547141594713e-09,-9.211886300600801e-10,1.3884030860592102e-09,-6.101632879890028e-10,1.6994284281302875e-09,-7.753789756179465e-10,1.5342127405013439e-09,-8.185734091514352e-10,1.4910183069678551e-09,-1.650550770570669e-09,6.590409455486213e-10,-1.7807869618753677e-09,5.288047542439227e-10,-9.027052149368238e-10,1.4068865011824665e-09,-1.7272956897141058e-09,5.822960264051846e-10,-8.861908101667591e-10,1.4234009059525312e-09,-1.8306225048445547e-09,4.789692112747356e-10,-1.898906960028794e-09,4.1068475609049646e-10,-1.7631933652810042e-09,5.463983508382861e-10
-0.5622980288090866,-1.0528987667328669,0.669207160025483,-0.7769547028833628,-0.586596367794412,-0.9819435658526455,0.3504886538523496,-1.888826316744284e-09,2.6530953075642437e-09,-2.280420390331024e-10,9.923110298530624e-10,-1.5199542819735885e-10,9.162644190173189e-10,1.1780664212087204e-09,4.137974303887603e-10,1.1153021768982543e-09,3.5103318607829424e-10,1.7116607477328221e-09,9.47391756912862e-10,8.792552511813196e-10,1.1498626036135956e-10,1.1917619411043351e-09,4.27492950284375e-10,2.5399650493168038e-09,1.7756960584968437e-09,2.409728858012105e-09,1.645459867192145e-09,1.1268280155030084e-09,3.625590246830483e-10,2.2554633332272416e-09,1.4911943424072815e-09,1.0673677386942808e-09,3.030987478743207e-10,1.7296189277871695e-09,9.653499369672094e-10,1.6487642680120652e-09,8.844952771921051e-10,1.4868161027136442e-09,7.225471118936841e-10
-0.429181701028175,0.3756221678853255,1.150069677988379,0.3403628414890713,0.8519652026206572,0.33667390236611355,-0.3832840411232311,2.1840602025636404e-09,3.49726427863507e-09,-2.280420390331024e-10,1.0851620370383276e-09,-1.5199542819735885e-10,1.1612086478740711e-09,8.968258038180477e-10,2.2100298798894775e-09,-6.886275096511014e-10,6.245765664203285e-10,-1.1184413613845358e-10,1.2013599399329763e-09,8.640245902990689e-10,2.1772286663704986e-09,1.0809835510191556e-09,2.3941876270905853e-09,-2.4627642768699473e-10,1.0669276483844352e-09,-3.7651261899169337e-10,9.366914570797365e-10,1.2224526412252208e-09,2.5356567172966507e-09,8.406528517424667e-11,1.3972693612456766e-09,2.274721096023671e-09,3.5879251720951007e-09,7.685729147523074e-10,2.0817769908237373e-09,7.234617612591723e-10,2.036665837330602e-09,5.834843987391973e-10,1.8966884748106273e-09
-0.6039483830327368,0.11822361748843171,0.17103795473894548,0.7585716230066125,0.018566658151029026,-0.8143496684325455,1.1931704415482955,-1.754757163625294e-10,3.3255635443858496e-09,-2.280420390331024e-10,3.3781298670564226e-09,-1.5199542819735885e-10,3.302083256220679e-09,1.2580657146619909e-09,1.8920221133613294e-09,8.860259735054522e-10,2.264061854517868e-09,1.5534646192527826e-09,1.5966232087705377e-09,1.4333627847214351e-09,1.7167250433018851e-09,1.949751417537232e-09,1.200336410486088e-09,2.6381889456463293e-09,5.11898882376991e-10,2.5079527543416306e-09,6.421350736816897e-10,1.961303192243371e-09,1.1887846357799492e-09,2.646367802600913e-09,5.037200254224072e-10,1.7512515521851368e-09,1.3988362758381835e-09,2.6628192394263958e-09,4.872685885969245e-10,2.5982204132645288e-09,5.518674147587915e-10,2.548710162528474e-09,6.013776654948464e-10
-0.5978480623695812,1.440931092108601,-1.633891095390273,0.07326157550943807,-0.4539092404045996,-0.6823315561186459,0.21248378668200935,-1.5131596622570987e-09,1.8867062991254075e-09,-2.280420390331024e-10,6.015886759014114e-10,-1.5199542819735885e-10,5.255420650656678e-10,1.2465863066356784e-09,8.730396697673694e-10,7.054190896250536e-10,3.3187245275674464e-10,1.3799757621494211e-09,1.006429125281112e-09,7.273503390288499e-10,3.538037021605409e-10,1.0202236067650215e-09,6.466769698967125e-10,2.4016237616845802e-09,2.0280771248162714e-09,2.2713875703798815e-09,1.8978409335115727e-09,9.787981644744905e-10,6.052515276061814e-10,2.1861267971210707e-09,1.8125801602527616e-09,8.0864093303658e-10,4.3509429616827107e-10,1.748450473289636e-09,1.374903836421327e-09,1.6707147195838333e-09,1.2971680827155243e-09,1.4734941141708845e-09,1.0999474773025755e-09
0.15180516104735478,-0.24220633721420992,1.6185013022018748,0.11784649009493481,0.3111563737836268,0.27724475526760606,-0.7465088330811863,6.52910591874739e-10,2.994484526468899e-09,-2.280420390331024e-10,2.1135318955610577e-09,-1.5199542819735885e-10,2.1895785063968012e-09,-6.526858856027304e-10,1.6888880489914296e-09,-6.073256876434464e-10,1.7342482469507136e-09,-7.669663376757101e-10,1.57460759691845e-09,-3.643589093272947e-10,1.9772150252668654e-09,-3.552585731342991e-10,1.986315361459861e-09,-2.398151136826604e-09,5.657720223244401e-11,-2.5283873281313023e-09,1.8681339353714228e-10,-4.384303365553918e-10,1.903143598038768e-09,-2.2671724071012104e-09,7.440152749294963e-11,-2.6874726453895325e-10,2.072826670055207e-09,-2.2022044159293015e-09,1.3936951866485857e-10,-2.2632353842040816e-09,7.833855039007843e-11,-2.4646086211278726e-09,1.2303468653371261e-10
0.12015860474210104,-1.1508202759930373,-1.0521659635543963,1.1772125257200698,1.6586291340393595,0.6976517457911593,-1.110725898720231,4.4679045088863865e-09,7.840657648632776e-09,-2.280420390331024e-10,3.1447111007132877e-09,-1.5199542819735885e-10,3.2207577115490312e-09,-5.656994698020246e-10,2.8070536699443656e-09,-1.1824618957681329e-09,2.190291243978257e-09,-1.2552835156641376e-09,2.1174696240822526e-09,7.441722365847342e-10,4.116925376331124e-09,6.903457387325073e-10,4.063098878478898e-09,-2.9233218925645624e-09,4.4943124718182766e-10,-3.053558083869261e-09,3.1919505587712897e-10,5.737560092345884e-10,3.946509148980978e-09,-2.3518533422238286e-09,1.0208997975225614e-09,-8.403267752561308e-11,3.288720462220777e-09,-1.7848804237233887e-09,1.5878727160230014e-09,-1.8275114590123607e-09,1.5452416807340293e-09,-3.2194554783683868e-09,1.5329766137800328e-10
-0.6073356711773443,1.785868256946683,0.018899932469792897,-1.182766916381969,-0.6551288382090218,-1.3906629006565483,0.6139664764443534,-2.0828569238638644e-09,3.5930900039802947e-09,-2.280420390331024e-10,1.7382751191495327e-09,-1.5199542819735885e-10,1.6622285083137892e-09,1.2644047186381826e-09,2.4582836147824775e-10,1.6744491314092095e-09,1.6421605129277913e-10,2.2816192802434814e-09,7.71386200127051e-10,1.3246791310164373e-09,1.8555394909999302e-10,1.8109847609966774e-09,3.00751680880247e-10,3.4789772636450186e-09,1.9687441835285883e-09,3.34874107234032e-09,1.8385079922238896e-09,1.6670476739736583e-09,1.5681459385722796e-10,3.157695278489962e-09,1.6474621983735316e-09,1.6063880904999188e-09,9.615501038348849e-11,2.5369291965097776e-09,1.0266961163933472e-09,2.4534263875043685e-09,9.431933073879381e-10,2.1689876762615853e-09,6.58754596145155e-10
-0.5476439748394917,-0.33623772016119363,-0.23309169967952925,-0.07051018077147517,1.174577724975032,-0.16494390401509168,0.47683070936039523,3.0974477281861554e-09,1.9754763871276155e-09,-2.280420390331024e-10,1.3500133800916422e-09,-1.5199542819735885e-10,1.2739667692558987e-09,1.1490128538643686e-09,2.704151280582874e-11,-2.3911491885214815e-12,1.1243624902470614e-09,6.670307910266452e-10,4.549405500318947e-10,1.95403259641633e-09,8.3206125535779e-10,2.5485610837593522e-09,1.4265897427008123e-09,1.2756591268639176e-09,1.5368778580537765e-10,1.1454229355592189e-09,2.3451594500678967e-11,2.772902759624468e-09,1.650931418565928e-09,1.7098012428132419e-09,5.87829901754702e-10,1.9556737362959777e-09,8.337023952374378e-10,2.864799853689437e-09,1.7428285126308972e-09,2.830733654681876e-09,1.708762313623336e-09,2.9787140957611365e-09,1.8567427547025966e-09
0.5534532985765863,-1.0279050797866773,0.7180817909108415,-1.0185040929704328,-0.39393319536843696,-1.0810700078796749,0.11601728266740663,-1.3433541910608184e-09,1.4437827828999694e-09,-2.280420390331024e-10,3.284706308722534e-10,-1.5199542819735885e-10,2.5242402003650985e-10,-1.5494746956766116e-09,1.6499032875157626e-09,1.2509117344874811e-09,1.15048314264833e-09,4.3469079041360647e-10,3.3426219857445546e-10,-7.346768459245675e-11,1.7389627643160776e-10,-1.0293808769538199e-10,2.03366679534533e-10,-1.0146718175191588e-09,1.1151004093583099e-09,-1.1449080088238573e-09,1.2453366006630083e-09,3.7021477660730367e-10,2.6978618476815267e-10,-1.1999070288992243e-09,1.3003356207383753e-09,2.3000642608890993e-10,1.2957783424975892e-10,-1.192024222833358e-09,1.2924528146725091e-09,-1.260605127029627e-09,1.361033718868778e-09,-7.742652144392292e-10,8.746938062783802e-10
0.6389672201620216,-0.2135482575549139,-0.4188901356807561,0.044048719552217945,-0.7622709732839142,-0.9743400110091932,-0.06620162907644815,-2.3862000456118547e-09,1.9707265276856437e-09,-2.280420390331024e-10,1.8743147889310854e-10,-1.5199542819735885e-10,2.634780897288521e-10,-1.6688839691299305e-09,1.2534104512037197e-09,1.1049001621851182e-09,1.520373680111329e-09,1.9321557976211086e-10,6.086890976883218e-10,-7.216519765628795e-10,3.0617845863666856e-10,-6.16561009970716e-10,2.0108749204450506e-10,-1.219109431203932e-09,8.03635913277721e-10,-1.3493456225086306e-09,9.338721045824198e-10,-1.8989539549817407e-10,2.2557812242803686e-10,-1.5994991071058938e-09,1.184025589179683e-09,7.34332461974704e-11,4.889067641236813e-10,-1.5360854671187782e-09,1.1206119491925672e-09,-1.6073550065591921e-09,1.191881488632981e-09,-7.627316813765809e-10,3.4725816345036997e-10
3.585821154660403,-0.7559663782001587,-0.15005868558565685,1.137766055442069,-0.3702480399007296,-0.5432979885854232,-0.43897940198126123,-1.2762962684831257e-09,1.9459371349027436e-10,-2.280420390331024e-10,1.2428479429402977e-09,-1.5199542819735885e-10,1.3188945537760412e-09,-5.404464451209594e-10,9.304435368524407e-10,5.152147385187052e-10,1.986104720492105e-09,-4.049717795233848e-09,2.578827813260448e-09,-4.174130008228687e-09,2.7032400262552866e-09,-1.8230742663233184e-09,3.521842843499184e-10,-1.1533268428860925e-09,3.1756313908730754e-10,-1.2835630341907912e-09,1.8732694778260885e-10,-1.3563661045889362e-09,1.1452387738446385e-10,-1.3267671427130077e-09,1.4412283926039233e-10,-1.19978128651228e-09,2.711086954611201e-10,-1.166575178634082e-09,3.0431480333931804e-10,-1.2318501508410449e-09,2.3903983113235515e-10,-1.0875506807649261e-09,3.833393012084739e-10
-0.5835739105103545,-0.7313821151507308,0.3462681323059146,-0.4183360308127135,0.4178430482008079,0.2602408368509987,1.0770894197221783,9.549642035933932e-10,1.8664725338779468e-09,-2.280420390331024e-10,3.0494787765044423e-09,-1.5199542819735885e-10,2.9734321656686988e-09,1.219407348201526e-09,1.602029389269814e-09,-5.8406354076713e-10,3.40550027823847e-09,1.780926397624306e-10,2.6433440977089092e-09,6.289583284120538e-10,2.1924784090592864e-09,8.832058253489002e-10,1.93823091212244e-09,9.565897371800643e-10,1.8648470002912756e-09,8.263535458753657e-10,1.9950831915959743e-09,1.0447055123628508e-09,1.7767312251084892e-09,1.1296169062878464e-09,1.6918198311834935e-09,9.299550341229481e-10,1.891481703348392e-09,1.531805371691784e-09,1.289631365779556e-09,1.478137756903825e-09,1.3432989805675149e-09,1.5415162077878067e-09,1.2799205296835333e-09
2.777850215818676,0.312723799984065,0.6184244402045703,1.4365325801021749,-0.21843177117256435,0.10645689976579113,-0.8527268858917234,-8.464707768038463e-10,1.7958299979173935e-09,-2.280420390331024e-10,2.4142587356881375e-09,-1.5199542819735885e-10,2.490305346523881e-09,-8.190822501666125e-10,1.8232185245546273e-09,-3.7368000186468544e-10,2.2686207728565544e-09,-3.850984569093304e-09,1.208683794372064e-09,-3.8156486653281e-09,1.17334789060686e-09,-1.9013574201561364e-09,7.409433545651035e-10,-2.2770539708550105e-09,3.6524680386622933e-10,-2.407290162159709e-09,2.3501061256153064e-10,-2.046529560389404e-09,5.957712143318358e-10,-2.376935346845812e-09,2.6536542787542795e-10,-2.082401557019242e-09,5.598992177019979e-10,-2.300273281322922e-09,3.420274933983178e-10,-2.3655990013808795e-09,2.7670177334036036e-10,-2.2090956183467365e-09,4.332051563745033e-10
-0.6033600343452659,-0.6797113040811332,1.352448697615845,-0.44488430651383576,-0.6464210894110372,-0.7195087843826248,0.4333337370748505,-2.0582033578141346e-09,3.0570251335736446e-09,-2.280420390331024e-10,1.2268638147926124e-09,-1.5199542819735885e-10,1.1508172039568688e-09,1.2569621199986195e-09,2.581403442391095e-10,7.562792574488635e-10,2.425425183106465e-10,1.4335971391126686e-09,4.347753633531586e-10,5.54114772936292e-10,4.44707002823218e-10,7.968975955235575e-10,2.0192418023595252e-10,2.4995829911668756e-09,1.5007612154073656e-09,2.369346799862177e-09,1.370525024102667e-09,7.221312617930669e-10,2.766905139664431e-10,2.1830182327269903e-09,1.1841964569674802e-09,6.094565501828351e-10,3.8936522557667496e-10,1.5662198115499938e-09,5.673980357904837e-10,1.483033342149418e-09,4.84211566389908e-10,1.2114614398208419e-09,2.1263966406133184e-10
-0.5409438519473302,-0.1424521429906481,0.5137699796227618,-0.4008051784071931,-0.8579535076692297,-0.5373610633313712,0.09991539341113524,-2.657098498931949e-09,2.7119390749113864e-09,-2.280420390331024e-10,2.8288261501253967e-10,-1.5199542819735885e-10,2.0683600417679613e-10,1.1355713181468562e-09,1.080730742167419e-09,5.070927501705028e-10,4.5225217419106553e-10,1.1264034417646457e-09,1.0715628657852084e-09,2.6743877186690462e-11,2.809669879274682e-11,9.503797536626817e-11,4.019739938683089e-11,1.750261925039765e-09,1.6954213490603277e-09,1.6200257337350665e-09,1.5651851577556292e-09,2.759445148288361e-11,2.7246124496553673e-11,1.3153827654112778e-09,1.2605421894318406e-09,-8.315175193456908e-12,6.315575117289419e-11,5.851471975972574e-10,5.303066216178201e-10,4.97499148245925e-10,4.426585722664877e-10,3.4179983020609724e-10,2.8695925422665995e-10
0.17006356209000317,-1.174137826564252,1.2804661750053412,-0.39675764650328316,-0.18399583257832536,-0.947489302684161,0.05035246025666744,-7.489750053578429e-10,6.63491936904079e-10,-2.280420390331024e-10,1.425589705793385e-10,-1.5199542819735885e-10,6.651235974359495e-11,-7.022661447593117e-10,6.167830763055478e-10,1.0681671512704108e-09,1.1536502197241748e-09,7.484728280362399e-10,8.339558964900038e-10,4.581236835567366e-10,5.436067520105005e-10,4.07890744915532e-10,4.933738133692959e-10,-7.082677563260575e-10,6.227846878722936e-10,-8.38503947630756e-10,7.53020879176992e-10,7.130784723949149e-10,7.985615408486788e-10,-7.91945316720318e-10,7.064622482665541e-10,4.721970398661195e-10,5.576801083198834e-10,-8.310336709986593e-10,7.455506025448954e-10,-8.985248770100245e-10,8.130418085562606e-10,-6.500660628188971e-10,5.645829943651332e-10
-0.6030588618234964,-0.607905062168584,-1.0405537828302485,0.4839184282133069,-0.1000741887756953,0.9343515051812304,0.046010366674445496,-5.113742389038409e-10,4.1359774152753e-10,-2.280420390331024e-10,1.3026554165679152e-10,-1.5199542819735885e-10,5.4218930821047983e-11,1.256396903294754e-09,1.3541734006710649e-09,-1.5062781146899358e-09,1.408501617313625e-09,-6.441746349801831e-10,5.463981376038722e-10,-7.268189460848235e-10,6.290424487085127e-10,-8.815348291368155e-10,7.837583317605046e-10,1.6522652813949136e-10,2.6300302551580223e-10,3.499033683479299e-11,1.3276683421110385e-10,-7.204234735738986e-10,6.226469761975877e-10,1.2031367871646873e-10,2.180901760927796e-10,-1.0629581946123333e-09,9.651816972360224e-10,-6.411175724598578e-13,9.7135379803851e-11,-6.85555844810624e-11,2.9220912895248465e-11,-1.573621240720028e-10,5.958562669569192e-11
-0.6003373907711819,-0.10803647145802824,-0.5170072946580031,1.3251747495251023,0.14240448250674176,-0.3776596127836244,0.7890764378542593,1.7513660067112837e-10,1.8308715758265817e-09,-2.280420390331024e-10,2.2340502155308125e-09,-1.5199542819735885e-10,2.158003604695069e-09,1.251280476484146e-09,7.547277000135641e-10,2.8861377914849897e-10,1.7173943973492112e-09,1.0004079132294035e-09,1.0056002632683067e-09,1.0674455743981383e-09,9.385626020995719e-10,1.4668255069994034e-09,5.391826694983068e-10,1.992569004646419e-09,1.3439171851291144e-11,1.8623328133417204e-09,1.4367536315598983e-10,1.5381750090867894e-09,4.678331674109208e-10,2.0540997051826258e-09,4.8091528684915566e-11,1.0599650316801043e-09,9.460431448176059e-10,2.1898197348917927e-09,1.8381155839408254e-10,2.128670030560544e-09,1.226618540628339e-10,2.120236583151119e-09,1.1422840665340889e-10
-0.6056978077214626,1.4299073429418925,-0.3400125191229506,0.09905323465946048,-0.15759402711109577,1.193900152771546,0.5287492914779787,-6.742256447574179e-10,1.9431899943580076e-09,-2.280420390331024e-10,1.497006388633692e-09,-1.5199542819735885e-10,1.4209597777979485e-09,1.2613427319877728e-09,7.62161761281693e-12,-1.8613526694995126e-09,3.1303170191001023e-09,-9.668757369596384e-10,2.235840086560228e-09,-1.0903846673645393e-09,2.359349016965129e-09,-1.3594728405060229e-09,2.6284371901066126e-09,-1.7878603054143614e-10,1.4477503801420258e-09,-3.090222218461351e-10,1.577986571446725e-09,-1.178826373498238e-09,2.4477907230988276e-09,-2.5015810846988596e-10,1.5191224580704757e-09,-1.3564290968240574e-09,2.625393446424647e-09,-4.309370305599461e-10,1.6999013801605357e-09,-5.004704096095904e-10,1.76943475921018e-09,-6.106712440637963e-10,1.879635593664386e-09
-0.4592679046130169,-1.1436733321469599,-0.5841112696294919,1.6920848316894728,1.9768283540751082,-1.0456160933604526,0.2282046482756265,5.368796997877291e-09,4.95074111887896e-09,-2.280420390331024e-10,6.460979180314334e-10,-1.5199542819735885e-10,5.700513071956899e-10,9.63775236279351e-10,5.4571935728102e-10,1.2024091395749448e-09,7.843532605766139e-10,1.6622241568259727e-09,1.2441682778276418e-09,3.797760569873562e-09,3.379704690875231e-09,4.66969496626965e-09,4.251639087271319e-09,1.8945211879126336e-09,1.4764653089143027e-09,1.7642849966079345e-09,1.3462291176096036e-09,4.983299948837915e-09,4.565244069839584e-09,2.545557886210363e-09,2.127502007212032e-09,3.5529596472393645e-09,3.1349037682410336e-09,4.3579284323330736e-09,3.939872553334742e-09,4.34065065860775e-09,3.9225947796094185e-09,4.161982291690497e-09,3.743926412692166e-09
-0.5214856476451174,-0.8439821050300416,0.9531945935850784,-1.376128582334118,-0.8364320307363597,0.6651709809245789,-0.0035758438526082006,-2.5961664296495812e-09,2.358000384441174e-09,-2.280420390331024e-10,1.0124006175304606e-11,-1.5199542819735885e-10,8.617061701104815e-11,1.0959738810538835e-09,1.3341399262622905e-09,-1.1380267070975298e-09,8.998606618891228e-10,-4.085234108229959e-10,1.703573656145889e-10,-1.3613232070675614e-09,1.1231571618591544e-09,-1.6507571569074645e-09,1.4125911116990575e-09,-8.873959981721689e-11,1.494264453911901e-10,-2.1897579112191521e-10,1.919025408649178e-11,-1.6710593274970542e-09,1.4328932822886472e-09,-5.112198734237906e-10,2.730538282153836e-10,-1.806041367586965e-09,1.567875322378558e-09,-1.2165875122936861e-09,9.784214670852791e-10,-1.303247141109027e-09,1.06508109590062e-09,-1.4034089546494638e-09,1.1652429094410568e-09
-0.5074372029663493,0.2364618588377914,-1.1596753930475243,-0.8089259360231554,-0.07617612619479516,0.1383677976607711,-0.1537058391793856,-4.4371352911910674e-10,2.1950379417520629e-10,-2.280420390331024e-10,4.3517528426121064e-10,-1.5199542819735885e-10,5.112218950969541e-10,1.0668666546069647e-09,1.7300839779012776e-09,-4.1733558616007687e-10,2.4588173713423616e-10,2.355414808358128e-10,8.987588041301258e-10,1.1062193086137739e-10,7.738392541556904e-10,1.9407452621786766e-10,8.572918495121807e-10,5.532637663288515e-10,1.2164810896231647e-09,4.230275750241529e-10,1.086244898318466e-09,2.5286012345051657e-10,9.160774467448297e-10,5.192046108235529e-10,1.1824219341178658e-09,-6.34597575867164e-11,5.997575657075966e-10,4.4078211455523136e-10,1.1039994378495443e-09,3.737295414336057e-10,1.0369468647279188e-09,3.4332685860971486e-10,1.0065441819040278e-09
0.3245476199384199,1.1022203694743642,0.3761635503734835,1.4290074946586633,1.2906063093772489,-0.15549474205160418,-0.5839716524462841,3.425950356773557e-09,5.307345522861337e-09,-2.280420390331024e-10,1.6533531270546778e-09,-1.5199542819735885e-10,1.7293997378904214e-09,-1.0958326507350467e-09,7.855625153527334e-10,-1.531803980674906e-11,1.866077126281031e-09,-4.4038727016883377e-10,1.4410078959189464e-09,1.0687775353541305e-09,2.9501727014419106e-09,9.074449888551562e-10,2.7888401549429366e-09,-2.0829571996822253e-09,2.0156203359444513e-10,-2.2131933909869236e-09,3.317982248991434e-10,1.0309171262544605e-09,2.912312292342241e-09,-1.6139752466051817e-09,2.6741991948259847e-10,9.77797039939383e-10,2.8591922060271632e-09,-1.3582385972122287e-09,5.231565688755515e-10,-1.4090936509457856e-09,4.723015151419946e-10,-2.5612193935367744e-09,6.798242274489943e-10
1.036500711496589,-1.0929543938689996,0.6111971153750546,-0.8301526917478308,-0.6617263255441835,0.8081262579632796,-1.14280633869615,-2.1015358721837003e-09,1.3620441005592693e-09,-2.280420390331024e-10,3.2355379337098673e-09,-1.5199542819735885e-10,3.311584544545611e-09,-1.8740529451609283e-09,1.5895270275820413e-09,-1.3335961381982385e-09,2.1299838345447313e-09,-2.5450551835913923e-09,9.185247891515773e-10,-3.1260653716993698e-09,3.3751460104359983e-10,-2.2506094359661565e-09,1.2129705367768131e-09,-3.818277668365057e-09,3.546976956220876e-10,-3.948513859669755e-09,4.84933886926785e-10,-2.8122182400801365e-09,6.513617326628331e-10,-4.143142273582632e-09,6.795623008396628e-10,-2.8190982890729187e-09,6.444816836700509e-10,-4.023490062212116e-09,5.599100894691467e-10,-4.092196546629193e-09,6.286165738862232e-10,-3.401319416599756e-09,6.226055614321349e-11
-0.5967919350736645,-0.18839504505141047,-0.3758486088054549,-0.23705073730370202,-0.8498879703654256,0.7834616105806861,-0.2954020354256362,-2.634263175904266e-09,1.5698725282300661e-09,-2.280420390331024e-10,8.363486086410977e-10,-1.5199542819735885e-10,9.123952194768412e-10,1.2445906544539279e-09,2.308981302128128e-09,-1.2998537597646843e-09,2.3546311209048427e-10,-4.625155119905352e-10,6.018751356836648e-10,-1.4265834614972939e-09,3.6219281382309383e-10,-1.7931115078319085e-09,7.287208601577084e-10,3.262516279338973e-10,1.3906422756080972e-09,1.9601543662919833e-10,1.2604060843033984e-09,-1.7587186310371135e-09,6.943279833629134e-10,-1.0397104086024257e-10,9.604196068139575e-10,-1.5739428565713837e-09,5.095522088971837e-10,-9.089109008917594e-10,1.554797467824406e-10,-9.976290366765995e-10,6.676161099760052e-11,-1.316683393494937e-09,2.5229274582073697e-10
-0.3811392740633982,1.6342893498714532,1.52266930376377,1.3636237209314104,-0.069771028825109,0.6950212877421436,-0.8239279796114614,-4.255792794155487e-10,2.1351854112256413e-09,-2.280420390331024e-10,2.3327226516080877e-09,-1.5199542819735885e-10,2.4087692624438313e-09,7.859284527178338e-10,3.346693143359024e-09,-1.1788633074904786e-09,1.3819013831507114e-09,-6.223053581620816e-10,1.9384593324791083e-09,-6.716488805110415e-10,1.8891158101301485e-09,-7.475611612290616e-10,1.8132035294121284e-09,-1.0381994725927862e-09,1.5225652180484039e-09,-1.1684356638974846e-09,1.3923290267437054e-09,-7.578494519503085e-10,1.8029152386908815e-09,-1.0693634332078646e-09,1.4914012574333254e-09,-1.964651813182e-10,2.36429950932299e-09,-1.137788807921001e-09,1.422975882720189e-09,-1.2044685022263763e-09,1.3562961884148138e-09,-1.1820018160638245e-09,1.3787628745773655e-09
-0.5218902904383012,0.14173543347345646,-1.0061834443911066,0.8344480820767581,2.644623566048894,-0.08259807389338567,-0.15232601402435206,7.2594731930725015e-09,7.91878392565251e-09,-2.280420390331024e-10,4.3126869354690663e-10,-1.5199542819735885e-10,5.073153043826502e-10,1.096805826794234e-09,1.756116559374243e-09,-1.150440535374663e-10,5.442666790425427e-10,5.312483264868031e-10,1.190559059066812e-09,3.5288114753761802e-09,4.188122207956189e-09,4.489270433743197e-09,5.148581166323206e-09,9.685133585285957e-10,1.6278240911086047e-09,8.382771672238968e-10,1.4975878998039058e-09,4.902968183849363e-09,5.562278916429372e-09,1.7628372030501959e-09,2.422147935630205e-09,2.6110828599457208e-09,3.27039359252573e-09,4.465938136870811e-09,5.12524886945082e-09,4.4689574403338534e-09,5.1282681729138624e-09,4.659608495836934e-09,5.318919228416943e-09
2.7353366597339743,-0.09544949121123977,0.9993315077034446,-0.4442517678515718,-0.4185368637406695,0.19381833790119363,-0.853600286623807,-1.4130126271678496e-09,1.2317609385279406e-09,-2.280420390331024e-10,2.416731526662688e-09,-1.5199542819735885e-10,2.4927781374984314e-09,-8.388142126502969e-10,1.8059593530454934e-09,-4.931944899633315e-10,2.1515790757324588e-09,-3.907317439607227e-09,1.2625438739114366e-09,-4.098880657109274e-09,1.4541070914134839e-09,-2.0482011474668656e-09,5.965724182289246e-10,-2.4136565703571732e-09,2.31116995338617e-10,-2.5438927616618723e-09,1.0088080403391791e-10,-2.2730543904978362e-09,3.71719175197954e-10,-2.611237149365485e-09,3.353641633030508e-11,-2.4592331700796966e-09,1.855403956160936e-10,-2.448546733599475e-09,1.9622683209631514e-10,-2.5140799359233233e-09,1.3069362977246694e-10,-2.286500885460893e-09,3.5827268023489716e-10
2.5551598117170617,-0.6081184208838618,-0.618106913831356,-0.12755969162293312,-0.38043826961539773,-1.180007798301314,-8.706779926626468e-05,-1.3051470664517854e-09,1.0768585191890803e-09,-2.280420390331024e-10,2.46508229602616e-13,-1.5199542819735885e-10,7.629311906534616e-11,-9.291551818253533e-10,7.008666345626483e-10,1.386263207954829e-09,1.614551755217534e-09,-1.9553534920273414e-09,1.7270649447646363e-09,-2.25797996237691e-09,2.029691415114205e-09,-1.2167777344819988e-09,9.884891872192937e-10,-5.361935029712961e-10,3.0790495570859113e-10,-6.664296942759946e-10,4.381411470132896e-10,-2.609200953468473e-10,3.2631548084142295e-11,-7.146976827152733e-10,4.864091354525684e-10,-9.283353171415122e-12,2.1900519409128988e-10,-5.574150064741619e-10,3.291264592114569e-10,-6.229849164617724e-10,3.9469636919906743e-10,-3.891486262640135e-10,1.6086007900130847e-10
-0.5413436631713338,0.024635330664114587,-0.9377480870079963,0.670467377800663,1.5026935478913341,-0.6656611794569922,0.3268176168403276,4.026416316956288e-09,3.32916527623803e-09,-2.280420390331024e-10,9.252930797513601e-10,-1.5199542819735885e-10,8.492464689156166e-10,1.1363761813030813e-09,4.391251405848235e-10,6.826132432968236e-10,1.4637797421434204e-11,1.2880618303222486e-09,5.908107896039907e-10,2.9051033063845762e-09,2.2078522656663184e-09,3.745750113815074e-09,3.0484990730968163e-09,1.934155466663511e-09,1.236904425945253e-09,1.8039192753588122e-09,1.1066682346405544e-09,3.9891550353634295e-09,3.2919039946451717e-09,2.4636375381000792e-09,1.7663864973818214e-09,2.488099510563906e-09,1.7908484698456484e-09,3.962687000461608e-09,3.2654359597433503e-09,3.937045583110061e-09,3.239794542391803e-09,4.110888866991982e-09,3.413637826273724e-09
-0.6034290941761633,1.6636747763990922,-1.498599024736622,1.4773420609411738,2.4033876741862312,-0.32808396461295175,1.1330510880875502,6.576480937372821e-09,3.5966043184457706e-09,-2.280420390331024e-10,3.2079186579601524e-09,-1.5199542819735885e-10,3.131872047124409e-09,1.257091698090701e-09,1.722784920836349e-09,2.2079199942810013e-10,2.75908461949895e-09,9.4202000455399e-10,2.03785661437306e-09,3.6280065697376597e-09,6.481299508106096e-10,4.825117462097627e-09,1.8452408431705768e-09,1.9482673990189617e-09,1.0316092199080884e-09,1.818031207714263e-09,1.161845411212787e-09,5.226139658649888e-09,2.2462630397228378e-09,2.6942526994236854e-09,2.8562391950336467e-10,2.520793982693771e-09,4.59082636233279e-10,5.399322289967328e-09,2.4194456710402775e-09,5.401386881449369e-09,2.4215102625223187e-09,6.149476311657594e-09,3.1695996927305443e-09
-0.42727989568086555,-0.6866232316181751,0.6496152679959475,1.1091412441867894,1.617976416770638,-0.835726441025522,0.17802133045471588,4.352807659684972e-09,4.076831871556828e-09,-2.280420390331024e-10,5.040178271612464e-10,-1.5199542819735885e-10,4.279712163255028e-10,8.925284657553217e-10,6.165526776271777e-10,9.152703871527068e-10,6.392945990245628e-10,1.358404615092313e-09,1.0824288269641689e-09,3.1031544276533834e-09,2.8271786395252396e-09,3.761243349337957e-09,3.4852675612098135e-09,1.3949465370257343e-09,1.1189707488975903e-09,1.2647103457210356e-09,9.887345575928916e-10,4.0342235680867235e-09,3.758247779958579e-09,1.955666050920228e-09,1.6796902627920838e-09,4.2647297134307524e-09,3.988753925302608e-09,3.345429246062948e-09,3.0694534579348043e-09,3.318234361480207e-09,3.0422585733520632e-09,3.0519307165897533e-09,2.7759549284616094e-09
0.33561715021598054,-0.9604387504565347,-1.62040116590069,0.42766993896520894,-0.7078609835465817,-0.5531883658647939,-0.32654117185463083,-2.2321533101266823e-09,1.0796008683431422e-09,-2.280420390331024e-10,9.245104027504379e-10,-1.5199542819735885e-10,1.0005570135861814e-09,-1.1217768073045921e-09,3.077563447894804e-11,5.287452320965971e-10,1.6812976738801373e-09,4.5246476684218296e-11,1.1977989184677584e-09,-7.949498209357986e-10,3.576026208477416e-10,-7.224657945716891e-10,4.3008664721185113e-10,-1.5373229032956587e-09,3.847704615121185e-10,-1.6675590946003574e-09,5.150066528168172e-10,-5.592700477668682e-10,5.932823940166719e-10,-1.8874479631329575e-09,7.348955213494173e-10,-9.428078681197464e-11,1.0582716549715656e-09,-1.9406826673867177e-09,7.881302256031775e-10,-2.013537519280721e-09,8.60985077497181e-10,-1.2388281223807423e-09,8.627568059720209e-11
0.40441744350188347,1.4581103270200864,-0.44794646887870315,-1.124826957785106,0.49803976282921397,-1.0221446794944515,0.09638150274333568,1.182018870296728e-09,1.1371835217316697e-09,-2.280420390331024e-10,2.728773875981607e-10,-1.5199542819735885e-10,1.9683077676241714e-10,-1.2746443653817029e-09,1.3194797139467612e-09,1.1702991597827302e-09,1.1254638112176719e-09,5.478775096036279e-10,5.030421610385696e-10,1.0620868517541447e-09,1.0172515031890863e-09,8.702193921697935e-10,8.253840436047351e-10,-9.609495724574337e-10,1.005784921022492e-09,-1.0911857637621324e-09,1.1360211123271907e-09,1.3209219034839094e-09,1.276086554918851e-09,-7.572271165996213e-10,8.020624651646796e-10,1.2384423653785755e-09,1.1936070168135172e-09,-6.990935669427238e-10,7.439289155077821e-10,-7.59130122359414e-10,8.039654709244723e-10,-1.1506451194172607e-09,1.195480467982319e-09
-0.5825490723430349,1.5850792668176692,1.6347404588579335,-0.3030814370993008,0.045406833885616504,-0.7705618520256902,2.126625982247371,-9.948523241423675e-11,5.8923925033270264e-09,-2.280420390331024e-10,6.0209493099458925e-09,-1.5199542819735885e-10,5.944902699110149e-09,1.2174387992539796e-09,4.57546847165881e-09,8.261222153425922e-10,4.966785055570197e-09,1.4715838743437232e-09,4.3213233965690665e-09,1.3890233214840995e-09,4.403883949428691e-09,1.8676230157613822e-09,3.925284255151407e-09,2.401739263244998e-09,3.3911680076677916e-09,2.2715030719402995e-09,3.5214041989724903e-09,1.8952500104483463e-09,3.897657260464444e-09,2.421657775714349e-09,3.371249495198441e-09,3.8537753883056965e-09,1.939131882607093e-09,2.463134675764601e-09,3.329772595148189e-09,2.3992596246322207e-09,3.393647646280569e-09,2.3623578966706045e-09,3.4305493742421852e-09
-0.599683134451201,-0.560936839451816,0.40170291040105904,-0.1958170353108581,0.30155716474392785,-0.009274008589964222,1.2543710623420756,6.25733104377608e-10,2.6976272401166916e-09,-2.280420390331024e-10,3.551402383527402e-09,-1.5199542819735885e-10,3.4753557726916584e-09,1.2500480465057373e-09,2.0733122979885623e-09,-2.1535476633122525e-10,3.538715110825525e-09,5.368615042085922e-10,2.7864988402857074e-09,8.247591418488645e-10,2.4986012026454353e-09,1.1488410683644418e-09,2.174519276129858e-09,1.467763939171325e-09,1.8555964053229746e-09,1.3375277478666263e-09,1.985832596627673e-09,1.2770195512338483e-09,2.0463407932604513e-09,1.5948899498591827e-09,1.728470394635117e-09,1.2002152048331137e-09,2.123145139661186e-09,1.88888603183823e-09,1.4344743126560698e-09,1.8321659453210862e-09,1.4911943991732134e-09,1.874881157251978e-09,1.4484791872423216e-09
-0.5870881224118366,-0.07195063658427174,-1.6451996912037197,-1.1880961135245458,-0.5940717692587253,0.48778391564788803,-0.33489459351037393,-1.909990834465713e-09,7.33788005273343e-10,-2.280420390331024e-10,9.481607901592676e-10,-1.5199542819735885e-10,1.0242074009950111e-09,1.2261400836088658e-09,2.4023429128012357e-09,-8.95352997113427e-10,2.808498320789429e-10,-1.0330725189650517e-10,1.0728955772958647e-09,-8.001273644396949e-10,3.7607546475267503e-10,-9.712317849138437e-10,2.0497104427852621e-10,6.640880380667303e-10,1.8402908672591002e-09,5.338518467620314e-10,1.7100546759544013e-09,-9.321080423298352e-10,2.440947868625347e-10,3.756126648767764e-10,1.5518154940691464e-09,-8.983950593968642e-10,2.7780776979550574e-10,-1.938204016860844e-10,9.823824275062855e-10,-2.752756234663955e-10,9.009272057259744e-10,-4.926100179141871e-10,6.835928112781829e-10
1.8086669764319454,-1.15669854937264,1.487129629861183,1.0585699085869016,-1.0028941470575203,0.4845249071719028,-1.0663852475232978,-3.067457560653661e-09,1.7975737187840917e-10,-2.280420390331024e-10,3.0191728934989677e-09,-1.5199542819735885e-10,3.095219504334711e-09,-1.4206749356156918e-09,1.8265399969163782e-09,-8.908945227793296e-10,2.3563204097527404e-09,-3.1084920298842725e-09,1.387229026477975e-10,-4.039210337761134e-09,7.91995405229064e-10,-2.4080990871513445e-09,8.391158453807255e-10,-3.1602930945278642e-09,8.692183800420578e-11,-3.290529285832563e-09,4.33143533004929e-11,-2.8487057659251633e-09,3.985091666069067e-10,-3.6808885845103214e-09,4.336736519782514e-10,-3.4357489201967387e-09,1.885339876646687e-10,-3.3064591098844906e-09,5.924417735242058e-11,-3.374089836020634e-09,1.2687490348856383e-10,-2.6593425557538373e-09,5.878723767782326e-10
3.0446615684582006,-0.49832517854330177,-0.10920732278712963,-1.1319796412816685,0.5117290697412915,0.483412777961785,-1.008020437296709,1.2207763310321642e-09,4.302747555083095e-09,-2.280420390331024e-10,2.8539291850178277e-09,-1.5199542819735885e-10,2.9299757958535712e-09,-7.080501947715368e-10,2.373921029279393e-09,-8.893730785805658e-10,2.1925981454703642e-09,-4.6596126335081666e-09,1.5776414094572366e-09,-3.7157542496847183e-09,6.337830256337883e-10,-1.7760882677457415e-09,1.3058829563051885e-09,-2.730001801694676e-09,3.5196942235625404e-10,-2.8602379929993747e-09,2.2173323105155535e-10,-2.2536872118778705e-09,8.282840121730595e-10,-2.5211164025285796e-09,5.608548215223504e-10,-2.091008134731117e-09,9.90963089319813e-10,-2.727624355313298e-09,3.5434686873763185e-10,-2.792369949500496e-09,2.8960127455043386e-10,-2.8520640797460375e-09,2.299071443048925e-10
-0.5881366475081116,-1.1324589004192003,-0.8900548803536562,-0.01303946694125541,-0.27997241652276267,0.7803212044495035,-0.055882545963733814,-1.020705978126521e-09,6.34448070686322e-10,-2.280420390331024e-10,1.5821586840709664e-10,-1.5199542819735885e-10,2.342624792428402e-10,1.2281436637082726e-09,1.6144015711484717e-09,-1.2955575389239925e-09,9.092996314837934e-10,-4.6944268641966e-10,8.318477897946102e-11,-7.739833987399331e-10,3.877254912997341e-10,-9.376632041636296e-10,5.514052967234305e-10,2.601074928062498e-10,6.463654002464488e-10,1.2987130150155112e-10,5.161292089417502e-10,-8.292894293663473e-10,4.4303152192614824e-10,1.3082915771524793e-10,5.17087065155447e-10,-1.01131267708221e-09,6.250547696420109e-10,-1.568423219148114e-10,2.2941558552538764e-10,-2.296678080357749e-10,1.5659009940442412e-10,-3.6001993796774473e-10,2.6237969472454303e-11
2.580747336320414,1.8241217542713846,0.2556316909323954,1.6684591430395184,0.8521878077746838,-0.30066369412030836,-0.5885051308601748,2.1846904470728845e-09,4.078920894942995e-09,-2.280420390331024e-10,1.6661884088370082e-09,-1.5199542819735885e-10,1.7422350196727518e-09,-9.156470281983233e-10,9.785834196717872e-10,1.8327980112413633e-10,2.0775102489942467e-09,-3.0920269298194024e-09,1.1977964819492918e-09,-1.879076413568537e-09,1.5154034301573543e-11,-1.0281501104534307e-09,8.660803374166798e-10,-1.7673119352920003e-09,1.269185125781102e-10,-1.8975481265966994e-09,3.3176787265888957e-12,-8.017903354123579e-10,1.0924401124577526e-09,-1.4368949208716504e-09,4.573355269984601e-10,-7.721732523513267e-10,1.1220571955187839e-09,-1.724445180764382e-09,1.6978526710572865e-10,-1.7885767729761534e-09,1.0565367489395718e-10,-2.0257483791692255e-09,1.3151793129911492e-10
-0.5603347145632714,0.23532799967234475,1.373509846553741,-0.9239505915724133,2.3277179918153545,-0.8046435144225946,3.5136818211472702,6.362243301955011e-09,3.3577263512461797e-09,-2.280420390331024e-10,9.948011692234292e-09,-1.5199542819735885e-10,9.871965081398549e-09,1.1742013405477585e-09,8.545768312653431e-09,8.727475058810074e-10,8.847222147320183e-09,1.486490249043668e-09,8.233479404157523e-09,4.041715073685989e-09,5.678254579515201e-09,5.241123259941475e-09,4.478846393259715e-09,2.2747675601337136e-09,7.445202093067477e-09,2.144531368829015e-09,7.575438284372175e-09,5.587751048779933e-09,4.132218604421258e-09,3.0048218616166815e-09,6.715147791584509e-09,1.0267589122119085e-08,5.476194689178949e-10,5.481034821051182e-09,4.238934832150008e-09,5.478239711423221e-09,4.2417299417779694e-09,5.894712151303459e-09,3.8252575018977315e-09
1.9358444268149877,0.4527940802709172,-1.2849790240422703,0.13433492491229648,-0.8595069247291784,0.47621485980043804,-1.0510452993424595,-2.661496566788372e-09,5.422875738766584e-10,-2.280420390331024e-10,2.9757421016319282e-09,-1.5199542819735885e-10,3.0517887124676718e-09,-1.3255091479318603e-09,1.8782749927331702e-09,-8.795259936104671e-10,2.3242581470545635e-09,-3.25779990610923e-09,5.4015765444199546e-11,-4.010858784676265e-09,8.070746440112343e-10,-2.329448286746391e-09,8.743358539186395e-10,-3.1003217613945176e-09,1.0346237927051296e-10,-3.2305579526992155e-09,2.6773812034184898e-11,-2.7682065876744183e-09,4.3557755299061226e-10,-3.536099110357177e-09,3.323149696921466e-10,-2.191134777795199e-09,1.0126493628698314e-09,-3.2146603280877017e-09,1.0876187422671116e-11,-3.281674651249233e-09,7.789051058420254e-11,-2.6944507496186335e-09,5.093333910463971e-10
-0.116311951810271,-0.008346544176496213,0.599893446114549,-0.3391114422327232,0.3503236842982599,0.6140669940054007,-0.8457502221873456,7.638019254633105e-10,3.3863502195569006e-09,-2.280420390331024e-10,2.3945062550604878e-09,-1.5199542819735885e-10,2.4705528658962313e-09,9.913314053200315e-11,2.721681434625593e-09,-1.0681140892789088e-09,1.5544342048146813e-09,-8.532659973892923e-10,1.7692822967042978e-09,-3.9851262512464103e-10,2.224035668968949e-09,-4.05239907421626e-10,2.2173083866719643e-09,-2.133869676175821e-09,4.886786179177693e-10,-2.2641058674805195e-09,3.5844242661307065e-10,-4.976874686656044e-10,2.1248608254279856e-09,-1.9872903908891492e-09,6.352579032044409e-10,-4.3266224443459347e-10,2.1898860496589966e-09,-1.8424055948539538e-09,7.801426992396363e-10,-1.901507095850607e-09,7.21041198242983e-10,-2.0917068017971605e-09,5.308414922964296e-10
0.41189451303348223,-0.46131033550815076,0.7607175217250183,0.1413192001155816,-0.9228965234053778,-0.5292504334387058,-0.3083950955517373,-2.8409665646127536e-09,1.7397896851077634e-09,-2.280420390331024e-10,8.731348404718878e-10,-1.5199542819735885e-10,9.491814513076314e-10,-1.2903349542583524e-09,1.8915807475336225e-10,4.959970333362963e-10,1.5971739128412864e-09,-8.063271743445965e-11,1.0205441620705305e-09,-1.1594651817950756e-09,5.828830229008539e-11,-1.0188884943377309e-09,8.22883851672593e-11,-1.6642352242072871e-09,5.63058344702297e-10,-1.7944714155119858e-09,6.932945360069956e-10,-8.649789914961469e-10,2.361978880088433e-10,-2.1370400201091117e-09,1.0358631406041215e-09,-1.045572693925416e-09,5.5604185579574255e-11,-2.1507248925991118e-09,1.0495480130941216e-09,-2.225189232168212e-09,1.1240123526632218e-09,-1.228587548007357e-09,1.2741066850236692e-10
-0.18505513790349343,-0.14532728124143574,1.3487740509905735,0.6129359906265043,-0.9243668107595061,-1.2784819470964666,0.20243662566662016,-2.8451292738546045e-09,3.1902301719387974e-09,-2.280420390331024e-10,5.731429371172954e-10,-1.5199542819735885e-10,4.970963262815519e-10,2.8758150501778013e-10,5.7519393066412914e-11,1.5209803982323233e-09,1.1758795001481302e-09,1.6102888103127528e-09,1.2651879122285597e-09,3.953848490051936e-10,5.028395092100055e-11,4.3946681387664154e-10,9.43659157924485e-11,7.950426352531185e-10,4.499417371689255e-10,6.648064439484199e-10,3.197055458642268e-10,6.021968741489888e-10,2.5709597606479577e-10,3.213702504165596e-10,2.3730647667633444e-11,-1.3256803781031314e-10,4.776689358945062e-10,-7.725373600224489e-11,4.223546340864379e-10,-1.593769784068298e-10,5.044778764910229e-10,4.3775936210446105e-10,9.2658464020268e-11
-0.5764961725737463,-0.19364521849390737,1.000374269734762,-1.0734404157599409,-0.9021927250108336,-1.1106185836323867,0.2803096865354925,-2.78234952442915e-09,3.3479263106177103e-09,-2.280420390331024e-10,7.936188252216625e-10,-1.5199542819735885e-10,7.17572214385919e-10,1.2057651230258393e-09,6.401883368372792e-10,1.2913355528277414e-09,7.257587666391812e-10,1.89112196064131e-09,1.3255451744527497e-09,6.795404495418373e-10,1.1396366335327714e-10,9.443997962034324e-10,3.788230100148722e-10,2.832879321274454e-09,2.2673025350858936e-09,2.702643129969755e-09,2.137066343781195e-09,8.169529335191497e-10,2.5137614733058955e-10,2.372249100565863e-09,1.806672314377303e-09,5.350803886735535e-10,3.049639751500669e-11,1.5703066666363918e-09,1.0047298804478316e-09,1.480639444557602e-09,9.150626583690418e-10,1.2104492400158645e-09,6.448724538273043e-10
-0.6021304735117857,-0.6574277127194951,0.09870018490325724,0.3913202902339789,-0.9550725617053639,0.10080586412016565,-0.102320807392476,-2.9320640576445865e-09,2.4143291436980554e-09,-2.280420390331024e-10,2.896928749134286e-10,-1.5199542819735885e-10,3.6573948574917216e-10,1.2546533310070886e-09,1.7723882449536196e-09,-3.659491237240652e-10,1.517857902224658e-10,4.0166560857386014e-10,9.194005225203912e-10,-7.526975836348639e-10,2.349626696883329e-10,-9.15099470300754e-10,3.9736455635422296e-10,1.3327874216613587e-09,1.8505223356078898e-09,1.20255123035666e-09,1.720286144303191e-09,-9.562632210781888e-10,4.385283071316578e-10,8.409045113979391e-10,1.35863942534447e-09,-8.406692349831846e-10,3.229343210366536e-10,-5.232006297950781e-11,4.654148509670232e-10,-1.4410096910273897e-10,3.7363394484379204e-10,-5.145254467844138e-10,3.20946716211718e-12
3.940391264089173,1.0856893326196206,0.3871353297312091,-0.764488413624652,-0.207095041296822,-0.9833226002201095,-0.11551012211577655,-8.14373982871958e-10,2.5929719684973895e-10,-2.280420390331024e-10,3.270347469891166e-10,-1.5199542819735885e-10,4.0308135782486016e-10,-4.6291598386748556e-10,9.216080215473345e-11,1.1171887596974345e-09,1.6722655457196535e-09,-3.94237945086888e-09,3.387302664846661e-09,-3.886672394228762e-09,3.331595608206543e-09,-1.6251095617795698e-09,1.0700327757573508e-09,-4.684380667623832e-10,8.66387192598358e-11,-5.986742580670819e-10,4.359747204486289e-11,-7.105262066618215e-10,1.5544942063960254e-10,-5.62965632340127e-10,7.888846317907977e-12,-7.341323710057352e-10,1.7905558498351623e-10,-4.717957607837725e-10,8.328102523844646e-11,-5.369754091396488e-10,1.8101376882570216e-11,-4.343438277827879e-10,1.2073295823943112e-10
-0.6030787520691677,-0.8995038504090014,-1.5558166392943475,-1.4817131153692336,-0.7139088471013049,-1.2925573766710683,0.2895280706529514,-2.2492761517548917e-09,2.840952225713921e-09,-2.280420390331024e-10,8.197181129921315e-10,-1.5199542819735885e-10,7.436715021563879e-10,1.2564342378403518e-09,6.647581638813227e-10,1.5402362369213542e-09,9.48560162962325e-10,2.153043080239992e-09,1.5613670062809627e-09,1.1383548060822098e-09,5.466787321231807e-10,1.5622172483513874e-09,9.705411743923583e-10,3.305217988351615e-09,2.713541914392586e-09,3.1749817970469163e-09,2.583305723087887e-09,1.4233911875796078e-09,8.317151136205787e-10,2.951754341559306e-09,2.360078267600277e-09,1.4512020124607361e-09,8.59525938501707e-10,2.2815199446591506e-09,1.6898438707001214e-09,2.196452710148787e-09,1.604776636189758e-09,1.9030854611296793e-09,1.3114093871706501e-09
-0.4125503221530331,-1.107602452559127,-1.7356234898695078,-0.10230655408561141,-1.232410923818989,-0.3479498471341249,-0.29098993822104297,-3.7172704051307135e-09,2.6653713821433034e-09,-2.280420390331024e-10,8.238569839543078e-10,-1.5199542819735885e-10,8.999035947900514e-10,8.589847339411656e-10,1.9108837569285755e-09,2.4796944557391505e-10,1.2998684685613253e-09,7.272128270459257e-10,1.7791118500333358e-09,-7.736987029581212e-10,2.782003200292889e-10,-8.768212149608183e-10,1.7507780802659185e-10,6.170905817764546e-10,1.6689896047638648e-09,4.868543904717561e-10,1.5387534134591663e-09,-9.573282967626377e-10,9.457072622477246e-11,-4.745855503711661e-11,1.0044404679502935e-09,-3.1596473081799523e-10,7.35934292169415e-10,-8.556476927015964e-10,1.962513302858138e-10,-9.49229496827972e-10,1.0266952615943825e-10,-7.12553793690096e-10,3.393452292973141e-10
-0.5934375696062335,-0.20028415660657617,1.2760497042671637,-0.46328867156286124,-0.33101781321149887,-0.24045804625273776,0.8592999632318431,-1.1652268052651834e-09,3.3700533401360534e-09,-2.280420390331024e-10,2.4328685739039725e-09,-1.5199542819735885e-10,2.356821963068229e-09,1.238236077132842e-09,9.665904577380281e-10,1.0091569014890572e-10,2.1039108447219643e-09,8.194039406277747e-10,1.3854225942430955e-09,3.5342092090046966e-10,1.8514056139704006e-09,5.298833011776652e-10,1.674943233693205e-09,1.7424571467588033e-09,4.6236938811206685e-10,1.6122209554541055e-09,5.926055794167647e-10,5.462006677613803e-10,1.6586258671094898e-09,1.5883614649734885e-09,6.164650698973816e-10,8.950365601171625e-10,1.3097899747537077e-09,1.2622305724418342e-09,9.42595962429036e-10,1.1879514185884692e-09,1.016875116282401e-09,1.0357320486105938e-09,1.1690944862602764e-09
-0.6040940025559882,-0.09095096619986978,0.8477984964097122,-0.5095833580809161,3.535117103101948,-0.7586611069072882,7.61336678240156,9.78065768540379e-09,1.154642837873021e-08,-2.280420390331024e-10,2.1555128103167102e-08,-1.5199542819735885e-10,2.147908149233136e-08,1.258338743685819e-09,2.0068747320448182e-08,8.098414455753431e-10,2.0517244618558657e-08,1.483697816079689e-09,1.9843388248054312e-08,5.43522497951738e-09,1.589186108461662e-08,7.196028971441978e-09,1.4131057092692022e-08,2.560880787579326e-09,1.8766205276554676e-08,2.4306445962746275e-09,1.8896441467859374e-08,7.718835685873818e-09,1.3608250378260182e-08,3.505098072874674e-09,1.7821987991259327e-08,9.474682082279675e-09,1.1852403981854325e-08,7.64884347175489e-09,1.367824259237911e-08,7.68260939562142e-09,1.364447666851258e-08,8.8167347173628e-09,1.2510351346771201e-08
-0.6044193796797808,-1.0799263519924271,-1.636108995733303,1.5813884456800857,0.7664275821185623,3.187743559666197,-1.028535151360988,1.9418842480536507e-09,5.08193717265755e-09,-2.280420390331024e-10,2.9120108855707975e-09,-1.5199542819735885e-10,2.988057496406541e-09,1.258948641533994e-09,4.399001566137894e-09,-4.589022671389147e-09,1.4489697467852475e-09,-3.4729236225634865e-09,3.328706979595867e-10,-2.3288666690477984e-09,8.111862555561015e-10,-2.9825278498148234e-09,1.5752507478907644e-10,-3.000641556796567e-09,1.3941136780733294e-10,-3.1308777481012656e-09,9.175176502634252e-12,-2.4786527435670246e-09,6.614001810368752e-10,-2.699627283950652e-09,4.40425640653248e-10,-3.5635525792823345e-09,4.234996546784346e-10,-1.944024810505111e-09,1.1960281140987888e-09,-1.9876974769706892e-09,1.1523554476332106e-09,-1.784790317338036e-09,1.3552626072658639e-09
-0.4200735051170701,-0.9825419807225263,-1.6159947603023819,1.1546835941516351,-0.35441057300681744,1.4284798366629718,-1.3843947270062469,-1.2314568909140524e-09,2.916113333066908e-09,-2.280420390331024e-10,3.919528184947858e-09,-1.5199542819735885e-10,3.9955747957836015e-09,8.761748812304714e-10,5.023745105211432e-09,-2.182268527079297e-09,1.965301696901664e-09,-1.4946887724546651e-09,2.6528814515262956e-09,-1.8038275419860739e-09,2.343742681994887e-09,-2.1085015070338935e-09,2.039068716947067e-09,-1.8418389940479785e-09,2.305731229932982e-09,-1.9720751853526768e-09,2.175495038628284e-09,-2.1579313046054834e-09,1.9896389193754773e-09,-2.0074411280580158e-09,2.140129095922945e-09,-2.1297050674184055e-09,2.017865156562555e-09,-2.2939226140280086e-09,1.853647609952952e-09,-2.3672879735502326e-09,1.7802822504307281e-09,-2.309281870963883e-09,1.8382883530170778e-09
-0.5787262310148564,-1.0979614602690682,-1.2699508418294052,-1.4713967317168843,-0.004964179684886045,-0.31901773412028334,0.31742490857125083,-2.4209673153553103e-10,9.127549341885562e-10,-2.280420390331024e-10,8.987002416861275e-10,-1.5199542819735885e-10,8.226536308503839e-10,1.2100753954290357e-09,5.394171927760106e-10,2.0838897677368598e-10,4.6226922587933917e-10,8.996030632582703e-10,2.2894486060524513e-10,8.042532300835511e-10,1.33595027430526e-10,1.1070782697037618e-09,4.3642006705073667e-10,1.7345107878362316e-09,1.0638525851832065e-09,1.6042745965315332e-09,9.33616393878508e-10,1.1632179283326309e-09,4.925597256796057e-10,1.7323159276297135e-09,1.0616577249766883e-09,6.718096444349353e-10,1.151441781910144e-12,1.7198292069817348e-09,1.0491710043287097e-09,1.6545757318883054e-09,9.839175292352802e-10,1.6054950592123427e-09,9.348368565593176e-10
-0.5753162895792259,-0.7671495341967798,1.5626196140215853,-0.5010187461448796,-0.004318316899011504,0.28917904072156986,0.9530657034326807,-2.4026815089775403e-10,2.7105662700865142e-09,-2.280420390331024e-10,2.6983401582218627e-09,-1.5199542819735885e-10,2.622293547386119e-09,1.2034802168648668e-09,1.2668179023238935e-09,-6.236523421410858e-10,3.093950461329846e-09,1.313714238119443e-10,2.338926695376816e-09,9.781698572259095e-11,2.372481133466169e-09,1.926503876790047e-10,2.2776477315097555e-09,8.498731095877872e-10,1.620425009600973e-09,7.196369182830886e-10,1.7506612009056718e-09,2.9330156689050733e-10,2.176996552298253e-09,8.479640041022654e-10,1.622334115086495e-09,1.8051858022547123e-09,6.65112316934048e-10,8.292311766396451e-10,1.6410669425491153e-09,7.63995715930072e-10,1.7063024032586883e-09,7.161733801424634e-10,1.754124739046297e-09
-0.5637003330783871,1.4498505521233587,-0.2600241682880817,-0.5275816016554284,0.2593910966412217,-1.1892025253259906,1.191330191879914,5.063516236821517e-10,2.6385260498224783e-09,-2.280420390331024e-10,3.3729197125377323e-09,-1.5199542819735885e-10,3.296873101701989e-09,1.1808218729454796e-09,1.9640558005591504e-09,1.3988420198083818e-09,1.7460356536962483e-09,1.973757582950091e-09,1.1711200905545392e-09,2.0987148653226357e-09,1.0461628081819943e-09,2.7575756609274225e-09,3.873020125772075e-10,2.843085857028371e-09,3.0179181647625887e-10,2.7128496657236725e-09,4.3202800778095755e-10,2.7949240457439516e-09,3.499536277606784e-10,2.9531502515283592e-09,1.9172742197627076e-10,2.3258467987992915e-09,8.190308747053385e-10,3.203973392001607e-09,5.909571849697715e-11,3.145823721258206e-09,9.460477535760459e-13,3.1563718164224622e-09,1.1494142917832218e-11
-0.2969472524785564,-1.0033700389278162,-1.248914730951529,-0.5530764674621389,-1.1980569774725924,-0.5890888343444141,-0.18347754087283913,-3.6200067719037426e-09,2.8724991651917116e-09,-2.280420390331024e-10,5.194655676789287e-10,-1.5199542819735885e-10,5.955121785146722e-10,5.803222282796843e-10,1.3278298349917153e-09,5.778587334814219e-10,1.325366340193453e-09,8.848969419701657e-10,1.6324045486821967e-09,-5.888227091742018e-10,1.586848975378292e-10,-6.342059452155488e-10,1.1330166149648219e-10,3.2399326400679643e-10,1.0715008707188274e-09,1.9375707270209764e-10,9.412646794141287e-10,-6.589616883741809e-10,8.854591833785014e-11,-3.183446477771528e-10,4.2916295893487824e-10,-1.0392433370039122e-10,6.435832730116398e-10,-9.496516533531338e-10,2.0214404664110278e-10,-1.0394192221490807e-09,2.919116154370497e-10,-5.060842104664664e-10,2.4142339624556464e-10
-0.5985653397330616,0.6663335705054166,-0.534309161185505,1.17474859511446,-0.09920058545358562,1.2813387479553862,0.052051427516662786,-5.089008743520431e-10,4.28227958617696e-10,-2.280420390331024e-10,1.473691232987553e-10,-1.5199542819735885e-10,7.132251246301176e-11,1.2479402787190845e-09,1.3286131944534316e-09,-1.9809727120091666e-09,1.9002997962748195e-09,-1.0856652809123094e-09,1.0049923651779623e-09,-1.1322157976680949e-09,1.0515428819337478e-09,-1.4098404346177457e-09,1.3291675188833986e-09,-3.611466493163288e-10,2.804737335819817e-10,-4.913828406210274e-10,4.107099248866803e-10,-1.2212792719484064e-09,1.1406063562140592e-09,-4.056613047007531e-10,3.2498838896640597e-10,-1.4594520764782692e-09,1.378779160743922e-09,-5.2904735963001e-10,4.4837444389566293e-10,-5.96924987535905e-10,5.162520718015579e-10,-6.825329252145332e-10,6.018600094801861e-10
1.1109740312280014,-1.0003023451352069,-0.7641789081385927,1.5290100206434463,0.5815587787828985,-1.0043382350442682,-0.10832688689506405,1.4184797081081244e-09,1.9532191637740095e-09,-2.280420390331024e-10,3.0669741663278267e-10,-1.5199542819735885e-10,3.827440274685262e-10,-1.8608853550597357e-09,1.3261458993938507e-09,1.1459391201732378e-09,1.6806785758391228e-09,-3.6198594505248356e-10,1.727535106134015e-10,3.2109757649329195e-10,8.55837032159177e-10,1.472433299186744e-10,6.819827855845595e-10,-1.257515407673154e-09,7.22775952007269e-10,-1.3877515989778525e-09,8.530121433119674e-10,7.598403879595361e-10,1.2945798436254212e-09,-1.022635493712616e-09,4.878960380467309e-10,8.213182264240378e-10,1.3560576820899229e-09,-1.1067631117643339e-09,5.720236560984488e-10,-1.1689538797339155e-09,6.342144240680305e-10,-1.564771255508831e-09,1.0300317998429459e-09
-0.6007881247823239,0.26105861887469733,1.4117127004758776,1.5204008353666423,-0.11007602772814214,-0.8301149394984525,1.407438826923398,-5.396916608866593e-10,4.2964207590895595e-09,-2.280420390331024e-10,3.984771137236003e-09,-1.5199542819735885e-10,3.9087245264002595e-09,1.2521289848545902e-09,2.50460011334831e-09,9.075935935148431e-10,2.8491355046880575e-09,1.5692976201057285e-09,2.1874314780971716e-09,1.2991918022517456e-09,2.4575372959511545e-09,1.7704970220976093e-09,1.986232076105291e-09,2.634231451936136e-09,1.1224976462667642e-09,2.503995260631438e-09,1.2527338375714625e-09,1.763452927441311e-09,1.9932761707615894e-09,2.584751923463437e-09,1.1719771747394632e-09,2.6596450852373255e-09,1.0970840129655748e-09,2.474317243396643e-09,1.2824118548062574e-09,2.4061302718103526e-09,1.3505988263925477e-09,2.3155454028809627e-09,1.4411836953219377e-09
-0.5112511652660806,-1.1527003797803843,1.106906213445184,-1.5936759666609437,-1.3099498078818705,-0.836883261490083,-0.04088645402391113,-3.9368001646604156e-09,3.5929995158875556e-09,-2.280420390331024e-10,1.1575860973975764e-10,-1.5199542819735885e-10,1.9180522057550118e-10,1.0748118450740676e-09,1.4186124938469276e-09,9.168529710546538e-10,1.2606536198275138e-09,1.4653329571810275e-09,1.8091336059538875e-09,-1.838902761243178e-10,1.5991037264854222e-10,-1.7290347789318728e-10,1.7089717087967275e-10,1.955440794682328e-09,2.299241443455188e-09,1.8252046033776296e-09,2.1690052521504896e-09,-2.9692389513006694e-10,4.687675364279309e-11,1.2398720230904118e-09,1.5836726718632718e-09,-9.938314582341375e-10,6.500308094612775e-10,2.344708489007354e-10,5.782714976735954e-10,1.359597230206339e-10,4.797603717934939e-10,3.7083953639497923e-11,3.8088460241235795e-10
3.546968418504816,-0.49543760543962645,0.5056368920320677,-0.5900642732535305,1.7047401691648154,0.9606124481311896,-1.3678369104753934,4.598455065231094e-09,8.699146442227264e-09,-2.280420390331024e-10,3.872649337963068e-09,-1.5199542819735885e-10,3.9486959487988115e-09,-5.50312289075772e-10,3.5503790879203986e-09,-1.5422042992931198e-09,2.5584870777030507e-09,-5.889958670997587e-09,1.7892672940014164e-09,-3.4688851217737467e-09,6.31806255222424e-10,-1.5464660922421298e-09,2.554225284754041e-09,-3.281740218018043e-09,8.189511589781277e-10,-3.4119764093227413e-09,6.887149676734294e-10,-2.4825087098730172e-09,1.6181826671231535e-09,-2.698243979803534e-09,1.4024473971926365e-09,-2.4304271452126204e-09,1.6702642317835503e-09,-3.2652851606797513e-09,8.354062163164194e-10,-3.329652330580083e-09,7.710390464160878e-10,-3.577216667700707e-09,5.234747092954635e-10
-0.5739874336321523,1.1294111446325283,-1.5056241445968963,-1.6392856396461726,1.1886923378491843,0.4221614326698954,0.7608353161798409,3.1374093243268045e-09,1.2113580201127643e-09,-2.280420390331024e-10,2.1540933432471425e-09,-1.5199542819735885e-10,2.078046732411399e-09,1.2009031531230186e-09,7.251481510910216e-10,-8.055784051622139e-10,2.731629709376254e-09,-3.733527515103927e-11,1.9633865793650796e-09,1.3219602816637887e-09,6.040910225502515e-10,1.7716499594927667e-09,1.5440134472127353e-10,6.518502341329789e-10,1.2742010700810612e-09,5.216140428282807e-10,1.4044372613857595e-09,2.0472559043421243e-09,1.2120460012808413e-10,1.0902985172877265e-09,8.357527869263136e-10,5.321935748425345e-10,1.3938577293715057e-09,2.2967369873472534e-09,3.706856831332132e-10,2.2638827761403296e-09,3.378314719262894e-10,2.502029748814095e-09,5.759784446000548e-10
1.2499800862688701,-0.6572249128876023,1.0522080718217048,1.6628621652836402,-0.5453600258875934,0.18475559874862818,-0.8656070693744022,-1.7720770968903188e-09,9.066903308763512e-10,-2.280420390331024e-10,2.4507253887335677e-09,-1.5199542819735885e-10,2.5267719995693112e-09,-1.8077327219325158e-09,8.710347058341542e-10,-4.80796243623663e-10,2.197971184143007e-09,-2.0301958057243626e-09,6.485716220423074e-10,-2.5175690512678554e-09,1.6119837649881459e-10,-1.7342812069477697e-09,9.444862208189004e-10,-2.912438451283654e-09,2.3367102351698386e-10,-3.0426746425883526e-09,3.6390721482168254e-10,-1.918189595330739e-09,7.60577832435931e-10,-3.175186899429518e-09,4.964194716628478e-10,-2.1734185957989636e-09,5.053488319677064e-10,-3.0488379418920163e-09,3.700705141253463e-10,-3.116344901748312e-09,4.375774739816419e-10,-2.567778212779437e-09,1.1098921498723305e-10
-0.5771447049192111,0.15529722456921596,1.6587511060879099,0.026581881430858878,-0.7071344404173647,1.7903226053534675,0.13122793139048003,-2.2300963055621647e-09,2.3735896138571146e-09,-2.280420390331024e-10,3.715353473280524e-10,-1.5199542819735885e-10,2.9548873649230887e-10,1.2070197375442721e-09,1.063526429249322e-09,-2.67728617096486e-09,2.82077947925981e-09,-1.7518998100256214e-09,1.8953931183205713e-09,-2.44844328130329e-09,2.59193658959824e-09,-3.0974036382147786e-09,3.2408969465097285e-09,-1.2521432369552767e-09,1.3956365452502269e-09,-1.3823794282599756e-09,1.5258727365549255e-09,-2.982451511887369e-09,3.125944820182319e-09,-1.6018676505223195e-09,1.7453609588172694e-09,-3.3176315746714248e-09,3.4611248829663747e-09,-2.2749663933509507e-09,2.4184597016459007e-09,-2.359338462313764e-09,2.502831770608714e-09,-2.582948708491368e-09,2.726442016786318e-09
-0.3233674704478749,-0.05301920114126609,-0.16473607294493808,-1.66798525882545,0.8321796109569728,-1.0387616016732288,0.948673921506331,2.1280428090638958e-09,3.2982120249163424e-10,-2.280420390331024e-10,2.6859060505886323e-09,-1.5199542819735885e-10,2.609859439752889e-09,6.463219351708888e-10,1.8115420763846412e-09,1.1930318779059547e-09,1.2648321336495753e-09,1.482911458309357e-09,9.74952553246173e-10,2.309173195270956e-09,1.486908162845741e-10,2.6634579220507984e-09,2.0559391049526835e-10,1.0916574914381399e-09,1.3662065201173902e-09,9.614213001334416e-10,1.4964427114220884e-09,2.8936765507523005e-09,4.358125391967705e-10,1.4152852269139358e-09,1.0425787846415942e-09,2.425400138589338e-09,3.246387296619211e-11,1.9971461654095363e-09,4.6071784614599365e-10,1.9496081719065208e-09,5.082558396490092e-10,1.650332755247629e-09,8.075312563079011e-10
0.5312991879208457,-1.0326492753843768,-0.6173831119276079,-0.657019704102671,3.6768785719231674,-1.2697788555294456,0.17235571118522836,1.0182015810904558e-08,9.922080646146862e-09,-2.280420390331024e-10,4.879772037907993e-10,-1.5199542819735885e-10,4.119305929550558e-10,-1.5138789158835517e-09,1.7738140806412487e-09,1.509074166424463e-09,1.249139001666766e-09,6.995531469676672e-10,4.396179822099703e-10,4.8773081227933954e-09,4.617372958035699e-09,3.934427293908503e-09,3.6744921291508064e-09,-7.319129731031621e-10,9.91848137860859e-10,-8.621491644078606e-10,1.1220843291655575e-09,4.709301867530813e-09,4.4493667027731165e-09,2.3253924761779255e-10,2.7395917139904384e-11,3.756851813259699e-09,3.4969166485020017e-09,9.723510916595683e-10,7.124159269018713e-10,9.402780599985593e-10,6.803428952408623e-10,-2.5696924393923103e-09,2.8296276041500073e-09
0.9834040483075825,-0.10604314529592454,0.8521732860978559,-1.3315213785537148,-1.2791512018035585,-0.6256743412090913,-0.2358211304535268,-3.849602487418391e-09,2.9538985818758155e-09,-2.280420390331024e-10,6.676618665094736e-10,-1.5199542819735885e-10,7.437084773452171e-10,-1.8753840997111157e-09,9.796801941685398e-10,6.279093990620917e-10,1.5236133046046677e-09,-6.773819040947597e-10,2.1832200144781624e-10,-2.120719769762376e-09,1.2250158642198e-09,-1.569264004896938e-09,6.735600993543621e-10,-1.797225047534916e-09,9.015211419923401e-10,-1.927461238839615e-09,1.031757333297039e-09,-1.2847033152103184e-09,3.889994096677425e-10,-2.492380194084394e-09,1.596676288541818e-09,-1.5572356457584355e-09,6.615317402158596e-10,-2.1780410622008507e-09,1.2823371566582748e-09,-2.2504739593768065e-09,1.3547700538342306e-09,-9.929942212036744e-10,9.72903156610985e-11
-0.2717728376150232,-0.7500863408345263,-1.0062333695131418,-1.3160870715063555,0.524886188166914,-0.17761220024545943,-0.1306483611019367,1.2580270482560325e-09,1.8559635427264646e-09,-2.280420390331024e-10,3.6989445543732966e-10,-1.5199542819735885e-10,4.459410662730732e-10,5.162498727360676e-10,1.1141863672064996e-09,1.4939666001445656e-11,6.128761604718777e-10,3.364249545268202e-10,9.343614489972523e-10,8.984794098786727e-10,1.4964159043491048e-09,1.0256753439617253e-09,1.6236118384321574e-09,-3.7782684042394797e-10,2.2010965404648408e-10,-5.080630317286467e-10,8.98734627417854e-11,1.1307521260502401e-09,1.7286886205206722e-09,-1.6400004151546597e-10,4.339364529549661e-10,6.516361121266517e-10,1.2495726065970837e-09,1.5500194385283978e-10,7.529384383232718e-10,1.0041466854443554e-10,6.983511630148675e-10,-1.2050770279094326e-10,4.774287916794888e-10
-0.44106297021927565,-0.372838923898508,0.4987897177235733,0.35942083847542494,-0.4722609799546168,2.018559399835298,-1.488186479422386,-1.565117502752969e-09,2.876310167391431e-09,-2.280420390331024e-10,4.2133856311112975e-09,-1.5199542819735885e-10,4.289432241947041e-09,9.234975449582403e-10,5.36492521510264e-09,-2.9895246624545943e-09,1.451903007689806e-09,-2.2095158130961323e-09,2.231911857048268e-09,-2.5981168449601237e-09,1.8433108251842766e-09,-3.085595867086674e-09,1.355831803057726e-09,-2.543054240464605e-09,1.898373429679795e-09,-2.673290431769304e-09,1.7681372383750965e-09,-3.14139609852281e-09,1.3000315716215903e-09,-2.7679250384269153e-09,1.673502631717485e-09,-3.0283129779350097e-09,1.4131146922093906e-09,-3.1550050131714123e-09,1.286422656972988e-09,-3.2313459002895103e-09,1.21008176985489e-09,-3.180878633271922e-09,1.260549036872478e-09
2.084367610584226,-0.740343732459206,-0.9370387639375481,0.4315511862161364,-0.5295960014687129,0.7860059844465457,-1.265604289893745,-1.727445651239248e-09,2.083802527242744e-09,-2.280420390331024e-10,3.58320613944889e-09,-1.5199542819735885e-10,3.6592527502846335e-09,-1.2190025061225334e-09,2.5922456723594586e-09,-1.3033345808981287e-09,2.5079135975838635e-09,-3.833482846085135e-09,2.2234667603142592e-11,-4.159327879960605e-09,3.4807970147861244e-10,-2.3407361497312266e-09,1.4705120287507656e-09,-3.480256664979218e-09,3.309915135027743e-10,-3.610492856283916e-09,2.0075532219807642e-10,-3.028204072482496e-09,7.830441059994962e-10,-3.734763152849082e-09,7.64850256329103e-11,-2.570434949120315e-09,1.2408132293616772e-09,-3.5523312169274657e-09,2.589169615545266e-10,-3.6184564366160527e-09,1.9279174186593956e-10,-3.2479303547632853e-09,5.63317823718707e-10
-0.5392537743399535,-1.1313414218043198,0.20188186100451763,-0.06596536155482904,-0.6738078970728149,-0.5408012864244186,0.1442538540244235,-2.135741477854662e-09,2.316114059020796e-09,-2.280420390331024e-10,4.084146201992364e-10,-1.5199542819735885e-10,3.323680093634929e-10,1.1321651155015855e-09,9.517925343354515e-10,5.117991344824625e-10,3.3142655331632843e-10,1.1286017778848072e-09,9.482291967186733e-10,2.416897268573571e-10,6.131714569122309e-11,3.6707811859616437e-10,1.8670553743003034e-10,1.7424653563289275e-09,1.5620927751627935e-09,1.612229165024229e-09,1.431856583858095e-09,3.2468897408179124e-10,1.443163929156572e-10,1.4110208896822644e-09,1.2306483085161304e-09,3.248122325823307e-10,1.4443965141619666e-10,8.278760046208067e-10,6.475034234546727e-10,7.450935187379504e-10,5.647209375718164e-10,6.188067301609286e-10,4.3843414899479454e-10
-0.5882648520200302,1.6821294218026541,-0.13565874830548985,0.9372672527344392,-0.517969340063695,0.15755361234617443,0.11648165607248917,-1.6945279969136205e-09,1.7962713327445356e-09,-2.280420390331024e-10,3.297853748640174e-10,-1.5199542819735885e-10,2.5373876402827384e-10,1.2283884786399482e-09,1.1266451428090333e-09,-4.435826680513748e-10,5.453260038822898e-10,3.1296902735368955e-10,2.1122569152277456e-10,-3.2893603965063333e-10,4.306793754815483e-10,-3.591942038945002e-10,4.609375397254152e-10,1.1392157102337782e-09,1.0374723744028633e-09,1.00897951892908e-09,9.07236183098165e-10,-3.361537964463165e-10,4.378971322772315e-10,8.90761997550481e-10,7.89018661719566e-10,-3.5826676627872704e-10,4.6001010210964203e-10,3.919259822177885e-10,2.901826463868735e-10,3.1254682522925e-10,2.10803489398335e-10,1.1426426668526986e-10,1.2520930854354872e-11
0.7109978209614065,-0.960148014276455,1.570826876145807,0.28884575583875916,-0.11252239778630437,0.0350858547799058,-0.6883389818466871,-5.466178765148529e-10,1.630264321697957e-09,-2.280420390331024e-10,1.9488401591797077e-09,-1.5199542819735885e-10,2.0248867700154512e-09,-1.7472540216383878e-09,4.296281765744222e-10,-2.7604111119838287e-10,1.900841087014427e-09,-1.1651885256960226e-09,1.0116936725167874e-09,-1.220823240155819e-09,9.56058958056991e-10,-9.917736366242665e-10,1.1851085615885436e-09,-2.6761485962367617e-09,4.992663980239517e-10,-2.8063847875414604e-09,6.295025893286504e-10,-1.0496468504327114e-09,1.1272353477800986e-09,-2.7267472780896067e-09,5.498650798767967e-10,-1.47523380739535e-09,7.0164839081746e-10,-2.7313694177030052e-09,5.544872194901952e-10,-2.797332450033582e-09,6.204502518207721e-10,-2.5855091198493236e-09,4.0862692163651356e-10
-0.3012620958267205,1.5622628871117086,0.4236271219362426,-1.5145640825523368,-1.0063680615437993,0.2455880946970315,-0.37321652269266475,-3.077292982210426e-09,1.7925922812756659e-09,-2.280420390331024e-10,1.0566586619016576e-09,-1.5199542819735885e-10,1.1327052727374011e-09,5.911896549504582e-10,1.8758903558852183e-09,-5.64017911767083e-10,7.20682789167677e-10,-1.5811061410906225e-10,1.1265900868256976e-09,-1.3273018978882647e-09,4.260119695350477e-11,-1.468039701336447e-09,1.8333900040168697e-10,-8.314546487183094e-10,4.5324605221645056e-10,-9.616908400230083e-10,3.2300986091175166e-10,-1.570558980177523e-09,2.8585827924276317e-10,-1.3541527235933719e-09,6.945202265861195e-11,-1.5232081695675707e-09,2.385074686328108e-10,-1.9161231337422047e-09,6.314224328074447e-10,-2.002036325238561e-09,7.173356243038009e-10,-1.5591610161273414e-09,2.7446031519258146e-10
-0.5813223688229615,2.2663119778105707,-0.3667044396915876,0.8036182203421097,0.0458122991858379,-0.7073081629601266,0.7368284653808852,-9.83372703184313e-11,1.9564198612003813e-09,-2.280420390331024e-10,2.0861246299150522e-09,-1.5199542819735885e-10,2.0100780190793087e-09,1.2150794682939607e-09,6.430031225879892e-10,7.395882430274291e-10,1.1184943478545208e-09,1.3905908499215838e-09,4.674917409603661e-10,1.3149353488578267e-09,5.431472420241232e-10,1.7703099167985454e-09,8.77726740834045e-11,2.3027230117934434e-09,4.446404209114935e-10,2.1724868204887443e-09,3.144042296067944e-10,1.8033626134432387e-09,5.471997743871124e-11,2.3228181152696042e-09,4.6473552438765433e-10,1.4223173400524801e-09,4.357652508294698e-10,2.363894369082047e-09,5.058117782000972e-10,2.300028880331814e-09,4.41946289449864e-10,2.2634360307292173e-09,4.053534398472674e-10
-0.41902689476928684,-0.8804119424777064,-1.0612749556275414,0.24175672269972687,2.0937029858937013,1.0578282266498524,-1.039632741954192,5.699694974142346e-09,8.871167636387936e-09,-2.280420390331024e-10,2.9434306232124878e-09,-1.5199542819735885e-10,3.0194772340482313e-09,8.737906054950257e-10,4.045263267740616e-09,-1.6751999808289639e-09,1.4962726814166262e-09,-1.030432499128137e-09,2.141040163117453e-09,1.454218378310812e-09,4.625691040556402e-09,1.7784555141225798e-09,4.9499281763681695e-09,-1.3256384618416498e-09,1.8458342004039403e-09,-1.4558746531463486e-09,1.7155980090992414e-09,2.0321133983270568e-09,5.2035860605726464e-09,-6.473118731065036e-10,2.5241607891390862e-09,3.936860854558069e-10,3.565158747701397e-09,1.1566744725142677e-09,4.328147134759858e-09,1.1402266468840417e-09,4.311699309129631e-09,7.593746089932098e-10,3.9308472712388e-09
0.1770567627083986,-1.1464456109024173,-0.6412804313397077,1.2915657148542996,0.7241642266820538,0.07114414901420858,-0.7168851422271859,1.8222273253621812e-09,4.079930028016932e-09,-2.280420390331024e-10,2.029660663621648e-09,-1.5199542819735885e-10,2.1057072744573916e-09,-7.211230643391551e-10,1.5365796383155953e-09,-3.2537052551552966e-10,1.9323321771392205e-09,-5.398041375353405e-10,1.7178985651194099e-09,3.2230048250811153e-10,2.5800031851628617e-09,2.806643973560872e-10,2.5383671000108374e-09,-2.158244157008134e-09,9.94585456466162e-11,-2.288480348312833e-09,3.0777645658082484e-11,2.9375997732698404e-10,2.5514626799817343e-09,-1.872013030798989e-09,3.856896718557612e-10,1.0256766868837227e-10,2.3602703713431225e-09,-1.6928884118703806e-09,5.648142907843698e-10,-1.748731593184817e-09,5.089711094699333e-10,-2.3295270517410285e-09,7.18243490862781e-11
-0.5599825020658687,2.3414656651259005,0.8615132913360689,-0.534955813054148,1.6039406050350076,0.4522700181544888,1.5157382843185312,4.313069167025879e-09,2.49720311181509e-10,-2.280420390331024e-10,4.291390894877473e-09,-1.5199542819735885e-10,4.2153442840417295e-09,1.1735070590378903e-09,2.88984179680648e-09,-8.467683427178239e-10,4.910117198562195e-09,-9.274571886232637e-11,4.156094574706697e-09,1.7510925861949425e-09,2.3122562696494278e-09,2.3065799852307883e-09,1.756768870613582e-09,4.998603332605801e-10,3.56348852258379e-09,3.6962414195588117e-10,3.6937247138884892e-09,2.6306414276048265e-09,1.4327074282395438e-09,1.0568367079099576e-09,3.0065121479344126e-09,3.58706456802585e-09,4.762842878185202e-10,2.693474454301114e-09,1.369874401543256e-09,2.6712855994190277e-09,1.3920632564253426e-09,2.943506854244206e-09,1.1198420016001643e-09
-0.5828006172407926,-0.30659729102675193,-1.4978137119467378,-0.2944287933225608,1.1002753356806814,0.15564021600607952,0.293748315329017,2.887081202391911e-09,2.283456680759301e-09,-2.280420390331024e-10,8.316665606657123e-10,-1.5199542819735885e-10,7.556199498299688e-10,1.2179221899197088e-09,6.142976682870988e-10,-4.409650533577861e-10,1.044589574990396e-09,3.0850886306361337e-10,2.9511565856899663e-10,1.5380874262552102e-09,9.344629046226002e-10,2.0611101027136075e-09,1.4574855810809975e-09,1.0978607246202302e-09,4.942362029876202e-10,9.676245333155315e-10,3.640000116829215e-10,2.3098635452307235e-09,1.7062390235981135e-09,1.5090175413909656e-09,9.053930197583556e-10,8.410404103853588e-10,2.3741588875274883e-10,2.6358279556955006e-09,2.0322034340628906e-09,2.6008382611764415e-09,1.9972137395438315e-09,2.8457975819484556e-09,2.2421730603158456e-09
-0.5967217082914573,-0.030632910571793553,1.0288147856992105,0.7587449376470924,-0.7199667605635444,1.3781025944337015,0.08173645226247339,-2.2664274468978382e-09,2.2697994129391454e-09,-2.280420390331024e-10,2.3141400507440966e-10,-1.5199542819735885e-10,1.5536739423866612e-10,1.2444578677989324e-09,1.2410859017576253e-09,-2.113350129610599e-09,2.116722095651906e-09,-1.2095249155565406e-09,1.2128968815978478e-09,-1.9640066052695366e-09,1.9673785713108438e-09,-2.494800068654306e-09,2.498172034695613e-09,-5.127380472578297e-10,5.16110013299137e-10,-6.429742385625284e-10,6.463462046038357e-10,-2.388433649477962e-09,2.391805615519269e-09,-8.695521774138601e-10,8.729241434551674e-10,-2.4036057276199486e-09,2.406977693661256e-09,-1.568832500574894e-09,1.5722044666162013e-09,-1.6539415266054298e-09,1.657313492646737e-09,-1.9322078803625793e-09,1.9355798464038865e-09
-0.25978565995013153,2.1842454902735136,0.06364389669940874,0.12736482603649157,-1.1552397829603442,-0.8676456855513505,-0.08404541147135167,-3.4987818080857504e-09,3.0327885889077555e-09,-2.280420390331024e-10,2.379511801448926e-10,-1.5199542819735885e-10,3.1399779098063614e-10,4.853517082717758e-10,9.513449274497707e-10,9.589373900251558e-10,1.4249306092031508e-09,1.1881105437727758e-09,1.654103762950771e-09,-2.6019612551461056e-10,2.0579709366338443e-10,-2.636327450913927e-10,2.023604740866023e-10,5.390468099571799e-10,1.0050400291351748e-09,4.088106186524812e-10,8.748038378304761e-10,-2.3266541180739903e-10,2.3332780737059593e-10,-7.594065526181222e-11,3.9005256391618274e-10,-6.68471830187932e-11,3.991460361592018e-10,-6.414533390950128e-10,1.754601199170178e-10,-7.294728979060519e-10,2.634796787280569e-10,-1.3468571092048565e-10,3.3130750825750934e-10
-0.5973079707945371,-0.46373544337728045,-0.8206313892244467,1.110184121945731,2.0469727820735857,-1.2389771537755212,1.7847369932418098,5.567391414046169e-09,7.424476165485585e-10,-2.280420390331024e-10,5.052985836530713e-09,-1.5199542819735885e-10,4.9769392256949696e-09,1.2455660574882912e-09,3.579377740009319e-09,1.466936013753695e-09,3.358007783743915e-09,2.0784930172289856e-09,2.7464507802686248e-09,4.2620560020716135e-09,5.628877954259969e-10,5.636794722826402e-09,8.11850925328792e-10,3.1820248313537927e-09,1.6429189661438177e-09,3.0517886400490936e-09,1.7731551574485168e-09,5.902359675997955e-09,1.0774158785003447e-09,3.8495598135198635e-09,9.75383983977747e-10,3.9347576862991435e-09,8.901861111984669e-10,6.112510109636278e-09,1.2875663121386674e-09,6.104262539170052e-09,1.279318741672442e-09,6.693769098050511e-09,1.8688253005529005e-09
2.9221970314996675,1.735711865514112,-0.5918315078640674,-1.524843526896979,-1.2829747277583061,-1.2592464201593963,0.029189764019673374,-3.8604277364988476e-09,3.7150283864006404e-09,-2.280420390331024e-10,8.264268893489539e-11,-1.5199542819735885e-10,6.5960780991518454e-12,-7.563597504551468e-10,6.109604003569399e-10,1.4946653076814038e-09,1.6400646577796108e-09,-2.316853754908039e-09,2.1714544048098317e-09,-3.6343297264146456e-09,3.4889303763164385e-09,-1.7742726492600722e-09,1.6288732991618652e-09,-3.0775298933467793e-10,1.6235363923647093e-10,-4.379891806393765e-10,2.925898305411695e-10,-7.155578619916008e-10,5.701585118933939e-10,-1.0054317098345305e-09,8.600323597363235e-10,-3.951502320755303e-10,2.497508819773233e-10,-3.5915994015516675e-10,2.1376059005695975e-10,-4.253336170663073e-10,2.799342669681003e-10,4.1812926589742894e-11,1.872122766879499e-10
-0.35009360100567216,1.1781914861132903,-0.9996963571611576,0.3175182220601096,-0.14282545574393818,-0.6085037338228501,-0.1006801050215837,-6.324125472385e-10,1.1932282520174297e-10,-2.280420390331024e-10,2.8504768300365464e-10,-1.5199542819735885e-10,3.610942938393982e-10,7.117301815647593e-10,1.2248199036015164e-09,6.044192139654495e-10,1.1175089360022066e-09,9.760402290400967e-10,1.4891299510768537e-09,7.152112303414003e-10,1.2283009523781574e-09,8.604626316706485e-10,1.3735523537074055e-09,6.266692948339916e-10,1.1397590168707486e-09,4.964331035292929e-10,1.00952282556605e-09,9.353676909386483e-10,1.4484574129754053e-09,5.621363549178298e-10,1.0752260769545869e-09,7.717497510902489e-10,1.284839473127006e-09,4.626962315279557e-10,9.757859535647127e-10,3.944791688674196e-10,9.075688909041767e-10,4.5201282868497433e-10,9.651025507217313e-10
-0.4045743369026218,0.4563363061287771,-0.13113196150792988,0.658139124435207,2.488038742040533,0.9842292455548508,-0.9957390987953842,6.8161468649210786e-09,9.863346898742959e-09,-2.280420390331024e-10,2.8191579947887776e-09,-1.5199542819735885e-10,2.895204605624521e-09,8.406294054603258e-10,3.887829439282206e-09,-1.5745131705166405e-09,1.4726868633052395e-09,-9.561394077104224e-10,2.0910606261114576e-09,1.9785666174027252e-09,5.025766651224605e-09,2.3854668532552583e-09,5.432666887077139e-09,-1.3090731875663454e-09,1.7381268462555346e-09,-1.4393093788710442e-09,1.6078906549508357e-09,2.6725371992701098e-09,5.71973723309199e-09,-5.457079715913332e-10,2.501492062230547e-09,1.6661414821620778e-09,4.713341515983958e-09,1.6032670048323483e-09,4.650467038654228e-09,1.5951560363710801e-09,4.64235607019296e-09,1.0652324553184268e-09,4.112432489140307e-09
0.2138213274559345,-0.5683171683253657,1.5988816602105473,-0.2403413902711231,0.8339155075177525,3.495327200739693,-2.8160185685574532,2.132957516815523e-09,1.0333772012636273e-08,-2.280420390331024e-10,7.972772456787648e-09,-1.5199542819735885e-10,8.048819067623392e-09,-8.188944146171707e-10,7.381920081203579e-09,-5.009811319046718e-09,3.191003176774032e-09,-4.887057675926227e-09,3.3137568198945227e-09,-3.5525902571100443e-09,4.648224238710706e-09,-3.259006141246275e-09,4.941808354574475e-09,-7.0550574338712886e-09,1.1457570619494613e-09,-7.185293625175987e-09,1.015520870644763e-09,-4.495332268813913e-09,3.705482227006837e-09,-6.730838977804188e-09,1.4699755180165617e-09,-3.757529720845591e-09,4.443284774975159e-09,-6.575962342510847e-09,1.6248521533099025e-09,-6.630785393322013e-09,1.5700291024987368e-09,-7.322168033747788e-09,8.786464620729622e-10
-0.6069006507265803,2.0674148097275573,0.033592490193806786,1.0226826416828803,-0.6550332623093921,0.723550584166511,0.038571341734901544,-2.0825863273171624e-09,1.9637483022202676e-09,-2.280420390331024e-10,1.0920401393620739e-10,-1.5199542819735885e-10,3.315740310046385e-11,1.2635920185388012e-09,1.3824300436356963e-09,-1.2178927045648277e-09,1.0990546794679326e-09,-3.7456457912765086e-10,2.5572655403075584e-10,-1.1203168476826915e-09,1.0014788225857964e-09,-1.3995001942235139e-09,1.2806621691266188e-09,4.944130392712173e-10,6.132510643681123e-10,3.641768479665186e-10,4.830148730634136e-10,-1.3354054344541827e-09,1.2165674093572876e-09,1.7318290009770136e-10,2.920209251945964e-10,-1.277802254668652e-09,1.158964229571757e-09,-4.710285901651844e-10,3.521905650682894e-10,-5.545207222280883e-10,4.356826971311933e-10,-8.378332626251615e-10,7.189952375282666e-10
-0.1295119615072312,0.7041559499625926,0.28208743523252505,1.5228999756742665,1.3040388670837941,0.13495445009579657,-0.6888138092290025,3.4639809036253185e-09,5.642207443355519e-09,-2.280420390331024e-10,1.9501845006970975e-09,-1.5199542819735885e-10,2.026231111532841e-09,1.3571187586680708e-10,2.313938415597007e-09,-4.126659688135949e-10,1.765560570916605e-09,-2.348782817030808e-10,1.9433482580271193e-09,1.2734871396731278e-09,3.4517136794033275e-09,1.3415373327406353e-09,3.519763872470835e-09,-1.4108906799108448e-09,7.67335859819355e-10,-1.5411268712155435e-09,6.370996685146564e-10,1.4417124171602366e-09,3.6199389568904367e-09,-9.379565393954799e-10,1.24027000033472e-09,1.284499061483635e-09,3.462725601213835e-09,-2.5544084164826265e-10,1.9227856980819373e-09,-2.9786528057915913e-10,1.8803612591510407e-09,-1.1259868799894747e-09,1.0522396597407252e-09
0.15603498342114622,0.5252902750104569,-1.4018260530547753,1.5782775144680747,-0.7445286880855381,-1.272413076929451,0.09912596168674269,-2.3359677054101535e-09,2.3885732252791564e-09,-2.280420390331024e-10,2.806475589021052e-10,-1.5199542819735885e-10,2.0460094806636165e-10,-6.642146320063325e-10,7.168201518753353e-10,1.5126779031403376e-09,1.4600723832713349e-09,1.1742266905155475e-09,1.1216211706465448e-09,2.01916600597355e-10,1.493110807283522e-10,1.7256728653725035e-10,1.1996176666824754e-10,-2.2190050134653633e-10,2.7450602121553914e-10,-3.5213669265123497e-10,4.0474221252023777e-10,5.446945861186805e-10,4.920890662496777e-10,-5.923645879925383e-10,6.449701078615411e-10,9.226975778225053e-10,8.700920579535024e-10,-7.201584543143313e-10,7.727639741833341e-10,-7.950148672341017e-10,8.476203871031045e-10,-4.193226009199367e-11,9.453777996099647e-11
2.7029206169227122,-0.09286647731504966,0.27159714336221163,1.2171822721203431,-0.33242813646263975,-1.004857872568863,-0.13465254075874633,-1.1692197428464237e-09,5.599465286411517e-10,-2.280420390331024e-10,3.8123117517216963e-10,-1.5199542819735885e-10,4.5727778600791317e-10,-8.542579802609192e-10,2.449847660556472e-10,1.1466500083416828e-09,1.7559232225469548e-09,-2.360957671349075e-09,1.7516844571438032e-09,-2.575839518782561e-09,1.966566304577289e-09,-1.3389470348062838e-09,7.296738206010117e-10,-7.339875189036012e-10,1.2471430469832922e-10,-8.642237102082999e-10,2.549504960030279e-10,-5.155930522706675e-10,9.368016193460456e-11,-8.887745252086863e-10,2.795013110034143e-10,-4.991639682352059e-10,1.1010924597006613e-10,-7.51465370199039e-10,1.4219215599376702e-10,-8.169240323161618e-10,2.076508181108898e-10,-6.158089812071568e-10,6.535767001884734e-12
-0.5977715736566996,0.5849075607279952,0.809853854241015,-0.5273004733250848,-0.74560998809141,1.754918993184382,0.003976850412915647,-2.339029105288904e-09,2.122246410846381e-09,-2.280420390331024e-10,1.125934459057938e-11,-1.5199542819735885e-10,6.478726624516416e-11,1.246441855951134e-09,1.463224550393657e-09,-2.6288523919939463e-09,2.412069697551423e-09,-1.681520615258417e-09,1.464737920815894e-09,-2.4281450231875346e-09,2.2113623287450114e-09,-3.1024640588939395e-09,2.8856813644514164e-09,-1.0354026879135988e-09,8.186199934710757e-10,-1.1656388792182977e-09,9.488561847757747e-10,-2.964254842542369e-09,2.747472148099846e-09,-1.4064701098875813e-09,1.1896874154450583e-09,-2.9211558193187744e-09,2.7043731248762513e-09,-2.1335400310827393e-09,1.916757336640216e-09,-2.219382825566139e-09,2.0026001311236157e-09,-2.508558322856109e-09,2.2917756284135858e-09
0.1131469510996388,1.3976539288818912,-0.8436323198025942,0.0842380660307897,1.3425591116933266,0.4334134320001529,-0.8870417659402683,3.573040250279033e-09,6.312494052882883e-09,-2.280420390331024e-10,2.5114117635707477e-09,-1.5199542819735885e-10,2.5874583744064913e-09,-5.462700601067354e-10,2.1931837424971145e-09,-8.209716606848365e-10,1.9184821419190137e-09,-9.145697830722385e-10,1.8248840195316116e-09,6.923481122017491e-10,3.4318019148055994e-09,6.437490605644856e-10,3.3832028631683354e-09,-2.535154406701461e-09,2.0429939590238922e-10,-2.66539059800616e-09,7.406320459769012e-11,5.930206811323462e-10,3.332474483736196e-09,-2.0509784822595528e-09,6.884753203442973e-10,1.064432492664612e-10,2.8458970518703114e-09,-1.6077332466112586e-09,1.1317205559925915e-09,-1.654521364630288e-09,1.084932437973562e-09,-2.7618269545999266e-09,2.2373151996076534e-11
-0.5900598985755123,-1.1106628918653285,-1.613366869119621,0.9236475024795593,0.5715179381782745,-0.3006563545668867,0.2624272552648367,1.3900518638071722e-09,8.751042024003132e-10,-2.280420390331024e-10,7.429897004399613e-10,-1.5199542819735885e-10,6.669430896042177e-10,1.2318124540663575e-09,7.168647926594986e-10,1.832697602755791e-10,3.3167790113127985e-10,8.907756410569577e-10,3.758279796500987e-10,1.4626967776838168e-09,9.477491162769578e-10,1.9718466355981607e-09,1.4568989741913018e-09,1.7998256272372698e-09,1.284877965830411e-09,1.6695894359325708e-09,1.1546417745257118e-09,2.110943303115812e-09,1.595995641708953e-09,2.0310027010960265e-09,1.5160550396891675e-09,1.0412871891663404e-09,5.263395277594815e-10,2.6034425467850813e-09,2.0884948853782224e-09,2.554088117666673e-09,2.039140456259814e-09,2.6688115425254265e-09,2.1538638811185676e-09
-0.22299416137452382,0.39743564693371014,-1.5350142194916663,0.738807912982694,-1.1317780576944778,2.1174647182491184,-1.9288981155099802,-3.4323564659104535e-09,2.256823485705916e-09,-2.280420390331024e-10,5.461137912583267e-09,-1.5199542819735885e-10,5.5371845234190104e-09,3.8904077999421485e-10,6.078220731610585e-09,-3.1248317127133185e-09,2.564348238903051e-09,-2.6076630978872986e-09,3.081516853729071e-09,-3.7272051909126775e-09,1.961974760703692e-09,-4.0378319049487475e-09,1.6513480466676221e-09,-3.834441761502977e-09,1.8547381901133926e-09,-3.964677952807676e-09,1.7245019988086935e-09,-4.467419117122871e-09,1.2217608344934985e-09,-4.434597415986849e-09,1.2545825356295207e-09,-3.740943419998536e-09,1.9482365316178337e-09,-4.983079624847587e-09,7.061003267687826e-10,-5.06982361194941e-09,6.193563396669598e-10,-4.4152565483051955e-09,1.2739234033111741e-09
-0.576327529535695,1.6277994134129798,0.6997244566467008,-0.6198467766656056,-0.633622639454051,0.1901289085828868,0.300281145396358,-2.021968110488011e-09,2.644088521390432e-09,-2.280420390331024e-10,8.501624499355232e-10,-1.5199542819735885e-10,7.741158390997796e-10,1.2054387241988623e-09,5.833183132964414e-10,-4.881471800086788e-10,1.1102675909110997e-09,2.5705727696570834e-10,3.650631339367125e-10,-5.141312269013643e-10,1.1362516378037852e-09,-5.975876127760142e-10,1.219708023678435e-09,9.975530589906547e-10,3.7543264808823385e-10,8.67316867685956e-10,2.4519645678353516e-10,-5.915678022874224e-10,1.2136882131898432e-09,6.87898253312575e-10,6.577784241015413e-11,-5.935118597241679e-10,1.2156322706265887e-09,9.662230842501076e-11,5.254981024774101e-10,1.4265923380555761e-11,6.078544875218651e-10,-1.8913451021183917e-10,8.1125492111426e-10
-0.5819863233599974,0.7025572933070955,1.1133483274888178,-1.7514931632157775,-1.1455388681197467,-0.38863809659496257,-0.13357348612307332,-3.471316368933345e-09,2.865098197466328e-09,-2.280420390331024e-10,3.7817613243391454e-10,-1.5199542819735885e-10,4.542227432696581e-10,1.2163568686971378e-09,1.8225750401641548e-09,3.0363285279032396e-10,9.098510242573409e-10,9.91147302063559e-10,1.597365473530576e-09,-4.3029052212302393e-10,1.75927649343993e-10,-4.900715678976573e-10,1.1614660356935963e-10,1.8587337209760221e-09,2.464951892443039e-09,1.7284975296713234e-09,2.3347157011383406e-09,-5.995651348442583e-10,6.653036622758633e-12,1.2498921122466225e-09,1.8561102837136395e-09,-1.1373492295331044e-09,5.311310580660875e-10,2.382619682998867e-10,8.444801397669036e-10,1.418015704786848e-10,7.480197419457017e-10,-2.101823274216613e-10,3.960358440453556e-10
-0.47396231728706023,-1.0497839083208513,0.3357302498932658,-1.197999970803346,0.25514489996247225,-0.11268994319615647,0.48650261937035266,4.943297001393042e-10,6.550249609700757e-10,-2.280420390331024e-10,1.3773967001424823e-09,-1.5199542819735885e-10,1.3013500893067387e-09,9.95761753878454e-10,1.5359290723092586e-10,-7.387698449176347e-11,1.2232316456011435e-09,5.088446168214755e-10,6.405100442879044e-10,7.453035053506842e-10,4.040511557586958e-10,9.648260879820859e-10,1.8452857312729405e-10,6.764406075297664e-10,4.729140535796136e-10,5.462044162250677e-10,6.031502448843123e-10,1.0562668317579353e-09,9.308782935144468e-11,7.847743410860785e-10,3.6458032002330145e-10,9.607895433673679e-10,1.8856511774201207e-10,9.889773625008892e-10,1.603772986084907e-10,9.30125314971202e-10,2.1922934613817794e-10,9.002705215901088e-10,2.4908413951927113e-10
1.1582826383331783,-0.2669993698634502,-1.66933103666402,-0.6904347912470806,0.7843741778269727,-0.17705971861188113,-0.566205929501859,1.9926950365742726e-09,3.823791505008653e-09,-2.280420390331024e-10,1.6030544294012774e-09,-1.5199542819735885e-10,1.679101040237021e-09,-1.8465357112966931e-09,1.5439242862313367e-11,1.4183845572772387e-11,1.8452803140071522e-09,-1.4605440247336706e-09,3.705524437007091e-10,-4.556525072591431e-10,1.3754439611752367e-09,-3.8156530624962985e-10,1.44953116218475e-09,-2.4181447379725296e-09,5.870482695381498e-10,-2.5483809292772282e-09,7.172844608428485e-10,-2.8186839500940666e-10,1.549228073424973e-09,-2.1109119653282357e-09,2.7981549689385593e-10,-1.7455239814350615e-10,1.6565440702908736e-09,-2.2335964203130022e-09,4.024999518786225e-10,-2.2949487342295305e-09,4.638522657951508e-10,-2.8535001753508555e-09,1.0224037069164757e-09
2.2628657541277195,0.37382948549621864,1.5060360654854075,0.6647427327985795,-0.33099027777101403,-0.1950780093708867,-0.6274047031716692,-1.1651488463326913e-09,8.392149089554787e-10,-2.280420390331024e-10,1.7763217162550677e-09,-1.5199542819735885e-10,1.8523683270908113e-09,-1.0999682180580107e-09,9.043955372301593e-10,3.8833700731263023e-11,2.043197456019433e-09,-2.8253646761194613e-09,8.210009208312912e-10,-3.0016792166128535e-09,9.973154613246835e-10,-1.662416323707866e-09,3.4194743158030413e-10,-2.029566897257922e-09,2.5203141969751755e-11,-2.1598030885626205e-09,1.5543933327445044e-10,-1.5570037814824652e-09,4.4735997380570483e-10,-2.1836490845218585e-09,1.792853292336885e-10,-2.0244526941031762e-09,2.0088938815006194e-11,-2.0657896921649023e-09,6.142593687673224e-11,-2.131434329481998e-09,1.2707057419382795e-10,-1.8856763179850995e-09,1.1868743730307057e-10
-0.5920034472493463,-0.16853261011461765,-0.24844074427562923,-0.05763656182411447,-0.5526696980938975,-0.7352580637327272,0.3673354466790714,-1.7927723983649898e-09,2.604738392086071e-09,-2.280420390331024e-10,1.0400080327541834e-09,-1.5199542819735885e-10,9.639614219184398e-10,1.2355117295036909e-09,4.235457357826098e-10,7.778250000513688e-10,3.414099366971225e-11,1.4391147455780677e-09,6.271487518569866e-10,6.675959189182997e-10,1.4437007480278134e-10,9.385135301828842e-10,1.2654753646180311e-10,2.4284015159063487e-09,1.6164355221852676e-09,2.2981653246016504e-09,1.4861993308805693e-09,8.807502886640091e-10,6.87842949429281e-11,2.161817488708622e-09,1.3498514949875408e-09,8.199569668208933e-10,7.990973099812268e-12,1.639103597789951e-09,8.2713760406887e-10,1.5587120538375848e-09,7.467460601165038e-10,1.3426867170708028e-09,5.307207233497218e-10
-0.606019757009038,0.8045905964236727,-1.501537992104688,1.395379246359173,1.385987836731043,1.3643955082661734,0.27536118118366587,3.6959965924992757e-09,3.144430121303603e-09,-2.280420390331024e-10,7.796085102287751e-10,-1.5199542819735885e-10,7.035618993930316e-10,1.261945078611237e-09,7.103786074155641e-10,-2.0945982017394355e-09,2.6461646729351083e-09,-1.1806284498734323e-09,1.732194921069105e-09,4.97647540002793e-10,5.3918931192879794e-11,7.242583392110424e-10,1.7269186801536955e-10,-4.164928633143733e-10,9.680593345100461e-10,-5.467290546190722e-10,1.098295525814745e-09,1.1444820445546134e-09,5.929155733589406e-10,8.019567596523732e-11,4.713707952304355e-10,-5.642596783005729e-10,1.1158261494962456e-09,1.5564502417757959e-09,1.004883770580123e-09,1.53017562066241e-09,9.786091494667373e-10,1.9491712089868647e-09,1.3976047377911918e-09
2.0000735797596985,1.9954376054431806,-1.0048903384994676,0.17708343819817104,0.4816232769550899,2.21218819276339,-2.1975551557242756,1.1355401617129604e-09,7.5853477151707e-09,-2.280420390331024e-10,6.221765514424638e-09,-1.5199542819735885e-10,6.297812125260381e-09,-1.2787190717259309e-09,5.171088481731809e-09,-3.2544178070945947e-09,3.1953897463631457e-09,-5.5190120057761445e-09,9.307955476815959e-10,-4.541670699226262e-09,1.9081368542314782e-09,-2.5899049879134162e-09,3.859902565544324e-09,-5.523361570981907e-09,9.264459824758332e-10,-5.6535977622866055e-09,7.962097911711349e-10,-4.366509370540322e-09,2.0832981829174187e-09,-5.3258598927471414e-09,1.123947660710599e-09,-3.9850870805956145e-09,2.464720472862126e-09,-5.508440673621546e-09,9.41366879836194e-10,-5.572562322364804e-09,8.772452310929365e-10,-5.742970064903211e-09,7.068374885545298e-10
-0.5387941519331519,-1.1387015118417048,0.6563749017309791,1.3337884963829096,-0.7999978831135333,-0.8524331249863496,0.15700232742818407,-2.4930132857402323e-09,2.7094796195379973e-09,-2.280420390331024e-10,4.4450837283086737e-10,-1.5199542819735885e-10,3.6846176199512383e-10,1.1312376977036145e-09,9.147713639058494e-10,9.381259035455284e-10,7.216595697477634e-10,1.5194613538259987e-09,1.3029950200282336e-09,4.555792930525081e-10,2.391129592547431e-10,6.378566184763084e-10,4.2139028467854346e-10,2.1784168171090583e-09,1.9619504833112932e-09,2.0481806258043596e-09,1.8317142920065945e-09,5.64775867862561e-10,3.4830953406479596e-10,1.7767372156227581e-09,1.560270881824993e-09,4.747909721467177e-10,2.583246383489527e-10,1.097543453688291e-09,8.81077119890526e-10,1.0114624378887725e-09,7.949961040910075e-10,8.69485692189257e-10,6.53019358391492e-10
0.8461862367034092,1.551035959353144,1.351859517398533,-0.6300326598130102,0.8343043870873182,-0.4336549490309184,-0.3442338630252291,2.1340585210332722e-09,3.336702891338312e-09,-2.280420390331024e-10,9.746023312719376e-10,-1.5199542819735885e-10,1.0506489421076811e-09,-1.8418193080170005e-09,6.391749377119606e-10,3.652179890876084e-10,1.5678623593926484e-09,-7.462174923382232e-10,4.5642687796681673e-10,2.5964191423541033e-10,1.4622862845404503e-09,1.3184059046393983e-10,1.3344849607689797e-09,-2.054447306797993e-09,8.518029364929529e-10,-2.184683498102691e-09,9.820391277976512e-10,3.770333006731796e-10,1.5796776709782195e-09,-1.7300965601825067e-09,5.274521898774667e-10,3.4873324939785713e-10,1.551377619702897e-09,-1.7791206751461795e-09,5.764763048411396e-10,-1.8387661150629797e-09,6.361217447579397e-10,-2.515703846023968e-09,1.3130594757189282e-09
-0.2643878637336927,-0.5067091878448761,1.4464498990821966,-1.0563857034348394,-0.8048925649807424,0.5620657985296974,-0.4372895037324832,-2.506871214523569e-09,1.040765708889589e-09,-2.280420390331024e-10,1.2380634666008776e-09,-1.5199542819735885e-10,1.3141100774366211e-09,4.972433243336564e-10,1.9633488299676364e-09,-9.96974048656366e-10,4.691314569776139e-10,-6.019516148912873e-10,8.641538907426926e-10,-1.502912202242617e-09,3.680669660863702e-11,-1.6421118268094057e-09,1.7600632117542576e-10,-1.4554001395952431e-09,1.0705366038736798e-11,-1.5856363308999418e-09,1.195308252659619e-10,-1.7741860586794538e-09,3.080805530454739e-10,-1.8598603820809691e-09,3.9375487644698923e-10,-2.39462190271914e-09,9.2851639708516e-10,-2.298327481748601e-09,8.32221976114621e-10,-2.3794753632773398e-09,9.133698576433599e-10,-1.963379625186967e-09,4.972741195529871e-10
-0.4658184141506778,0.622753838109355,0.3813876102097109,-1.1698724311809872,-0.2654025004485189,1.1961110197651428,-0.29142003847492665,-9.794553177539425e-10,7.366141434096755e-11,-2.280420390331024e-10,8.250746930618077e-10,-1.5199542819735885e-10,9.011213038975513e-10,9.780923155812043e-10,2.0312090476761144e-09,-1.8643772378060046e-09,8.112605057110945e-10,-1.1453535576204662e-09,9.223682552555614e-11,-1.3793352965893863e-09,3.262185644944763e-10,-1.633263343361467e-09,5.801466112665569e-10,-1.2231218150880804e-09,1.7000508299317033e-10,-1.3533580063927793e-09,3.002412742978692e-10,-1.6186824511879e-09,5.655657190929899e-10,-1.3453890364725771e-09,2.9227230437766704e-10,-1.5692877637428835e-09,5.161710316479735e-10,-1.5808252532523066e-09,5.277085211573965e-10,-1.6524084451140892e-09,5.992917130191791e-10,-1.6508135122735276e-09,5.976967801786175e-10
-0.5683958786468635,-0.8984697809385193,-0.15314639403295954,0.3276519026587706,-0.021234336618986112,1.135229489413403,-0.1668927749780779,-2.8816115047089895e-10,4.1239130963648504e-10,-2.280420390331024e-10,4.725104210742817e-10,-1.5199542819735885e-10,5.485570319100252e-10,1.1900168519679158e-09,1.8905693120753e-09,-1.7810884883308316e-09,1.0805360282234476e-09,-9.400347338531716e-10,2.394822737457876e-10,-9.080078826807182e-10,2.0745542257333417e-10,-1.1027040400238697e-09,4.021515799164857e-10,-3.975743179235811e-10,3.029781421838029e-10,-5.278105092282794e-10,1.7274195087910457e-10,-9.504330123348496e-10,2.498805522274656e-10,-4.0698683700481306e-10,2.9356562310257093e-10,-1.1277044487094857e-09,4.2715198860210167e-10,-4.512614269202311e-10,2.492910331871529e-10,-5.169526583326289e-10,1.835998017747551e-10,-5.663269272986084e-10,1.3422553280877563e-10
2.258441472708334,0.4686740183881283,1.280258956137851,0.29846173634991324,-1.2706913976105485,-0.7302083246186696,-0.28292825132893923,-3.825650907477497e-09,2.796576306149187e-09,-2.280420390331024e-10,8.010325622952077e-10,-1.5199542819735885e-10,8.770791731309513e-10,-1.1027875593858057e-09,7.371295805749568e-11,7.709167233777074e-10,1.7999913247060174e-09,-2.1476368138564818e-09,1.1185622125281717e-09,-3.4643569895151475e-09,2.4352823881868375e-09,-1.9032534500370336e-09,8.741788487087235e-10,-1.2767075333273927e-09,2.4763293199908267e-10,-1.4069437246320914e-09,3.7786912330378136e-10,-1.3783668437016037e-09,3.4929224237329366e-10,-1.9662898391422645e-09,9.372152378139545e-10,-1.874082135772116e-09,8.450075344438059e-10,-1.3842902750106875e-09,3.552156736823774e-10,-1.4514387586521507e-09,4.2236415732384066e-10,-7.642243376521671e-10,2.6485026367614294e-10
0.7911864350853782,-0.8958765845265622,-1.3670654763364603,-1.6855054803704554,-0.7330936653733842,-1.1839726082422546,0.16366325934837048,-2.303592622681596e-09,2.5389175304755558e-09,-2.280420390331024e-10,4.6336694682706233e-10,-1.5199542819735885e-10,3.873203359913188e-10,-1.8112929218989555e-09,2.0466178296929156e-09,1.391687251338427e-09,1.156362343544467e-09,2.65331819894981e-10,3.0006912101021044e-11,-6.215296828901863e-10,8.568545906841462e-10,-5.233074262723645e-10,7.586323340663245e-10,-9.840679969872515e-10,1.2193929047812114e-09,-1.1143041882919502e-09,1.3496290960859101e-09,6.145733463490195e-11,1.73867573159058e-10,-1.3481641550317516e-09,1.5834890628257115e-09,5.169404905786993e-10,2.816155827847393e-10,-1.2435438574737963e-09,1.4788687652677562e-09,-1.3137426019694187e-09,1.5490675097633786e-09,-5.134542744916147e-10,7.487791822855747e-10
-0.4668521219843482,-0.06887411373211577,-0.8587827925653602,-1.0342568642221335,-0.8761390805637199,-1.2324983196197528,0.23404933273735296,-2.708585884811783e-09,3.1431893604117013e-09,-2.280420390331024e-10,6.626455146330205e-10,-1.5199542819735885e-10,5.865989037972769e-10,9.803431084017588e-10,5.457396328018407e-10,1.4580726689630268e-09,1.0234691933631086e-09,1.906491053888425e-09,1.471887578288507e-09,7.238132866970725e-10,2.892098110971545e-10,9.343524673696097e-10,4.997489917696916e-10,2.2079330646187175e-09,1.7733295890187993e-09,2.077696873314019e-09,1.643093397714101e-09,8.932485461787032e-10,4.586450705787852e-10,1.7625115152567889e-09,1.3279080396568708e-09,1.0902275754381614e-09,6.556240998382433e-10,1.1106919081884503e-09,6.760884325885322e-10,1.024209350174283e-09,5.896058745743648e-10,1.0639132657569218e-09,6.293097901570037e-10
1.4146660399052424,-0.825319178505005,0.9775284743448515,-1.6319346671307933,-0.054373739909693054,-0.5753191218766524,-0.12623770459142078,-3.8198614322507424e-10,2.034628054826868e-10,-2.280420390331024e-10,3.5740690967465864e-10,-1.5199542819735885e-10,4.334535205104022e-10,-1.7112167097504475e-09,1.1257677610426865e-09,5.590211299348844e-10,1.1444700786426454e-09,-1.2823353319942206e-09,6.968863832864596e-10,-1.2614252116104564e-09,6.759762629026953e-10,-8.790795815417427e-10,2.9363063283398164e-10,-1.8001188016773974e-09,1.2146698529696364e-09,-1.930354992982096e-09,1.3449060442743348e-09,-5.278211738339275e-10,5.76277748738335e-11,-1.8243466963771456e-09,1.2388977476693845e-09,-7.267275992318487e-10,1.4127865052408771e-10,-1.8153280933751082e-09,1.2298791446673472e-09,-1.8806482000959463e-09,1.2951992513881853e-09,-1.7367988800370472e-09,1.1513499313292861e-09
-0.40818350078578186,-0.8216702941408387,0.8469899259951731,-1.738069736165492,-0.7766194000824395,-0.5653739720842065,0.20315097099830853,-2.4268236207739024e-09,2.7739469887553864e-09,-2.280420390331024e-10,5.751654070145864e-10,-1.5199542819735885e-10,4.991187961788428e-10,8.489518558208272e-10,5.018284878393432e-10,5.45415705025712e-10,1.9829233704422805e-10,9.948314735900086e-10,6.477081056085247e-10,-3.282800964471425e-13,3.4745164807793116e-10,4.2133971615490294e-11,3.049893963659937e-10,8.973633124186969e-10,5.50239944437213e-10,7.671271211139983e-10,4.2000375313251427e-10,2.6227652760443717e-11,3.208957152210403e-10,5.089062227825843e-10,1.6178285480110027e-10,-1.3054258239424532e-10,4.776659503757293e-10,-2.694656058450624e-11,3.740699285659902e-10,-1.0992326784320638e-10,4.570466358246904e-10,4.677376782054967e-11,3.003496001609343e-10
-0.09300958068775618,0.25438931646429613,1.2141008461340372,-0.36789226696118954,-0.18871105740505947,1.0567601096887227,-1.1078326653304371,-7.623248515008692e-10,2.6022369035228606e-09,-2.280420390331024e-10,3.1365197159906277e-09,-1.5199542819735885e-10,3.2125663268263712e-09,3.4188801942611844e-11,3.3987505569663417e-09,-1.6737387474225144e-09,1.6908230076012156e-09,-1.4385971706346444e-09,1.9259645843890856e-09,-1.5605998129365794e-09,1.8039619420871506e-09,-1.5996185806394987e-09,1.7649431743842313e-09,-2.838969357096583e-09,5.25592397927147e-10,-2.9692055484012813e-09,3.953562066224487e-10,-1.8507205964910607e-09,1.5138411585326693e-09,-2.9248553466305666e-09,4.3970640839316346e-10,-1.8502636002390179e-09,1.5142981547847122e-09,-3.025270167017425e-09,3.392915880063051e-10,-3.093554609694883e-09,2.710071453288472e-10,-2.9048807126934408e-09,4.5968104233028927e-10
0.2870908374851252,1.9056745893117293,-1.7253759980396008,-1.5388117774620933,1.563606277390486,3.518959041568844,-2.6913476370894003,4.198873749389829e-09,1.204671721736692e-08,-2.280420390331024e-10,7.619801428943989e-09,-1.5199542819735885e-10,7.695848039779732e-09,-1.0055199986963372e-09,6.842323469280754e-09,-5.042140770344751e-09,2.8057026976323394e-09,-5.008774265448919e-09,2.839069202528171e-09,-2.820914278059743e-09,5.026929189917347e-09,-2.529166459141088e-09,5.318677008836002e-09,-7.209514657573349e-09,6.383288104037411e-10,-7.339750848878048e-09,5.080926190990429e-10,-3.832913004043769e-09,4.0149304639333215e-09,-6.663386921146536e-09,1.184456546830555e-09,-4.276768771498074e-09,3.5710746964790164e-09,-6.3371335342872935e-09,1.510709933689797e-09,-6.384312017605287e-09,1.4635314503718039e-09,-7.787154080089579e-09,6.068938788751151e-11
0.004739398560078393,-0.9394921674683828,0.1355765737691834,0.21172369641631283,-0.9720236381217771,0.5843910211804451,-0.9464325522452658,-2.9800563104921634e-09,7.245403382409325e-11,-2.280420390331024e-10,2.679560237634968e-09,-1.5199542819735885e-10,2.7556068484707114e-09,-2.414601754341534e-10,2.666142101233917e-09,-1.0275159858513208e-09,1.8800862908167495e-09,-9.680414801112259e-10,1.9395607965568443e-09,-2.033159016990616e-09,8.744432596774543e-10,-2.0126845844809183e-09,8.949176921871519e-10,-2.475306359692842e-09,4.3229591697522825e-10,-2.6055425509975406e-09,3.0205972567052957e-10,-2.2525073326763065e-09,6.550949439917637e-10,-2.977317685328791e-09,6.971540866072104e-11,-2.059594877515836e-09,8.48007399152234e-10,-3.2546920298537257e-09,3.4708975318565556e-10,-3.3346007375909846e-09,4.269984609229144e-10,-2.4852470904180045e-09,4.2235518625006567e-10
-0.4407829733598639,-1.1288570812275354,-1.475339733924843,1.2037550811012416,-0.1385939728593492,0.6468940896733009,-0.8652077759693987,-6.204322817067632e-10,2.0572046579668467e-09,-2.280420390331024e-10,2.4495949006405078e-09,-1.5199542819735885e-10,2.5256415114762513e-09,9.228724785049544e-10,3.6005094181785647e-09,-1.1130230745045594e-09,1.5646138651690507e-09,-4.869356655735691e-10,2.190701274100041e-09,-6.266144961973769e-10,2.0510224434762335e-09,-7.085269769009863e-10,1.9691099627726237e-09,-6.108522689955462e-10,2.066784670678064e-09,-7.410884603002448e-10,1.9365484793733653e-09,-6.888352934930556e-10,1.9888016461805544e-09,-6.734314888950275e-10,2.0042054507785828e-09,-8.873731615971979e-10,1.7902637780764122e-09,-7.9901209729652e-10,1.87862484237709e-09,-8.6742281264965e-10,1.8102141270239602e-09,-8.594337012702747e-10,1.8182032384033354e-09
1.152133554143309,-0.45908577706038695,1.103800331194651,0.5891444573876135,3.2161831619318146,-0.7128846809606869,-0.25997737128795767,8.877685038103899e-09,9.841780613266373e-09,-2.280420390331024e-10,7.360535361293717e-10,-1.5199542819735885e-10,8.121001469651152e-10,-1.8486390634776783e-09,8.845434883152043e-10,7.472171775829349e-10,1.711312752745409e-09,-7.797771213812491e-10,1.8431845378122493e-10,2.9828462176694124e-09,3.946941792831886e-09,1.941376877646338e-09,2.905472452808812e-09,-1.6635103445945162e-09,6.994147694320422e-10,-1.7937465358992147e-09,8.296509607367407e-10,2.472075240428738e-09,3.436170815591212e-09,-7.682411415141807e-10,1.958544336482933e-10,2.793047783732914e-09,3.757143358895388e-09,-8.669383561792956e-10,9.715721898317844e-11,-9.165203111901324e-10,4.7575263972341677e-11,-3.5385590413494216e-09,2.5744634661869478e-09
-0.5850814773594503,0.627395714459962,1.5158080933795208,-1.0110190824716099,-1.0935158548307253,-0.3111235261955907,-0.07231713706785681,-3.3240276926082175e-09,2.8912398166669085e-09,-2.280420390331024e-10,2.0474583690820662e-10,-1.5199542819735885e-10,2.8079244774395016e-10,1.222298952278738e-09,1.655086828220047e-09,1.9758933520183338e-10,6.303772111431423e-10,8.976699926325582e-10,1.3304578685738672e-09,-4.561868308806749e-10,2.3398954939365893e-11,-5.241072282347069e-10,9.131935229339785e-11,1.7743141083733904e-09,2.2071019843146995e-09,1.6440779170686917e-09,2.076865793010001e-09,-6.208135440143132e-10,1.880256680730042e-10,1.1981139983539686e-09,1.6309018742952777e-09,-1.851437023277068e-09,1.418649147335759e-09,2.2146673709272802e-10,6.54254613034037e-10,1.2633695803215253e-10,5.591248339734616e-10,-2.2365799685569894e-10,2.0912987908561006e-10
-0.6030869498618022,-0.9658741170502405,-0.2806229476283677,-1.5910578697044513,-0.8587160563216583,-0.9122660781850735,0.16291440569557122,-2.659257443109706e-09,2.892462180303988e-09,-2.280420390331024e-10,4.612467762273844e-10,-1.5199542819735885e-10,3.8520016539164085e-10,1.2564496250741845e-09,1.0232448878799025e-09,1.0199801509755268e-09,7.867754137812449e-10,1.6753741761482866e-09,1.4421694389540047e-09,5.312081708013111e-10,2.9800343360702914e-10,7.667353617714528e-10,5.335306245771708e-10,2.769094911624702e-09,2.53589017443042e-09,2.6388587203200033e-09,2.4056539831257214e-09,6.432508113718252e-10,4.100460741775432e-10,2.3337748992340736e-09,2.1005701620397916e-09,7.244279122738268e-10,4.912231750795449e-10,1.5327639942165378e-09,1.299559257022256e-09,1.443650137269478e-09,1.210445400075196e-09,1.1020028928377152e-09,8.687981556434333e-10
-0.13027570487691303,-0.16905041297453818,-0.6523992390724782,-1.7147895325042317,2.2709239706225515,0.465224073420173,-0.3036931934599141,6.201446845236989e-09,7.2893115982131385e-09,-2.280420390331024e-10,8.598227139430477e-10,-1.5199542819735885e-10,9.358693247787912e-10,1.378231984884231e-10,1.2256879514645732e-09,-8.644900894853191e-10,2.2337466349083092e-10,-6.487665462164352e-10,4.390982067597148e-10,2.0104701760971038e-09,3.0983349290732536e-09,2.112684068635116e-09,3.2005488216112657e-09,-1.87377169456699e-09,7.8590694159084e-10,-2.0040078858716887e-09,9.161431328955387e-10,2.2302937282587782e-09,3.3181584812349284e-09,-1.1559250489566951e-09,6.806029598054511e-11,1.181491763414817e-09,2.269356516390967e-09,1.4573556708022069e-10,1.2336003200563706e-09,1.2016763002750608e-10,1.208032383003656e-09,-1.3563407730791186e-09,2.684760201029686e-10
-0.475012984725315,2.2395136009806365,-1.0391779371140024,-0.18363847408365108,-0.9477459099970361,1.2553426904301237,-1.093436888700332,-2.9113206834378763e-09,4.124834385602436e-10,-2.280420390331024e-10,3.0957620829650176e-09,-1.5199542819735885e-10,3.171808693800761e-09,9.980308035761127e-10,4.3218349255742326e-09,-1.945408902918716e-09,1.3783952190794037e-09,-1.2082045407972178e-09,2.1155995812009023e-09,-2.2261655537419395e-09,1.0976385682561804e-09,-2.6780988888456445e-09,6.457052331524754e-10,-1.2453653948710637e-09,2.078438727127056e-09,-1.3756015861757628e-09,1.948202535822357e-09,-2.7398507542610402e-09,5.839533677370797e-10,-1.7328871908755325e-09,1.5909169311225874e-09,-2.337448629902717e-09,9.86355492095403e-10,-2.470423012840992e-09,8.533811091571278e-10,-2.558841061877344e-09,7.64963060120776e-10,-2.536469833513014e-09,7.873342884851059e-10
-0.2724475478348201,-1.1149296287690218,0.8026875272367708,-1.5880679357382688,-0.13097683505401872,-0.24014046967180497,0.3288946405908529,-5.988664770022139e-10,1.301998032123033e-09,-2.280420390331024e-10,9.311735941539214e-10,-1.5199542819735885e-10,8.551269833181779e-10,5.179816786308907e-10,1.8514987648992836e-10,1.0048123069731708e-10,6.026503244235019e-10,4.1581343633907635e-10,2.873181187817427e-10,2.1320385912437564e-10,4.899276959964434e-10,2.6317572804487887e-10,4.399558270759402e-10,-2.864752026565741e-10,9.89606757777393e-10,-4.167113939612729e-10,1.119842949082092e-09,3.0950280293419226e-10,3.936287521866268e-10,-3.455440320952094e-10,1.0486755872160285e-09,3.3115111719928537e-10,3.719804379215337e-10,-4.3045463389836734e-10,1.1335861890191865e-09,-4.982022985653773e-10,1.2013338536861964e-09,-4.107321990648881e-10,1.1138637541857073e-09
1.7318249496876563,1.1072691007260518,-1.6183716605523348,-0.09628923047543131,-0.10102864700046887,-1.0889257302845887,-0.04405435016892048,-5.14076521598492e-10,1.6130685699139595e-10,-2.280420390331024e-10,1.2472762557399361e-10,-1.5199542819735885e-10,2.0077423640973715e-10,-1.4791302352321341e-09,1.126360570625038e-09,1.2616587260882049e-09,1.614428390695301e-09,-1.03557980501261e-09,6.828101404055141e-10,-1.0882241685658812e-09,7.354545039587852e-10,-7.290759167863127e-10,3.763062521792167e-10,-9.703338438608622e-10,6.175641792537662e-10,-1.1005700351655607e-09,7.478003705584647e-10,3.4212252646833485e-11,3.869819172539295e-10,-1.015681866127212e-09,6.629122015201159e-10,4.1380318066782996e-10,7.66572845274926e-10,-9.833982951567564e-10,6.306286305496604e-10,-1.0487897225910734e-09,6.960200579839774e-10,-8.852455568384523e-10,5.324758922313563e-10
2.3465160236524336,1.1584962875503138,-0.17131080656732886,-1.559127689548596,0.2192012624734791,0.289798717022704,-0.7925225538610067,3.9256529909140757e-10,2.8644142715577778e-09,-2.280420390331024e-10,2.243806933433268e-09,-1.5199542819735885e-10,2.3198535442690114e-09,-1.0479663086273243e-09,1.4238826638390458e-09,-6.245000879829311e-10,1.847348884483439e-09,-3.5394844111055913e-09,1.067635438639221e-09,-3.0228799700994803e-09,5.510309976331102e-10,-1.6482885259126847e-09,8.235604465536855e-10,-2.682388507252919e-09,2.1053953478654902e-10,-2.812624698557618e-09,3.407757260912477e-10,-1.9329533530622415e-09,5.388956194041287e-10,-2.5887972603922852e-09,1.1694828792591506e-10,-1.755029053889219e-09,7.168199185771512e-10,-2.6804839749340384e-09,2.0863500246766823e-10,-2.745281346404887e-09,2.7343237393851664e-10,-2.7528006685212047e-09,2.809516960548345e-10
-0.5591714248716356,0.3753524911134631,0.9789909262252608,0.40068245077929066,0.8134177774753133,-1.231797147677246,1.612055959826268,2.0749239017911936e-09,2.261121632606427e-09,-2.280420390331024e-10,4.564087573430723e-09,-1.5199542819735885e-10,4.48804096259498e-09,1.1719072241168425e-09,3.1641383102807777e-09,1.4571134333143654e-09,2.878932101083255e-09,2.0215714561559237e-09,2.3144740782416967e-09,2.7833340605344774e-09,1.552711473863143e-09,3.626907269034411e-09,7.091382653632095e-10,2.8680409614572686e-09,1.4680045729403518e-09,2.73780477015257e-09,1.5982407642450505e-09,3.740530275811217e-09,5.955152585864038e-10,3.185263553542915e-09,1.1507819808547052e-09,4.522172390832158e-09,1.8612685643453778e-10,3.990561217351388e-09,3.454843170462325e-10,3.947196481302296e-09,3.888490530953248e-10,4.062713631962624e-09,2.733319024349965e-10
-0.5266607608630264,-0.9829082209765162,-1.5782584460667557,-0.15095325625835493,-0.8081889310299332,-0.1256092220479222,-0.2385920714716531,-2.516203957119063e-09,1.612654903651906e-09,-2.280420390331024e-10,6.755070144340547e-10,-1.5199542819735885e-10,7.515536252697983e-10,1.1065867110694587e-09,2.010135764536616e-09,-5.620281346702236e-11,8.473462400001347e-10,5.912662272056881e-10,1.4948152806728451e-09,-4.083265785488565e-10,4.952224749183005e-10,-4.5497239946971144e-10,4.485766539974456e-10,1.063933642448968e-09,1.9674826959161253e-09,9.336974511442696e-10,1.8372465046114266e-09,-4.966461119197347e-10,4.0690294154742236e-10,6.575983485042759e-10,1.561147401971433e-09,-2.634751292133744e-10,6.400739242537826e-10,-2.3072170211873115e-11,8.804768832552839e-10,-1.091124189493718e-10,7.944366345177852e-10,-2.203058733248314e-10,6.832431801423256e-10
-0.20368326253348634,0.8261900228142401,1.066381067203614,0.3425973626808037,0.17872126878927883,0.6997783143800732,-0.9135853792002897,2.7795746862470117e-10,3.092562121107901e-09,-2.280420390331024e-10,2.5865626134500976e-09,-1.5199542819735885e-10,2.662609224285841e-09,3.3765366523248884e-10,3.1522583177156886e-09,-1.185371139957964e-09,1.6292335125252359e-09,-8.51180904022941e-10,1.963423748460259e-09,-5.950121027946655e-10,2.2195925496885344e-09,-6.241870956433059e-10,2.190417556839894e-09,-1.917693239472529e-09,8.969114130106709e-10,-2.0479294307772273e-09,7.666752217059726e-10,-7.076246057399137e-10,2.1069800467432862e-09,-1.8409051051135798e-09,9.736995473696202e-10,-4.765167762179839e-10,2.338087876265216e-09,-1.7644969234389064e-09,1.0501077290442935e-09,-1.8262653464119266e-09,9.883393060712734e-10,-1.8913961488077473e-09,9.232085036754527e-10
0.015268325994154754,-1.0934235056484307,-0.8834281468143986,-1.6276483708763585,0.9948653374771744,-1.1432815412622819,0.41919669423362393,2.5886421438819142e-09,1.6298454684692022e-09,-2.280420390331024e-10,1.1868387144458144e-09,-1.5199542819735885e-10,1.1107921036100709e-09,-2.7126498877695685e-10,1.230061664189669e-09,1.336019989625523e-09,3.7722331421281093e-10,1.1888414231972116e-09,2.3004474778449954e-10,2.2265806155367256e-09,1.2677839401240135e-09,2.1884660443324798e-09,1.2296693689197677e-09,-6.859547626522941e-11,1.0273921516779414e-09,-1.9883166756992838e-10,1.1576283429826405e-09,2.588016284667511e-09,1.6292196092547988e-09,3.090210371424916e-10,6.497756382702204e-10,2.080213830982839e-09,1.121417155570127e-09,7.042005000629212e-10,2.5459617534979085e-10,6.540620302291516e-10,3.0473464518356043e-10,-8.975354913060538e-11,1.0485502245433174e-09
2.147387914878823,1.7733009767909638,0.76110280046208,-1.5758782043311892,2.082168590513689,-0.35208545569409344,-0.3516496560244109,5.667038545375056e-09,6.890678668630476e-09,-2.280420390331024e-10,9.955980842223177e-10,-1.5199542819735885e-10,1.0716446950580612e-09,-1.1757676068388276e-09,4.7872516416592394e-11,2.536271493682935e-10,1.4772672726237136e-09,-2.4830992756769257e-09,1.2594591524215057e-09,1.0365291538539886e-10,1.3272930386408188e-09,-5.221927691498361e-11,1.1714208463404365e-09,-1.8516126849482671e-09,6.279725616928471e-10,-1.981848876252966e-09,7.582087529975458e-10,2.3044798591618425e-10,1.4540881091716042e-09,-1.1759351138539533e-09,4.7705009401466724e-11,2.0805979991898618e-10,1.431699923174406e-09,-1.6675529376249628e-09,4.439128143695428e-10,-1.7289532438839745e-09,5.053131206285545e-10,-2.684125416030812e-09,1.460485292775392e-09
0.2741401745598515,-1.0849821068457022,0.326053144363322,1.1867507454765107,-0.037026204093016296,1.1497640397194235,-1.4101644464390855,-3.3287142597973024e-10,3.887658582999569e-09,-2.280420390331024e-10,3.992487969946197e-09,-1.5199542819735885e-10,4.06853458078194e-09,-9.734392646717074e-10,3.247090744307592e-09,-1.800972425416159e-09,2.4195575835631403e-09,-2.0165905291612046e-09,2.203939479818095e-09,-1.9172733410542912e-09,2.3032566679250084e-09,-1.7342725882179653e-09,2.4862574207613343e-09,-3.849148479003325e-09,3.7138152997597454e-10,-3.979384670308024e-09,2.4114533867127545e-10,-2.201476359146123e-09,2.0190536498331766e-09,-3.865601759306403e-09,3.549282496728964e-10,-2.116204234727305e-09,2.1043257742519944e-09,-3.895649236736877e-09,3.2488077224242226e-10,-3.961197679845991e-09,2.593323291333087e-10,-3.8380947733005155e-09,3.8243523567878415e-10
3.8645971468935367,-0.9200799940771263,-0.8428893974906037,-0.09852400518123788,-0.6676598683881091,-0.5852744107173856,-0.39346860291698754,-2.1183350465518765e-09,7.762962196516166e-10,-2.280420390331024e-10,1.1139967878671576e-09,-1.5199542819735885e-10,1.1900433987029012e-09,-4.77737728781631e-10,8.64301098118629e-10,5.726404255310755e-10,1.9146792524313357e-09,-4.347158809397717e-09,3.0051199824974576e-09,-4.791823092747882e-09,3.449784265847622e-09,-1.991591465629044e-09,6.495526387287839e-10,-1.0422425713903922e-09,2.9979625550986783e-10,-1.1724787626950908e-09,1.6956006420516914e-10,-1.475191948319514e-09,1.331531214192541e-10,-1.3703355880952585e-09,2.8296761194998504e-11,-1.1381759444396088e-09,2.0386288246065115e-10,-1.0579597765004716e-09,2.840790503997884e-10,-1.123291939127778e-09,2.187468877724819e-10,-9.497220281063903e-10,3.923167987938697e-10
1.641854377405898,1.0991947290642494,-0.8835309198240568,-0.05950754817581433,-0.5409350128313657,-1.0355671092169847,-0.07204771128431949,-1.7595489045660436e-09,1.3275238327092387e-09,-2.280420390331024e-10,2.0398303282370257e-10,-1.5199542819735885e-10,2.800296436594461e-10,-1.5475444633815355e-09,1.1155193915247305e-09,1.188661664470923e-09,1.620686736327728e-09,-9.89591985461234e-10,5.57566913604429e-10,-1.5545417566820502e-09,1.1225166848252453e-09,-1.0175921535872044e-09,5.855670817303995e-10,-1.07793090228378e-09,6.45905830426975e-10,-1.2081670935884785e-09,7.761420217316735e-10,-3.2148374288685044e-10,1.1054132896995452e-10,-1.3383616938259996e-09,9.063366219691947e-10,2.46211648682359e-11,4.5664623672504086e-10,-1.1599638311538062e-09,7.279387592970013e-10,-1.2266831962327946e-09,7.946581243759897e-10,-7.619767698341023e-10,3.299516979772973e-10
-0.20281714581433125,1.8705437738464954,0.91510781494757,-1.0209247352385604,-0.8323629197297632,-0.8812665355892474,0.14407154621831436,-2.584645874877947e-09,2.764502302254673e-09,-2.280420390331024e-10,4.078984664098284e-10,-1.5199542819735885e-10,3.3185185557408484e-10,3.353362116021738e-10,1.554797842254478e-10,9.77571342882303e-10,7.977149155055769e-10,1.1336620784930185e-09,9.538056511162925e-10,6.301534784900607e-11,1.1684107952771992e-10,8.603517389876096e-11,9.382125347796503e-11,3.0788274010117177e-10,1.2802631272444578e-10,1.7764654879647298e-10,2.2098785802530136e-12,1.7738132841741943e-10,2.475098959306561e-12,-1.1226263437806593e-10,2.9211906175479193e-10,-8.338483341182352e-11,2.632412607885495e-10,-4.959040723911712e-10,6.757604997678972e-10,-5.766091742140472e-10,7.564656015907732e-10,-5.825588112763429e-11,2.381123085043603e-10
-0.48406940620483113,-0.08854935084608166,0.26116040567624893,0.5294182942716128,0.2610279924621564,1.6674114431569456,-1.1827277026061849,5.109860384056543e-10,4.087592236960185e-09,-2.280420390331024e-10,3.3485641595214282e-09,-1.5199542819735885e-10,3.4246107703571718e-09,1.0174892892811882e-09,4.594095487835719e-09,-2.509138016068883e-09,1.0674681824856475e-09,-1.7144233505506674e-09,1.8621828480038632e-09,-1.2944869118710997e-09,2.282119286683431e-09,-1.5416516959304195e-09,2.034954502624111e-09,-1.7650804285041935e-09,1.811525770050337e-09,-1.8953166198088926e-09,1.681289578745638e-09,-1.4402292495921543e-09,2.1363769489623762e-09,-1.6543494841988e-09,1.922256714355731e-09,-1.477312099840046e-09,2.0992940987144846e-09,-1.4619125019252756e-09,2.114693696629255e-09,-1.5205549475374784e-09,2.056051251017052e-09,-1.5464509815081484e-09,2.0301552170463822e-09
0.7192610035776817,-1.0213871888508022,1.2712024821234997,0.8360882985059591,-0.9420659066809389,-0.1472731716366136,-0.598899843122706,-2.89523933564469e-09,9.715791544097902e-10,-2.280420390331024e-10,1.6956181422017976e-09,-1.5199542819735885e-10,1.7716647530375411e-09,-1.7549646254173657e-09,1.6869555581753424e-10,-2.6565528406829522e-11,1.8970946528280705e-09,-9.465088873861435e-10,9.771512938487565e-10,-1.9786982893643537e-09,5.5038108129453783e-11,-1.5713082317540882e-09,3.5235194948081174e-10,-2.4222916738019944e-09,4.986314925670944e-10,-2.5525278651066926e-09,6.288676838717927e-10,-1.5716500563763822e-09,3.5201012485851773e-10,-2.9064393889970085e-09,9.827792077621085e-10,-2.1158861574646675e-09,1.9222597622976758e-10,-2.7931329991302564e-09,8.694728178953564e-10,-2.8652669047523894e-09,9.416067235174895e-10,-1.85470340049823e-09,6.895678073666996e-11
-0.24533831732774244,-0.9024169535726205,0.554920697485241,-1.4918547430459144,-0.415080288453959,0.6675390010481925,-0.3238454438862191,-1.4032262967265644e-09,2.583060580604045e-10,-2.280420390331024e-10,9.168781996330576e-10,-1.5199542819735885e-10,9.929248104688011e-10,4.477917158765118e-10,1.5927119545426718e-09,-1.1412662681546902e-09,3.653970511469747e-12,-7.583631012412643e-10,3.865571374248956e-10,-1.1961656464254156e-09,5.124540775925564e-11,-1.2926853245480436e-09,1.4776508588188364e-10,-1.6914407082746623e-09,5.465204696085024e-10,-1.821676899579361e-09,6.76756660913201e-10,-1.4086240335695697e-09,2.637037949034098e-10,-1.8872811319982057e-09,7.423608933320458e-10,-1.3782786757336744e-09,2.3335843706751443e-10,-2.127867081761148e-09,9.82946843094988e-10,-2.2010956993341817e-09,1.0561754606680218e-09,-1.95713444594447e-09,8.1221420727831e-10
3.4531018596615373,-1.0155236594678474,1.1781592994923453,-0.5779782065321423,1.101269245384805,-0.13541238770402642,-0.6493748412124686,2.8898951809650813e-09,4.9564612645330816e-09,-2.280420390331024e-10,1.838524044534898e-09,-1.5199542819735885e-10,1.9145706553706415e-09,-5.754019118636507e-10,1.4911641717043496e-09,-4.279162942355896e-11,2.0237744541444413e-09,-4.395350792162251e-09,2.3287847085942508e-09,-2.790824207215331e-09,7.242581236473305e-10,-1.2871375547172723e-09,7.79428528850728e-10,-1.7564657955302429e-09,3.1010028803775744e-10,-1.8867019868349415e-09,1.7986409673305875e-10,-1.1911516665414617e-09,8.754144170265386e-10,-1.3449979700790622e-09,7.215681134889381e-10,-1.354415291070903e-09,7.121507924970972e-10,-1.738825681979054e-09,3.277404015889462e-10,-1.8034109361303175e-09,2.631551474376828e-10,-1.9508020834092957e-09,1.1576400015870458e-10
0.18026657402341034,0.5072785443432606,-1.720215664132715,0.504145678111491,0.09739073997888695,-0.30854349232933054,-0.46503809494852766,4.769272277551659e-11,1.5923606378453366e-09,-2.280420390331024e-10,1.3166258760367176e-09,-1.5199542819735885e-10,1.3926724868724612e-09,-7.29752125666685e-10,8.14915789403135e-10,1.9405972953845895e-10,1.738727644608279e-09,-6.691498690869546e-11,1.4777529281611246e-09,3.2890903039005534e-11,1.5775588181088254e-09,1.2858156785667665e-11,1.5575260718554877e-09,-1.6291470707643683e-09,8.447915569454837e-11,-1.759383262069067e-09,2.1471534699924705e-10,1.1582694545727127e-10,1.6604948605270911e-09,-1.5867701416225085e-09,4.21022265526885e-11,1.4286832271425556e-10,1.6875362377840755e-09,-1.572967779577265e-09,2.8299864507445082e-11,-1.6368425163439144e-09,9.217460127409443e-11,-1.6444462990112841e-09,9.977838394146419e-11
-0.01298219085885683,-0.15465179765884846,0.9005086492102822,-1.3054260929427393,-0.558405887696187,0.8387850837941154,-0.783303915646022,-1.8090128219824637e-09,6.367361433070466e-10,-2.280420390331024e-10,2.217706926256408e-09,-1.5199542819735885e-10,2.2937535370921515e-09,-1.9128966421972324e-10,2.254459301069787e-09,-1.3755388299977798e-09,1.0702101352917305e-09,-1.2653228494212993e-09,1.180426115868211e-09,-1.8285623453871858e-09,6.171866199023245e-10,-1.82181261443249e-09,6.239363508570202e-10,-2.7833982650604166e-09,3.376492997709063e-10,-2.913634456365115e-09,4.678854910756046e-10,-2.0912777750297354e-09,3.544711902597749e-10,-3.052998381274586e-09,6.072494159850757e-10,-2.188848127846972e-09,2.569008374425381e-10,-3.2494751733518905e-09,8.037262080623802e-10,-3.3232420658853217e-09,8.774931005958114e-10,-2.817652250251739e-09,3.7190328496222885e-10
-0.12825164778694417,-1.1664130179486627,0.6966333033567976,-0.9428842318945844,4.198213812427146,-1.1010053627386676,0.36038259151816154,1.1658031378647106e-08,1.0865750458292332e-08,-2.280420390331024e-10,1.0203229593878764e-09,-1.5199542819735885e-10,9.442763485521329e-10,1.322265614794772e-10,6.600543588752969e-10,1.2781842220047378e-09,4.859033016499637e-10,1.3160125034754372e-09,5.237315831206632e-10,6.047584431359232e-09,5.255303511004458e-09,6.32847188423262e-09,5.536190963877846e-09,3.2716659984653134e-10,4.6511432050824274e-10,1.9693040854183286e-10,5.953505118129413e-10,6.949631090147358e-09,6.157350169792584e-09,1.3587601297330377e-09,5.664792093782636e-10,7.463128428524003e-09,6.670847508169229e-09,4.08480004385271e-09,3.2925191234979362e-09,4.092649731210233e-09,3.300368810855459e-09,1.3117847727840674e-09,5.195038524292933e-10
-0.1473486283785238,-0.7417702521841681,-0.438733171104976,1.4255799141241652,-0.765670729755674,-0.6782821424451826,-0.19404827974872513,-2.3958255093998e-09,1.6183897989818579e-09,-2.280420390331024e-10,5.493936713848396e-10,-1.5199542819735885e-10,6.254402822205832e-10,1.8486442260280508e-10,9.62300133020747e-10,6.998793044221872e-10,1.4773150148401292e-09,8.090225708974745e-10,1.5864582813154164e-09,-1.5871198951887193e-10,6.1872372089907e-10,-1.550138275659505e-10,6.224218828519915e-10,-1.9824091389363884e-10,5.791947965243031e-10,-3.284771051983377e-10,4.4895860521960426e-10,-7.444183270822573e-11,7.029938777097163e-10,-5.805388278209183e-10,1.9689688259702367e-10,1.3141226131049708e-10,9.08847971728439e-10,-9.002025826874178e-10,1.2276687226947578e-10,-9.788851335685762e-10,2.0144942315063424e-10,-4.3401786894344747e-10,3.434178414744945e-10
-0.5953723493695389,-0.585264739848315,-1.3769620738280404,1.213019852228598,-0.48144126520914793,0.357008073376103,-0.21246875754243066,-1.5911089242016826e-09,7.615207600910235e-10,-2.280420390331024e-10,6.015461250775567e-10,-1.5199542819735885e-10,6.775927359133003e-10,1.2419043685699793e-09,2.0714925326806386e-09,-7.16445596109369e-10,1.1314256800129006e-10,7.13643828688986e-11,9.009525469795577e-10,-5.091048835193828e-10,3.204832805912763e-10,-5.947795622383831e-10,2.3480860187227597e-10,9.158860523944546e-10,1.7454742165051137e-09,7.856498610897557e-10,1.6152380252004148e-09,-5.46822338578814e-10,2.8276582553184504e-10,6.863058169503777e-10,1.5158939810610367e-09,-6.24960406987389e-10,2.0462775712327003e-10,2.1324571347600756e-10,1.0428338775866666e-09,1.3477772273251443e-10,9.643658868431735e-10,-6.645088142941088e-11,7.631372826812482e-10
-0.5340814212363212,-1.0853771373951728,-0.6353547010357642,0.9138559982168672,-0.6917520052838612,0.09145554121376125,-0.25718243873075375,-2.186545223719141e-09,1.2303627218437045e-09,-2.280420390331024e-10,7.281404628423339e-10,-1.5199542819735885e-10,8.041870736780775e-10,1.1217015607947077e-09,2.0778840626701437e-09,-3.531574495075311e-10,6.030250523679052e-10,3.2793485988118193e-10,1.2841173617566183e-09,-5.160993233844783e-10,4.4008317849095796e-10,-5.920181320652462e-10,3.641643698101901e-10,8.125288272481581e-10,1.7687113291235944e-09,6.822926359434594e-10,1.6384751378188957e-09,-6.09260128919093e-10,3.469223729563433e-10,4.712655587233009e-10,1.4274480605987372e-09,-5.064266320716126e-10,4.497558698038237e-10,-1.2862212749085e-10,8.275603743845863e-10,-2.1178147444782737e-10,7.444010274276089e-10,-3.2854062384931006e-10,6.276418780261262e-10
-0.5709956472560052,0.0567855059473836,-0.6650822987675512,-1.5730331536627136,-0.6137346242449236,-1.407115741236184,0.5047484850215789,-1.9656607332391708e-09,3.1666734823805708e-09,-2.280420390331024e-10,1.4290547881745023e-09,-1.5199542819735885e-10,1.3530081773387588e-09,1.1950869422219474e-09,5.925806919452579e-12,1.6969573783155408e-09,4.959446291741408e-10,2.256639234969363e-09,1.055626485827963e-09,1.3495470842632148e-09,1.4853433512181484e-10,1.8040370719654207e-09,6.030243228240207e-10,3.2074250635059482e-09,2.0064123143645482e-09,3.0771888722012495e-09,1.8761761230598496e-09,1.7002978676235711e-09,4.992851184821712e-10,2.9084530684348035e-09,1.7074403192934035e-09,1.6492091446402291e-09,4.4819639549882913e-10,2.3570091818871542e-09,1.1559964327457542e-09,2.2752826593509307e-09,1.0742699102095307e-09,2.0886803056917917e-09,8.876675565503917e-10
-0.4089727233245152,-0.24466107567116038,-1.4272124664171288,1.5027099049981447,-1.2188843572660484,-0.6478506345429417,-0.219724055787836,-3.678973698407137e-09,2.828844177551668e-09,-2.280420390331024e-10,6.220874818223666e-10,-1.5199542819735885e-10,6.981340926581101e-10,8.507680899602053e-10,1.7008976108156742e-09,6.58247594063102e-10,1.5083771149185709e-09,1.0994207229214905e-09,1.9495502437769596e-09,-4.1542845359345384e-10,4.347010672620151e-10,-4.504558385826896e-10,3.996736822727793e-10,1.0183869904829286e-09,1.8685165113383977e-09,8.881507991782299e-10,1.7382803200336988e-09,-5.143887187099796e-10,3.3574080214548934e-10,3.626118773706174e-10,1.2127413982260863e-09,5.5547165835564466e-11,9.056766866910334e-10,-4.2969601917887055e-10,4.2043350167659837e-10,-5.228648802057924e-10,3.272646406496765e-10,-2.781171230224622e-10,5.720123978330067e-10
-0.4821884814609896,-1.0841426771052685,-1.2894922290005146,0.6777272208596143,-0.31731303501731106,-0.5217991408825967,-0.06325142663624964,-1.1264255419024292e-09,7.193047007020722e-10,-2.280420390331024e-10,1.790788021672546e-10,-1.5199542819735885e-10,2.5512541300299815e-10,1.0134627219236946e-09,1.4205835631240517e-09,4.858033204748348e-10,8.929241616751918e-10,1.0330544083559718e-09,1.4401752495563289e-09,5.659397910573392e-10,9.73060632257696e-10,7.490326173787634e-10,1.1561534585791205e-09,1.3087894150449703e-09,1.7159102562453272e-09,1.1785532237402716e-09,1.5856740649406285e-09,7.682318989891372e-10,1.1753527401894941e-09,1.1613957758692186e-09,1.5685166170695755e-09,6.128459911341533e-10,1.0199668323345104e-09,8.988739983893146e-10,1.3059948395896717e-09,8.258987114770224e-10,1.2330195526773795e-09,8.13322188768464e-10,1.2204430299688211e-09
2.030733668127751,-1.078030658985699,0.81122610511239,-1.6425242465141827,-0.019090686911271613,0.21169088078950624,-0.6733185328057897,-2.8209200322254747e-10,1.8522639759734627e-09,-2.280420390331024e-10,1.906313940162908e-09,-1.5199542819735885e-10,1.9823605509986514e-09,-1.2567623229340335e-09,8.775936562619766e-10,-5.176449552934365e-10,1.6167110239025737e-09,-3.0447238080537826e-09,9.103678288577724e-10,-2.842966253299047e-09,7.08610274103037e-10,-1.650055409090339e-09,4.843005701056712e-10,-2.6910177012010172e-09,5.56661722005007e-10,-2.821253892505716e-09,6.868979133097057e-10,-1.8656032053270486e-09,2.687527738689616e-10,-2.6994771626724936e-09,5.651211834764835e-10,-1.959190393479077e-09,1.7516558571693316e-10,-2.7067119483217885e-09,5.723559691257784e-10,-2.771868348734005e-09,6.37512369537995e-10,-2.6672758226419056e-09,5.329198434458954e-10
-0.5305383143274142,0.6752761382054624,-1.0953365668952277,-0.24716386274901755,1.2903135166083235,1.0719264715737649,-0.6379617357801882,3.4251213955764613e-09,5.459374449091002e-09,-2.280420390331024e-10,1.8062110144814378e-09,-1.5199542819735885e-10,1.8822576253171813e-09,1.1144998911304558e-09,3.148752944644996e-09,-1.6944870319711303e-09,3.3976602154340984e-10,-9.080730140845466e-10,1.1261800394299935e-09,6.379185460858274e-10,2.6721715996003675e-09,8.641494708743753e-10,2.8984025243889156e-09,-5.960593918644358e-10,1.4381936616501043e-09,-7.262955831691343e-10,1.3079574703454058e-09,1.14703685866418e-09,3.1812899121787202e-09,-1.2716377097298706e-10,1.907089282541553e-09,-1.5957245369881339e-10,1.8746805998157267e-09,1.1068060483810556e-09,3.1410591018955957e-09,1.0752209770720835e-09,3.1094740305866236e-09,1.1817795668577187e-09,3.2160326203722588e-09
-0.6028178374592867,-0.8885867704306268,1.6761366213366264,1.3803689111169057,-0.7909298782147542,0.3938895109574077,0.18483797980318836,-2.4673397548543775e-09,2.7626149875174063e-09,-2.280420390331024e-10,5.233172716961314e-10,-1.5199542819735885e-10,4.4727066086038787e-10,1.2559444251632305e-09,9.606691925002014e-10,-7.669011085980714e-10,1.0621763412611005e-09,3.439025041627492e-11,2.608849822467541e-10,-9.009934860114338e-10,1.1962687186744628e-09,-1.1096229698594996e-09,1.4048982025225287e-09,9.252510539176324e-10,6.299758212546034e-10,7.950148626129338e-10,4.997396299499047e-10,-1.09928247694235e-09,1.3945577096053791e-09,5.287116790019557e-10,2.3343644633892666e-10,-1.7798410605874348e-09,2.0751162932504637e-09,-2.280494844593421e-10,5.233247171223711e-10,-3.1526319324393223e-10,6.105384259069613e-10,-6.335280475479975e-10,9.288032802110265e-10
-0.6059970026859023,-0.06132787651412818,1.3217734535637369,-0.4360298447578802,-0.7970562927843013,1.9592998403258948,0.09542921241686997,-2.484684991808539e-09,2.5268241954793536e-09,-2.280420390331024e-10,2.701812427039172e-10,-1.5199542819735885e-10,1.9413463186817364e-10,1.2619025141501649e-09,1.2197633104793501e-09,-2.9084548441127704e-09,2.950594047783585e-09,-1.927909012298731e-09,1.9700482159695457e-09,-2.7144396853679036e-09,2.7565788890387183e-09,-3.4908263109003186e-09,3.5329655145711334e-09,-1.2554668921961161e-09,1.2976060958669309e-09,-1.385703083500815e-09,1.4278422871716298e-09,-3.3274411769095384e-09,3.369580380580353e-09,-1.6554774433876941e-09,1.6976166470585089e-09,-3.517541825190411e-09,3.559681028861226e-09,-2.43895668894595e-09,2.481095892616765e-09,-2.5264124491279983e-09,2.568551652798813e-09,-2.856162471363903e-09,2.898301675034718e-09
0.4420622827252961,0.5260885036012137,-0.4528046623462407,1.0311126633527654,0.19245062088596354,-0.13058877758557097,-0.6080732337560399,3.1682830614977503e-10,2.266460388633275e-09,-2.280420390331024e-10,1.7215900434503976e-09,-1.5199542819735885e-10,1.7976366542861412e-09,-1.3516905154977241e-09,5.979415669857758e-10,-4.939055117208995e-11,1.90024153131141e-09,-6.192800603451876e-10,1.3303520221383123e-09,-3.6566473427570577e-10,1.5839673482077941e-09,-3.4368405169937044e-10,1.6059480307841295e-09,-2.2582670257865836e-09,3.0863494330308364e-10,-2.3885032170912823e-09,4.3887113460778233e-10,-2.99414297221054e-10,1.6502177852624459e-09,-2.175755981452448e-09,2.2612389896894795e-10,-2.4101368874448435e-10,1.7086183937390155e-09,-2.1707592426136608e-09,2.211271601301608e-10,-2.2339862938840967e-09,2.843542114005968e-10,-2.326307472227214e-09,3.7667538974371414e-10
-0.5104076403086651,-1.0338482698832574,1.4479513767831778,-1.0207196072509392,-0.30871292226880004,0.9775277042010253,0.3234523423624842,-1.1020767173555365e-09,1.7897999204501155e-09,-2.280420390331024e-10,9.157652421276813e-10,-1.5199542819735885e-10,8.397186312919378e-10,1.0730573834744842e-09,3.853341803799052e-10,-1.5653451519781523e-09,2.2530683550727313e-09,-8.147857796618244e-10,1.5025089827564034e-09,-1.1251151294984082e-09,1.8128383325929872e-09,-1.3478625220206509e-09,2.03558572511523e-09,-6.087985628427284e-10,1.2965217659373074e-09,-7.390347541474269e-10,1.4267579572420059e-09,-1.2986870203031714e-09,1.9864102233977504e-09,-7.520011653349776e-10,1.4397243684295566e-09,-8.857986857519182e-10,1.5735218888464972e-09,-1.0359940048679067e-09,1.7237172079624857e-09,-1.1089751253238947e-09,1.7966983284184737e-09,-1.1528312578038775e-09,1.8405544608984565e-09
0.5443850986553374,-0.36073627834233496,-1.0751441171676162,0.19161649023648206,-0.6161616963053607,0.2384476035325516,-0.8287688460994814,-1.972532311960331e-09,6.019379442029088e-10,-2.280420390331024e-10,2.3464282171301375e-09,-1.5199542819735885e-10,2.422474827965881e-09,-1.5351341310073052e-09,1.0393361251559346e-09,-5.542493895848699e-10,2.0202208665783697e-09,-1.2113485237531748e-09,1.363121732410065e-09,-1.8456585247792958e-09,7.28811731383944e-10,-1.5411875277115783e-09,1.0332827284516615e-09,-2.868434417330506e-09,2.93964161167266e-10,-2.998670608635204e-09,4.242003524719643e-10,-1.7177356008746948e-09,8.56734655288545e-10,-3.1687065460510952e-09,5.942362898878554e-10,-1.2960485403451945e-09,1.2784217158180453e-09,-3.1638375434813955e-09,5.893672873181557e-10,-3.2344212520080935e-09,6.599509958448537e-10,-2.530143567376256e-09,4.4326688786983814e-11
-0.6057499974062964,0.471453692786621,-1.5605468531023179,-1.2364376824501315,0.31106394932185233,0.14922511806360783,0.45067025445879005,6.526489177468065e-10,3.9525637963383355e-10,-2.280420390331024e-10,1.2759473364137424e-09,-1.5199542819735885e-10,1.1999007255779988e-09,1.2614403909294588e-09,2.1353509354881877e-10,-4.3218890265489976e-10,1.48009420003554e-09,3.4539322119440435e-10,7.025120761862357e-10,6.594985721799761e-10,3.88406725200664e-10,9.364821713138602e-10,1.1142312606677986e-10,1.2945865944934855e-09,2.466812971128454e-10,1.1643504031887868e-09,1.1644510580814673e-10,1.083154295921143e-09,3.5248998540503036e-11,1.4255282841486025e-09,3.7762298676796243e-10,2.5903852149797543e-10,7.888667758826646e-10,1.7302574360182805e-09,6.823521386376404e-10,1.6738548177044546e-09,6.259495203238146e-10,1.7239440816782404e-09,6.760387842976003e-10
-0.5836750548257463,-0.5161670790460635,-0.7117926195116483,-0.5306109172222067,0.24132470886526042,-1.160862393916331,0.9173916387645425,4.5520167727834834e-10,1.914095261242242e-09,-2.280420390331024e-10,2.5973389775536924e-09,-1.5199542819735885e-10,2.521292366717949e-09,1.2196015051614261e-09,1.149695433359164e-09,1.3600714092236043e-09,1.0092255292969858e-09,1.9632498952343244e-09,4.0604704328626564e-10,2.068152547610652e-09,3.0114439090993793e-10,2.749527289982706e-09,3.802303514621159e-10,2.9610847581536675e-09,5.917878196330775e-10,2.830848566848969e-09,4.6155162832837877e-10,2.7732549537623777e-09,4.0395801524178765e-10,3.063769700757226e-09,6.944727622366359e-10,2.1517736396984025e-09,2.1752329882218756e-10,3.303398808503746e-09,9.341018699831559e-10,3.244894592099753e-09,8.755976535791628e-10,3.2607109953375947e-09,8.914140568170047e-10
-0.5855046066224062,1.2597598483204033,-0.5182939930000607,0.8094661795338525,0.04414113979352064,1.059585354255068,-0.098690535996733,-1.0306869280361554e-10,4.0438811853456847e-10,-2.280420390331024e-10,2.7941477230508164e-10,-1.5199542819735885e-10,3.554613831408252e-10,1.2231096435449613e-09,1.7305664548831452e-09,-1.6776038126653382e-09,1.1701470013271542e-09,-8.235290085034337e-10,3.1607219716524967e-10,-7.251686881925943e-10,2.1771187685441025e-10,-8.733116830589236e-10,3.658548717207396e-10,-1.549046568720158e-10,3.525521544661682e-10,-2.8514084817671445e-10,2.2231596316146958e-10,-6.987835954319816e-10,1.9132678409379753e-10,-1.3553753245681254e-10,3.719192788813715e-10,-1.021687790975986e-09,5.142309796378019e-10,-1.1583511376898086e-10,3.9162169756920317e-10,-1.7974123744491243e-10,3.277155738932716e-10,-2.1748129854850514e-10,2.899755127896789e-10
-0.47995159294398615,-1.0868277679449745,1.6934370589675236,0.697251394211816,-0.39723057280666235,-1.0742939565968355,0.4126194297779146,-1.3526897971227428e-09,2.2928647796677295e-09,-2.280420390331024e-10,1.1682170215780893e-09,-1.5199542819735885e-10,1.0921704107423457e-09,1.0086640522972439e-09,6.848906975225696e-11,1.241641782919793e-09,3.014668003748061e-10,1.7242265918499144e-09,7.840516093049275e-10,1.1097806875169035e-09,1.696057049719166e-10,1.4164349100610968e-09,4.762599275161099e-10,2.0726038605195876e-09,1.1324288779746007e-09,1.942367669214889e-09,1.002192686669902e-09,1.425291731617001e-09,4.851167490720141e-10,1.88571964380572e-09,9.45544661260733e-10,1.6085316107977104e-09,6.683566282527235e-10,1.5682006710907306e-09,6.280256885457437e-10,1.4932684724737177e-09,5.530934899287308e-10,1.4855514316421494e-09,5.453764490971625e-10
3.747618861605052,-0.6717171483283452,-1.709611973400562,1.2917434399300463,-0.473946426796585,-0.9249976953852383,-0.2020189302056877,-1.5698893761735011e-09,7.698869884134752e-10,-2.280420390331024e-10,5.719603487269236e-10,-1.5199542819735885e-10,6.480069595626672e-10,-5.024071447626088e-10,2.9759524299741714e-10,1.0373975921809617e-09,1.8373999799409877e-09,-3.773501610273554e-09,2.9734992225135276e-09,-4.03976715428967e-09,3.2397647665296435e-09,-1.7286830875365447e-09,9.286806997765187e-10,-5.839175524409137e-10,2.160848353191123e-10,-7.141537437456123e-10,8.584864401441361e-11,-8.877485050483868e-10,8.774611728836083e-11,-8.096519607090038e-10,9.64957294897789e-12,-4.1334576019037247e-10,3.866566275696535e-10,-5.935607678581315e-10,2.0644161990189446e-10,-6.588496787745259e-10,1.4115270898550005e-10,-5.067360928036178e-10,2.932662949564081e-10
-0.5965012528452975,0.0003123210028713137,0.08974610416711898,0.9081464386314263,0.19778873117979145,1.1104122860779295,0.800032420340731,3.3194167905048266e-10,1.7050853111654676e-09,-2.280420390331024e-10,2.2650690292490527e-09,-1.5199542819735885e-10,2.189022418413309e-09,1.2440409547131617e-09,7.929860355027887e-10,-1.747137406297566e-09,3.784164396513516e-09,-8.735593381118451e-10,2.9105863283277952e-09,-5.935650517509978e-10,2.6305920419669483e-09,-7.052723031295325e-10,2.7422992933454826e-09,-1.371182119462553e-10,2.1741452021622056e-09,-2.673544032509536e-10,2.304381393466904e-09,-4.92274710768131e-10,2.529301700984081e-09,-5.2388681293836054e-11,2.0894156715097865e-09,-6.8045615371024e-10,2.7174831439261904e-09,1.2165009863555872e-10,1.9153768915803915e-09,6.202268587389618e-11,1.9750043043420543e-09,7.026797293627633e-11,1.966759017279674e-09
-0.5879683984986867,-0.17005520946327804,-0.18838608864548334,-1.5717748788719128,-0.7404846040762865,1.3283264409804936,-0.20420445094091977,-2.324518007612737e-09,1.518327926448927e-09,-2.280420390331024e-10,5.781480421307077e-10,-1.5199542819735885e-10,6.541946529664513e-10,1.227822326504191e-09,2.034012407668001e-09,-2.0452540493897188e-09,1.2390639682259087e-09,-1.157996628503346e-09,3.518065473395359e-10,-1.9402972706825903e-09,1.1341071895187803e-09,-2.453453284310501e-09,1.6472632031466907e-09,-5.13913582904228e-10,2.922764982595821e-10,-6.441497742089264e-10,1.620403069548837e-10,-2.364847912753329e-09,1.558657831589519e-09,-8.821229942432754e-10,7.593291307946531e-11,-2.219195123629032e-09,1.413005042465222e-09,-1.5895488593470024e-09,7.833587781831923e-10,-1.6750484050716208e-09,8.688583239078107e-10,-1.9358962812852855e-09,1.1297062001214755e-09
-0.5375563348639077,0.9395845878855422,1.0153984572184547,0.8180431346057154,0.3465711187777319,-0.9230800041627752,0.8320014405800634,7.531775810934214e-10,1.3743607881597787e-09,-2.280420390331024e-10,2.3555804082863024e-09,-1.5199542819735885e-10,2.279533797450559e-09,1.128737736316245e-09,9.98800632936955e-10,1.0347741018896422e-09,1.0927642673635579e-09,1.6066452191366596e-09,5.208931501165405e-10,1.8615793204637104e-09,2.659590487894897e-10,2.4170516704152052e-09,2.895133011620051e-10,2.268791843344896e-09,1.412534740916961e-10,2.1385556520401975e-09,1.1017282786997418e-11,2.494877231618091e-09,3.6733886236489074e-10,2.4138847404925244e-09,2.863463712393243e-10,3.031908519698646e-09,9.043701504454458e-10,2.7348690018164412e-09,6.073306325632411e-10,2.6788211243325203e-09,5.512827550793202e-10,2.6879619608571567e-09,5.604235916039566e-10
1.7753421226882855,-0.706545893739796,-0.9476213645767534,0.6874078424690775,-0.6167296400454055,-0.713730533245005,-0.2955025951642267,-1.9741402865163915e-09,9.094649319432215e-10,-2.280420390331024e-10,8.366333155400677e-10,-1.5199542819735885e-10,9.126799263758112e-10,-1.445981960425357e-09,3.81306605852187e-10,7.483743426310958e-10,1.8130496972042658e-09,-1.5615192395078155e-09,4.968438849346454e-10,-2.168659131176187e-09,1.103983776603017e-09,-1.3468198259557156e-09,2.821444713825456e-10,-1.4832651816941627e-09,4.1858982712099267e-10,-1.6135013729988614e-09,5.488260184256914e-10,-8.723894480319627e-10,1.9228590654120728e-10,-1.7838416892282361e-09,7.191663346550661e-10,-4.800485988897044e-10,5.846267556834656e-10,-1.568748870909059e-09,5.04073516335889e-10,-1.6354644675989576e-09,5.707891130257876e-10,-1.1507143297195083e-09,8.603897514633831e-11
-0.6011533368731603,-0.9575584791229488,-0.02676792819080084,1.6426699053730272,-1.0115360767560417,-0.28795845365790684,-0.05450667497885506,-3.091924778250582e-09,2.709562266392932e-09,-2.280420390331024e-10,1.5432047282454765e-10,-1.5199542819735885e-10,2.303670836602912e-10,1.2528161722597994e-09,1.6351786841174495e-09,1.6589844451596505e-10,5.48260956373615e-10,8.887602953952291e-10,1.2711228072528792e-09,-3.695976763298053e-10,1.2764835527844728e-11,-4.1331798776147443e-10,3.0955475903824397e-11,1.8728380801722087e-09,2.255200592029859e-09,1.74260188886751e-09,2.12496440072516e-09,-4.9910153800359e-10,1.1673902614593994e-10,1.3470078287487306e-09,1.7293703406063807e-09,-3.564733464882734e-10,2.5889165369376627e-11,4.1240316952765697e-10,7.94765681385307e-10,3.1907354850021325e-10,7.014360603578633e-10,-6.640616997056393e-11,3.159563418870861e-10
1.072602343857128,-1.0488619041512584,-0.9605792367932584,0.46477683270697046,-1.3005707793865755,-1.0393713671235538,-0.08117968069243,-3.9102460570655135e-09,3.4523663566255924e-09,-2.280420390331024e-10,2.298376614068186e-10,-1.5199542819735885e-10,3.0588427224256215e-10,-1.869210314379051e-09,1.41133061393913e-09,1.1938660652454862e-09,1.651745765685407e-09,-2.6978305831395327e-10,1.8809664212596773e-10,-1.7702781707438105e-09,1.3123984703038893e-09,-1.2934255255859305e-09,8.355458251460095e-10,-1.211462911236498e-09,7.535832107965769e-10,-1.3416991025411966e-09,8.838194021012756e-10,-7.38603664259937e-10,2.80723963820016e-10,-1.9207942940476146e-09,1.4629145936076935e-09,-1.9962646509329246e-10,2.5825323534662854e-10,-1.5612260845586034e-09,1.1033463841186823e-09,-1.6331468020372165e-09,1.1752671015972954e-09,-3.916314990857031e-10,6.624820135421791e-11
-0.6056201755595962,-0.959410910514956,0.8178228639407831,1.577139778612199,0.36262836784129415,-1.0473855691333513,1.1291554725810802,7.986392106775362e-10,2.170208057676684e-09,-2.280420390331024e-10,3.1968893073873225e-09,-1.5199542819735885e-10,3.120842696551579e-09,1.2611974533028753e-09,1.7076498150513449e-09,1.2048298642758497e-09,1.7640174040783705e-09,1.8482780527225822e-09,1.120569215631638e-09,2.102576992164913e-09,8.662702761893073e-10,2.8297036694096655e-09,1.3914359894455467e-10,2.980664333964501e-09,1.1817065610280747e-11,2.850428142659802e-09,1.1841912569441794e-10,2.867510671232772e-09,1.01336597121448e-10,3.1321052512717513e-09,1.6325798291753117e-10,3.18622490755819e-09,2.1737763920396993e-10,3.50419643976111e-09,5.353491714068899e-10,3.4492372489143026e-09,4.803899805600825e-10,3.5168522455504514e-09,5.480049771962312e-10
-0.6044548719411583,-0.8429451059173322,0.5274468088955152,-1.3033765012626208,-0.3240324756761158,0.7213847360291947,0.4777332486391309,-1.1454497671002696e-09,2.2699763968145793e-09,-2.280420390331024e-10,1.3525686687474123e-09,-1.5199542819735885e-10,1.2765220579116687e-09,1.2590151554421217e-09,1.3448852572781178e-10,-1.2149297241359848e-09,2.3394563538502947e-09,-3.7491619655597873e-10,1.4994428262702887e-09,-7.379139521472339e-10,1.8624405818615438e-09,-8.965707785843824e-10,2.0210974082986924e-09,4.770920286167532e-10,6.474346010975567e-10,3.468558373120546e-10,7.776707924022554e-10,-7.868109494754345e-10,1.9113375791897444e-09,3.2641598001231726e-10,7.981106497019927e-10,-7.370043327763911e-10,1.861530962490701e-09,-9.189299767063283e-12,1.1337159294813732e-09,-8.337447796460135e-11,1.2079011076789113e-09,-2.487463087807001e-10,1.37327293849501e-09
-0.5158547611797809,-0.6970598581320951,0.9611246263260258,1.0616197011702386,-0.03107489107572201,-0.3702429538723748,0.2089777690824895,-3.1602194031376327e-10,6.796422645992743e-10,-2.280420390331024e-10,5.916623633186134e-10,-1.5199542819735885e-10,5.156157524828699e-10,1.0843593363483557e-09,7.207390120628446e-10,2.784674467151155e-10,8.515287757039556e-11,8.849743524273816e-10,5.213540281418705e-10,7.605959549740041e-10,3.9697563068849306e-10,1.0095160145293237e-09,6.458956902438126e-10,1.3304708441796287e-09,9.668505198941176e-10,1.20023465287493e-09,8.36614328589419e-10,1.0626539121072305e-09,6.990335878217194e-10,1.316675032237048e-09,9.530547079515369e-10,1.3112793800958816e-09,9.476590558103705e-10,1.2823693721372147e-09,9.187490478517037e-10,1.21645546517598e-09,8.528351408904688e-10,1.1849635288286587e-09,8.213432045431476e-10
-0.596850430520665,-1.0676406093000534,1.4450003319986746,-1.0198758481191617,-0.34114317776927794,-1.118423424816827,0.5732894070017288,-1.193893955603808e-09,2.588961240119278e-09,-2.280420390331024e-10,1.6231093235485724e-09,-1.5199542819735885e-10,1.5470627127128289e-09,1.2447012509534177e-09,1.5036603356205237e-10,1.3020129365654479e-09,9.305434795002222e-11,1.926492257132954e-09,5.31424972617484e-10,1.3608252502126275e-09,3.424203430284261e-11,1.8467842565025398e-09,4.517169719870697e-10,3.0082916007095297e-09,1.6132243161940596e-09,2.878055409404831e-09,1.482988124889361e-09,1.7825666006235657e-09,3.874993161080956e-10,2.849225796060114e-09,1.4541585115446438e-09,2.2473111174171238e-09,8.522438329016537e-10,2.5219198914532033e-09,1.1268526069377333e-09,2.4473282370175607e-09,1.0522609525020906e-09,2.287171134418811e-09,8.921038499033411e-10
-0.43270000638194345,1.1701274226938079,0.7390803696161224,0.23823202318259953,-0.9916753056067724,-0.6427511393755923,-0.04615756534384779,-3.035694534971124e-09,2.676970202236272e-09,-2.280420390331024e-10,1.3068229370174964e-10,-1.5199542819735885e-10,2.0672890453749318e-10,9.047554229789776e-10,1.2634797557138297e-09,6.512712488071704e-10,1.0099955815420224e-09,1.1228188571296195e-09,1.4815431898644716e-09,-1.3117447453029387e-10,2.2754985820455816e-10,-1.1172963627342475e-10,2.4699469646142726e-10,1.1565946096038842e-09,1.5153189423387363e-09,1.0263584182991853e-09,1.3850827510340374e-09,-1.58428861314819e-10,2.0029547142003303e-10,6.427737080218123e-10,1.0014980407566644e-09,-3.2113415251233905e-10,3.759018022251298e-11,-5.0566840143474656e-11,3.0815749259137735e-10,-1.3905480807675917e-10,2.1966952465809286e-10,-3.582070021668689e-13,3.5836612573268513e-10
-0.5256482973966415,-0.45392374159287935,1.2882086242028041,1.551752341367169,-0.28719811155144676,0.36585267837219054,-0.1999235495117848,-1.0411635216061973e-09,2.470936208224173e-10,-2.280420390331024e-10,5.660278617506777e-10,-1.5199542819735885e-10,6.420744725864212e-10,1.1045150527585376e-09,1.8985849535423176e-09,-7.285454248336144e-10,6.55244759501656e-11,-2.7324736373857703e-11,7.667451644099223e-10,-3.753538313167503e-10,4.187160694670297e-10,-4.1337200719572605e-10,3.8069789358805395e-10,3.635939028987603e-10,1.1576638036825403e-09,2.3335771159406166e-10,1.0274276123778417e-09,-3.691577552069908e-10,4.249121455767892e-10,2.30826637410321e-10,1.0248965381941009e-09,-4.507040781725048e-11,7.489994929665295e-10,-3.4246490455881583e-11,7.598234103278984e-10,-1.0679196108272738e-10,6.872779397010526e-10,-1.6610272296843908e-10,6.279671778153409e-10
-0.29453482805594106,0.5470282261817369,-1.1327306884829207,-1.2983814509576108,-0.5520964432277119,-0.926725766821318,0.17664025646491388,-1.7911493868341442e-09,2.0632150485200754e-09,-2.280420390331024e-10,5.001077007190334e-10,-1.5199542819735885e-10,4.2406108988328986e-10,5.74231443977747e-10,3.0216578229181594e-10,1.0397616738340232e-09,7.676960121480923e-10,1.3059683045813864e-09,1.0339026428954555e-09,5.456929841696345e-10,2.736273224837035e-10,6.420573888825409e-10,3.699917271966099e-10,7.881483374791456e-10,5.160826757932147e-10,6.579121461744467e-10,3.8584648448851574e-10,7.259791570720385e-10,4.539134953861075e-10,5.218654298963788e-10,2.4979976821044775e-10,8.355944224399229e-10,5.63528760753992e-10,2.0394265921464653e-10,6.812300247128448e-11,1.274928023323455e-10,1.4457285935358551e-10,3.8761653591473186e-10,1.1555087422880085e-10
-0.5036335935248373,0.9621351541080787,-0.090216307467732,-1.2346147058803694,0.5819812615863632,-1.1916602564199457,1.2941384233747149,1.4196758505258411e-09,2.0162747035147586e-09,-2.280420390331024e-10,3.6639925930737023e-09,-1.5199542819735885e-10,3.5879459822379587e-09,1.0589111576768523e-09,2.3770393963637476e-09,1.4022043096223717e-09,2.0337462444182282e-09,1.901395619227455e-09,1.5345549348131449e-09,2.405104860596931e-09,1.0308456934436687e-09,3.0476150473645516e-09,3.883355066760483e-10,2.401655634851623e-09,1.0342949191889769e-09,2.2714194435469244e-09,1.1645311104936755e-09,3.1655074234673226e-09,2.7044313057327735e-10,2.636691095871456e-09,7.992594581691441e-10,2.6829178077422077e-09,7.530327462983923e-10,3.1617977825802824e-09,2.7415277146031754e-10,3.1114028766133003e-09,3.2454767742729964e-10,3.10455824157776e-09,3.313923124628399e-10
0.2113938570002045,-0.4924090041265583,0.2738624898075376,0.25068924413298616,-0.38773157467561986,-0.31416264602046057,-0.42354834853563317,-1.3257960289097553e-09,1.0140522200760475e-10,-2.280420390331024e-10,1.1991592118842577e-09,-1.5199542819735885e-10,1.2752058227200012e-09,-8.125146338309721e-10,6.146866170863879e-10,2.017469916906931e-10,1.6289482426080532e-09,-9.895543293192697e-11,1.328245817985433e-09,-5.575362102726304e-10,8.696650406447296e-10,-5.287110020493121e-10,8.984902488680479e-10,-1.679498507856167e-09,2.5229725693880705e-10,-1.8097346991608656e-09,3.8253344824350553e-10,-4.547174848662898e-10,9.724837660510703e-10,-1.8616369251908474e-09,4.3443567427348734e-10,-4.1834690536771096e-10,1.008854345549649e-09,-1.9342915199307167e-09,5.070902690133567e-10,-2.0042079619977393e-09,5.770067110803792e-10,-1.5602175655280984e-09,1.3301631461073836e-10
-0.053675590554688846,2.0491567759188745,-1.4766691830913043,-1.3481521028463217,-0.5477287883445102,-0.27488014739759487,-0.2835027329342347,-1.7787835882054147e-09,7.480825021760547e-10,-2.280420390331024e-10,8.026590469962577e-10,-1.5199542819735885e-10,8.787056578320012e-10,-7.628929607783339e-11,9.544117899515267e-10,1.480067166408365e-10,1.1787078026701966e-09,1.846527638507565e-10,1.2153538498801166e-09,-4.814654551151058e-10,5.492356309142542e-10,-4.84643233510231e-10,5.46057852519129e-10,-1.0900762479537027e-09,5.937516192434264e-11,-1.2203124392584012e-09,1.8961135322904112e-10,-4.5768267525988933e-10,5.730184107694707e-10,-1.3540666866064597e-09,3.2336560057709965e-10,-1.8408905201986358e-10,8.466120340094964e-10,-1.5531664609326299e-09,5.224653749032698e-10,-1.6271203223803006e-09,5.964192363509405e-10,-1.155133884314749e-09,1.2443279828538902e-10
-0.6030929085585947,-0.5766531550293628,0.6033177281406837,1.4324324157104191,0.04157206729877826,-1.2258390452762031,1.1087885584802109,-1.1034230621450482e-10,3.0215263284572647e-09,-2.280420390331024e-10,3.1392260612758624e-09,-1.5199542819735885e-10,3.063179450440119e-09,1.2564608094392635e-09,1.6547232128034965e-09,1.4489624736495725e-09,1.4622215485931875e-09,2.0692567903224854e-09,8.419272319202746e-10,1.934767293512498e-09,9.76416728730262e-10,2.6057019341502413e-09,3.054820880925187e-10,3.2112660247769605e-09,3.0008200253420044e-10,3.0810298334722626e-09,1.6984581122950258e-10,2.581786781487538e-09,3.2939724075522193e-10,3.2295132836266903e-09,3.1832926138393033e-10,2.586299997707755e-09,3.248840245350048e-10,3.2736289981335018e-09,3.6244497589074177e-10,3.2096725895606264e-09,2.9848856731786636e-10,3.1680511767810464e-09,2.568671545382864e-10
-0.5132706318786829,1.8120204127208128,1.5707266843599357,-0.07308473976920321,0.04818106164363024,-0.6681324319079345,0.89230766000932,-9.163077900085674e-11,2.3899094163073565e-09,-2.280420390331024e-10,2.5263206763396023e-09,-1.5199542819735885e-10,2.4502740655038587e-09,1.0790058033457337e-09,1.2192728339607662e-09,6.859940309525754e-10,1.6122846063539246e-09,1.2559037522487814e-09,1.0423748850577185e-09,1.193690281017628e-09,1.104588356288872e-09,1.5493071582272842e-09,7.489714790792158e-10,1.7319422787043464e-09,5.663363586021535e-10,1.6017060873996477e-09,6.965725499068522e-10,1.6053348108874333e-09,6.929438264190667e-10,1.7530685934450366e-09,5.452100438614633e-10,2.891313506922345e-09,5.930348696158449e-10,1.791542523158235e-09,5.06736114148265e-10,1.727655134258544e-09,5.70623503047956e-10,1.7018288584852375e-09,5.964497788212625e-10
-0.5984192990287337,-1.1640250213863257,-1.3786567450344243,-0.9272900838893813,0.481979572910777,-0.8895301464862275,0.6136441772973201,1.136548914500916e-09,3.727716653248541e-10,-2.280420390331024e-10,1.7373626188588725e-09,-1.5199542819735885e-10,1.661316008023129e-09,1.2476646955029845e-09,2.6165588432278566e-10,9.88876344806244e-10,5.204442350195261e-10,1.6409528747222177e-09,1.3163229489644761e-10,2.0497295227310646e-09,5.404089429052945e-10,2.748882384964245e-09,1.2395618051384749e-09,2.698463840699094e-09,1.189143260873324e-09,2.5682276493943954e-09,1.0589070695686253e-09,2.8221237904811886e-09,1.3128032106554185e-09,2.8961008718602613e-09,1.3867802920344911e-09,1.838535690290161e-09,3.2921511046439094e-10,3.387353232941386e-09,1.878032653115616e-09,3.3356407431671454e-09,1.8263201633413752e-09,3.4348491560629246e-09,1.9255285762371545e-09
-0.6062090594221268,0.060765388340316494,0.42883058706292027,-1.5714003277181026,-1.1878108682852742,0.8310512492536208,-0.48876113331001764,-3.5909977667679075e-09,1.9791646742551374e-09,-2.280420390331024e-10,1.3837910534796678e-09,-1.5199542819735885e-10,1.4598376643154113e-09,1.2622991457674177e-09,2.874132238280188e-09,-1.364958586633262e-09,2.4687450587950817e-10,-5.104635355828286e-10,1.1013695569299415e-09,-1.8614516351763036e-09,2.496185426635335e-10,-2.371733290779265e-09,7.599001982664949e-10,3.3707309996331016e-10,1.94890619247608e-09,2.0683690865861147e-10,1.8186700011713815e-09,-2.37448579570325e-09,7.6265270319048e-10,-2.986864417386035e-10,1.3131466507741665e-09,-2.2923419920454737e-09,6.805088995327036e-10,-1.3977753470992286e-09,2.1405774541354147e-10,-1.496189143471733e-09,1.1564394904103715e-10,-1.960852310826022e-09,3.490192183132521e-10
-0.49182702639178955,-0.2344235728682024,1.0855228022895524,-0.002644132508741037,-0.7760841966680759,0.2887749119983195,-0.18636552569602363,-2.425308341333468e-09,1.669624209753669e-09,-2.280420390331024e-10,5.276420925466966e-10,-1.5199542819735885e-10,6.036887033824402e-10,1.0340144323326676e-09,1.7896985639124666e-09,-6.230994753555097e-10,1.3258465622428927e-10,2.7009212992007545e-11,7.826933445718065e-10,-8.9062234968139e-10,1.34938218101591e-10,-1.0473828643437767e-09,2.9169873276397776e-10,2.3196191508136448e-10,9.876460466611634e-10,1.0172572377666615e-10,8.574098553564651e-10,-1.0807044025276315e-09,3.250202709478325e-10,-1.5619360435499947e-10,5.994905272247995e-10,-1.2780316464190846e-09,5.223475148392856e-10,-7.815407703421667e-10,2.585663876236769e-11,-8.660621043524975e-10,1.103779727726985e-10,-8.897843586085124e-10,1.3410022702871345e-10
-0.4980645726972541,0.36672895880118433,-1.3312113176046234,1.1023036788648501,-0.4583802520732975,0.01626318871177578,-0.4008441651905145,-1.5258180868442743e-09,1.628974090910844e-10,-2.280420390331024e-10,1.1348786387200876e-09,-1.5199542819735885e-10,1.2109252495558311e-09,1.0472058094773564e-09,2.410126487230546e-09,-2.502908334122313e-10,1.1126298443409587e-09,3.771427263656214e-10,1.7400634041188114e-09,-2.0096086620154242e-10,1.1619598115516475e-09,-1.9444788014220726e-10,1.1684727976109827e-09,6.594972483616577e-10,2.022417926114848e-09,5.292610570569586e-10,1.8921817348101488e-09,-1.8912532143380138e-10,1.1737953563193886e-09,4.417215123410763e-10,1.8046421900942662e-09,-2.193294427388187e-10,1.1435912350143712e-09,5.4309786472130043e-11,1.41723046422532e-09,-2.234019171046955e-11,1.3405804860427204e-09,-5.5072888147916266e-11,1.3078477896052736e-09
-0.403686075954756,2.1257895033095138,1.5516924152420906,1.4369894526998774,1.389957339200079,0.616823567205756,-0.7407853002326937,3.707235133432794e-09,6.0326044784835845e-09,-2.280420390331024e-10,2.097327306017688e-09,-1.5199542819735885e-10,2.1733739168534314e-09,8.385769486526101e-10,3.1639462937034003e-09,-1.071885208916801e-09,1.2534841361339892e-09,-4.957614083163935e-10,1.8296079367343966e-09,1.1326804834058925e-09,3.4580498284566827e-09,1.3829065427173382e-09,3.708275887768128e-09,-7.963398924562075e-10,1.5290294525945828e-09,-9.265760837609061e-10,1.398793261289884e-09,1.5600338759043028e-09,3.885403220955093e-09,-2.985161366302096e-10,2.0268532084205804e-09,4.915730733226191e-09,7.241100078276981e-09,8.234435302931603e-10,3.1488128753439505e-09,7.901445221750989e-10,3.115513867225889e-09,4.910118693397333e-10,2.8163812143905233e-09
-0.42342731870389444,-0.8951173996388416,-0.8143789327472745,-0.3809275754126909,-1.2179359944817303,-1.111097970453128,0.021176611168476855,-3.6762886732548606e-09,3.5082023121200834e-09,-2.280420390331024e-10,5.995567789832538e-11,-1.5199542819735885e-10,1.609093293741816e-11,8.837995006148086e-10,1.0518858617495856e-09,1.2919913761715986e-09,1.4600777373063755e-09,1.6994562164407588e-09,1.867542577575536e-09,1.380209436558045e-10,3.0610730479058153e-10,2.0951344983980174e-10,3.775998109745787e-10,1.7594171117629624e-09,1.9275034728977396e-09,1.6291809204582636e-09,1.7972672815930405e-09,1.5723623845256455e-10,3.253225995873416e-10,1.1042557613849888e-09,1.2723421225197658e-09,5.831721283307956e-10,7.512584894655726e-10,2.966948750989098e-10,4.647812362336868e-10,2.0313974992822498e-10,3.7122611106300196e-10,4.0399468758716774e-10,5.720810487219447e-10
-0.31044752016201943,0.8007624620936028,0.14065259685291934,-1.187935678059838,2.3155155741888285,-0.7036776105855214,0.37394199867786543,6.327695554207444e-09,5.497024948095507e-09,-2.280420390331024e-10,1.0587126451450394e-09,-1.5199542819735885e-10,9.826660343092958e-10,6.14209856703911e-10,2.1646074940802605e-10,7.346214794549964e-10,9.60491266569406e-11,1.0457880074054911e-09,2.1511740129355412e-10,3.6219245524826226e-09,2.7912539463706854e-09,4.133289694513116e-09,3.302619088401179e-09,5.530717739882518e-10,2.775988321236852e-10,4.2283558268355327e-10,4.0783502342838375e-10,4.489262591758268e-09,3.6585919856463316e-09,1.2805215056373299e-09,4.4985089952539285e-10,3.891596979450515e-09,3.060926373338578e-09,3.0356637423138404e-09,2.2049931362019036e-09,3.018833841059288e-09,2.1881632349473513e-09,2.104366596493244e-09,1.2736959903813069e-09
-0.60462369049869,-0.9733094948453809,-0.47998825943306583,-0.37713251611433496,0.9146605918044741,-0.31710309902411576,1.2066290704944742,2.3615647395129034e-09,8.266274488176666e-10,-2.280420390331024e-10,3.4162342273636723e-09,-1.5199542819735885e-10,3.3401876165279288e-09,1.2593314904736584e-09,1.9288606978569116e-09,2.057696674044937e-10,2.9824225209260764e-09,9.297275926454378e-10,2.258464595685132e-09,1.8953192163448066e-09,1.2928729719857634e-09,2.5562971705814335e-09,6.318950177491365e-10,1.942709978128271e-09,1.2454822102022989e-09,1.812473786823572e-09,1.375718401506998e-09,2.744479650217154e-09,4.4371253811341615e-10,2.2940536887991485e-09,8.941384995314215e-10,1.8098899024320932e-09,1.3783022858984768e-09,3.252818269717037e-09,6.462608138646713e-11,3.2132985442621926e-09,2.5106355931622634e-11,3.4668174183157944e-09,2.7862522998522443e-10
2.874042111444478,-1.1573933167030481,-1.563678229479324,-1.5039387783813192,-0.7817554833657262,-1.2724655968884917,0.111946858590332,-2.441365010448663e-09,2.5302693299227458e-09,-2.280420390331024e-10,3.169463585071851e-10,-1.5199542819735885e-10,2.4089974767144153e-10,-7.765673478493264e-10,8.654716673234091e-10,1.5127497528735112e-09,1.4238454333994285e-09,-2.239762510261312e-09,2.3286668297353946e-09,-2.9838194281326177e-09,3.0727237476067002e-09,-1.4902518571158777e-09,1.5791561765899604e-09,-3.03380510880893e-10,3.922848303549757e-10,-4.336167021855917e-10,5.225210216596744e-10,-4.178893186545071e-10,5.067936381285898e-10,-6.947341938968634e-10,7.836385133709461e-10,7.803394258677251e-11,1.0870376887310175e-11,-3.350412004113373e-10,4.2394551988542e-10,-4.008342248032809e-10,4.897385442773636e-10,-7.537861107861052e-11,1.642829305526932e-10
-0.18489355964895612,2.091581959291711,1.1483627522021393,1.5449257879090172,-0.9987806481748945,-0.3791743915018397,-0.34933040688147005,-3.0558113339708495e-09,1.8387375188689795e-09,-2.280420390331024e-10,9.890317760687676e-10,-1.5199542819735885e-10,1.0650783869045111e-09,2.871451303658005e-10,1.5042189454676705e-09,2.9068606649809166e-10,1.5077598815999615e-09,4.804767449154758e-10,1.6975505600173458e-09,-7.306876722298712e-10,4.863861428719988e-10,-7.661912785077572e-10,4.508825365941127e-10,-4.735867800947655e-10,7.434870350071045e-10,-6.038229713994642e-10,6.132508437024058e-10,-7.739831959285331e-10,4.4309061917333683e-10,-9.916955348268298e-10,2.2537828027504013e-10,-1.277824042755137e-09,6.075022765326711e-11,-1.4263908021742473e-09,2.0931698707237733e-10,-1.5098800327569918e-09,2.928062176551219e-10,-8.677086967538745e-10,3.493651183479954e-10
-0.044734585701789835,-0.6227495980033421,-0.9711545478739377,0.035771726113698686,1.0114571728185446,-0.36535691721093744,-0.3499049618197656,2.6356173056561477e-09,3.854317813081037e-09,-2.280420390331024e-10,9.906584683917876e-10,-1.5199542819735885e-10,1.0667050792275311e-09,-1.0151325266925964e-10,1.1171872547556302e-09,2.717831225683697e-10,1.4904836299932596e-09,2.870688307806904e-10,1.5057693382055804e-09,1.4156533007268093e-09,2.634353808151699e-09,1.4301334967205262e-09,2.648834004145416e-09,-9.904080395516e-10,2.2829246787329e-10,-1.1206442308562988e-09,9.80562765685911e-11,1.6107891728565349e-09,2.8294896802814248e-09,-6.074384470302881e-10,6.112620603946018e-10,1.071857434767514e-09,2.2905579421924037e-09,-1.650763392821769e-10,1.053624168142713e-09,-2.1402320331875885e-10,1.004677304106131e-09,-9.254553688229506e-10,2.932451386019393e-10
-0.4987058695650356,1.1015289659456577,-0.5076410848291893,0.8219040126023432,-0.6075633860420142,2.2045040902661213,-1.6249898188412977,-1.9481885906482803e-09,2.8805596421848804e-09,-2.280420390331024e-10,4.600706193800058e-09,-1.5199542819735885e-10,4.6767528046358015e-09,1.048557203086625e-09,5.8773054359197854e-09,-3.243905599465467e-09,1.5848426333676938e-09,-2.3706741076110986e-09,2.458074125222062e-09,-2.9029147022762907e-09,1.92583353055687e-09,-3.5472964258265954e-09,1.2814518070065653e-09,-2.4213311716415283e-09,2.4074170611916323e-09,-2.551567362946227e-09,2.2771808698869337e-09,-3.528306557552491e-09,1.3004416752806696e-09,-2.717001808463109e-09,2.1117464243700515e-09,-3.3440860882707065e-09,1.4846621445624542e-09,-3.2450218916735956e-09,1.583726341159565e-09,-3.325434808943779e-09,1.5033134238893815e-09,-3.3620596358808593e-09,1.4666885969523014e-09
-0.5955354276230661,-0.9191918542052251,-1.039255167537661,-1.5901172904079384,0.22953986871841753,-0.546411743996819,0.6392170710610943,4.218361838900979e-10,1.1598869238581422e-09,-2.280420390331024e-10,1.8097651467813424e-09,-1.5199542819735885e-10,1.7337185359455988e-09,1.2422131862001191e-09,3.395099215481209e-10,5.194744999420527e-10,1.0622486078061873e-09,1.2063436936059428e-09,3.7537941414229723e-10,1.3577684894635906e-09,2.2395461828464945e-10,1.8413413102427961e-09,2.596182024945561e-10,2.190997470910259e-09,6.09274363162019e-10,2.0607612796055607e-09,4.790381718573207e-10,1.9102993855859214e-09,3.285762778376813e-10,2.288846180047739e-09,7.07123072299499e-10,1.2364412380816752e-09,3.4528186966656487e-10,2.513589376936602e-09,9.318662691883618e-10,2.4548372352540366e-09,8.731141275057966e-10,2.4725548114762955e-09,8.908317037280555e-10
-0.5896412336171473,0.47165470468370596,1.0900996973409804,-0.5211124153199606,2.6086576749895585,0.08779435837048058,4.691073934636816,7.157645787236685e-09,5.895781790596415e-09,-2.280420390331024e-10,1.3281469616866202e-08,-1.5199542819735885e-10,1.3205423006030458e-08,1.231014499857087e-09,1.1822413077976013e-08,-3.4814878203719884e-10,1.34015763598703e-08,4.023216202613892e-10,1.265110595757171e-08,3.3685437978150107e-09,9.684883780018089e-09,4.450580430771538e-09,8.602847147061561e-09,1.2487310792947923e-09,1.1804696498538307e-08,1.1184948879900936e-09,1.1934932689843007e-08,4.91079229917698e-09,8.14263527865612e-09,2.036077830430414e-09,1.1017349747402686e-08,7.707444736607699e-09,5.345982841225401e-09,4.9390705915806345e-09,8.114356986252465e-09,4.945874642553683e-09,8.107552935279417e-09,5.6491280800968765e-09,7.404299497736223e-09
-0.6051385605622127,0.9736084600732073,0.785198660836468,0.7407762650755272,-0.7695761995504602,0.6053595793425881,0.109728542947186,-2.4068827596460715e-09,2.4895065360663504e-09,-2.280420390331024e-10,3.106658154533814e-10,-1.5199542819735885e-10,2.3461920461763787e-10,1.2602958783400614e-09,1.1776721019197824e-09,-1.0562019432760493e-09,1.1388257196963284e-09,-2.2831965799227547e-10,3.109434344125545e-10,-1.118136146911355e-09,1.200759923331634e-09,-1.3955341233384323e-09,1.4781578997587114e-09,6.463688832223219e-10,5.637451068020428e-10,5.161326919176232e-10,4.3350891549734416e-10,-1.3606517300288757e-09,1.4432755064491548e-09,2.618763707668332e-10,1.7925259434655415e-10,-1.382982631707712e-09,1.465606408127991e-09,-4.811872497011905e-10,5.638110261214696e-10,-5.67854368156541e-10,6.504781445768201e-10,-8.857021095304958e-10,9.68325885950775e-10
1.6859190759397782,0.9231341926426255,1.2358531650027564,0.5722102989861557,4.681198244892078,-0.2195547773935114,-0.5934814807931361,1.3025467312205675e-08,1.4933786909246834e-08,-2.280420390331024e-10,1.6802775580080575e-09,-1.5199542819735885e-10,1.756324168843801e-09,-1.5141050902422592e-09,3.9421450679890063e-10,7.231905151039393e-11,1.9806386485515537e-09,-2.0699241163820828e-09,1.6160451934092297e-10,3.489176840575279e-09,5.3974964376164384e-09,1.961047264813833e-09,3.869366861854993e-09,-2.2127816132921046e-09,3.044620162509448e-10,-2.3430178045968033e-09,4.346982075556435e-10,2.205937195441685e-09,4.1142567924828444e-09,-1.1280504480548087e-09,7.802691489863511e-10,2.677551796284715e-09,4.585871393325874e-09,-1.5389822663705054e-09,3.6933733067065445e-10,-1.5908404910826834e-09,3.1747910595847637e-10,-4.574886338726158e-09,2.6665667416849985e-09
2.681957988537252,-0.8879265978648161,-0.263841653328166,1.6755758993630478,-0.6021885282002926,0.277457978216263,-0.9692451695007432,-1.932971177298062e-09,1.039218672957948e-09,-2.280420390331024e-10,2.744147811222908e-09,-1.5199542819735885e-10,2.8201944220586513e-09,-8.6443115895061e-10,2.1077586913054e-09,-6.076173864994124e-10,2.3645724637565978e-09,-3.945327869019313e-09,9.731380187633026e-10,-4.3462216064067066e-09,1.3740317561506965e-09,-2.184562564698301e-09,7.876272855577091e-10,-2.5487883488820436e-09,4.234015013739665e-10,-2.6790245401867427e-09,2.931653100692674e-10,-2.4846215346235236e-09,4.875683156324865e-10,-2.8415888548388163e-09,1.3060099541719385e-10,-2.2235979149516087e-09,7.485919353044015e-10,-2.595688747580664e-09,3.7650110267534615e-10,-2.6614368432162344e-09,3.1075300703977573e-10,-2.3627310337165597e-09,6.094588165394504e-10
-0.14596725175024988,-1.0601415545957085,1.3545446059062978,1.092961619766195,-0.10915305389732427,-0.5228409014885566,-0.2257229783738806,-5.370785174866675e-10,3.3003528227180533e-10,-2.280420390331024e-10,6.390717607253705e-10,-1.5199542819735885e-10,7.151183715611141e-10,1.8106977315801354e-10,1.0481835729164864e-09,4.872284971683508e-10,1.3543422969268236e-09,6.120396186127381e-10,1.479153418371211e-09,4.1907085577315467e-10,1.2861846555316275e-09,4.5318394751193217e-10,1.320297747270405e-09,-4.225979647155355e-10,4.445158350429374e-10,-5.528341560202341e-10,3.142796437382388e-10,5.624885865427231e-10,1.429602386301196e-09,-4.716554784852923e-10,3.9545832127318054e-10,5.649713165841339e-10,1.4320851163426068e-09,-5.274156836037729e-10,3.3969811615469994e-10,-5.94464841524287e-10,2.726489582341859e-10,-4.765833123649349e-10,3.9053048739353797e-10
0.19359987633221132,-0.735242127053087,0.33502073154061063,-0.054054203907422424,-0.6968977944058649,-0.24406095837094985,-0.4449967273026566,-2.201114092773639e-09,7.131877296763291e-10,-2.280420390331024e-10,1.2598843240642076e-09,-1.5199542819735885e-10,1.3359309348999511e-09,-7.654130037028927e-10,7.225133593944172e-10,1.0584464057214776e-10,1.5937710036694576e-09,-1.6465849736959366e-10,1.3232678657277163e-09,-9.754979859924778e-10,5.124283771048322e-10,-9.146613287560926e-10,5.732650343412174e-10,-1.745524490576826e-09,2.575981274795161e-10,-1.8757606818815247e-09,3.878343187842148e-10,-8.885355190044271e-10,5.993908440928828e-10,-2.0896136744216983e-09,6.016873113243884e-10,-8.421417474932398e-10,6.457846156040701e-10,-2.2060541385922595e-09,7.181277754949495e-10,-2.2799514828479557e-09,7.920251197506458e-10,-1.5551157123365367e-09,6.718934923922674e-11
-0.5960798100702845,-1.1394789215809038,1.3726122466772146,-1.2424210721326225,-0.6448624063020196,-0.9729036762150959,0.3308631932298514,-2.0537903806061036e-09,2.7624953443809655e-09,-2.280420390331024e-10,9.367470028079644e-10,-1.5199542819735885e-10,8.607003919722209e-10,1.2432436496005692e-09,5.345386858257071e-10,1.1029351897519864e-09,3.9423022597712433e-10,1.742738732096249e-09,1.034033768321387e-09,8.404922563269616e-10,1.3178729255209946e-10,1.1667329000137197e-09,4.5802793623885757e-10,2.7967919317978303e-09,2.0880869680229684e-09,2.6665557404931316e-09,1.9578507767182693e-09,1.072771200155709e-09,3.6406623638084697e-10,2.4810701975053954e-09,1.7723652337305333e-09,9.334197368484925e-10,2.2471477307363037e-10,1.875272440217203e-09,1.166567476442341e-09,1.7922602863076399e-09,1.0835553225327778e-09,1.5390059658544238e-09,8.303010020795617e-10
1.9562485281755184,-0.7747636776876272,-1.6149226488405386,1.3898751659221,-0.4708690508337389,-0.9667693123817578,-0.1544765440045118,-1.5611766430297249e-09,8.957772836257468e-10,-2.280420390331024e-10,4.3735732037087566e-10,-1.5199542819735885e-10,5.134039312066192e-10,-1.3105355122375756e-09,6.451361528335976e-10,1.094543096295192e-09,1.7599424556991702e-09,-1.4709146562174248e-09,8.055152968134467e-10,-1.9166002159434293e-09,1.2512008565394511e-09,-1.1617369344113721e-09,4.963375750073941e-10,-1.057982461995403e-09,3.925831025914249e-10,-1.1882186533001016e-09,5.228192938961236e-10,-4.660692414557545e-10,1.9933011794822356e-10,-1.2821403897135978e-09,6.167410303096197e-10,1.2517017649863387e-11,6.779163770538414e-10,-1.1107587437979737e-09,4.4535938439399565e-10,-1.1768946801677814e-09,5.114953207638034e-10,-8.154520758096805e-10,1.5005271640570247e-10
-0.29098036968838653,-1.1576620256701269,0.5088615181909548,0.0286753540586761,0.45810720080951167,-0.06417122058750294,-0.35606068621238735,1.0689609401557565e-09,2.3050896671375265e-09,-2.280420390331024e-10,1.0080866879486677e-09,-1.5199542819735885e-10,1.0841332987844112e-09,5.652380648811757e-10,1.8013667918629457e-09,-1.4025284115733222e-10,1.0958758858244378e-09,2.1805948534229452e-10,1.4541882123240644e-09,7.123054198663994e-10,1.9484341468481695e-09,8.276970541045368e-10,2.063825781086307e-09,-4.4544344524331704e-10,7.90685281738453e-10,-5.756796365480157e-10,6.604490904337543e-10,9.134998457188986e-10,2.1496285727006684e-09,-2.5690876153682646e-10,9.792199654449436e-10,9.177597171618347e-10,2.153888444143605e-09,2.6302464602104538e-11,1.2624311915838746e-09,-2.9446357859284884e-11,1.206682369122485e-09,-2.0747072367506462e-10,1.0286580033067054e-09
0.029881498008362848,-0.94069994483795,-1.4222671916230862,-1.5240075091485707,-0.8618659592867434,0.4433627785469494,-0.6739929323691517,-2.6681755162651857e-09,5.319101624920056e-10,-2.280420390331024e-10,1.9082233147400778e-09,-1.5199542819735885e-10,1.9842699255758213e-09,-3.1260504795452337e-10,1.8236603058186568e-09,-8.345828269480729e-10,1.3016825268251072e-09,-8.224783275184164e-10,1.3137870262547637e-09,-1.7717911277447096e-09,3.6447422602847045e-10,-1.7389432276067929e-09,3.973221261663872e-10,-2.3452195102539825e-09,2.0895415648080238e-10,-2.4754557015586808e-09,3.3919034778550066e-10,-1.936560779373484e-09,1.9970457439969627e-10,-2.7823616948107023e-09,6.460963410375222e-10,-1.4259097289573474e-09,7.103556248158326e-10,-3.0199520692917254e-09,8.836867155185453e-10,-3.0978589701780813e-09,9.615936164049012e-10,-2.317580526973918e-09,1.813151732007379e-10
0.05552727185259453,-1.0100103424571023,0.7856501245572761,0.605116771840234,-0.545474081585636,-0.4127182070133239,-0.34213564741684777,-1.7724000138405291e-09,5.75696156782699e-10,-2.280420390331024e-10,9.686618180247277e-10,-1.5199542819735885e-10,1.0447084288604713e-09,-3.850055249751669e-10,8.116983320826631e-10,3.3657555762021473e-10,1.5332794146780448e-09,2.206210812544725e-10,1.4173249383123025e-09,-4.4574835863890105e-10,7.50955498418929e-10,-4.3895397096567745e-10,7.577498860921526e-10,-1.2047975260150518e-09,8.093668957221721e-12,-1.3350337173197505e-09,1.383298602619204e-10,-3.613543712209824e-10,8.353494858368477e-10,-1.4676057547690653e-09,2.7090189771123524e-10,-4.857112230289396e-10,7.109926340288905e-10,-1.6175901263198873e-09,4.208862692620572e-10,-1.6905973053696869e-09,4.938934483118568e-10,-1.1589186704586582e-09,3.7785186599171824e-11
-0.5292938299498452,0.46176467230849366,-0.6194183240013662,-0.5469362991334883,0.03327299951909428,3.0230385466285874,-1.626029493708958,-1.3383880575810444e-10,4.6978529769654754e-09,-2.280420390331024e-10,4.6036497436904775e-09,-1.5199542819735885e-10,4.679696354526221e-09,1.1119638014630667e-09,5.943655584186647e-09,-4.363698595451188e-09,4.679931872723919e-10,-3.3604039655256554e-09,1.4712878171979248e-09,-3.073013839260719e-09,1.7586779434628612e-09,-3.8139598555089045e-09,1.0177319272146757e-09,-3.356183974165418e-09,1.4755078085581621e-09,-3.4864201654701176e-09,1.3452716172534626e-09,-3.62591567940167e-09,1.2057761033219101e-09,-3.3415604670486403e-09,1.49013131567494e-09,-3.8004576784255915e-09,1.0312341042979887e-09,-3.35728334924518e-09,1.4744084334784003e-09,-3.4215378124347248e-09,1.4101539702888554e-09,-3.451234360922638e-09,1.3804574218009423e-09
-0.603152809101642,-0.5098520682142106,0.5394772758707039,0.4574385916939146,-0.7695105126814319,-0.8514870415335273,0.28985192474297616,-2.40669678556692e-09,2.9992897622047156e-09,-2.280420390331024e-10,8.206350156708983e-10,-1.5199542819735885e-10,7.445884048351547e-10,1.2565732373565054e-09,6.639802607187095e-10,9.36831617622861e-10,3.4423864098506497e-10,1.59911310415929e-09,1.006520127521494e-09,5.64153064203895e-10,2.843991243390096e-11,8.09936677518244e-10,2.1734370088044808e-10,2.683945981990276e-09,2.09135300535248e-09,2.553709790685577e-09,1.961116814047781e-09,7.050144489852235e-10,1.1242147234742757e-10,2.299490403131165e-09,1.706897426493369e-09,6.496840552516955e-10,5.709107861389956e-11,1.5751837321791196e-09,9.825907555413237e-10,1.4885611979286807e-09,8.959682212908847e-10,1.1764530316334483e-09,5.838600549956524e-10
-0.40057921621093706,-1.08848270294665,0.2643964353395644,1.2638945613084664,-0.5488507913914739,0.3075991284837099,-0.6154327291488002,-1.7819602274112584e-09,1.885082170261018e-10,-2.280420390331024e-10,1.7424264054042578e-09,-1.5199542819735885e-10,1.8184730162400013e-09,8.313850833674367e-10,2.8018535278047967e-09,-6.488518741841849e-10,1.3216165702531752e-09,-1.1125089967919235e-10,1.8592175447581678e-09,-7.551520592091848e-10,1.2153163852281753e-09,-8.511473923649276e-10,1.1193210520724325e-09,-3.787880564962784e-10,1.5916803879410818e-09,-5.09024247800977e-10,1.4614441966363831e-09,-8.846447756739454e-10,1.0858236687634147e-09,-6.433671060623241e-10,1.327101338375036e-09,-8.43806652175955e-10,1.1266617922614051e-09,-1.0384220948998402e-09,9.3204634953752e-10,-1.1160655804306778e-09,8.544028640066823e-10,-9.948529289683097e-10,9.756155154690505e-10
-0.01081993964305713,-0.410387686518304,-1.7325933107469262,-1.1298238975201267,-0.4155569487463733,0.3904156227742147,-0.7373840011588956,-1.4045758276185257e-09,9.111636861961846e-10,-2.280420390331024e-10,2.087697474781608e-09,-1.5199542819735885e-10,2.1637440856173515e-09,-1.9741017934808293e-10,2.1183293344666274e-09,-7.621486688856806e-10,1.5535908449290297e-09,-7.048474864184962e-10,1.610892027396214e-09,-1.1474538732726763e-09,1.168285640542034e-09,-1.1427721619057858e-09,1.1729673519089245e-09,-2.1574893269478622e-09,1.5825018686684805e-10,-2.287725518252561e-09,2.801399556214936e-11,-1.2807767489156527e-09,1.0349627648990576e-09,-2.3535696053427815e-09,3.783009152807127e-11,-1.0136874356774145e-09,1.3020520781372958e-09,-2.5038701805413334e-09,1.8813066672662312e-10,-2.5754106740225642e-09,2.5967116020785394e-10,-2.1818534907555653e-09,1.33886023059145e-10
0.14391526191378168,-0.7556155439718646,1.317490412751726,0.3490851230694206,-0.6886443697197843,-0.3614186572331758,-0.36872599565915465,-2.1777468189402627e-09,9.057597949140927e-10,-2.280420390331024e-10,1.0439449849930676e-09,-1.5199542819735885e-10,1.1199915958288111e-09,-6.311162153822418e-10,6.408708086439281e-10,2.6639540076241616e-10,1.538382424788586e-09,4.516128840640691e-11,1.3171483124325767e-09,-7.728086286073164e-10,4.991783954188536e-10,-7.379741510930677e-10,5.340128729331023e-10,-1.4812497863005287e-09,2.092627622743588e-10,-1.6114859776052272e-09,3.3949895357905727e-10,-6.75445771128294e-10,5.96541252897876e-10,-1.8208086386838955e-09,5.488216146577255e-10,-1.1809948886655924e-09,9.099213536057755e-11,-1.9578481026557544e-09,6.858610786295844e-10,-2.0320833884473877e-09,7.600963644212177e-10,-1.334719760981175e-09,6.273273695500512e-11
-0.5917804076714983,-0.48764859586335063,1.13121001633649,0.5127924638673841,-0.8382047029861727,-0.22912787706317983,0.15422808937219207,-2.6011852575245195e-09,2.8097971087530464e-09,-2.280420390331024e-10,4.366538902616293e-10,-1.5199542819735885e-10,3.6060727942588577e-10,1.2350876249427525e-09,1.0264757737142255e-09,8.541549464316896e-11,1.2319635658535797e-10,8.03090714470982e-10,5.94478863242455e-10,-2.480413838039699e-10,4.5665323503249683e-10,-2.540878080535626e-10,4.6269965928208953e-10,1.712967229628614e-09,1.5043553784000872e-09,1.5827310383239156e-09,1.3741191870953887e-09,-3.087594008998674e-10,5.173712521283943e-10,1.289468846521686e-09,1.080856995293159e-09,-5.610374160474999e-10,7.696492672760268e-10,5.119641880660311e-10,3.0335233683750413e-10,4.2368683265298237e-10,2.1507498142445544e-10,1.2357164507954934e-10,8.504020614897758e-11
-0.3024691148477801,-0.8914141929702213,-0.8692651949732426,0.0461645354673658,-0.554606854092757,-0.694600457572236,-0.06542594900493107,-1.7982569161748704e-09,1.3849795203831234e-09,-2.280420390331024e-10,1.8523535675864462e-10,-1.5199542819735885e-10,2.6128196759438816e-10,5.94223554852228e-10,1.007500950643975e-09,7.222035142871786e-10,1.1354809100789257e-09,1.024364731324785e-09,1.437642127116532e-09,2.8356471812411886e-10,6.968421139158659e-10,3.49386612200004e-10,7.626640079917511e-10,5.001792546725824e-10,9.134566504643294e-10,3.6994306336788375e-10,7.832204591596307e-10,4.0261063397508455e-10,8.158880297668315e-10,2.3257727685788369e-10,6.458546726496306e-10,5.074594595734307e-10,9.207368553651777e-10,-9.397606939899048e-11,3.193013263927565e-10,-1.705681299025726e-10,2.427092658891744e-10,8.130392240007257e-11,4.945813181918196e-10
-0.6018374393160817,-0.6079531406471179,1.1805209968805441,0.996116589004961,-0.8972695035671083,0.9615028897404555,-0.022583385004480108,-2.76841079378175e-09,2.4764301884497102e-09,-2.280420390331024e-10,6.393856629893765e-11,-1.5199542819735885e-10,1.3998517713468119e-10,1.2541026031873685e-09,1.5460832085194085e-09,-1.5434224646001996e-09,1.2514418592681596e-09,-6.798133673688081e-10,3.878327620367681e-10,-1.6813993257220993e-09,1.3894187203900593e-09,-2.1309733399680796e-09,1.8389927346360397e-09,1.1682253947825e-10,4.0880314481029003e-10,-1.3413651826449e-11,2.7856695350559103e-10,-2.0829201519380678e-09,1.7909395466060278e-09,-3.4092425568107666e-10,4.894365034903663e-11,-2.3581479588379843e-09,2.0661673535059443e-09,-1.1945792069094696e-09,9.025986015774296e-10,-1.2847390828735095e-09,9.927584775414695e-10,-1.6351193408001738e-09,1.3431387354681338e-09
-0.5882710154166213,-1.0341175602427308,1.6278602134981364,-0.72051929925559,0.7673214262210006,0.10031109630403545,1.408768982154042,1.9444149187389056e-09,1.816080143617975e-09,-2.280420390331024e-10,3.988537101389983e-09,-1.5199542819735885e-10,3.91249049055424e-09,1.2284002471425427e-09,2.532094815214338e-09,-3.652722584670986e-10,4.125767320823979e-09,3.848783862453587e-10,3.375616676111522e-09,1.2234032281160983e-09,2.5370918342407826e-09,1.6586986062355634e-09,2.1017964561213173e-09,1.2199746115868976e-09,2.540520450769983e-09,1.089738420282199e-09,2.6707566420746814e-09,1.8586736115029821e-09,1.9018214508538985e-09,1.5212994297930837e-09,2.2391956325637967e-09,6.16525615471993e-09,2.404761092363049e-09,2.295137839054827e-09,1.4653572233020537e-09,2.251146255191184e-09,1.5093488071656965e-09,2.41889026141271e-09,1.3416048009441707e-09
-0.5967936489077815,1.6124584751250117,1.2072101127163612,1.6339839489083154,-1.20474034372231,1.980535098540353,-0.8244938931715684,-3.6389288624571684e-09,1.0765619451491081e-09,-2.280420390331024e-10,2.334324878274958e-09,-1.5199542819735885e-10,2.4103714891107015e-09,1.2445938948818743e-09,3.8069608121899346e-09,-2.937505659544746e-09,3.751387422366858e-10,-1.966142576730225e-09,5.962243405778354e-10,-3.2210281628477587e-09,6.586612455396985e-10,-4.136322050392066e-09,1.5739551330840058e-09,-1.3615460670155427e-09,1.2008208502925176e-09,-1.4917822583202414e-09,1.070584658987819e-09,-4.04482962610232e-09,1.4824627087942595e-09,-2.0081863351646348e-09,5.541805821434255e-10,-4.650534783085015e-09,2.0881678657769543e-09,-3.1175506858858657e-09,5.551837685778054e-10,-3.2161225662487917e-09,6.537556489407314e-10,-3.6460745456543626e-09,1.0837076283463023e-09
-0.6072626759040842,0.014809725236334021,1.4462838914331804,1.23684207862025,1.3636369336227503,-0.6472763505296167,4.031418491142992,3.632716233954832e-09,7.553080636616368e-09,-2.280420390331024e-10,1.1413838909604302e-08,-1.5199542819735885e-10,1.1337792298768558e-08,1.2642683785520588e-09,9.921528492019141e-09,6.574619469705097e-10,1.052833492360069e-08,1.3477689312789008e-09,9.838027939292299e-09,2.7992785850759717e-09,8.386518285495229e-09,3.747266832171456e-09,7.4385300383997436e-09,2.4302309431943766e-09,8.755565927376824e-09,2.2999947518896775e-09,8.885802118681522e-09,3.9681140956875215e-09,7.2176827748836784e-09,2.9205010430536643e-09,8.265295827517536e-09,8.091585949767667e-09,3.0942109208035334e-09,4.39615478407161e-09,6.78964208649959e-09,4.3693012903572655e-09,6.8164955802139345e-09,4.785890435903523e-09,6.399906434667677e-09
-0.5924886049674373,-0.8516886797013797,-0.3593227532204639,-0.630897499959775,-0.8561516651081311,-0.0049768744053297264,-0.052241492871465164,-2.6519970834430754e-09,2.2760478039827733e-09,-2.280420390331024e-10,1.4790724042719962e-10,-1.5199542819735885e-10,2.2395385126294316e-10,1.2364338693056434e-09,1.6123831487659453e-09,-2.212334446511929e-10,1.5471583480910912e-10,5.22426967463031e-10,8.98376246923333e-10,-5.271533429318263e-10,1.5120406347152426e-10,-6.177307818210363e-10,2.417815023607343e-10,1.4026971307944455e-09,1.7786464102547474e-09,1.272460939489747e-09,1.6484102189500491e-09,-6.556093420529804e-10,2.796600625926784e-10,9.688592531863306e-10,1.3448085326466325e-09,-5.11637739657988e-10,1.3568846019768597e-10,1.7276486921866868e-10,5.487141486789707e-10,8.397488800976264e-11,4.5992416747006465e-10,-2.236482449088373e-10,1.5230103455146472e-10
-0.511533488084723,1.9951191495663148,0.18608028476635335,1.4159640330945267,-0.12108934115773573,0.369705899243391,-0.42613834481112967,-5.708727912065541e-10,8.636613129806758e-10,-2.280420390331024e-10,1.2064920651541276e-09,-1.5199542819735885e-10,1.2825386759898711e-09,1.0753987031685513e-09,2.5099328073557812e-09,-7.338168092084776e-10,7.007172949787523e-10,-4.989415707808674e-11,1.3846399471091432e-09,-2.0406300711231446e-10,1.2304710970749154e-09,-1.9809171224967492e-10,1.236442391937555e-09,2.562270344847669e-10,1.6907611386719969e-09,1.2599084318006822e-10,1.5605249473672982e-09,-1.3832291540109236e-10,1.2962111887861376e-09,2.0170242007796742e-10,1.6362365242651973e-09,-2.0740814212793406e-10,1.2271259620592958e-09,8.175787542069101e-11,1.516291979607921e-09,1.3552118126664425e-11,1.4480862223138943e-09,-2.130026412992967e-11,1.4132338400573003e-09
-0.5290182066074255,-0.4937249340561371,-0.7847764862560492,-1.0462827258525147,1.127190127262494,-0.9682002806835261,0.9563306886672824,2.963282940334847e-09,4.837409245891168e-10,-2.280420390331024e-10,2.7075840547788324e-09,-1.5199542819735885e-10,2.631537443943089e-09,1.111401656781876e-09,1.368140358963854e-09,1.0965007271186014e-09,1.3830412886271287e-09,1.6525956035709227e-09,8.269464121748074e-10,2.8064852219825647e-09,3.269432062368346e-10,3.596256571289905e-09,1.116714555544175e-09,2.2692309644705176e-09,2.1031105127521244e-10,2.138994773165819e-09,3.405472425799111e-10,3.7795464137143145e-09,1.3000043979685844e-09,2.6887756996120413e-09,2.0923368386631122e-10,2.624947061973106e-09,1.4540504622737594e-10,3.7746646737595675e-09,1.2951226580138374e-09,3.7387958109218015e-09,1.2592537951760714e-09,3.823140271050485e-09,1.3435982553047548e-09
-0.5993689242116668,0.7266588793422804,0.2704879647573294,0.9040828807137398,-0.9592500279634665,-0.617588204031236,0.052502505228021835,-2.943891390139351e-09,2.8644955753421744e-09,-2.280420390331024e-10,1.486462242359258e-10,-1.5199542819735885e-10,7.259961340018227e-11,1.249455832520802e-09,1.3288516473179787e-09,6.168471893946073e-10,6.962430041917839e-10,1.3005627733146006e-09,1.3799585881117772e-09,6.993717686286114e-11,1.4933299166003772e-10,1.615982007746876e-10,2.409940155718642e-10,2.3228639936759863e-09,2.402259808473163e-09,2.1926278023712876e-09,2.272023617168464e-09,5.3223192706006594e-11,1.3261900750318317e-10,1.8284900040715833e-09,1.90788581886876e-09,8.738256025720601e-11,1.667783750543826e-10,9.436902825787816e-10,1.0230860973759581e-09,8.518666046187299e-10,9.312624194159064e-10,4.8969436219792e-10,5.690901769950966e-10
-0.539061987483639,-0.8156669765513036,1.4893288953061397,-0.15966943232073474,0.1721805665429814,-0.6619750730621503,0.956649025579181,2.5943929147218243e-10,2.2210040065987077e-09,-2.280420390331024e-10,2.7084853371039926e-09,-1.5199542819735885e-10,2.632438726268249e-09,1.13177818807527e-09,1.3486651099956203e-09,6.775704792551665e-10,1.8028728188157238e-09,1.2805657729848966e-09,1.1998775250859937e-09,1.3597695165303079e-09,1.1206737815405824e-09,1.7834142246495416e-09,6.970290734213487e-10,1.9118811908666937e-09,5.685621072041966e-10,1.7816449995619955e-09,6.987982985088948e-10,1.8489494516939246e-09,6.314938463769657e-10,1.9859342442251127e-09,4.945090538457776e-10,3.271454787634961e-09,7.910114895640708e-10,2.1403879854758277e-09,3.400553125950626e-10,2.079782869670866e-09,4.0066042840002444e-10,2.066759305175958e-09,4.1368399289493233e-10
-0.5531825440568895,-1.1352859682518812,0.11403562469901908,0.5472049086017585,-1.0644242303928386,0.6536706921087456,-0.3313489221159054,-3.2416628585721945e-09,2.0754986106414243e-09,-2.280420390331024e-10,9.381222088976677e-10,-1.5199542819735885e-10,1.0141688197334112e-09,1.1600494102495023e-09,2.3262136581802723e-09,-1.1222937800745037e-09,4.3870467856266316e-11,-3.5426396019293805e-10,8.11900287737832e-10,-1.5749963012170475e-09,4.088320532862775e-10,-1.946935119040901e-09,7.807708711101311e-10,1.6361105934820735e-10,1.3297753072789773e-09,3.337486804350872e-11,1.1995391159742786e-09,-1.9800677490879654e-09,8.139035011571954e-10,-3.945663401061737e-10,7.715979078245964e-10,-1.7969430964592035e-09,6.307788485284335e-10,-1.3118414263035075e-09,1.4567717837273753e-10,-1.4052556162276313e-09,2.3909136829686133e-10,-1.6320180157005815e-09,4.658537677698115e-10
0.3749419906824977,-0.3583187722202271,-0.8457567727063537,1.6111821246995524,-0.8958767084015237,-0.5031496108486341,-0.38691090165206526,-2.764467482094069e-09,1.440994960334189e-09,-2.280420390331024e-10,1.0954304827267776e-09,-1.5199542819735885e-10,1.1714770935625211e-09,-1.210984839153046e-09,1.1248768260683395e-10,4.602899007914866e-10,1.7837624225513665e-09,-6.700203144584626e-11,1.2564704903140338e-09,-1.1156754520508769e-09,2.0779706970900305e-10,-9.914904149761091e-10,3.3198210678377083e-10,-1.6582054435464543e-09,3.347329217865744e-10,-1.788441634851153e-09,4.6496911309127307e-10,-8.536895638442087e-10,4.697829579156713e-10,-2.1151373152226546e-09,7.916647934627747e-10,-4.358547772855548e-10,8.876177444743251e-10,-2.1484860590295783e-09,8.250135372696984e-10,-2.2230182940466173e-09,8.995457722867373e-10,-1.258673626750137e-09,6.479889500974291e-11
-0.5833920740590985,2.047005206158874,-1.0064247766991807,0.2164257771001157,-0.5766671118934426,-0.018471542134894606,-0.07982162213823234,-1.8607143934609801e-09,1.4066796576660041e-09,-2.280420390331024e-10,2.2599269676187364e-10,-1.5199542819735885e-10,3.020393075976172e-10,1.2190582378926246e-09,1.6730929736876006e-09,-2.027721150281554e-10,2.5126262076682063e-10,5.279514127818213e-10,9.819861485767973e-10,-1.9890805480582947e-10,2.5512668098914653e-10,-1.9026847232716537e-10,2.637662634678107e-10,1.3480987189154405e-09,1.8021334547104165e-09,1.2178625276107418e-09,1.6718972634057178e-09,-1.9078752354586493e-10,2.632472122491111e-10,1.0688606698737338e-09,1.5228954056687099e-09,-1.969504384663843e-10,2.570842973285917e-10,5.235762306523317e-10,9.776109664473077e-10,4.4265814698938246e-10,8.966928827843585e-10,2.381993841924385e-10,6.922341199874146e-10
-0.608105595473447,1.6003057742768032,-1.5696981507537993,0.4677691841598893,0.39379921230876996,0.3593128162677275,0.37864347096941,8.868907772687358e-10,4.290926148776976e-11,-2.280420390331024e-10,1.0720235548140684e-09,-1.5199542819735885e-10,9.959769439783249e-10,1.2658420702704715e-09,4.218605544895054e-10,-7.195985909864059e-10,1.563580106767372e-09,8.44634969016967e-11,7.595180188792694e-10,5.149683691585585e-10,3.290131466224076e-10,7.480791088300466e-10,9.590240695091944e-11,1.0180371229572988e-09,1.7405560717633275e-10,8.878009316526001e-10,4.381941587163406e-11,9.28519748029207e-10,8.45382322482409e-11,1.1817102108353504e-09,3.3772869505438434e-10,3.525650877461501e-11,8.087250070063511e-10,1.5720075777961623e-09,7.280260620151963e-10,1.5179490806908875e-09,6.739675649099214e-10,1.5986833841856303e-09,7.547018684046643e-10
-0.4507447124510238,0.977440264770427,0.3362123119617822,-0.9237278353841571,-0.5769274127640189,0.17798158420928603,-0.1048935491447367,-1.8614513628952664e-09,1.3364324470568873e-09,-2.280420390331024e-10,2.9697687680527664e-10,-1.5199542819735885e-10,3.730234876410202e-10,9.45007198282553e-10,1.470026114120932e-09,-4.715290784152852e-10,5.348983742309385e-11,1.1457235615380187e-10,6.395912719921809e-10,-5.797383442851866e-10,5.471942844680755e-11,-6.541067165611656e-10,1.2908780072278653e-10,1.1397019160909841e-10,6.389891074474774e-10,-1.6265999695600227e-11,5.087529161427787e-10,-6.729002794102327e-10,1.4788136357185364e-10,-1.6540563841081362e-10,3.596132774275654e-10,-6.478988483802388e-10,1.2287993254185974e-10,-6.120522788620658e-10,8.70333630236868e-11,-6.910138371066903e-10,1.6599492126831124e-10,-6.431595290172061e-10,1.1814061317882707e-10
-0.10098351852227877,-0.44819824207619985,0.8297459458903312,-0.8634464570642704,-0.9296107239040629,1.437393993316305,-1.2653502682437596,-2.8599759537563374e-09,9.50553033156024e-10,-2.280420390331024e-10,3.582486947879259e-09,-1.5199542819735885e-10,3.6585335587150025e-09,5.646165914012681e-11,3.8669906460524885e-09,-2.194463505687627e-09,1.6160654812247343e-09,-1.906690724046005e-09,1.903838262866356e-09,-2.8481763669562646e-09,9.623526199560967e-10,-2.9339668235920685e-09,8.765621633202929e-10,-3.348354927881229e-09,4.621740590311322e-10,-3.478591119185928e-09,3.319378677264335e-10,-3.3309786064295483e-09,4.79550380482813e-10,-3.8251249043348165e-09,1.459591742245512e-11,-3.440798821633427e-09,3.6973016527893433e-10,-4.185382666340293e-09,3.7485367942793187e-10,-4.2662233967258785e-09,4.556944098135172e-10,-3.5577431642747236e-09,2.5278582263763775e-10
-0.4534950283725269,-0.04884325307264011,0.4527386315091732,-1.7112032520069522,-0.9914074685936658,-0.9473843428205496,0.13157070114493918,-3.0349362290477015e-09,3.1793999944581997e-09,-2.280420390331024e-10,3.725058044436004e-10,-1.5199542819735885e-10,2.9645919360785685e-10,9.510805774620507e-10,8.066168120515528e-10,1.068023561322281e-09,9.235597959117831e-10,1.5315852301840123e-09,1.3871214647735143e-09,2.4541839855553505e-10,1.0095463314503705e-10,3.4631610803283855e-10,2.0185234262234055e-10,1.7184490249424205e-09,1.5739852595319225e-09,1.5882128336377222e-09,1.4437490682272242e-09,2.9678954967279473e-10,1.5232578426229672e-10,1.2047895680277823e-09,1.0603258026172844e-09,2.614369161817475e-10,1.1697315077124948e-10,4.897885211529709e-10,3.453247557424729e-10,4.008159325427746e-10,2.563521671322766e-10,4.844609901882689e-10,3.3999722477777085e-10
1.2331828882066649,-0.601969859275506,-0.7655446118652313,-0.795901181177449,-1.0639413538886486,-1.1920123897401895,0.047988879998645755,-3.2402957282074937e-09,3.1481208403918227e-09,-2.280420390331024e-10,1.3586715121743151e-10,-1.5199542819735885e-10,5.982054038168797e-11,-1.8158037388396083e-09,1.7236288510239373e-09,1.402686044291691e-09,1.4948609321073619e-09,-2.797557934637733e-10,1.8758090564810243e-10,-1.5058506942275054e-09,1.4136758064118344e-09,-1.0725007538208399e-09,9.80325866005169e-10,-9.745858595626034e-10,8.824109717469326e-10,-1.1048220508673023e-09,1.0126471630516314e-09,-3.710828243944368e-10,2.7890793657876594e-10,-1.5324654934887763e-09,1.4402906056731053e-09,4.341038925441335e-11,1.3558527707008422e-10,-1.2164012232968744e-09,1.1242263354812035e-09,-1.2862586907616863e-09,1.1940838029460154e-09,-3.089305976448934e-10,2.1675570982922254e-10
-0.5944613584312307,1.4405140064689719,1.1066764223293117,-0.9321676729509106,-0.3585569000616267,-0.07318139050613186,1.0836190402177426,-1.2431960614254e-09,4.08311960115777e-09,-2.280420390331024e-10,3.0679655787654725e-09,-1.5199542819735885e-10,2.991918967929729e-09,1.2401781746379803e-09,1.59974536509439e-09,-1.279265119611743e-10,2.9678500516935446e-09,6.10575768669158e-10,2.2293477710632122e-09,1.2934492777015276e-10,2.7105786119622173e-09,2.3805875245536847e-10,2.6018647872770016e-09,1.5149734378502163e-09,1.3249501018821538e-09,1.3847372465455176e-09,1.4551862931868525e-09,2.651885463904026e-10,2.5747349933419676e-09,1.3473229905323736e-09,1.4926005491999966e-09,4.774381211778569e-10,2.362485418554513e-09,9.930922775043545e-10,1.8468312622280157e-09,9.180408032788016e-10,1.9218827364535688e-09,7.559972301863526e-10,2.083926309546018e-09
-0.6070981227586356,-0.03126308340147862,-1.4986263824715713,0.29609645722314815,-1.266939266452918,-0.5492770306713305,-0.24613621295382548,-3.815027792885204e-09,2.890119603476701e-09,-2.280420390331024e-10,6.968661503754007e-10,-1.5199542819735885e-10,7.729127612111443e-10,1.2639609846418293e-09,2.1888691740503324e-09,5.233943446409159e-10,1.448302534049419e-09,1.2244665032888103e-09,2.149374692697313e-09,-3.55884103411958e-10,5.690240859965451e-10,-3.9590230594179267e-10,5.290058834667104e-10,2.2906827978242985e-09,3.2155909872328014e-09,2.1604466065196e-09,3.085354795928103e-09,-5.451827798039387e-10,3.7972540960456436e-10,1.6035674588564492e-09,2.528475648264952e-09,1.5518638400985073e-11,9.404268278094882e-10,4.556512119225821e-10,1.3805594013310852e-09,3.549877677894517e-10,1.2798959571979547e-09,-1.4091636200971676e-10,7.839918273987863e-10
-0.5259891101668411,-0.31824844420685344,1.0714614488145668,0.7176618160152305,-1.1567719004602335,-0.6718379547445192,-0.07067544082153115,-3.5031195721687254e-09,3.0749797020187355e-09,-2.280420390331024e-10,2.0009783111688766e-10,-1.5199542819735885e-10,2.761444419526312e-10,1.1052126611805631e-09,1.5333525313305533e-09,6.910633575846059e-10,1.119203227734596e-09,1.2765337371304474e-09,1.7046736072804376e-09,-1.805711478610643e-10,2.4756872228892574e-10,-1.683094171045303e-10,2.5983045304545977e-10,1.8291749601984919e-09,2.257314830348482e-09,1.6989387688937932e-09,2.127078639043783e-09,-2.751701913886918e-10,1.5296967876129823e-10,1.2132151375359685e-09,1.6413550076859586e-09,-7.921195121593102e-10,3.639796420093201e-10,2.848207602370718e-10,7.129606303870619e-10,1.897766065574726e-10,6.179164767074627e-10,4.7029452607513713e-11,4.751693227575038e-10
-0.6079703772534132,-1.0799199350776425,0.06091550187047965,-1.012300247552962,-0.1956220776527181,0.7300691774647531,0.39854649942677717,-7.818914809592326e-10,1.6822228798209928e-09,-2.280420390331024e-10,1.1283734378948625e-09,-1.5199542819735885e-10,1.052326827059119e-09,1.2655897284961768e-09,3.652583296344166e-10,-1.2268104417013797e-09,2.12714184056314e-09,-3.81408833354292e-10,1.2817402322160522e-09,-5.954134384126782e-10,1.4957448372744383e-09,-7.106368642058809e-10,1.610968263067641e-09,4.941590434710979e-10,4.061723553906622e-10,3.639228521663992e-10,5.364085466953609e-10,-5.787296197571845e-10,1.4790610186189447e-09,4.0503029743048734e-10,4.953011014312728e-10,-6.768815947588409e-10,1.577212993620601e-09,1.9176927180934101e-10,7.085621270524191e-10,1.2115799828079087e-10,7.791734005809692e-10,-4.264448968598721e-12,9.045958478303589e-10
-0.59554939345033,0.0844162266876678,-1.6811902143511264,0.09764670044504824,-0.7579680284470225,0.8197011758963925,-0.595961487545044,-2.3740174554607458e-09,4.586764098591856e-10,-2.280420390331024e-10,1.6872990065684579e-09,-1.5199542819735885e-10,1.7633456174042014e-09,1.2422396302681718e-09,3.157580675869732e-09,-1.3494311613055244e-09,5.659098842960358e-10,-5.095963233965004e-10,1.4057447222050597e-09,-1.3636385780826145e-09,5.517024675189457e-10,-1.7099353787482808e-09,2.0540566685327939e-10,2.6496328136170986e-10,2.18030432696327e-09,1.3472709005701091e-10,2.0500681356585712e-09,-1.6601274966916516e-09,2.552135489099086e-10,-1.1301412170876111e-10,1.802326923892799e-09,-1.4641662661492456e-09,4.511747794523146e-10,-8.378591403609119e-10,1.0774819052406483e-09,-9.239986689993358e-10,9.913423766022244e-10,-1.2108508218748898e-09,7.044902237266704e-10
0.6596871029322723,1.3925229456351367,0.08022184722476372,-0.2696453243500554,-0.8976180983049783,0.0076969633894989715,-0.6561630685040194,-2.76939774271586e-09,6.836126837530299e-10,-2.280420390331024e-10,1.8577430199297277e-09,-1.5199542819735885e-10,1.9337896307654713e-09,-1.6934955007243805e-09,3.922895582384496e-10,-2.3857184095765663e-10,1.8472132180051735e-09,-1.0663349186981405e-09,1.0194501402646896e-09,-2.037608470789565e-09,4.817658817326513e-11,-1.6429229098144335e-09,4.428621491483966e-10,-2.614478540332071e-09,5.286934813692411e-10,-2.74471473163677e-09,6.589296726739398e-10,-1.7236645348571118e-09,3.6212052410571824e-10,-3.0724293536823683e-09,9.866442947195382e-10,-1.5417141563878156e-09,5.440709025750145e-10,-2.9911587253643138e-09,9.053736664014837e-10,-3.0633719573858206e-09,9.775868984229905e-10,-2.08870982648916e-09,2.924767526329796e-12
-0.04350944742736172,1.3027806833722826,-1.2459052036817528,-0.9500779946297709,-0.5555906764096765,-0.5118457379580567,-0.19561949160543005,-1.8010423351200042e-09,1.0191581758335833e-09,-2.280420390331024e-10,5.538421202533186e-10,-1.5199542819735885e-10,6.298887310890622e-10,-1.0497197283566436e-10,6.769121864507566e-10,4.721866048992253e-10,1.2540707641856463e-09,4.695327474904854e-10,1.2514169067769063e-09,-2.2831433044720345e-10,5.535698288392175e-10,-2.2831659062757413e-10,5.535675686588469e-10,-7.876514265219562e-10,5.76726723553521e-12,-9.178876178266549e-10,1.360034585402339e-10,-1.409615803975096e-10,6.409225788889114e-10,-1.0557706269761045e-09,2.738864676896835e-10,1.081193275804904e-10,8.900034868669114e-10,-1.2499202077144827e-09,4.680360484280617e-10,-1.323910240937062e-09,5.420260816506409e-10,-8.393761635131753e-10,5.749200422675437e-11
-0.4761083284297814,-0.06900356550395279,0.6333943710219123,0.22331122802193445,1.866403280917293,-0.9625189591581894,0.5448394813087486,5.056159151081279e-09,3.741639909286579e-09,-2.280420390331024e-10,1.5425612808278022e-09,-1.5199542819735885e-10,1.4665146699920587e-09,1.000393771309907e-09,3.141254704847929e-10,1.088728416493723e-09,2.2579082530097686e-10,1.5789999215631955e-09,2.6448067976849555e-10,3.5934685683483793e-09,2.2789493265536794e-09,4.460385232037406e-09,3.145865990242706e-09,1.889067259631682e-09,5.74548017836982e-10,1.7588310683269832e-09,4.443118265322833e-10,4.7550556635628195e-09,3.4405364217681196e-09,2.5133854379552464e-09,1.1988661961605465e-09,4.99887797022366e-09,3.68435872842896e-09,4.253447928986284e-09,2.9389286871915837e-09,4.234264897163197e-09,2.9197456553684967e-09,4.140435415889089e-09,2.825916174094389e-09
3.1530217260260933,-0.13801751942462892,-0.597609999544967,-1.0399752303270522,2.6919210216246094,-0.6757087768709461,-0.2834425109811545,7.3933827685634665e-09,8.423913352901476e-09,-2.280420390331024e-10,8.024885453049079e-10,-1.5199542819735885e-10,8.785351561406514e-10,-6.687969934171655e-10,3.6173359092084477e-10,6.963588212907297e-10,1.72688940562874e-09,-3.3397642253663523e-09,2.3092336410283422e-09,2.010302600411904e-11,1.0506336103421292e-09,-1.200228378970333e-10,9.105077464409769e-10,-1.0666585138796558e-09,3.6127929541645616e-11,-1.1968947051843545e-09,1.663641208463443e-10,4.924105132243289e-10,1.5229410975623391e-09,-2.63278223014941e-10,7.672523613230692e-10,4.943079018660447e-10,1.524838486204055e-09,-9.798118081286471e-10,5.071877620936311e-11,-1.0431716158618485e-09,1.2641031523838232e-11,-1.6476641556682284e-09,6.171335713302182e-10
-0.5780878756378398,-0.86709290957529,-1.1247408402397556,0.800615677497046,-0.04698961049737238,0.11944526047703526,-0.01438437435623975,-3.610800369041689e-10,9.231264720894391e-11,-2.280420390331024e-10,4.0725350662122604e-11,-1.5199542819735885e-10,1.1677196149786614e-10,1.2088426938364713e-09,1.4776100835316962e-09,-3.914486800684369e-10,1.226812903732119e-10,3.4805328298929035e-10,6.168206726845153e-10,2.4794034336078653e-10,5.167077330560115e-10,3.8736283527815774e-10,6.561302249733827e-10,1.1112137059583863e-09,1.3799810956536113e-09,9.809775146536877e-10,1.2497449043489126e-09,4.705673781898092e-10,7.393347678850341e-10,1.090300309937413e-09,1.359067699632638e-09,5.784304322053391e-11,3.266104329157589e-10,1.0326064505070898e-09,1.3013738402023147e-09,9.662077066804544e-10,1.2349750963756793e-09,9.067320337332189e-10,1.1754994234284438e-09
-0.4260631399395003,2.311666326569867,-0.7439077824627214,0.35894980317455577,-0.6957052782313287,0.4849174747274915,-0.7038125662633745,-2.1977378152814467e-09,2.295352858921329e-11,-2.280420390331024e-10,1.9926493048375577e-09,-1.5199542819735885e-10,2.0686959156733012e-09,8.89775023219481e-10,3.1104663670901412e-09,-8.914315733528059e-10,1.3292597705178542e-09,-3.0196824176987566e-10,1.9187231021007843e-09,-1.100517347592538e-09,1.120173996278122e-09,-1.2722563380367759e-09,9.484350058338842e-10,-4.746232778208559e-10,1.7460680660498042e-09,-6.048594691255546e-10,1.6158318747451055e-09,-1.3217861086771243e-09,8.989052351935358e-10,-8.180571613474257e-10,1.4026341825232344e-09,-1.1339166808772588e-09,1.0867746629934012e-09,-1.3298968480854795e-09,8.907944957851806e-10,-1.4113015195067861e-09,8.093898243638739e-10,-1.3038840412593495e-09,9.168073026113106e-10
-0.5374500487891498,0.0857561737494902,-1.4497178742979218,-1.3862591601387706,-0.7703561095329895,-0.3132348252235298,-0.10147521546285833,-2.4090908575957484e-09,1.893750001742943e-09,-2.280420390331024e-10,2.872988168197026e-10,-1.5199542819735885e-10,3.6334542765544615e-10,1.1285229177894764e-09,1.6438637736422814e-09,2.0047768992598777e-10,7.158185457787928e-10,8.404927203504932e-10,1.3558335762032982e-09,-1.3516022775357212e-10,3.801806280992329e-10,-1.1047643549184504e-10,4.0486442036095994e-10,1.4081496947936816e-09,1.9234905506464864e-09,1.277913503488983e-09,1.793254359341788e-09,-1.5530051309369478e-10,3.6004034275911025e-10,1.023218606145745e-09,1.53855946199855e-09,2.1698804547765924e-11,5.370396604005709e-10,3.62552785500664e-10,8.778936413534689e-10,2.772756085247598e-10,7.926164643775648e-10,1.4264720878766496e-10,6.5798806464047e-10
-0.5886981425344283,-1.1795694154907157,1.4356263483316174,1.3582917298067023,0.799023431764762,-0.5487540928307387,1.0804448093263432,2.0341703200158604e-09,7.967662688117799e-10,-2.280420390331024e-10,3.0589786278607426e-09,-1.5199542819735885e-10,2.982932017024999e-09,1.2292156086435548e-09,1.6017209801840855e-09,5.226789414875374e-10,2.308257647340103e-09,1.2006976597147746e-09,1.6302389291128657e-09,2.0110483867537926e-09,8.198882020738477e-10,2.6832224554387197e-09,1.477141333889206e-10,2.138583100029843e-09,6.923534887977972e-10,2.0083469087251448e-09,8.225896801024955e-10,2.833661646543767e-09,2.725057716126584e-12,2.4508659845272738e-09,3.800706043003665e-10,5.56040113858217e-09,2.7294645497545296e-09,3.266516129091113e-09,4.355795402634726e-10,3.2234067889174875e-09,3.9247020008984717e-10,3.4011466853333687e-09,5.702100965057284e-10
-0.5863116316359014,1.9856860624080146,1.060034257068656,0.42949074760427963,-0.3792280160644816,-1.304186775667412,1.1173935291552897,-1.301720570517344e-09,4.237267171173384e-09,-2.280420390331024e-10,3.163588639689142e-09,-1.5199542819735885e-10,3.0875420288533986e-09,1.2246547680909913e-09,1.7108918325650486e-09,1.5561457926430527e-09,1.3794008080129872e-09,2.1465896518235602e-09,7.889569488324796e-10,1.5193959077671038e-09,1.416150692888936e-09,2.041100544536005e-09,8.944460561200347e-10,3.1844021333000384e-09,2.488555326439985e-10,3.0541659419953397e-09,1.1861934133929982e-10,1.963876597872609e-09,9.716700027834307e-10,3.0065002171579986e-09,7.09536165019587e-11,2.05710328735571e-09,8.784433133003296e-10,2.6513701818368845e-09,2.8417641881915534e-10,2.575831313187273e-09,3.597152874687669e-10,2.420052915701479e-09,5.154936849545609e-10
0.5624154335549316,0.7576695580694797,-1.5371174780420287,-1.7526070254735335,-0.21240421520667216,0.23576539371867927,-0.5782981682413335,-8.294054304587658e-10,1.0359268448837942e-09,-2.280420390331024e-10,1.6372902363094577e-09,-1.5199542819735885e-10,1.7133368471452012e-09,-1.5633334148429306e-09,3.0199886049962937e-10,-5.505800024992169e-10,1.314752272843343e-09,-1.2306271140354993e-09,6.347051613070607e-10,-1.3965520964895697e-09,4.687801788529903e-10,-1.1709763224947515e-09,6.943559528478085e-10,-2.8777622464960882e-09,1.0124299711535282e-09,-3.007998437800787e-09,1.142666162458227e-09,-1.3265061450879002e-09,5.388261302546598e-10,-2.97479472042034e-09,1.1094624450777798e-09,-9.969562884129221e-10,8.683759869296379e-10,-2.987020940585975e-09,1.121688665243415e-09,-3.05398948398952e-09,1.18865720864696e-09,-2.745550877931347e-09,8.802186025887871e-10
-0.4801202109676005,-0.6413798066064665,0.9657576000064929,1.0402259267755387,1.1725135788490908,0.3491695849239281,-0.37048289851147664,3.0916036731918306e-09,4.36856487843493e-09,-2.280420390331024e-10,1.0489191662099976e-09,-1.5199542819735885e-10,1.124965777045741e-09,1.0090261603346999e-09,2.2859873655777998e-09,-7.057221813531139e-10,5.71239023889986e-10,-6.35565756550136e-11,1.2134046295880863e-09,1.2791156655906608e-09,2.556076870833761e-09,1.6247414968198251e-09,2.9017027020629252e-09,6.673571185634827e-11,1.3436969170994481e-09,-6.350047944835036e-11,1.2134607257947496e-09,1.833165892603725e-09,3.110127097846825e-09,5.002464884910632e-10,1.7772076937341631e-09,2.741276967870391e-09,4.018238173113491e-09,1.5430486746469595e-09,2.8200098798900594e-09,1.506903951785784e-09,2.783865157028884e-09,1.4521720245707578e-09,2.7291332298138577e-09
-0.3207317956577525,1.0238084681066675,-1.3145517121223003,-0.22009422589231284,0.9079874374744704,0.24730774292421664,-0.601670400420978,2.3426715611666395e-09,4.2741758039301995e-09,-2.280420390331024e-10,1.7034622037304577e-09,-1.5199542819735885e-10,1.7795088145662012e-09,6.39796723278499e-10,2.571300966042059e-09,-5.663704700807778e-10,1.3651337726827823e-09,-1.358149936049645e-10,1.7956892491585956e-09,9.067354894337997e-10,2.83823973219736e-09,1.063605969538472e-09,2.995110212302032e-09,-7.352475970744007e-10,1.1962566456891593e-09,-8.654837883790992e-10,1.0660204543844609e-09,1.169584937877515e-09,3.101089180641075e-09,-3.8611972153799666e-10,1.5453845212255634e-09,3.507076498355125e-10,2.2822118925990727e-09,2.3552316221009367e-10,2.1670274049736535e-09,1.895361472723553e-10,2.121040390035915e-09,-1.4243370507495244e-10,1.7890705376886076e-09
0.4115271875830002,-0.07675343236563227,0.6664653322681927,-0.2936602387018013,-0.9327051877802035,-1.0444187767608881,0.01722303936064071,-2.8687370665684794e-09,2.6894572677314803e-09,-2.280420390331024e-10,4.87622401961034e-11,-1.5199542819735885e-10,2.728437063964014e-11,-1.289568542159571e-09,1.110288743322572e-09,1.2007711550872449e-09,1.3800509539242438e-09,5.669252662725e-10,7.462050651094991e-10,-5.747077728432852e-10,3.9542797400628614e-10,-5.224241297116853e-10,3.431443308746863e-10,-9.374691448561608e-10,7.581893460191618e-10,-1.0677053361608593e-09,8.884255373238603e-10,-1.4351599347937453e-10,3.576380535762446e-11,-1.4160694176443596e-09,1.2367896188073606e-09,-2.967821488585934e-10,1.1750235002159444e-10,-1.423417058372789e-09,1.2441372595357902e-09,-1.4979842012768882e-09,1.3187044024398893e-09,-4.918513887478544e-10,3.125715899108554e-10
0.19788569809251466,1.8159280873970485,-1.3156258537253656,-0.7526581401939086,-1.2459757905201676,0.6445144584039173,-1.0014710084536145,-3.755675548059353e-09,6.922472080898528e-10,-2.280420390331024e-10,2.835386300936398e-09,-1.5199542819735885e-10,2.9114329117721415e-09,-7.768105210025007e-10,2.286617818967e-09,-1.1097676288629352e-09,1.953660711106565e-09,-1.2861704671085748e-09,1.7772578728609255e-09,-2.6427703352780786e-09,4.206580046914217e-10,-2.442670835797719e-09,6.207575041717815e-10,-3.006393975505539e-09,5.703436446396139e-11,-3.136630166810238e-09,7.320182684073771e-11,-2.7731842137302012e-09,2.9024412623929905e-10,-3.679779405123583e-09,6.163510651540826e-10,-2.0538679150077383e-09,1.009560424961762e-09,-3.8296319213369985e-09,7.662035813674982e-10,-3.910379209925928e-09,8.469508699564281e-10,-2.676956783240674e-09,3.864715567288263e-10
-0.596107455487708,-1.1055785546905454,-1.5402878393083734,0.3921654767501664,0.9143604322628471,1.284801685832894,-0.18052806776117794,2.3607149213501802e-09,3.0998719162270293e-09,-2.280420390331024e-10,5.111149558437467e-10,-1.5199542819735885e-10,5.871615666794903e-10,1.243295962402651e-09,1.9824529572795e-09,-1.9857101711968955e-09,1.2465531763200464e-09,-1.0931023524245392e-09,3.539453575476901e-10,3.288921908408252e-11,7.720462139609315e-10,1.1256073326505891e-10,8.51717728141908e-10,-3.862292335919729e-10,3.529277612848762e-10,-5.164654248966715e-10,2.226915699801776e-10,4.42885415548216e-10,1.1820424104250651e-09,-3.498509205352167e-11,7.041719028233273e-10,-8.392522053273323e-10,1.0009521045048324e-10,8.941334677682339e-10,1.633290462645083e-09,8.543883369734057e-10,1.5935453318502548e-09,1.084823138366404e-09,1.823980133243253e-09
0.26672760760946584,0.6015443177684832,-0.09333782405213494,1.6826559350715118,-0.35179604259448916,0.10158923672345349,-0.753314160571663,-1.2240545760672712e-09,1.136786748373429e-09,-2.280420390331024e-10,2.1327992854075977e-09,-1.5199542819735885e-10,2.2088458962433413e-09,-9.548910375502183e-10,1.4059502868904818e-09,-3.670208136787033e-10,1.9938205107619968e-09,-6.906802763627285e-10,1.6701610480779717e-09,-1.060687601264552e-09,1.300153723176148e-09,-9.724935128819321e-10,1.388347811558768e-09,-2.35959293440155e-09,1.2483900391498736e-12,-2.4898291257062485e-09,1.289878012655484e-10,-1.0518985521548045e-09,1.3089427722858956e-09,-2.5239048403209655e-09,1.6306351588026544e-10,-9.200691954527275e-10,1.4407721289879726e-09,-2.584134418484185e-09,2.2329309404348494e-10,-2.6533717839250977e-09,2.9253045948439765e-10,-2.2323800260343394e-09,1.2846129840636065e-10
-0.5179553743136985,-0.903966711155469,-1.027705703324661,-0.2748852410892934,0.2865311192866357,-0.5757504255327642,0.2331517634385408,5.831910406661081e-10,1.5112878260769708e-10,-2.280420390331024e-10,6.601042970915134e-10,-1.5199542819735885e-10,5.840576862557698e-10,1.0887003334029772e-09,6.566380753445661e-10,5.596111732855375e-10,1.2754891522712654e-10,1.145748302580476e-09,7.136860445220649e-10,1.3678857195268323e-09,9.358234614684212e-10,1.7718573518825887e-09,1.3397950938241777e-09,1.6353532741553654e-09,1.2032910160969544e-09,1.5051170828506667e-09,1.0730548247922557e-09,1.8604437940629494e-09,1.4283815360045384e-09,1.7564251462324434e-09,1.3243628881740323e-09,1.2445280671953899e-09,8.124658091369788e-10,2.009109467873275e-09,1.577047209814864e-09,1.951344710955078e-09,1.519282452896667e-09,1.9421862996604655e-09,1.5101240416020544e-09
-0.25008700866307204,0.04685237275459686,-0.29122080687808904,0.4336459957896809,-0.8608729969351233,-1.1455004115040126,0.12782103863174732,-2.6653642198568388e-09,2.799211859954378e-09,-2.280420390331024e-10,3.6188967913064145e-10,-1.5199542819735885e-10,2.858430682948979e-10,4.601752449626185e-10,3.2632760486507943e-10,1.3390555067456365e-09,1.2052078666480975e-09,1.5249380758863754e-09,1.3910904357888364e-09,3.9023267823372424e-10,2.563850381361852e-10,4.5332639869937694e-10,3.194787586018379e-10,8.863415468930248e-10,7.524939067954858e-10,7.561053555883261e-10,6.222577154907871e-10,5.589329390847893e-10,4.2508529898725024e-10,4.4977397045888283e-10,3.1592633036134377e-10,7.263489077026657e-10,5.925012676051267e-10,1.788937073934883e-11,1.1595826935819023e-10,-6.412994699747058e-11,1.9797758709500964e-10,4.01451431749527e-10,2.6760379165198796e-10
-0.5600465427335904,-1.0100017251565059,-1.2384427350366185,0.11409268044676897,2.2384718922860696,2.8323075523073715,-1.5888067757249178,6.109567821705138e-09,1.0835873843118928e-08,-2.280420390331024e-10,4.498263982380688e-09,-1.5199542819735885e-10,4.5743105932164315e-09,1.1736333163668117e-09,5.899939337780602e-09,-4.1027697733373e-09,6.235362480764905e-10,-3.082201017632099e-09,1.6441050037816916e-09,-2.671114114496623e-10,4.459194609964129e-09,-2.78078760903789e-10,4.448227260510001e-09,-2.8553744306220865e-09,1.870931590791704e-09,-2.985610621926785e-09,1.7406953994870055e-09,2.781263040046726e-10,5.004432325418463e-09,-2.1446013889069036e-09,2.581704632506887e-09,-1.8153974878531192e-09,2.9109085335606714e-09,1.8580072932523942e-10,4.91210675073903e-09,1.8059885049683138e-10,4.906904871910622e-09,5.775991746606054e-10,5.303905196074396e-09
3.9170198186862826,-1.1085115785391615,1.47691518980809,1.0750831741600955,0.1305807651906176,-0.7436145676085163,-0.3095786010893201,1.4166103740340177e-10,1.2461886832910619e-09,-2.280420390331024e-10,8.764856068545577e-10,-1.5199542819735885e-10,9.525322176903012e-10,-4.673929153222466e-10,6.371347305654133e-10,7.892570838669e-10,1.89378472975456e-09,-4.214117165057358e-09,3.109589519169698e-09,-3.746371388245995e-09,2.6418437423583355e-09,-1.5764495095942863e-09,4.719218637066263e-10,-8.102257462992937e-10,2.943018995883663e-10,-9.404619376039922e-10,1.640657082836678e-10,-8.937753081032492e-10,2.107523377844108e-10,-7.537000168241743e-10,3.5082762906348566e-10,-1.258209105452679e-09,1.5368145956501893e-10,-8.110839786156704e-10,2.9344366727198955e-10,-8.761623453505519e-10,2.2836530053710808e-10,-8.212209710045049e-10,2.8330667488315505e-10
-0.5674721813449404,-0.9796612318134015,0.6171162521666612,-0.6010535914064409,0.14295440872169127,1.0776007144041877,0.5835569984928296,1.7669356362185955e-10,1.2474435471908604e-09,-2.280420390331024e-10,1.6521791498458223e-09,-1.5199542819735885e-10,1.5761325390100788e-09,1.1882118697919594e-09,2.3592524102076065e-10,-1.7022496586139554e-09,3.126386769426675e-09,-8.688081863797456e-10,2.2929452971924656e-09,-6.525947872839519e-10,2.0767318980966718e-09,-7.738930595065438e-10,2.198030170319264e-09,-3.2355644629558404e-10,1.747693557108304e-09,-4.537926376002827e-10,1.8779297484130026e-09,-6.038096077522487e-10,2.0279467185649687e-09,-2.6179341335391306e-10,1.685930524166633e-09,-4.555180340575631e-10,1.879655144870283e-09,-1.4862812030671587e-10,1.572765231119436e-09,-2.0989129741479637e-10,1.6340284082275163e-09,-2.2296280087233024e-10,1.6470999116850503e-09
0.8567424064916559,1.119252938673961,0.20753271860656033,1.2747752128842122,-0.8386079559912157,-0.48138636398475526,-0.4166709251378678,-2.602326956122541e-09,1.194597214538111e-09,-2.280420390331024e-10,1.1796877025513277e-09,-1.5199542819735885e-10,1.2557343133870713e-09,-1.846494571139e-09,4.387648295545699e-10,4.3051677246603966e-10,1.8382465140504697e-09,-6.99522126214377e-10,7.082076153700531e-10,-1.6317132611537215e-09,2.2398351956929145e-10,-1.260585536330291e-09,1.4714420525413903e-10,-1.9890432366307986e-09,5.813134950463685e-10,-2.1192794279354977e-09,7.115496863510676e-10,-1.060261379784271e-09,3.47468361800159e-10,-2.4127733014231257e-09,1.0050435598386957e-09,-9.615724625337245e-10,4.461572790507055e-10,-2.275136477843554e-09,8.674067362591238e-10,-2.345697695813657e-09,9.37967954229227e-10,-1.4570956332748846e-09,4.9365891690454526e-11
-0.6044743634855716,-1.1249479732761347,1.3572261045372789,0.5044287533110082,0.0693317672673886,-0.8084361597388627,0.7669718251811952,-3.1748445439005477e-11,1.9751735661800757e-09,-2.280420390331024e-10,2.1714671597741726e-09,-1.5199542819735885e-10,2.095420548938429e-09,1.259051682200877e-09,6.843734385401933e-10,8.779360200949213e-10,1.065489100646149e-09,1.5466974115964947e-09,3.967277091445756e-10,1.485831560140812e-09,4.575935606002583e-10,2.0191610065211083e-09,7.57358857800381e-11,2.634222505081184e-09,6.907973843401137e-10,2.5039863137764853e-09,5.60561193035415e-10,2.0383700563467785e-09,9.494493560570822e-11,2.664522666704558e-09,7.210975459634876e-10,3.139711418104146e-09,1.1962862973630759e-09,2.7319312883162807e-09,7.885061675752105e-10,2.6687532732337205e-09,7.253281524926503e-10,2.6362583537795446e-09,6.928332330384744e-10
0.07693125383468298,2.358794563192658,-0.3010073072399385,0.22005626271256193,-1.2767725811928339,-0.38675448774155763,-0.41508876650825494,-3.84286808548579e-09,2.4396177855092007e-09,-2.280420390331024e-10,1.1752082609434876e-09,-1.5199542819735885e-10,1.2512548717792311e-09,-4.451920701155191e-10,9.58058229861071e-10,3.010559887562881e-10,1.704306288732878e-09,1.6112309697376553e-10,1.5643733969503554e-09,-1.3460974127614883e-09,5.715288721510167e-11,-1.302108255969564e-09,1.0114204400702596e-10,-1.2943679259189194e-09,1.0888237405767054e-10,-1.424604117223618e-09,2.135381724702814e-11,-1.284575639802894e-09,1.1867466017369598e-10,-1.9879546785386325e-09,5.847043785620426e-10,-9.051382067291175e-10,4.981120932474725e-10,-2.2318235793947537e-09,8.285732794181637e-10,-2.3150163436669508e-09,9.117660436903608e-10,-1.1450186814357363e-09,2.5823161854085363e-10
-0.24710169892686723,0.7107709297932,1.1099575550820633,-0.2901837457742151,-0.7970067868060843,0.4039757478855777,-0.6247983823798317,-2.484544829416152e-09,4.875601457203118e-10,-2.280420390331024e-10,1.7689426446627378e-09,-1.5199542819735885e-10,1.8449892554984813e-09,4.523945118498599e-10,2.4493791955457e-09,-7.806995472346189e-10,1.2162851364612213e-09,-4.250895936310082e-10,1.571895090064832e-09,-1.3309866734307465e-09,6.659980102650936e-10,-1.4419090339864181e-09,5.55075649709422e-10,-1.3118713496391372e-09,6.851133340567029e-10,-1.442107540943836e-09,5.548771427520042e-10,-1.556351618855319e-09,4.406330648405211e-10,-1.7118538244354643e-09,2.8513085926037576e-10,-1.8550732761449252e-09,1.4191140755091492e-10,-2.1309192021156965e-09,1.3393451841985636e-10,-2.2116380140604183e-09,2.1465333036457823e-10,-1.7740780254307474e-09,2.229066582650927e-10
0.11273551194852699,-1.1108738472523325,1.6644202303460287,1.2165002334270736,-0.7314409522681937,-0.22055891879500747,-0.4884217585930742,-2.298913425722045e-09,6.880411782214448e-10,-2.280420390331024e-10,1.3828302084674978e-09,-1.5199542819735885e-10,1.4588768193032413e-09,-5.451283751843935e-10,1.0657438723162066e-09,7.369276339220221e-11,1.6845650108928023e-09,-9.260638993408446e-11,1.5182658575665156e-09,-9.491128477234107e-10,6.617593997771894e-10,-9.11147110775401e-10,6.997251367251991e-10,-1.6121642231699128e-09,1.2919756693126876e-12,-1.7424004144746115e-09,1.3152816697401137e-10,-9.013860486749434e-10,7.094861988256567e-10,-1.9753419050496156e-09,3.644696575490155e-10,-1.8359529037580769e-09,2.250806562574768e-10,-2.1353161601035463e-09,5.244439126029463e-10,-2.210424738558417e-09,5.995524910578168e-10,-1.4896900076638785e-09,1.2118223983672162e-10
-0.185224883101082,-0.5635342011228255,0.03496169704384738,-1.4556843252114253,0.12566353323124696,-0.06956233611002681,-0.07648712044027464,1.2773926431318067e-10,5.723332870420466e-10,-2.280420390331024e-10,2.165519836957636e-10,-1.5199542819735885e-10,2.9259859453150713e-10,2.880398990343087e-10,7.326339217631746e-10,-1.3287754576720284e-10,3.117164769616631e-10,9.199303892656473e-11,5.365870616554307e-10,2.118620876940127e-10,6.564561104228787e-10,2.4300228376214074e-10,6.875963064910067e-10,-9.087861502511919e-10,4.6419212752232596e-10,-1.0390223415558906e-09,5.944283188270246e-10,2.8498023492058285e-10,7.295742576494488e-10,-8.543473470132272e-10,4.0975332428436126e-10,2.0750047043703326e-10,6.520944931658993e-10,-8.002895155402442e-10,3.5569549281137824e-10,-8.630954451098462e-10,4.185014223809802e-10,-8.979728883357275e-10,4.533788656068615e-10
-0.22566382402672278,0.42843477946029956,1.3533128101763736,-1.7243788947414176,0.09163804617510503,-0.5676158518622019,0.9983897113729708,3.140557210711012e-11,2.5672148550992e-09,-2.280420390331024e-10,2.8266624662394126e-09,-1.5199542819735885e-10,2.750615855403669e-09,3.9610116569093453e-10,2.202519261515376e-09,5.484827002556962e-10,2.050137726950614e-09,7.683867602724726e-10,1.8302336669338377e-09,7.951625551249989e-10,1.8034578720813114e-09,8.873182004040523e-10,1.711302226802258e-09,-3.703569060752801e-11,2.6356561178138382e-09,-1.6727188191222675e-10,2.765892309118537e-09,1.0089003395363272e-09,1.5897200876699831e-09,2.873886546528176e-12,2.595746540659782e-09,1.2794783523297529e-09,1.3191420748765575e-09,4.8453162423960697e-11,2.5501672647823496e-09,-1.4909242605217027e-11,2.6135296698115275e-09,-3.055797033306683e-11,2.6291783975393773e-09
-0.10100454309164386,0.7999414705458308,-1.3241239934678966,-1.517292410619287,1.3065421647194169,-0.26836035902982025,-0.14172678570836197,3.471068293837613e-09,4.100370262794938e-09,-2.280420390331024e-10,4.012599299242228e-10,-1.5199542819735885e-10,4.773065407599664e-10,5.652032035190952e-11,6.858222893092347e-10,1.3908734459388849e-10,7.683893135512137e-10,2.3591265073515737e-10,8.652146196924825e-10,1.7097605017205574e-09,2.339062470677883e-09,1.7732272717446742e-09,2.402529240701999e-09,-9.4325692255831e-10,3.1395495360098486e-10,-1.0734931138630085e-09,4.4419114490568334e-10,1.957016964438645e-09,2.5863189333959704e-09,-4.695880876900746e-10,1.597138812672506e-10,1.1275367203450368e-09,1.756838689302362e-09,1.861050513179031e-10,8.154070202752283e-10,1.4308514858486832e-10,7.723871175421935e-10,-7.25395883277726e-10,9.609391432040081e-11
-0.32190370689434245,-0.018908602874251782,1.1026258095441837,0.9127383804830568,0.5929646098285277,-0.8757281514807995,0.10583260285861892,1.4507721427613338e-09,1.3791786358777127e-09,-2.280420390331024e-10,2.9963554591672345e-10,-1.5199542819735885e-10,2.235889350809799e-10,6.426996901340729e-10,5.711061832504518e-10,9.699945772550144e-10,8.984010703713933e-10,1.2762885406122297e-09,1.2046950337286086e-09,1.8423725168827494e-09,1.7707790099991282e-09,2.1298690200887238e-09,2.058275513205103e-09,8.542203526371793e-10,7.826268457535581e-10,7.239841613324808e-10,6.523906544488597e-10,2.318230259686284e-09,2.246636752802663e-09,1.0932923760397114e-09,1.0216988691560903e-09,2.8441170972196795e-09,2.7725235903360586e-09,1.4967574741459682e-09,1.425163967262347e-09,1.4441476526831023e-09,1.3725541457994812e-09,1.2342336024604385e-09,1.1626400955768174e-09
-0.5908186956845483,-0.32870284081608125,-0.1510235485516273,0.36510594497057236,-1.0522478614670339,-0.2999635910023075,-0.13827918859694416,-3.207188860467462e-09,2.5876478027480528e-09,-2.280420390331024e-10,3.9149901868630667e-10,-1.5199542819735885e-10,4.675456295220502e-10,1.2332577039862938e-09,1.852798761705703e-09,1.8232202767683512e-10,8.018630853962442e-10,8.908585849762547e-10,1.5103996426956639e-09,-4.147399814453151e-10,2.0480107627409398e-10,-4.7106027327076e-10,1.4848078444864904e-10,1.8050154010093872e-09,2.4245564587287964e-09,1.674779209704689e-09,2.294320267424098e-09,-5.620339715341115e-10,5.7507086185297584e-11,1.254332813932622e-09,1.873873871652031e-09,-3.7156467169741544e-10,2.479763860219936e-10,3.017955939261197e-10,9.213366516455288e-10,2.0763225848297125e-10,8.271733162023804e-10,-1.5228607157241727e-10,4.672549861469918e-10
0.9564762483248394,1.108575999329552,0.9340651842481653,1.537015052843331,0.6464038626826968,0.7479304398117494,-1.2160317917259882,1.6020705070634146e-09,5.2729679604404545e-09,-2.280420390331024e-10,3.4428554143439376e-09,-1.5199542819735885e-10,3.518902025179681e-09,-1.87320676226892e-09,1.7976906911081199e-09,-1.2512454747292053e-09,2.419651978647835e-09,-2.3689262207502856e-09,1.3019712326267543e-09,-1.4513798981864578e-09,2.219517555190582e-09,-1.1017537588037017e-09,2.5691436945733383e-09,-3.7330662403753125e-09,6.21687869982726e-11,-3.863302431680012e-09,1.924049783029717e-10,-1.5587618713567395e-09,2.1121355820203004e-09,-3.4745514194428433e-09,1.9634603393419667e-10,-1.5586743503322488e-09,2.112223103044791e-09,-3.5573687920322974e-09,1.135286613447425e-10,-3.618689550155997e-09,5.220790322104288e-11,-4.100544922356416e-09,4.296474689793759e-10
-0.5900561729597763,0.2802596834533872,1.3620882651377029,-0.5302864489979598,-0.7563469537647785,-0.08005148439802261,0.3136339069742607,-2.3694278338860517e-09,3.0293528711212068e-09,-2.280420390331024e-10,8.879670762682574e-10,-1.5199542819735885e-10,8.119204654325138e-10,1.2318053549253527e-09,5.718803176901977e-10,-1.1852790575455072e-10,7.784529429897058e-10,6.13671909680235e-10,4.625312755492008e-11,-3.27758026271743e-10,9.87683063506898e-10,-3.5778628726012343e-10,1.0177113244952786e-09,1.4887539002701624e-09,8.288288630350074e-10,1.3585177089654637e-09,6.985926717303087e-10,-3.881126898786069e-10,1.048037727113762e-09,1.1116844443373428e-09,4.5175940710218775e-10,-6.716372812086281e-10,1.3315623184437832e-09,4.043514844754738e-10,2.5557355275968124e-10,3.1837182709958377e-10,3.415532101355713e-10,4.726782049734652e-11,6.126572167378086e-10
-0.6070102104278344,2.123172400508362,1.5941766329165876,0.3157264212866502,0.3023872617907908,-0.9897987850332638,3.197497307817512,6.280832930253626e-10,8.196697952228058e-09,-2.280420390331024e-10,9.052823284286523e-09,-1.5199542819735885e-10,8.97677667345078e-09,1.2637967355837556e-09,7.560984509669666e-09,1.1260484800648664e-09,7.698732765188555e-09,1.7776900103663717e-09,7.04709123488705e-09,1.9679432906486503e-09,6.856837954604771e-09,2.6552132391860373e-09,6.169568006067384e-09,2.911061713312631e-09,5.91371953194079e-09,2.7808255220079322e-09,6.043955723245489e-09,2.6892177890231057e-09,6.135563456230315e-09,3.0385213479795758e-09,5.786259897273846e-09,5.393916396315723e-09,3.4308648489376984e-09,3.3476664342265363e-09,5.477114811026885e-09,3.2910313937611213e-09,5.5337498514923e-09,3.3390182690790695e-09,5.485762976174352e-09
-0.31188593024392,-1.1354409506256342,0.2239585449563505,-0.5622954266048029,-0.5207544780707871,3.2622941937765795,-2.3487347189282035,-1.7024133396593082e-09,5.175417051076422e-09,-2.280420390331024e-10,6.6497883517026276e-09,-1.5199542819735885e-10,6.725834962538371e-09,6.178005345685809e-10,7.495630925304311e-09,-4.691011387043327e-09,2.186819003692403e-09,-3.934013404300674e-09,2.943816986435056e-09,-4.2416464405755175e-09,2.636183950160213e-09,-4.777774216327348e-09,2.100056174408382e-09,-5.031454814112994e-09,1.8463755766227363e-09,-5.161691005417693e-09,1.7161393853180372e-09,-5.156032598602034e-09,1.7217977921336965e-09,-5.281356446316774e-09,1.5964739444189566e-09,-4.9378510132830025e-09,1.9399793774527278e-09,-5.639613898265722e-09,1.2382164924700082e-09,-5.715607537343465e-09,1.162222853392265e-09,-5.488579227879463e-09,1.3892511628562676e-09
-0.6013076842747773,-0.9800123119815196,0.42780771079388685,0.4487776279335627,-1.1460665411621425,-0.17756160764254603,-0.11837516360370721,-3.4728103282223836e-09,2.9096219749975986e-09,-2.280420390331024e-10,3.351463141916826e-10,-1.5199542819735885e-10,4.1119292502742616e-10,1.2531065065357572e-09,1.8162948597605423e-09,1.487045298059997e-11,5.78058806205385e-10,7.50286055017085e-10,1.31347440824187e-09,-6.526215259408475e-10,8.943317271606246e-11,-7.838013110698466e-10,2.2061295784506162e-10,1.7184607821587102e-09,2.2816491353834953e-09,1.5882245908540116e-09,2.1514129440787966e-09,-8.78566975633698e-10,3.1537862240891296e-10,1.109285355003879e-09,1.672473708228664e-09,-8.549268349427934e-10,2.9173848171800835e-10,6.33617822517935e-11,6.265501354765785e-10,-3.372479859845383e-11,5.294635546263312e-10,-4.6381037623829283e-10,9.937797698649218e-11
3.718782571773076,1.9049146723130481,1.0104491412298957,-0.1291979679330149,0.011360055385996413,2.7373925465641507,-2.574996724873506,-1.9587920541391544e-10,7.322549052523495e-09,-2.280420390331024e-10,7.290386218904307e-09,-1.5199542819735885e-10,7.366432829740051e-09,-5.088417042283967e-10,7.0095865537090135e-09,-3.9729216553759255e-09,3.5455066025614845e-09,-8.337563834183768e-09,8.191355762463581e-10,-7.679994030151532e-09,1.6156577221412207e-10,-3.175472308654972e-09,4.342955949282439e-09,-5.753035357667852e-09,1.7653929002695582e-09,-5.883271548972551e-09,1.6351567089648591e-09,-5.855854991613671e-09,1.6625732663237387e-09,-5.748025455055998e-09,1.7704028028814122e-09,-5.865498343111634e-09,1.6529299148257756e-09,-5.795143956592981e-09,1.7232843013444286e-09,-5.86025783817952e-09,1.6581704197578901e-09,-5.787163159781644e-09,1.7312650981557661e-09
-0.6045551418369256,0.971720204205337,-0.10415651743200204,1.2802428286093352,1.5796203404237668,1.829011484213141,2.845871021489904,4.244213109754348e-09,3.585036216065963e-09,-2.280420390331024e-10,8.057291364853413e-09,-1.5199542819735885e-10,7.981244754017669e-09,1.259203050350192e-09,6.570046275470119e-09,-2.7302143467219692e-09,1.055946367254228e-08,-1.76606652159512e-09,9.595315847415431e-09,1.8262374991074105e-10,7.64662557590957e-09,3.104395224841299e-10,7.518809803336181e-09,-1.083770740356532e-09,8.913020066176843e-09,-1.2140069316612303e-09,9.043256257481541e-09,8.009644980290251e-10,7.028284827791286e-09,-5.333193165375524e-10,8.362568642357863e-09,-3.782823486893479e-11,7.867077560689246e-09,1.1599503505313767e-09,6.669298975288934e-09,1.1390376518201556e-09,6.690211674000155e-09,1.617215551802433e-09,6.212033774017878e-09
-0.5227101384961053,-0.20945630861650463,1.3737008802856163,0.8010527840307613,0.20387626107898324,0.6065096918316148,-0.15265346386629025,3.491768248879655e-10,1.0094146405170476e-09,-2.280420390331024e-10,4.321957765959796e-10,-1.5199542819735885e-10,5.082423874317231e-10,1.0984903285713627e-09,1.7587281442004448e-09,-1.0577753503572018e-09,3.9753753472811983e-10,-3.33301622570116e-10,3.26936193058966e-10,-8.920083837556605e-11,5.71036977253516e-10,-5.3632043556296536e-11,6.066057720727855e-10,2.8641792039818528e-12,6.631019948330638e-10,-1.273720121007168e-10,5.328658035283652e-10,6.176843955152197e-11,7.22006255180604e-10,9.011912580552975e-11,7.503569414346117e-10,1.2117214025029855e-09,1.8719592181320674e-09,2.553127932210176e-10,9.155506088500997e-10,1.954517753696293e-10,8.556895909987113e-10,1.8169090009369992e-10,8.419287157227819e-10
-0.5901044282076506,-0.19874425681249674,1.3864924651632904,-1.2802004922927572,-0.7337094223853521,1.0603953562987432,0.23715558549317475,-2.305335967203506e-09,2.748733932545771e-09,-2.280420390331024e-10,6.714400043753673e-10,-1.5199542819735885e-10,5.953933935396238e-10,1.2318973026895366e-09,7.884993373472718e-10,-1.6787119329261181e-09,2.122109898268383e-09,-8.187686630033942e-10,1.2621666283456591e-09,-1.6201925850771143e-09,2.0635905504193794e-09,-2.0394682977781843e-09,2.482866263120449e-09,-1.1882529263794577e-10,5.622232579802106e-10,-2.4906148394264445e-10,6.924594492849093e-10,-1.9700626546838897e-09,2.4134606200261546e-09,-4.832637721467801e-10,9.266617374890449e-10,-2.165663463930298e-09,2.609061429272563e-09,-1.1840489751332083e-09,1.6274469404754732e-09,-1.269405220690628e-09,1.712803186032893e-09,-1.5340614414345553e-09,1.9774594067768204e-09
-0.5777541804562291,-0.6846279998173187,1.4355292541405213,-1.1402428606906914,0.07805920927210919,0.17200523805414444,1.1431837573634234,-7.039123557973907e-12,3.015603574098934e-09,-2.280420390331024e-10,3.2366064895740627e-09,-1.5199542819735885e-10,3.160559878738319e-09,1.2081979526360205e-09,1.8003664979049399e-09,-4.6335316045105685e-10,3.471917610992017e-09,2.816141941789361e-10,2.7269502563620244e-09,3.3137123876805743e-10,2.6771932117729028e-09,4.951044927458972e-10,2.513459957795063e-09,1.0344498200961131e-09,1.9741146304448475e-09,9.04213628791414e-10,2.1043508217495466e-09,5.996089798454876e-10,2.4089554706954726e-09,1.0685177136018958e-09,1.9400467369390646e-09,1.8859609866832155e-09,1.122603463857745e-09,1.1306629089238306e-09,1.8779015416171295e-09,1.0676715180908509e-09,1.9408929324501097e-09,1.0397617388208965e-09,1.968802711720064e-09
0.02335029248471947,-0.7083717849981953,0.22790571162199774,-0.6038167879971563,-0.6652794328934771,-0.4226113608056069,-0.2480111167241487,-2.1115955062808467e-09,1.1813790489134369e-09,-2.280420390331024e-10,7.021744183343075e-10,-1.5199542819735885e-10,7.782210291700511e-10,-2.941337314640379e-10,6.36082725903372e-10,3.501098495961928e-10,1.2803263069636027e-09,2.73464855708202e-10,1.203681313075612e-09,-5.356313278160471e-10,3.9458512955136277e-10,-5.29874401645118e-10,4.003420557222919e-10,-1.1067142379499622e-09,1.7649778058255228e-10,-1.2369504292546609e-09,3.0673397188725097e-10,-4.635526035537161e-10,4.666638538136938e-10,-1.4335113503744444e-09,5.032948930070345e-10,-4.01758944721564e-10,5.284575126458459e-10,-1.6247957444925303e-09,6.945792871251204e-10,-1.6998502800294678e-09,7.696338226620579e-10,-1.0859787537253547e-09,1.5576229635794485e-10
-0.5646414781743847,-0.23727426199065776,0.22627965755680482,0.33724388896644036,-1.094115313794076,1.5519316080638066,-0.758261851115681,-3.3257248937436578e-09,9.508755612114974e-10,-2.280420390331024e-10,2.146807293499058e-09,-1.5199542819735885e-10,2.2228539043348016e-09,1.1826687441865474e-09,3.5575180767187078e-09,-2.351156260371576e-09,2.369307216058436e-11,-1.4681649724608193e-09,9.06684360071341e-10,-2.63471054524767e-09,2.5986121271550965e-10,-3.317723509658754e-09,9.428741771265938e-10,-1.0144445610402964e-09,1.360404771491864e-09,-1.1446807523449948e-09,1.2301685801871655e-09,-3.290466180792732e-09,9.156168482605715e-10,-1.591017775408828e-09,7.838315571233323e-10,-3.089253933451107e-09,7.144046009189465e-10,-2.5579604980100027e-09,1.831111654778423e-10,-2.6524991844909593e-09,2.7764985195879897e-10,-2.926100906590711e-09,5.512515740585508e-10
-0.3667389490526019,-0.29615953061686273,-0.4222478282187212,-0.8858479026039636,-0.02455157176560744,-0.23962312796096016,-0.07468076082298278,-2.975529781047695e-10,1.4192684034838555e-10,-2.280420390331024e-10,2.1143777942005264e-10,-1.5199542819735885e-10,2.874843902557962e-10,7.517544458446021e-10,1.1912342642977573e-09,9.97734833082704e-11,5.392533017614255e-10,5.3360187383535e-10,9.730816922885052e-10,4.4468850648091153e-10,8.841683249340666e-10,5.544204054430277e-10,9.939002238961826e-10,1.9818246604499841e-10,6.376622844981534e-10,6.794627474029963e-11,5.074260931934547e-10,6.107394181186472e-10,1.0502192365718021e-09,1.872938558368828e-10,6.267736742900378e-10,4.375707742973281e-10,8.770505927504832e-10,1.6168628419803473e-10,6.011661026511898e-10,9.602653746068841e-11,5.355063559138434e-10,1.1046018045540426e-10,5.499399989085592e-10
0.7863148517851465,-0.01093195621845101,0.8567720850064048,-0.7985206659093956,0.15691762116640698,1.7621515822672613,-1.7328033426377867,2.1622651160399306e-10,5.350218716402223e-09,-2.280420390331024e-10,4.905950165765128e-09,-1.5199542819735885e-10,4.981996776600871e-09,-1.8080763950734468e-09,3.3259158097247835e-09,-2.6387469083883353e-09,2.4952452964098953e-09,-3.4291392385899506e-09,1.70485296620828e-09,-2.9933202920108968e-09,2.140671912787334e-09,-2.306154903118143e-09,2.8278373016800874e-09,-5.13662686730825e-09,2.6346625100192848e-12,-5.266863058612948e-09,1.3287085381471756e-10,-3.305579804750385e-09,1.8284124000478456e-09,-5.068978060605879e-09,6.501414419235132e-11,-3.2831603803060565e-09,1.850831824492174e-09,-5.111648121999799e-09,2.234408279843155e-11,-5.175673401438883e-09,4.168119664065221e-11,-5.2204920223367694e-09,8.649981753853889e-11
-0.6018552330257552,-1.1210509195774725,-1.1520585314853085,-0.45860503852388435,-0.4549454171335395,-1.2495459969358302,0.362835301287536,-1.5160933081417875e-09,2.3153183932517606e-09,-2.280420390331024e-10,1.0272671241430754e-09,-1.5199542819735885e-10,9.51220513307332e-10,1.2541360499963343e-09,4.549109648863612e-10,1.4813946800377992e-09,6.821695949278261e-10,2.097480170440213e-09,1.2982550853302398e-09,1.3866391540293355e-09,5.874140689193624e-10,1.886136385904707e-09,1.086911300794734e-09,3.2344345416604087e-09,2.4352094565504356e-09,3.10419835035571e-09,2.304973265245737e-09,1.7896518954090216e-09,9.904268102990485e-10,3.018409745896719e-09,2.219184660786746e-09,1.6000811428796498e-09,8.008560577696767e-10,2.583587914261811e-09,1.7843628291518378e-09,2.5057725789690137e-09,1.7065474938590406e-09,2.300935841765022e-09,1.501710756655049e-09
-0.4297764012054413,0.49290423521426835,0.8770780734384251,-1.5286698719409468,-0.7616289398345943,-0.3180101165591912,0.18795146735101273,-2.3843823066742535e-09,2.6884725123786577e-09,-2.280420390331024e-10,5.321322447375064e-10,-1.5199542819735885e-10,4.5608563390176287e-10,8.981680085906392e-10,5.940778028862352e-10,2.0701050934476743e-10,9.707969635963659e-11,7.112433664553919e-10,4.071531607509879e-10,-2.440476285959653e-10,5.481378343003693e-10,-2.472330180015127e-10,5.513232237059168e-10,6.804922400761131e-10,3.7640203437170905e-10,5.502560487714146e-10,2.4616584306701057e-10,-2.762090656680012e-10,5.802992713724052e-10,3.004627008595065e-10,3.6275048448975013e-12,-4.2195883319489327e-10,7.260490388992973e-10,-2.485535714765527e-10,5.526437771809567e-10,-3.3156785673378497e-10,6.35658062438189e-10,-2.2090288107056645e-10,5.249930867749704e-10
-0.5980580570888673,0.03288169949332322,1.184256682821077,-0.7316109939633225,-0.6649917719803624,-0.1681000209319516,0.42608734226423534,-2.1107810745045142e-09,3.0890867011156622e-09,-2.280420390331024e-10,1.2063476656442504e-09,-1.5199542819735885e-10,1.1303010548085068e-09,1.2469828206755788e-09,2.6867719406443077e-10,1.926564733648141e-12,9.763790618774999e-10,7.343196562984773e-10,2.439859703126707e-10,-1.1106638521394472e-10,1.0893720118250927e-09,-7.51906486552788e-11,1.0534962752664268e-09,1.6783114296851156e-09,7.000058030739676e-10,1.548075238380417e-09,5.697696117692689e-10,-1.000572428838821e-10,1.0783628694950302e-09,1.3516708538297428e-09,3.733652272185948e-10,-1.8429530095184118e-10,1.1626009275629891e-09,7.170408646265903e-10,2.6126476198455776e-10,6.334336081134011e-10,3.448720184977469e-10,3.6899329412452376e-10,6.093123324866243e-10
-0.6022215415819571,-0.6003403570029854,0.35501332422208737,1.5579666528344622,-1.1523906667578074,-1.216874583425451,0.10479841421196708,-3.490715328894383e-09,3.5593808185947327e-09,-2.280420390331024e-10,2.9670752873345177e-10,-1.5199542819735885e-10,2.2066091789770823e-10,1.2548244459248128e-09,1.1861589562244634e-09,1.4366986752044058e-09,1.3680331855040565e-09,2.0569021272616066e-09,1.988236637561257e-09,5.428500685858178e-10,4.741845788854685e-10,7.815211958232863e-10,7.128557061229369e-10,3.1914031190475013e-09,3.122737629347152e-09,3.0611669277428035e-09,2.992501438042454e-09,5.876703719023399e-10,5.190048822019906e-10,2.5782226030067066e-09,2.5095571133063575e-09,5.880072160929806e-10,5.193417263926313e-10,1.5374795883454237e-09,1.4688140986450743e-09,1.4401872124856384e-09,1.371521722785289e-09,1.004254025002318e-09,9.355885353019685e-10
4.033988717572902,-0.5949168693760247,-0.6682178514572826,0.18530147822190038,0.04138893697353716,-0.33395295154407817,-0.5630999341794045,-1.1086078873780463e-10,1.7114419188051255e-09,-2.280420390331024e-10,1.5942606685098278e-09,-1.5199542819735885e-10,1.6703072793455714e-09,-4.457870971674146e-10,1.3765156103755156e-09,2.2882104500818851e-10,2.0511237525511187e-09,-4.875611247963668e-09,3.0533085404207373e-09,-4.458428831558509e-09,2.6361261240155786e-09,-1.8201979104011464e-09,2.1047971417837923e-12,-1.3693285368647654e-09,4.5297417067816475e-10,-1.4995647281694641e-09,3.2273797937346607e-10,-1.5357060928961618e-09,2.865966146467684e-10,-1.351161139439055e-09,4.711415681038752e-10,-1.2785728483111238e-09,5.437298592318064e-10,-1.3762947253921453e-09,4.4600798215078487e-10,-1.4414016185988015e-09,3.8090108894412865e-10,-1.3738846054333187e-09,4.4841810210961145e-10
-0.5536125466841809,-0.842883079921881,1.3234537207319692,-1.573893076560805,0.6143911425647429,0.27825578977293175,1.5304496882729506,1.5114354039880752e-09,2.593564695764305e-09,-2.280420390331024e-10,4.333042138785483e-09,-1.5199542819735885e-10,4.25699552794974e-09,1.1609034365802087e-09,2.9440966631721717e-09,-6.087088296101204e-10,4.713708929362501e-09,1.1783018107930472e-10,3.987169918673075e-09,8.00747548616813e-10,3.3042525511355672e-09,1.0851248184674548e-09,3.0198752812849256e-09,6.962156838754335e-10,3.408784415876947e-09,5.65979492570735e-10,3.539020607181645e-09,1.259642860700925e-09,2.8453572390514553e-09,9.431224403404064e-10,3.161877659411974e-09,2.9605276812487415e-09,1.1444724185036389e-09,1.5229302995643946e-09,2.5820698001879858e-09,1.4741518797107254e-09,2.630848220041655e-09,1.5424466004137218e-09,2.5625534993386586e-09
-0.5139258778732664,-0.9565253532509445,-0.7807376930738953,0.45219003147172837,-1.2751290314248087,2.5800633434365796,-1.77031681437717,-3.8382148319638926e-09,1.4019863224420276e-09,-2.280420390331024e-10,5.012159115372817e-09,-1.5199542819735885e-10,5.088205726208561e-09,1.0803646661513386e-09,6.3205658205572586e-09,-3.7576880285483044e-09,1.4825131258576157e-09,-2.8232917808149455e-09,2.4169093735909746e-09,-4.091451195367548e-09,1.1487499590383724e-09,-5.059419211832944e-09,1.8078194257297614e-10,-2.8431530316810607e-09,2.3970481227248595e-09,-2.9733892229857593e-09,2.266811931420161e-09,-5.0913117353645164e-09,1.4888941904140375e-10,-3.5356567576208025e-09,1.7045443967851176e-09,-4.44854137395276e-09,7.916597804531601e-10,-4.56160411928324e-09,6.785970351226798e-10,-4.6593146584582385e-09,5.808864959476816e-10,-4.7665435829545355e-09,4.736575714513847e-10
0.11024922610234275,-0.024889557452965123,-1.1283406230322448,-1.6202105089192578,0.45614774523647506,2.0252984208130864,-1.5981188512374784,1.0634132873109075e-09,5.816083857592038e-09,-2.280420390331024e-10,4.524628531248028e-09,-1.5199542819735885e-10,4.6006751420837715e-09,-5.38225669438994e-10,4.214444900842137e-09,-2.998743954852209e-09,1.7539266154289216e-09,-2.91047705199534e-09,1.8421935182857908e-09,-2.169883243002384e-09,2.582787327278747e-09,-2.069412925974929e-09,2.6832576443062017e-09,-4.7731124731793745e-09,2.044190289824376e-11,-4.903348664484073e-09,1.5067809420294203e-10,-2.699069200667165e-09,2.0536013696139657e-09,-4.585327942525665e-09,1.6734262775546556e-10,-2.7478600557174257e-09,2.004810514563705e-09,-4.485827306419466e-09,2.668432638616649e-10,-4.544699538164158e-09,2.0797103211697304e-10,-4.870111390387243e-09,1.1744082010611227e-10
2.2372402516172145,1.799718768618076,1.5540247445430886,-1.043778099646682,0.2014956002310959,-0.24838916319774063,-0.5050888197348444,3.424366465919425e-10,2.0004970367739926e-09,-2.280420390331024e-10,1.4300183511489478e-09,-1.5199542819735885e-10,1.5060649619846913e-09,-1.1163929500576787e-09,5.416674401243714e-10,1.1176582496769589e-10,1.769826215149746e-09,-2.7262133174170046e-09,1.0681529272349545e-09,-2.2947091441311692e-09,6.366487539491191e-10,-1.3026256788215218e-09,3.5543471136052824e-10,-1.963959253104795e-09,3.058988629227447e-10,-2.094195444409493e-09,4.36135054227443e-10,-1.1428653843637803e-09,5.151950058182698e-10,-1.877691351758655e-09,2.1963096157660494e-10,-1.5421472214713855e-09,1.1591316871066461e-10,-1.9555409199808876e-09,2.974805297988375e-10,-2.0203301548500873e-09,3.6226976466803724e-10,-2.0249170061538837e-09,3.6685661597183365e-10
-0.4648952318809018,0.5324213252420305,-0.8933405972352992,1.1488405278131062,-0.8593457310928613,-0.5796097371029112,-0.13107167056055669,-2.6610401918914915e-09,2.0619052145594526e-09,-2.280420390331024e-10,3.710929382989366e-10,-1.5199542819735885e-10,4.4713954913468014e-10,9.76080215155664e-10,1.575215192487703e-09,5.648908900182726e-10,1.1640258673503115e-09,1.0839477468478832e-09,1.6830827241799222e-09,-1.3947803900216e-11,5.85187173431823e-10,3.315240092007969e-11,6.322873782521187e-10,1.2744530298797692e-09,1.8735880072118082e-09,1.1442168385750703e-09,1.7433518159071093e-09,-1.0336021433966463e-11,5.887989558980725e-10,8.387689037808915e-10,1.4379038811129304e-09,2.169182817165698e-10,8.160532590486088e-10,1.9300877850797797e-10,7.92143755840017e-10,1.0697668915340775e-10,7.061116664854467e-10,1.5036967939680551e-10,7.495046567288445e-10
-0.33836731576205137,0.10969916663214785,1.014866318814058,-1.7373282647445525,0.029304982442652134,-0.6259495364452532,1.1048059339259357,-1.4507314121610075e-10,3.0449814709948308e-09,-2.280420390331024e-10,3.1279503688118323e-09,-1.5199542819735885e-10,3.0519037579760888e-09,6.832032886930282e-10,2.2167050410857016e-09,6.282858788737689e-10,2.2716224509049612e-09,9.832244441505636e-10,1.9166838856281662e-09,9.208539551597605e-10,1.9790543746189694e-09,1.0904854343294442e-09,1.8094228954492858e-09,5.883001755264415e-10,2.3116081542522885e-09,4.5806398422174297e-10,2.441844345556987e-09,1.1886945754576616e-09,1.7112137543210684e-09,6.011877325674541e-10,2.298720597211276e-09,1.3432102762803973e-09,1.5566980534983327e-09,6.164168445837815e-10,2.2834914851949485e-09,5.519271836046248e-10,2.347981146174105e-09,5.548500868259622e-10,2.345058242952768e-09
0.7772831620023323,-0.5146927916241755,-1.0021878818141845,1.0635833398339825,-0.9814771653364757,-0.003730438488831811,-0.7189543926014099,-3.0068213404668954e-09,7.432601315600851e-10,-2.280420390331024e-10,2.035519169873708e-09,-1.5199542819735885e-10,2.1115657807094515e-09,-1.8018869657219755e-09,4.6167424318483477e-10,-2.2293862663637414e-10,2.040622582270436e-09,-1.1996920572015259e-09,1.0638691517052844e-09,-2.2573319949033075e-09,6.22921400350276e-12,-1.7572970474912342e-09,5.062641614155761e-10,-2.644271264979308e-09,3.807100560724975e-10,-2.7745074562840065e-09,5.109462473771962e-10,-1.8356327089648938e-09,4.2792849994191654e-10,-3.1519545662024733e-09,8.88393357295663e-10,-1.30937639423701e-09,9.541848146698002e-10,-3.0106362360481223e-09,7.47075027141312e-10,-3.0826516144017757e-09,8.190904054949654e-10,-2.0439167838967877e-09,2.1964442501002258e-10
1.8113235026510388,-0.7294708645702083,-1.217653329803917,-0.6200928897365969,1.9170180095067455,-1.3907388470214557,0.16232857696277805,5.199460661416308e-09,4.967914535154979e-09,-2.280420390331024e-10,4.5958816529443133e-10,-1.5199542819735885e-10,3.835415544586878e-10,-1.4186620513457364e-09,1.6502081776070653e-09,1.6745530295491508e-09,1.4430069032878219e-09,-7.563332283235923e-10,9.878793545849212e-10,1.502240273504581e-09,1.270694147243252e-09,7.610968141763888e-10,5.295506879150599e-10,-5.152710828361997e-10,7.468172090975287e-10,-6.455072741408983e-10,8.770534004022273e-10,1.8192357161463314e-09,1.5876895898850024e-09,1.2140867811052738e-10,1.1013744815080156e-10,1.7199327075047532e-09,1.4883865812434242e-09,-2.6424375577020243e-10,4.957898820315314e-10,-3.2457173569563534e-10,5.561178619569643e-10,-1.405071586772244e-09,1.636617713033573e-09
-0.4469982368187076,0.9697666322624473,-0.8699898694713449,1.119928349958554,0.16494918341963846,-0.16656407036310428,-0.31720028885401363,2.3896564373632894e-10,1.365071976271539e-09,-2.280420390331024e-10,8.980642935021077e-10,-1.5199542819735885e-10,9.741109043378513e-10,9.367077437926306e-10,2.0628140763278407e-09,-1.7468668687099462e-13,1.1259316458483391e-09,5.426459939853255e-10,1.6687523265205356e-09,6.721281281213053e-10,1.7982344606565154e-09,8.604570679608996e-10,1.9865634004961095e-09,5.75686577236641e-10,1.701792909771851e-09,4.4545038593194237e-10,1.5715567184671524e-09,9.384396835947222e-10,2.0645460161299324e-09,6.467092004842784e-10,1.7728155330194884e-09,5.360337117137665e-10,1.6621400442489766e-09,7.692487818527551e-10,1.895355114387965e-09,7.08073866657394e-10,1.8341801991926041e-09,6.780224210398237e-10,1.8041287535750337e-09
1.2523027845269938,-0.425857127860803,-0.03431985209204743,-0.8114010879005428,0.2539185896756037,0.6523564516325212,-1.0709339120408752,4.908577440280101e-10,3.750950953566431e-09,-2.280420390331024e-10,3.0320511705053177e-09,-1.5199542819735885e-10,3.1080977813410613e-09,-1.806585845291257e-09,1.453507364247163e-09,-1.1204958383154517e-09,2.1395973712229683e-09,-2.620460972048144e-09,6.39632237490276e-10,-2.136745380747439e-09,1.1233478287909811e-09,-1.4829609308088817e-09,1.7771322787295383e-09,-3.5712588646580276e-09,3.111656551196075e-10,-3.7014950559627254e-09,4.4140184642430533e-10,-1.947792301674102e-09,1.312300907864318e-09,-3.4634253782080795e-09,2.033321686696594e-10,-1.808745956760765e-09,1.451347252777655e-09,-3.5328441475704713e-09,2.7275093803205126e-10,-3.5968525730225694e-09,3.367593634841493e-10,-3.699218381050683e-09,4.3912517151226287e-10
-0.5955842752146393,0.7066371942392761,0.599809287381095,0.25525629127889726,1.666572994791702,-0.07912121055797547,3.7605648069729445,4.490395338639429e-09,5.9285547443849715e-09,-2.280420390331024e-10,1.0646992122057502e-08,-1.5199542819735885e-10,1.0570945511221759e-08,1.2423056764602154e-09,9.176644406564185e-09,-1.1980056339569982e-10,1.05387506464201e-08,6.194471851423906e-10,9.79950289788201e-09,2.4791100924998328e-09,7.939839990524567e-09,3.3047137893363567e-09,7.114236293688044e-09,1.5325422561871719e-09,8.886407826837228e-09,1.402306064882473e-09,9.016644018141927e-09,3.6200730797344928e-09,6.798877003289908e-09,2.1060953078727975e-09,8.312854775151603e-09,3.861689596136028e-09,6.5572604868883724e-09,3.901702425252155e-09,6.517247657772245e-09,3.88280656229557e-09,6.53614352072883e-09,4.343931552067487e-09,6.075018530956913e-09
2.5358380808081997,0.28772913607294437,-0.025426878426904193,1.3840655832507922,0.15228363697358746,-0.8198717420180188,-0.2517370963074672,2.0310667569444977e-10,1.1438722067533916e-09,-2.280420390331024e-10,7.127234920258396e-10,-1.5199542819735885e-10,7.887701028615831e-10,-9.395074946214012e-10,1.258036437540734e-12,8.93580425582901e-10,1.834345956641843e-09,-2.3834461551079173e-09,1.4426806240489754e-09,-2.036082814363538e-09,1.095317283304596e-09,-1.1120946531682613e-09,1.7132912210931933e-10,-1.0505979094360672e-09,1.0983237837712528e-10,-1.1808341007407659e-09,2.4006856968182396e-10,-4.5654211133011397e-10,4.84223419728828e-10,-9.848995655965422e-10,4.4134034537600263e-11,-3.6773149334682027e-10,5.730340377121217e-10,-1.0431455425353864e-09,1.0238001147644445e-10,-1.108079255402885e-09,1.6731372434394306e-10,-1.0806013156077215e-09,1.3983578454877954e-10
-0.6021438559682304,-0.7933142415215891,-0.4268156708016601,0.25275977858074766,-0.8079257738582105,0.5561236095318742,-0.14537276212010355,-2.5154589008634177e-09,1.8758343649180058e-09,-2.280420390331024e-10,4.115824969123096e-10,-1.5199542819735885e-10,4.876291077480532e-10,1.254678477486556e-09,1.894303013431968e-09,-9.888448592632205e-10,3.4922032331780855e-10,-1.7023657609981807e-10,4.693879598455939e-10,-1.1090112145109603e-09,4.693866785655483e-10,-1.381714685867754e-09,7.420901499223421e-10,6.909237705329644e-10,1.3305483064783764e-09,5.606875792282655e-10,1.2003121151736775e-09,-1.3588032322564127e-09,7.191786963110007e-10,2.8473823779576504e-10,9.243627737411771e-10,-1.2081254650222886e-09,5.685009290768766e-10,-4.878746633436003e-10,1.5174987260181168e-10,-5.75547966765223e-10,6.407656918018892e-11,-8.974413962290945e-10,2.5781686028368254e-10
-0.5929321473820344,-0.5023226359293775,-0.7805505336223241,-1.3574297176412737,1.4409009415212792,-1.4157216122349634,2.1219208052059457,3.851467758164409e-09,1.928118114111651e-09,-2.280420390331024e-10,6.007627911309163e-09,-1.5199542819735885e-10,5.93158130047342e-09,1.2372764597647294e-09,4.542309412511331e-09,1.7087306078893024e-09,4.0708552643867585e-09,2.2950031299648263e-09,3.4845827423112342e-09,3.760577614522633e-09,2.0190082577534276e-09,4.9696454405240095e-09,8.099404317520511e-10,3.395392221674225e-09,2.3841936506018357e-09,3.2651560303695262e-09,2.5144298419065344e-09,5.135625376406574e-09,6.439604958694865e-10,3.907660410904893e-09,1.871925461371168e-09,3.627573551347217e-09,2.1520123209288435e-09,5.452017913930882e-09,3.275679583451788e-10,5.426757212301762e-09,3.528286599742984e-10,5.806624121609995e-09,2.7038249333934114e-11
-0.5282600144572757,-0.6797222596320492,-1.2428442463468905,0.10586155500662878,-1.2058340470388864,-0.5222765159384878,-0.20454120154624753,-3.6420253788564776e-09,2.8348818821218537e-09,-2.280420390331024e-10,5.791014577015216e-10,-1.5199542819735885e-10,6.551480685372651e-10,1.1098544299690942e-09,1.916997926703718e-09,4.864563916313266e-10,1.2935998883659505e-09,1.0915239166128692e-09,1.898667413347493e-09,-4.076080354287425e-10,3.9953546130588145e-10,-4.5425391864708934e-10,3.528895780875346e-10,1.6349342147251768e-09,2.4420777114598007e-09,1.5046980234204781e-09,2.311841520155102e-09,-5.631561799469721e-10,2.439873167876518e-10,9.875890267378043e-10,1.7947325234724282e-09,-6.099713844840498e-11,7.46146358286219e-10,1.9892031113322152e-11,8.270355278479461e-10,-7.649229801170973e-11,7.306511987229142e-10,-2.3241319830229951e-10,5.747302984323244e-10
-0.5251157812896751,0.6203806735251282,1.3946287328901796,-0.42003693186190805,-1.1419781427088511,2.0228621613089417,-0.8501845979647082,-3.461235166416021e-09,8.261321720603107e-10,-2.280420390331024e-10,2.407060955322608e-09,-1.5199542819735885e-10,2.4831075661583514e-09,1.103424534921648e-09,3.738527529277358e-09,-2.9954110391662054e-09,3.6030804481049524e-10,-2.1093427611706446e-09,5.257602331850656e-10,-3.2802786386881576e-09,6.451756443324474e-10,-4.066948443566267e-09,1.431845449210557e-09,-1.976593013184634e-09,6.585099811710763e-10,-2.1068292044893325e-09,5.282737898663777e-10,-4.078724397823221e-09,1.4436214034675106e-09,-2.5831834652353343e-09,5.1919529120375865e-11,-4.962167622738621e-09,2.3270646283829105e-09,-3.530433735787315e-09,8.953307414316048e-10,-3.6250693804475137e-09,9.899663860918035e-10,-3.763308651325634e-09,1.128205656969924e-09
-0.08532637894688071,1.0212868103679624,1.0523085594977766,1.609016574705275,0.15976032422114048,-0.5403398764822513,-0.2675321659268648,2.2427483375309577e-10,1.2097597063038397e-09,-2.280420390331024e-10,7.574428335176416e-10,-1.5199542819735885e-10,8.334894443533852e-10,1.2683931668408854e-11,9.981688042191527e-10,5.111679043399792e-10,1.4966527768907232e-09,5.57849613825225e-10,1.543334486375969e-09,6.801238442284074e-10,1.6656087167791513e-09,7.037066799021726e-10,1.6891915524529165e-09,-6.130432445126261e-10,3.7244162803811787e-10,-7.432794358173246e-10,2.422054367334194e-10,8.510791145853309e-10,1.8365639871360748e-09,-5.441993332970975e-10,4.4128553925364643e-10,9.253115136167514e-10,1.9107963861674955e-09,-4.813044171075608e-10,5.041804554431832e-10,-5.437624411758392e-10,4.4172243137490474e-10,-6.041751429193035e-10,3.813097296314404e-10
0.9920945117368118,0.18461793796663017,1.0682813526678483,-0.8733636641089527,-0.12121540943719138,1.2178286102814435,-1.389854997590833,-5.712297184361332e-10,3.591799741293297e-09,-2.280420390331024e-10,3.934987420696327e-09,-1.5199542819735885e-10,4.011034031532071e-09,-1.8756651511434156e-09,2.2873643085860144e-09,-1.894087906136221e-09,2.2689415535932088e-09,-3.0038991673059908e-09,1.1591302924234392e-09,-2.923469642676004e-09,1.2395598170534261e-09,-2.1333305149630127e-09,2.0296989447664173e-09,-4.396581271609219e-09,2.3355181187978933e-10,-4.5268174629139176e-09,3.637880031844876e-10,-2.9117546717417888e-09,1.2512747879876412e-09,-4.451163737448537e-09,2.881342777191073e-10,-3.0444707766101416e-09,1.1185586831192884e-09,-4.45707446477217e-09,2.940450050427398e-10,-4.52287973055874e-09,3.598502708293101e-10,-4.308645560891957e-09,1.4561610116252724e-10
-0.4770541742618426,-0.920632614158682,1.125992319813477,1.0847381112086527,-0.1621646002793565,-0.884756157324287,0.3267612731382358,-6.871659500077163e-10,1.3842574692223992e-09,-2.280420390331024e-10,9.251335582477852e-10,-1.5199542819735885e-10,8.490869474120417e-10,1.0024321213522057e-09,3.053406021375229e-10,9.82345306821344e-10,2.852537876066612e-10,1.4825110922616598e-09,7.85419573046977e-10,1.1590733876669055e-09,4.619818684522226e-10,1.474549936347009e-09,7.774584171323262e-10,1.7857940956872734e-09,1.0887025764725905e-09,1.6555579043825751e-09,9.584663851678923e-10,1.5145846423082694e-09,8.174931230935865e-10,1.7122990223356703e-09,1.0152075031209875e-09,1.7210034748616185e-09,1.0239119556469356e-09,1.5788257184395147e-09,8.817341992248318e-10,1.509712725050624e-09,8.126212058359412e-10,1.4968628914254865e-09,7.997713722108037e-10
-0.6027764922697275,1.4150804132981303,-0.4004132211638361,0.31376630537465466,-0.880954587669341,-0.9343496941674647,0.18360974084320816,-2.7222196523038875e-09,3.0140174683547456e-09,-2.280420390331024e-10,5.198398550839604e-10,-1.5199542819735885e-10,4.4379324424821685e-10,1.255866794557728e-09,9.6406897850687e-10,1.0501915590731346e-09,7.583937430222766e-10,1.7027231713783e-09,1.410925355327442e-09,5.306700736018749e-10,2.3887225755101693e-10,7.658652307403757e-10,4.740674146895177e-10,2.797656883452159e-09,2.505859067401301e-09,2.6674206921474604e-09,2.3756228760966022e-09,6.372890466267181e-10,3.4549123057586005e-10,2.34943365373133e-09,2.057635837680472e-09,7.43470200557919e-10,4.5167238450706103e-10,1.529977400085445e-09,1.238179584034587e-09,1.4402497562098214e-09,1.1484519401589635e-09,1.0921979464672332e-09,8.004001304163752e-10
-0.6062146038816616,-0.8975596578076046,-0.7825189256921742,-1.6216142764902508,-0.6359426582002934,-0.53860639982162,0.1730976726927537,-2.028536597559014e-09,2.290572419726163e-09,-2.280420390331024e-10,4.900778612002514e-10,-1.5199542819735885e-10,4.1403125036450784e-10,1.2623095148263142e-09,1.0002736926591652e-09,5.087964280897233e-10,2.4676060592257433e-10,1.2099534785774987e-09,9.479176564103497e-10,3.603591738748654e-10,9.83233517077164e-11,5.441796278616662e-10,2.8214380569451724e-10,2.2682658461787734e-09,2.0062300240116242e-09,2.1380296548740747e-09,1.8759938327069256e-09,4.873094084220623e-10,2.252735862549133e-10,1.9573605052158086e-09,1.6953246830486596e-09,4.78260073453434e-10,2.1622425128628505e-10,1.3453162420505984e-09,1.0832804198834494e-09,1.2623718456061353e-09,1.0003360234389864e-09,9.873419110481636e-10,7.253060888810147e-10
-0.04503441518938038,-1.133604782834592,-0.6768374183435677,-1.0209732505240676,0.13913300288286454,-0.9910978910336599,0.1544052683606679,1.6587431705928713e-10,4.32391671396379e-11,-2.280420390331024e-10,4.371555232320274e-10,-1.5199542819735885e-10,3.611089123962839e-10,-1.0066687962350159e-10,3.097803638224266e-10,1.1278257171609701e-09,9.187122329620451e-10,1.0734309486047432e-09,8.643174644058181e-10,1.130883015408051e-09,9.217695312091259e-10,1.1430238833803581e-09,9.33910399181433e-10,-1.0721789295369896e-10,3.16331377152624e-10,-2.3745408425839747e-10,4.465675684573225e-10,1.4093989635031254e-09,1.2002854793042004e-09,-4.7070152413032615e-11,2.5618363661195767e-10,1.2753704509458244e-09,1.0662569667468994e-09,7.234434234659764e-12,2.0187904996426527e-10,-5.5658528432723816e-11,2.647720126316488e-10,-1.0177069397445369e-10,3.108841781733787e-10
-0.5668277596753355,1.2330941198218304,-1.2594950685390185,-1.281738357367452,-0.09030864036256211,0.1358007649668575,0.14805670060624912,-4.837258077880124e-10,6.748650901483435e-10,-2.280420390331024e-10,4.191813213934334e-10,-1.5199542819735885e-10,3.4313471055768985e-10,1.18695150388816e-09,9.95812221527829e-10,-4.138237667018159e-10,6.049630490621468e-10,3.1336564335128305e-10,1.2222636099095205e-10,1.6592067274034728e-10,2.5218609619983717e-11,2.7830777946026065e-10,8.716849709992965e-11,9.992912645849844e-10,8.081519822246533e-10,8.690550732802861e-10,6.779157909199551e-10,3.530902227421651e-10,1.619509403818341e-10,9.588234202544033e-10,7.676841378940722e-10,-2.7397360506857226e-11,2.1853664286718823e-10,8.611379556899144e-10,6.699986733295834e-10,7.935861597849694e-10,6.024468774246384e-10,7.297979944376898e-10,5.386587120773588e-10
-0.41665993369439586,-0.9002261527734812,0.39466244812511403,1.1154270732405591,-0.12052684579098592,-0.1439324558337202,-0.29288393225280157,-5.692802422023794e-10,4.879810975035106e-10,-2.280420390331024e-10,8.292193006727877e-10,-1.5199542819735885e-10,9.052659115085312e-10,8.683898769207236e-10,1.925651216626614e-09,-3.1135782143347004e-11,1.026125557562543e-09,4.76111134904456e-10,1.533372474610346e-09,2.8079293494873167e-10,1.3380542746546218e-09,3.7816631554681294e-10,1.435427655252703e-09,3.543521990821888e-10,1.4116135387880788e-09,2.2411600777749024e-10,1.2813773474833803e-09,4.191484271135135e-10,1.4764097668194036e-09,3.0008568015071084e-10,1.3573470198566008e-09,3.89028599465343e-10,1.446289939171233e-09,2.0075906829133662e-10,1.2580204079972267e-09,1.3284582651785143e-10,1.1901071662237416e-09,1.511350655633226e-10,1.2083964052692126e-09
-0.5979507527467635,0.5318150529919471,1.3100701996952524,0.07446409392164759,1.379230270219637,-0.7193496607979145,4.538398989645491,3.6768644245659347e-09,8.944306558847065e-09,-2.280420390331024e-10,1.2849213022446102e-08,-1.5199542819735885e-10,1.2773166411610358e-08,1.2467802196398984e-09,1.1374390763773101e-08,7.560615690250352e-10,1.1865109414387964e-08,1.4266027341639498e-09,1.119456824924905e-08,2.88987787049301e-09,9.731293112919989e-09,3.8458920555764965e-09,8.775278927836502e-09,2.4546621057262245e-09,1.0166508877686775e-08,2.324425914421526e-09,1.0296745068991473e-08,4.06301209351375e-09,8.55815888989925e-09,2.9494148342343995e-09,9.6717561491786e-09,7.0016486831007945e-09,5.619522300312205e-09,4.425461025245914e-09,8.195709958167085e-09,4.3986863726311035e-09,8.222484610781897e-09,4.7811018367895105e-09,7.84006914662349e-09
-0.6061322558235555,-0.8632463430737162,0.5698084417593059,-0.9764823400177921,-0.3290508235452878,0.20373272457068262,0.5053285423260314,-1.1596578217333786e-09,2.3623128416154388e-09,-2.280420390331024e-10,1.4306970589151625e-09,-1.5199542819735885e-10,1.354650448079419e-09,1.2621555033988849e-09,5.950048351682467e-11,-5.067578294974117e-10,1.709412849379472e-09,2.7740704021895354e-10,9.252479796631067e-10,-1.4323106414731484e-10,1.3458860840293751e-09,-1.167404638528863e-10,1.3193954837349464e-09,1.2209194776857078e-09,1.8264457803647613e-11,1.090683286381009e-09,1.1197173350105128e-10,-5.6905412271695384e-11,1.2595604321537556e-09,1.0677874819664637e-09,1.3486753791559644e-10,-2.400196551310472e-11,1.226656985395165e-09,7.324755154964357e-10,4.701795043856245e-10,6.581344563161504e-10,5.445205635659098e-10,4.886890165908151e-10,7.139660032912451e-10
-0.5791145096640782,-0.0650542096405757,-0.6944582823635418,1.4743196650758843,-0.23352822312219831,0.20725250717527505,-0.05600032917226193,-8.892121768937315e-10,5.026207990953075e-10,-2.280420390331024e-10,1.5854933876532162e-10,-1.5199542819735885e-10,2.3459594960106516e-10,1.2108247464297692e-09,1.5974161242281932e-09,-5.11573054901032e-10,1.2498167710260795e-10,2.390492276529827e-10,6.256406054514068e-10,-6.809071808428141e-11,3.185006597141426e-10,-2.1126372218911212e-11,3.6546500557951277e-10,9.955936417297655e-10,1.3821850195281895e-09,8.653574504250668e-10,1.2519488282234908e-09,4.296417902106559e-11,4.295555568194896e-10,8.88553324407101e-10,1.275144702205525e-09,-1.7552061984401157e-10,2.1107075795441243e-10,6.53928880935223e-10,1.040520258733647e-09,5.824397028257075e-10,9.690310806241315e-10,4.748313886327897e-10,8.614227664312137e-10
0.5701214615422808,-0.9569823893312339,1.3700611842541945,1.3128519553683666,2.6113651004736136,0.4453883044346446,-0.9814933054366183,7.165311108612437e-09,1.0172178145278678e-08,-2.280420390331024e-10,2.7788249976331377e-09,-1.5199542819735885e-10,2.8548716084688813e-09,-1.5749992614765114e-09,1.4318677751897286e-09,-8.373538400491078e-10,2.1695131966171325e-09,-1.5036113086750963e-09,1.5032557279911437e-09,1.617199014632421e-09,4.624066051298661e-09,1.25721132198474e-09,4.26407835865098e-09,-3.178691326679736e-09,1.718242900134961e-10,-3.3089275179844357e-09,3.020604813181956e-10,1.146150844516044e-09,4.1530178811822846e-09,-2.390816615704434e-09,6.160504209618059e-10,2.048484831456164e-09,5.055351868122404e-09,-2.0328474169968126e-09,9.740196196694275e-10,-2.075390156728915e-09,9.314768799373249e-10,-4.534333977746823e-09,1.5274669410805832e-09
-0.6072322212683912,-0.865642257918192,-1.6891709873317367,0.9164499088866868,-0.5791447963580361,-0.67156808534584,0.13201064089525158,-1.8677292671114907e-09,2.0134385994238195e-09,-2.280420390331024e-10,3.737513713454314e-10,-1.5199542819735885e-10,2.977047605096879e-10,1.2642114921493845e-09,1.1185021598370555e-09,6.906941637649408e-10,5.449848314526118e-10,1.3782432255469502e-09,1.2325338932346212e-09,5.80949254250512e-10,4.352399219381829e-10,8.342629296353116e-10,6.885535973229825e-10,2.4642266827243896e-09,2.318517350412061e-09,2.333990491419691e-09,2.1882811591073617e-09,7.721990467410087e-10,6.264897144286796e-10,2.1836767040989693e-09,2.0379673717866404e-09,7.082983612284003e-10,5.625890289160713e-10,1.623896532656643e-09,1.478187200344314e-09,1.5425277256429542e-09,1.3968183933306252e-09,1.2847202856161125e-09,1.1390109533037834e-09
-0.6027175221891754,0.6390303408903212,-0.3369146806223258,1.0367501395600212,0.5805646883762013,-0.6034959522798472,1.66495742899274,1.4156652179259335e-09,3.0701560960078664e-09,-2.280420390331024e-10,4.713863352966903e-09,-1.5199542819735885e-10,4.637816742131159e-09,1.2557560646217654e-09,3.2300652493120346e-09,5.975683371896552e-10,3.888252976744145e-09,1.287067802555308e-09,3.198753511378492e-09,1.8379575215817768e-09,2.6478637923520233e-09,2.478316759374074e-09,2.007504554559726e-09,2.3306812792029755e-09,2.1551400347308246e-09,2.2004450878982768e-09,2.2853762260355233e-09,2.5911051512491286e-09,1.8947161626846714e-09,2.56519511397652e-09,1.92062619995728e-09,1.914953567783088e-09,2.570867746150712e-09,3.1610749627966053e-09,1.3247463511371947e-09,3.112174039276577e-09,1.373647274657223e-09,3.249583637826315e-09,1.2362376761074852e-09
-0.2550314894889696,1.8504595597170757,-0.5683914540301659,1.0102522836490708,0.12011774438820846,-0.47586702846783724,-0.2584805686691029,1.1203790742845404e-10,1.071895702760177e-09,-2.280420390331024e-10,7.318157562986207e-10,-1.5199542819735885e-10,8.078623671343642e-10,4.730300198399038e-10,1.4328878151716268e-09,4.2296606619301844e-10,1.3828238615247414e-09,6.900305585609654e-10,1.6498883538926885e-09,7.55963284426416e-10,1.715821079758139e-09,8.587977418406806e-10,1.8186555371724036e-09,-3.523445541433677e-11,9.246233399173862e-10,-1.6547064671903543e-10,7.943871486126876e-10,9.644872537554535e-10,1.9243450490871768e-09,1.684679375066041e-11,9.767045890823834e-10,7.616683366937648e-10,1.7215261320254879e-09,8.08367532698781e-11,1.0406945486016012e-09,1.8088576886161166e-11,9.779463722178843e-10,-1.262817444135256e-11,9.472296208903704e-10
0.7684919152779222,0.9863305524101916,-0.6077573067250488,-1.056080825019632,-1.203749105156594,-0.1314831755314277,-0.5433604559828593,-3.636122446468621e-09,1.869706574983521e-09,-2.280420390331024e-10,1.5383738324519977e-09,-1.5199542819735885e-10,1.6144204432877412e-09,-1.7955780751604657e-09,2.9162203675365716e-11,-4.8166973413561437e-11,1.7182488980715386e-09,-1.0281808462973803e-09,7.382350251877197e-10,-2.35645673418046e-09,5.9004086269536e-10,-1.8363480937393278e-09,6.99322222542278e-11,-2.4615366404881785e-09,6.951207690030785e-10,-2.591772831792877e-09,8.253569603077772e-10,-1.855179817137051e-09,8.876394565195099e-11,-3.1075382386149157e-09,1.3411223671298157e-09,-1.3845390411395163e-09,3.8187683034558373e-10,-2.910714603545915e-09,1.1442987320608148e-09,-2.9843666826077256e-09,1.2179508111226255e-09,-1.7319844436735473e-09,3.443142781155267e-11
-0.5611513588673593,0.42633047570015054,-0.23472931303315248,0.33475819228596915,3.5516670909277877,-0.34704732272741323,0.6979355719633435,9.827514367590234e-09,8.079546174697853e-09,-2.280420390331024e-10,1.9760102319254826e-09,-1.5199542819735885e-10,1.899963621089739e-09,1.175810059263583e-09,5.721581336287973e-10,2.467347504410637e-10,1.5012334424513165e-09,9.127351034271788e-10,8.352330894652014e-10,4.928770887178544e-09,3.1808026942861635e-09,6.3801830614146445e-09,4.632214868522264e-09,1.6359027380421689e-09,1.1206545485021137e-10,1.50566654673747e-09,2.4230164615491026e-10,6.922986623310492e-09,5.175018430418112e-09,2.5825289613952085e-09,8.345607685028283e-10,4.945378776999667e-09,3.197410584107287e-09,6.528054141990618e-09,4.780085949098238e-09,6.558107084111827e-09,4.8101388912194465e-09,7.224403456996838e-09,5.476435264104458e-09
-0.5891260049258127,-0.351067603019745,1.558917179129935,-1.1586277840812678,-0.09312735736106349,-0.7220219609046343,1.2379698894887061,-4.917062200978087e-10,3.768631210562698e-09,-2.280420390331024e-10,3.504967029497992e-09,-1.5199542819735885e-10,3.4289204186622484e-09,1.2300319727863497e-09,2.04689301767854e-09,7.597173991729498e-10,2.51720759129194e-09,1.4188747206083124e-09,1.8580502698565772e-09,1.1803197230731175e-09,2.0966052673917722e-09,1.6035254963977585e-09,1.673399494067131e-09,2.386350320894128e-09,8.905746695707616e-10,2.2561141295894293e-09,1.0208108608754603e-09,1.6131639655189578e-09,1.6637610249459317e-09,2.3446008713272277e-09,9.323241191376618e-10,2.8978867382684427e-09,3.7903825219644683e-10,2.251087867390994e-09,1.0258371230738956e-09,2.1834035211172113e-09,1.0935214693476782e-09,2.1055750237038685e-09,1.171349966761021e-09
-0.5800262015163962,1.1901690651800905,-0.2489211510533792,-0.17487083985735957,-0.5428887812810128,-0.6735878462131901,0.3748971462128464,-1.765080455904594e-09,2.5984552963010963e-09,-2.280420390331024e-10,1.0614168794296044e-09,-1.5199542819735885e-10,9.853702685938608e-10,1.2125829473030424e-09,3.792081069065404e-10,6.934572900514942e-10,1.3991755034500784e-10,1.3466070769574835e-09,5.132322365609815e-10,5.937488909962116e-10,2.396259494002904e-10,8.355525511519775e-10,2.1777107554754486e-12,2.2448119185132108e-09,1.4114370781167087e-09,2.114575727208512e-09,1.28120088681201e-09,7.891433483158508e-10,4.4231492080651215e-11,1.9833582121998556e-09,1.1499833718033535e-09,7.331091828805463e-10,1.0026565751595574e-10,1.477927049972729e-09,6.44552209576227e-10,1.3979844336173589e-09,5.646095932208569e-10,1.2094782213463628e-09,3.7610338094986074e-10
-0.39546600422172923,1.2579826989628173,-0.43331039044134906,-1.1846211593353766,1.4386832191563776,-0.5051633545131928,0.319575560728687,3.845188894812757e-09,3.1684417194248246e-09,-2.280420390331024e-10,9.047892144210344e-10,-1.5199542819735885e-10,8.287426035852909e-10,8.195048964215377e-10,1.427577210336056e-10,4.630447952663075e-10,2.137023801216246e-10,9.03227370507707e-10,2.264801951197749e-10,2.476836976484022e-09,1.80008980109609e-09,2.9615659014932546e-09,2.2848187261053226e-09,7.370320749047629e-10,6.028489951683081e-11,6.06795883600064e-10,6.995129178786808e-11,3.2015726325914895e-09,2.5248254572035574e-09,1.2486762447798682e-09,5.719290693919361e-10,2.288270957955655e-09,1.611523782567723e-09,2.4130661840461678e-09,1.7363190086582357e-09,2.380613000697172e-09,1.70386582530924e-09,2.0467567679735712e-09,1.3700095925856391e-09
-0.5406994631107255,-0.2192205508886011,0.08305534638546175,-0.7229089465528354,1.4258236185402746,-0.6884613963658861,1.2650649419400173,3.808780516422739e-09,4.551434295565488e-10,-2.280420390331024e-10,3.5816791258992923e-09,-1.5199542819735885e-10,3.5056325150635487e-09,1.1350791634706442e-09,2.218557923395546e-09,7.138049946068367e-10,2.6398320922593532e-09,1.3158917293308077e-09,2.037745357535382e-09,2.84183920256866e-09,5.117978842975299e-10,3.664212997709275e-09,3.10575910843085e-10,1.9614746081617564e-09,1.3921624787044335e-09,1.8312384168570577e-09,1.5223986700091322e-09,3.89629950800401e-09,5.426624211378199e-10,2.4694918032951745e-09,8.841452835710154e-10,3.264713258571963e-09,8.892382829422706e-11,3.88505976971435e-09,5.3142268284816e-10,3.857374810120429e-09,5.037377232542389e-10,4.017933119546956e-09,6.642960326807664e-10
0.26664768102385644,-1.133179320106563,1.5324278877157032,-0.7298534542496155,-0.19072769038594753,-0.7629021936654258,-0.033239318097672534,-7.680343862550062e-10,4.4588447351307315e-10,-2.280420390331024e-10,9.410787370883061e-11,-1.5199542819735885e-10,1.7015448454457415e-10,-9.54690317828791e-10,6.32540405086858e-10,8.156434484235008e-10,1.137793361165434e-09,3.9529712269105336e-10,7.174470354329864e-10,1.2522972892439133e-10,4.4737964166632433e-10,8.782028682925537e-11,4.099701995711884e-10,-1.1405775877689802e-09,8.184276750270472e-10,-1.2708137790736789e-09,9.48663866331746e-10,3.526159438339405e-10,6.747658565758736e-10,-1.227409086900253e-09,9.0525917415832e-10,-2.9515560228437753e-11,2.9263435251349525e-10,-1.2582444090891151e-09,9.36094496347182e-10,-1.325595962527375e-09,1.003446049785442e-09,-1.0573167246384857e-09,7.351668118965527e-10
-0.09448491108331643,0.5913479627613127,0.07369072085623574,-0.5145968083612744,-0.1352082542703885,1.165933367407525,-1.204638789884516,-6.108465622751162e-10,3.0277947787679936e-09,-2.280420390331024e-10,3.4105993020100075e-09,-1.5199542819735885e-10,3.486645912845751e-09,3.8313324432169844e-11,3.6769546654752796e-09,-1.8230928135735465e-09,1.8155485274695634e-09,-1.5738752064549182e-09,2.0647661345881914e-09,-1.6232640569313478e-09,2.015377284111762e-09,-1.665008863279583e-09,1.9736324777635268e-09,-2.9878804316141978e-09,6.507609094289121e-10,-3.1181166229188973e-09,5.205247181242126e-10,-1.9355569323365032e-09,1.7030844087066066e-09,-3.0488982942082174e-09,5.897430468348925e-10,-1.8618710659888895e-09,1.7767702750542204e-09,-3.129374436281626e-09,5.092669047614837e-10,-3.1967645150315466e-09,4.4187682601156325e-10,-3.0466962326081875e-09,5.919451084349223e-10
0.14353576488560874,0.18493099529073057,-0.8271446779824086,0.08823887626067736,-0.3615116127734311,-0.6715527072179347,-0.20312698230785678,-1.2515615077294211e-09,4.4842197897909815e-10,-2.280420390331024e-10,5.750974897172207e-10,-1.5199542819735885e-10,6.511441005529642e-10,-6.300766586835919e-10,1.7306287006673113e-10,6.906731257746815e-10,1.4938126545250045e-09,4.3519351817644564e-10,1.2383330469267686e-09,-3.551677492256783e-11,7.676227538277552e-10,-4.780143448380935e-11,7.553380942665136e-10,-1.0431799508102806e-09,2.400404220599576e-10,-1.1734161421149793e-09,3.702766133646563e-10,1.4268376110993262e-10,9.458232898602556e-10,-1.2122916707272648e-09,4.091521419769418e-10,3.0898571697094555e-10,1.1121252457212686e-09,-1.293392308107606e-09,4.90252779357283e-10,-1.3632983920227326e-09,5.601588632724096e-10,-9.599007101325282e-10,1.5676118138220523e-10
-0.6013271347323517,-0.5543841198711311,1.6063194247868233,-1.6461803445080436,0.0878866058044545,2.114304772887389,1.3150965872290517,2.0784413285801176e-11,3.474503345909769e-09,-2.280420390331024e-10,3.7233297982286727e-09,-1.5199542819735885e-10,3.647283187392929e-09,1.2531430900114182e-09,2.2421446691841524e-09,-3.1205087613014904e-09,6.615796520497061e-09,-2.128474556321116e-09,5.6237623155166865e-09,-1.8758333026022593e-09,5.371121061797829e-09,-2.38496394302377e-09,5.88025170221934e-09,-1.5127915077961053e-09,5.008079266991676e-09,-1.643027699100804e-09,5.138315458296374e-09,-2.0880735265090993e-09,5.58336128570467e-09,-1.474493335017618e-09,4.969781094213188e-09,1.6130068439911745e-10,3.333987074796453e-09,-1.4218504709289454e-09,4.9171382301245155e-09,-1.4845170018558521e-09,4.979804761051423e-09,-1.5106516456590664e-09,5.005939404854637e-09
-0.5430623234612664,-0.7199442618059321,0.403619138668519,-0.9527945666792879,1.3773244584245852,0.7275343400036811,0.9986722660788505,3.6714686491413447e-09,1.0720482469626649e-09,-2.280420390331024e-10,2.827462441211782e-09,-1.5199542819735885e-10,2.7514158303760386e-09,1.1398320161177668e-09,1.459588386060913e-09,-1.2233426668107724e-09,3.8227630689894524e-09,-4.597550597188537e-10,3.0591754618975335e-09,1.1512185049186128e-09,1.448201897260067e-09,1.5228433190314147e-09,1.0765770831472651e-09,-1.727253906469874e-11,2.6166929412433785e-09,-1.4750873036939737e-10,2.746929132548077e-09,1.8160515253979283e-09,7.833688767807515e-10,4.769334983777086e-10,2.1224869038009715e-09,1.7073240056814411e-09,8.920963964972387e-10,1.8291299980189118e-09,7.70290404159768e-10,1.8002572980543803e-09,7.991631041242995e-10,1.9630253561458686e-09,6.363950460328112e-10
-0.6043566343599492,-0.7822509974236438,-0.7798611735050515,-0.7292346013304526,1.0583851029438898,-0.04970437139219383,1.3554146419639315,2.7684806727287123e-09,8.409564318904472e-10,-2.280420390331024e-10,3.837479143652262e-09,-1.5199542819735885e-10,3.761432532816518e-09,1.2588310475822237e-09,2.350606057036936e-09,-1.6004415999182624e-10,3.769481264610986e-09,5.935159088670523e-10,3.0159211957521075e-09,1.7520095318395647e-09,1.8574275727795949e-09,2.3680055504111e-09,1.2414315542080597e-09,1.5634711420951104e-09,2.0459659625240493e-09,1.4332349507904118e-09,2.1762021538287476e-09,2.602540256326227e-09,1.0068968482929326e-09,1.9614314406302696e-09,1.64800566398889e-09,1.4198049318445402e-09,2.1896321727746193e-09,3.0772221135063933e-09,5.322149911127662e-10,3.0417168595476217e-09,5.677202450715378e-10,3.343012276820097e-09,2.6642482779906244e-10
-0.5878316154917876,-0.9695194367568732,0.9387729053831522,-1.2931140984656146,-0.4881185351430125,-0.6727252997718998,0.4408337662346929,-1.610013754734289e-09,2.630069774677539e-09,-2.280420390331024e-10,1.2480980589763525e-09,-1.5199542819735885e-10,1.172051448140609e-09,1.2275610401851383e-09,2.0750502024188807e-10,6.922772866244403e-10,3.277787333188099e-10,1.355327927082617e-09,3.352719071393667e-10,6.651059673149141e-10,3.549500526283361e-10,9.326945624853401e-10,8.736145745791008e-11,2.3063589728038607e-09,1.2863029528606105e-09,2.1761227814991624e-09,1.1560667615559122e-09,8.910676487004875e-10,1.2898837124276273e-10,2.073344813261114e-09,1.0532887933178638e-09,9.104389260219803e-10,1.096170939212699e-10,1.6110828917620343e-09,5.910268718187841e-10,1.5325314272087872e-09,5.12475407265537e-10,1.3435667672598811e-09,3.2351074731663094e-10
-0.5160053127592917,1.9874918016915513,1.5569951730538443,1.569493015183303,0.16774791574920578,-1.2174558779008364,0.7437869111670404,2.4688947502076756e-10,1.6308940175261626e-09,-2.280420390331024e-10,2.1058255315800325e-09,-1.5199542819735885e-10,2.029778920744289e-09,1.0846707802553315e-09,7.931127122915987e-10,1.4374939129333518e-09,4.4028957961357837e-10,1.949337144313248e-09,7.15536517663178e-11,1.9702706895173736e-09,9.248719697044345e-11,2.523975426742848e-09,6.461919341959178e-10,2.5260797333859715e-09,6.482962408390413e-10,2.3958435420812728e-09,5.180600495343426e-10,2.5796636558825637e-09,7.018801633356335e-10,2.5982760260563124e-09,7.204925335093822e-10,4.081018283922314e-09,2.203234791375384e-09,2.7497367538317945e-09,8.719532612848643e-10,2.688915239221981e-09,8.111317466750508e-10,2.670741174800136e-09,7.929576822532058e-10
-0.6010036980804849,-0.2566172679609893,0.21276262513925132,0.5717298745145484,0.4010098429210503,-0.7850224525502961,1.5284025556964727,9.073056700480503e-10,3.19189854383789e-09,-2.280420390331024e-10,4.327246252919043e-09,-1.5199542819735885e-10,4.2511996420832995e-09,1.2525346453809116e-09,2.8466695685050286e-09,8.459049857065445e-10,3.2532992281793957e-09,1.5129282833586387e-09,2.5862759305273017e-09,1.838255643720071e-09,2.2609485701658693e-09,2.476227824560607e-09,1.6229763893253333e-09,2.57243533413929e-09,1.5267688797466504e-09,2.4421991428345912e-09,1.657005071051349e-09,2.5465813469635727e-09,1.5526228669223675e-09,2.7389210678440926e-09,1.3602831460418477e-09,2.2680773372544288e-09,1.8311268766315115e-09,3.1456875405220543e-09,9.53516673363886e-10,3.0917518503886748e-09,1.0074523634972655e-09,3.1678171664502495e-09,9.313870474356908e-10
-0.5970396742415024,-1.0270902859815052,-0.3555021627856348,-1.4276457383347698,1.5898584892511785,0.5183048429745173,1.6440490492996729,4.273199577347668e-09,1.534254814214016e-10,-2.280420390331024e-10,4.654667097802173e-09,-1.5199542819735885e-10,4.578620486966429e-09,1.2450590000460644e-09,3.1815660587230056e-09,-9.371070373809929e-10,5.363732096150063e-09,-1.291441903078388e-10,4.555769249076909e-09,1.701303829816127e-09,2.725321228952943e-09,2.2916533570041426e-09,2.1349717017649274e-09,7.021436111248e-10,3.7244814476442703e-09,5.719074198201015e-10,3.8547176389489685e-09,2.650589539041951e-09,1.7760355197271192e-09,1.2553479175190242e-09,3.171277141250046e-09,1.4814916773029828e-09,2.9451333814660874e-09,2.9583086839694675e-09,1.4683163747996025e-09,2.9373493739034768e-09,1.4892756848655932e-09,3.3819213384829756e-09,1.0447037202860944e-09
-0.007382850418843876,1.6197744810881474,0.7094517692003999,0.7563684477512319,-0.3043046441163081,0.083790382312399,-0.6479613068970366,-1.089595905251357e-09,9.72968149500983e-10,-2.280420390331024e-10,1.8345220157192376e-09,-1.5199542819735885e-10,1.910568626554981e-09,-2.0714012207176937e-10,1.8554239326805707e-09,-3.426711575938012e-10,1.7198928971585387e-09,-3.2401659577096843e-10,1.7385474589813716e-09,-6.682484422189495e-10,1.3943156125333904e-09,-6.653960885312484e-10,1.3971679662210914e-09,-1.7350731045652384e-09,3.274909501871016e-10,-1.865309295869937e-09,1.9725475888240292e-10,-7.120986947898206e-10,1.3504653599625194e-09,-1.876131823951083e-09,1.8643223080125714e-10,-7.451114901987619e-10,1.317452564553578e-09,-1.9886337067730913e-09,7.393034797924872e-11,-2.0584386683142914e-09,4.125386438048617e-12,-1.7518559988337442e-09,3.1070805591859583e-10
1.6191222875321114,-1.0506873241131265,0.42459004611103757,-0.9673246244366759,-0.1302715479303598,0.09460152921011956,-0.7149463646453178,-5.968696528987011e-10,1.6553439408854091e-09,-2.280420390331024e-10,2.024171554751008e-09,-1.5199542819735885e-10,2.1002181655867515e-09,-1.5646938477117021e-09,6.875197460724081e-10,-3.574613065979615e-10,1.8947522871861487e-09,-2.3806293508715668e-09,1.2841575708745652e-10,-2.360200184016797e-09,1.079865902326868e-10,-1.5041824043295833e-09,7.48031189454527e-10,-2.6793564592950375e-09,4.271428655109272e-10,-2.809592650599736e-09,5.573790568156259e-10,-1.6229308551763062e-09,6.292827386078041e-10,-2.738100677760102e-09,4.858870839759918e-10,-1.5957840665983397e-09,6.564295271857706e-10,-2.712061875228133e-09,4.5984828144402285e-10,-2.777574465708439e-09,5.253608719243289e-10,-2.588452670458461e-09,3.3623907667435065e-10
1.3721076897533286,-1.140572497080053,0.6777349172926045,-0.4452436419730381,-0.48683554767336185,1.5129362908420234,-1.660282425956299,-1.6063813329617031e-09,3.322288089694737e-09,-2.280420390331024e-10,4.700627383623337e-09,-1.5199542819735885e-10,4.776673994459081e-09,-1.7387054612085259e-09,3.189963961447914e-09,-2.297808862761404e-09,2.630860559895036e-09,-3.8519101361289444e-09,1.0767592865274956e-09,-4.126848152018328e-09,8.01821270638112e-10,-2.711507077470129e-09,2.217162345186311e-09,-4.756213666130036e-09,1.724557565264041e-10,-4.886449857434734e-09,4.221956522170582e-11,-3.805581641413917e-09,1.1230877812425234e-09,-4.988567465107117e-09,5.989804245067655e-11,-3.795857963892211e-09,1.1328114587642288e-09,-4.881835656454614e-09,4.6833766201826484e-11,-4.948841096254914e-09,2.0171673598474036e-11,-4.4700446329752654e-09,4.5862478968117466e-10
0.7151865513016284,0.042556550100708086,1.0182165745332592,0.1335720172151621,-1.0366986977692805,-1.0616466231708668,-0.017752331489895357,-3.1631657331203165e-09,2.8848629106084656e-09,-2.280420390331024e-10,5.02607834787486e-11,-1.5199542819735885e-10,1.2630739431449214e-10,-1.7511951427749082e-09,1.4728923202630574e-09,1.2243396458158368e-09,1.5026424683276879e-09,2.0714217646207264e-10,4.854449989739237e-10,-1.0261448631453715e-09,7.478420406335205e-10,-8.412035791776259e-10,5.629007566657749e-10,-1.1314801346945642e-09,8.531773121827132e-10,-1.2617163259992629e-09,9.83413503487412e-10,-3.6020157318097306e-10,8.189875066912207e-11,-1.6726333627918232e-09,1.3943305402799721e-09,-7.635073865299802e-10,4.852045640181292e-10,-1.5298708778125877e-09,1.2515680553007366e-09,-1.6027410597030465e-09,1.3244382371911954e-09,-5.004147980227778e-10,2.221119755109268e-10
0.1335379583066852,-0.38953019356882335,-0.6802279108740754,-0.900042137380784,-0.7864754801051366,-0.5335429194242189,-0.2146024992655551,-2.4547283669336934e-09,1.6190991072741724e-09,-2.280420390331024e-10,6.075872206264187e-10,-1.5199542819735885e-10,6.836338314621622e-10,-6.026239754171861e-10,2.330052842423349e-10,5.018693527048726e-10,1.3374986123643936e-09,2.7439925025870376e-10,1.1100285099182248e-09,-6.74906646527276e-10,1.60722613132245e-10,-6.479984045482447e-10,1.8763085511127635e-10,-1.2165363518415579e-09,3.8090709218203684e-10,-1.3467725431462564e-09,5.111432834867353e-10,-5.364599534876825e-10,2.9916930617183856e-10,-1.6105560817777515e-09,7.749268221182305e-10,-2.2042125115066129e-10,6.152080085088597e-10,-1.7634568182243449e-09,9.278275585648238e-10,-1.8390959376980991e-09,1.0034666780385781e-09,-1.0589918094666237e-09,2.2336254980710265e-10
-0.5722416690284431,-0.8603789283876224,0.8049463443800858,-1.3959622806835996,0.4162509406917626,0.9179557350855782,1.1717981005846336,9.504565945037045e-10,2.139121401207165e-09,-2.280420390331024e-10,3.317620034743972e-09,-1.5199542819735885e-10,3.2415734239082286e-09,1.1975116743054837e-09,1.8920663214053863e-09,-1.4838479428453757e-09,4.573425938556246e-09,-6.622892058451681e-10,3.751867201556038e-09,-1.4648230485198187e-10,3.2360603005628515e-09,-1.2291673288445116e-10,3.212494728595321e-09,-6.098590122848599e-11,3.150563896939356e-09,-1.9122209253318465e-10,3.2808000882440542e-09,7.906931596646461e-11,3.010508679744405e-09,1.1142404629513673e-10,2.978153949415733e-09,4.817079073860292e-10,2.6078700883248404e-09,4.979178627721656e-10,2.5916601329387044e-09,4.44078082695229e-10,2.6454999130156406e-09,4.955992382657087e-10,2.5939787574451613e-09
-0.6028591774783191,1.244677961566421,-1.504968590754218,1.6516592519950835,-0.8771212015973741,-0.9368617207929453,0.1069682509480734,-2.7113664870470734e-09,2.78617526527489e-09,-2.280420390331024e-10,3.028508172609193e-10,-1.5199542819735885e-10,2.2680420642517574e-10,1.2560220423271181e-09,1.1812132640993013e-09,1.0536281276855831e-09,9.788193494577663e-10,1.705982356853425e-09,1.631173578625608e-09,5.381026960312417e-10,4.632939178034248e-10,7.756463111134685e-10,7.008375328856516e-10,2.8018843356698544e-09,2.7270755574420376e-09,2.6716481443651557e-09,2.596839366137339e-09,6.473280948310624e-10,5.725193166032456e-10,2.3558917276746024e-09,2.2810829494467856e-09,8.40112254114062e-10,7.653034758862451e-10,1.5396419410949483e-09,1.4648331628671315e-09,1.4500193571402993e-09,1.3752105789124824e-09,1.102974126111164e-09,1.0281653478833471e-09
-0.5199367753270826,-1.08894483082353,1.6396639845840606,0.8932336884486658,-0.40311024921339583,1.1924182655158113,-0.5204106319347109,-1.3693364636731136e-09,3.3210337139581625e-10,-2.280420390331024e-10,1.4733977960358275e-09,-1.5199542819735885e-10,1.549444406871571e-09,1.092786065268123e-09,2.794225900337053e-09,-1.8593253791919222e-09,1.5788554412299237e-10,-1.0727377298348463e-09,6.287021052340835e-10,-1.4717174472142993e-09,2.2972238785463057e-10,-1.788106629996805e-09,8.666679492787519e-11,-8.433558219066878e-10,8.580840131622421e-10,-9.73592013211387e-10,7.278478218575428e-10,-1.7363448323166713e-09,3.4904997247741485e-11,-1.0331846723620677e-09,6.682551627068622e-10,-1.340854453953436e-09,3.605853811154938e-10,-1.4018244494790115e-09,2.996153855899184e-10,-1.4773082091498606e-09,2.2413162591906924e-10,-1.5394331028153023e-09,1.6200673225362758e-10
-0.597592172236716,2.141529266223475,1.54266926161681,1.6115412469555483,2.124338738189447,-0.1039059588149086,3.5475906855386445,5.7864315762456525e-09,4.029541584559888e-09,-2.280420390331024e-10,1.0044015199838642e-08,-1.5199542819735885e-10,9.967968589002899e-09,1.2461030020570216e-09,8.56987015874852e-09,-8.589388141102231e-11,9.901867042216563e-09,6.531010958336839e-10,9.162872064971857e-09,3.0393908475009497e-09,6.776582313304591e-09,4.0404318263720975e-09,5.775541334433443e-09,1.583969221716103e-09,8.232003939089437e-09,1.453733030411404e-09,8.362240130394136e-09,4.419814608202281e-09,5.396158552603259e-09,2.2692853840871323e-09,7.546687776718407e-09,1.1526547356124465e-08,1.7105741953189249e-09,4.613119887906284e-09,5.202853272899256e-09,4.607038532102316e-09,5.208934628703225e-09,5.2227439666136895e-09,4.593229194191851e-09
-0.24383032626965784,0.1944091265056534,-0.9656271172651718,-0.33263864940206744,-0.9805631383064206,-0.8092305289340421,-0.06657360259688107,-3.004233527442028e-09,2.5877068700686997e-09,-2.280420390331024e-10,1.884846183402256e-10,-1.5199542819735885e-10,2.6453122917596915e-10,4.438515455672061e-10,8.603782029405341e-10,8.790227538958924e-10,1.2955494112692203e-09,1.09469468981415e-09,1.511221347187478e-09,-1.4421504004132243e-10,2.723116173320056e-10,-1.3592007354073238e-10,2.806065838325956e-10,3.839419518737565e-10,8.004686092470845e-10,2.537057605690578e-10,6.702324179423858e-10,-8.856645046273679e-11,3.2796020691059123e-10,-1.2319221274397175e-10,2.9333444462935625e-10,2.839559818742692e-10,7.004826392475972e-10,-6.031099683979621e-10,1.8658331102463405e-10,-6.873590495887842e-10,2.708323922154562e-10,-1.5043394498948448e-10,2.660927123838435e-10
-0.5644702356740502,0.3056740625704841,-1.5050767685283362,-0.5366411444269789,-0.46707556110308707,-0.541636401085939,0.1087401872593101,-1.5504364331542122e-09,1.6302619556518111e-09,-2.280420390331024e-10,3.0786756153070117e-10,-1.5199542819735885e-10,2.3182095069495763e-10,1.182332848819572e-09,1.1025073263219733e-09,5.129416099659888e-10,4.3311608746839006e-10,1.1613248406057104e-09,1.0814993181081117e-09,5.108509858425193e-10,4.3102546334492055e-10,7.204638022908266e-10,6.406382797932279e-10,1.9360441485281284e-09,1.8562186260305297e-09,1.8058079572234301e-09,1.7259824347258315e-09,6.989840620076196e-10,6.191585395100208e-10,1.7138274619136508e-09,1.6340019394160522e-09,5.842753161779638e-10,5.04449793680365e-10,1.2843776834241256e-09,1.2045521609265267e-09,1.206702149040328e-09,1.1268766265427294e-09,1.065253787636813e-09,9.85428265139214e-10
-0.6069659982432959,-1.170775519276957,-1.4234021750561279,-1.4230330876154547,-0.9535035765567812,0.6605873842267769,-0.2951842239781577,-2.927621913080129e-09,1.863847937869889e-09,-2.280420390331024e-10,8.357319361771376e-10,-1.5199542819735885e-10,9.117785470128811e-10,1.263714126354648e-09,2.327488101564888e-09,-1.1317561348097957e-09,6.798215959955578e-11,-2.9539519943362427e-10,7.683787757766157e-10,-1.3925513068087779e-09,3.28777331598538e-10,-1.7569675060621656e-09,6.931935308519257e-10,5.837333902632647e-10,1.6475073654735046e-09,4.53497198958566e-10,1.517271174168806e-09,-1.7420944793805375e-09,6.783205041702976e-10,9.278524494908539e-11,1.1565592201593254e-09,-1.3999485598368127e-09,3.3617458462657277e-10,-8.121011760970966e-10,2.5167279911314336e-10,-9.039673093657193e-10,1.5980666584452061e-10,-1.2907663354210095e-09,2.2699236021076958e-10
-0.5220212358888159,-1.0121729024961854,1.3065763894645765,-0.4383082035203879,-0.4816776467472127,1.2007275045979076,-0.04315754925541573,-1.591778172706298e-09,1.2415475501716679e-09,-2.280420390331024e-10,1.2218858350152765e-10,-1.5199542819735885e-10,1.982351943372712e-10,1.0970749734165355e-09,1.4473055959511656e-09,-1.870692802583543e-09,1.520462180048913e-09,-1.0805565972223639e-09,7.303259746877338e-10,-1.5697601713276058e-09,1.2195295487929757e-09,-1.9128904628356185e-09,1.5626598403009885e-09,-8.399584696486601e-10,4.8972784711403e-10,-9.701946609533583e-10,6.199640384187283e-10,-1.8690363575598953e-09,1.5188057350252652e-09,-1.069660146554702e-09,7.194295240200719e-10,-1.7484605637766564e-09,1.3982299412420264e-09,-1.5038597233152078e-09,1.1536291007805777e-09,-1.5813896269950463e-09,1.2311590044604162e-09,-1.6530937555228143e-09,1.3028631329881842e-09
-0.43375816734689165,1.1322010975551913,1.608201068588205,-0.7319130245151442,-0.008178260610325064,-1.2734652957947372,1.0090692324238786,-2.511965067154062e-10,2.880053024065816e-09,-2.280420390331024e-10,2.8568985563835123e-09,-1.5199542819735885e-10,2.7808519455477688e-09,9.071351431661547e-10,1.7217213741842553e-09,1.5141173872163382e-09,1.1147391301340718e-09,1.9163802589644975e-09,7.124762583859124e-10,1.736514454261448e-09,8.92342063088962e-10,2.1320969719449966e-09,4.967595454054134e-10,2.0524909988412466e-09,5.763655185091633e-10,1.9222548075365475e-09,7.066017098138624e-10,2.222307492158741e-09,4.06549025191669e-10,2.0488732444210497e-09,5.799832729293602e-10,3.0901299745246395e-09,4.6127345717422954e-10,2.0456554667281057e-09,5.832010506223042e-10,1.980344437710555e-09,6.485120796398551e-10,1.9734271808090336e-09,6.554293365413763e-10
-0.6009880698120743,-0.7721978127137225,-0.5734826297636278,0.08092912739180762,-0.012570519724562924,4.0468937108789005,-0.23452408918942488,-2.63631965373269e-10,6.283997289910099e-10,-2.280420390331024e-10,6.639896553311766e-10,-1.5199542819735885e-10,7.400362661669201e-10,1.2525052399047211e-09,2.144536934269e-09,-5.7643798165281066e-09,4.872348122163828e-09,-4.556401537971405e-09,3.6643698436071266e-09,-4.226977316602299e-09,3.33494562223802e-09,-5.461610229741815e-09,4.5695785353775364e-09,-4.240446007044504e-09,3.3484143126802256e-09,-4.3706821983492034e-09,3.4786505039849247e-09,-4.999309138882352e-09,4.107277444518073e-09,-4.24601056138524e-09,3.3539788670209613e-09,-5.14709835596339e-09,4.255066661599112e-09,-4.315647368294621e-09,3.4236156739303422e-09,-4.3811159951241916e-09,3.489084300759913e-09,-4.440020682186101e-09,3.5479889878218222e-09
-0.5877800290579456,-0.6496333972322851,-0.06259044121966092,-0.7730449305533961,0.9099673436594539,-0.5273434478751007,1.6267897446463415,2.3482771142247454e-09,2.029483029270035e-09,-2.280420390331024e-10,4.605802182527883e-09,-1.5199542819735885e-10,4.52975557169214e-09,1.2274624878370616e-09,3.1502976556577188e-09,4.933881888814633e-10,3.8843719546133175e-09,1.1726507821371148e-09,3.2051093613576656e-09,2.113511508323379e-09,2.2642486351714015e-09,2.8149614419680738e-09,1.5627987015267066e-09,2.1009606394592614e-09,2.276799504035519e-09,1.9707244481545627e-09,2.4070356953402177e-09,2.9829199919142126e-09,1.3948401515805678e-09,2.450746430544397e-09,1.9270137129503834e-09,2.3520689873734414e-09,2.025691156121339e-09,3.3847894072485383e-09,9.92970736246242e-10,3.3447129675927778e-09,1.0330471759020026e-09,3.551794493773016e-09,8.259656497217642e-10
-0.5970620168893542,-0.46122246543922013,1.1338166037315158,1.5605409442278793,-1.1887496469625212,-0.8418396263201369,-0.018997786406824348,-3.593655657189706e-09,3.3118266758773647e-09,-2.280420390331024e-10,5.378694227923863e-11,-1.5199542819735885e-10,1.2983355311498217e-10,1.2451012317425193e-09,1.5269302130548604e-09,9.236335073889566e-10,1.2054624887012977e-09,1.5793445362695128e-09,1.8611735175818538e-09,6.120143006672832e-11,3.4303041137906933e-10,1.497098893782891e-10,4.315388706906301e-10,2.6200605736068077e-09,2.901889554919149e-09,2.489824382302109e-09,2.77165336361445e-09,-1.0707021297892412e-11,2.711219600144486e-10,1.9836991807872445e-09,2.2655281620995856e-09,-6.411962699677558e-10,3.593672886554148e-10,9.184225883022411e-10,1.2002515696145823e-09,8.202858850233288e-10,1.1021148663356697e-09,3.9419982622429673e-10,6.760288075366378e-10
2.3597362306426826,0.848175361409723,-0.335767370022834,0.9733270023378411,1.4386294580397874,-1.1799578364641126,-0.01830718777473974,3.845036685180909e-09,4.124910428763621e-09,-2.280420390331024e-10,5.183170454960963e-11,-1.5199542819735885e-10,1.2787831538535317e-10,-1.0399760952967895e-09,7.601023517140775e-10,1.3861948578506521e-09,1.6660686014333642e-09,-1.7099471028943564e-09,1.4300733593116444e-09,7.125990864146961e-11,3.5113365222418163e-10,-7.636260100929956e-11,2.0351114257341246e-10,-6.052926741994249e-10,3.254189306167129e-10,-7.355288655041236e-10,4.556551219214116e-10,8.888859103295651e-10,1.1687596539122772e-09,-9.366363692982943e-11,1.8621010665288259e-10,9.069589346055681e-10,1.1868326781882801e-09,-4.963129493292411e-10,2.164392057465291e-10,-5.593537597175711e-10,2.794800161348591e-10,-1.1023717609442113e-09,8.224980173614993e-10
-0.6077217754295894,-0.7726076066441053,-0.35703888524758115,0.46533274192243584,-0.2804859759018695,-0.1508083151385001,0.41889470698909437,-1.0221599785079056e-09,1.9801016611260494e-09,-2.280420390331024e-10,1.1859837216512464e-09,-1.5199542819735885e-10,1.1099371108155028e-09,1.2651256882479659e-09,3.0718400562982186e-10,-2.172928858522332e-11,9.796709712033674e-10,7.247382355087364e-10,2.332034471094077e-10,3.2470645061837527e-10,6.332352319997687e-10,4.979752509514522e-10,4.5996643166669184e-10,1.7340725015311448e-09,7.761308189130007e-10,1.6038363102264459e-09,6.458946276083018e-10,5.303433437671177e-10,4.275983388510264e-10,1.6045464547238876e-09,6.466047721057435e-10,3.404994024254261e-10,6.174422801927179e-10,1.319077650876044e-09,3.6113596825790003e-10,1.2460853091881071e-09,2.881436265699631e-10,1.0913138755561963e-09,1.3337219293805223e-10
-0.6022698259051884,-0.4094795353806614,-1.3370905312176462,1.3794098622315132,0.08499047585250222,-0.7681303483568169,0.5480990584559122,1.2584827753937593e-11,1.3111629991040325e-09,-2.280420390331024e-10,1.5517898658910724e-09,-1.5199542819735885e-10,1.475743255055329e-09,1.2549151637650573e-09,6.88326630929128e-11,8.227958058592117e-10,5.009520209987585e-10,1.4933006875127361e-09,1.69552860654766e-10,1.454783790263781e-09,1.310359634058109e-10,1.9758499790472876e-09,6.521021521893175e-10,2.5590969343532123e-09,1.2353491074952421e-09,2.428860743048513e-09,1.105112916190543e-09,2.0020025680949013e-09,6.782547412369312e-10,2.5961497989675147e-09,1.2724019721095446e-09,1.3693847933730131e-09,4.5636966515043004e-11,2.6786373237913755e-09,1.3548894969334054e-09,2.6158922423441502e-09,1.2921444154861801e-09,2.588772926241774e-09,1.2650250993838038e-09
1.8158923944694683,0.851607544102658,-0.3161261345599301,0.18406444559436808,0.21917644485962007,0.9378417874057433,-1.345324871080931,3.924950349282278e-10,4.429449840854048e-09,-2.280420390331024e-10,3.808912766892718e-09,-1.5199542819735885e-10,3.8849593777284615e-09,-1.415201957743108e-09,2.6217528481827124e-09,-1.5110529822091257e-09,2.525901823716695e-09,-3.6869735203897974e-09,3.499812855360233e-10,-3.158677346713907e-09,8.782774592119139e-10,-1.9015934612974017e-09,2.135361344628419e-09,-3.796733297589905e-09,2.402215083359154e-10,-3.9269694888946035e-09,1.0998531703121713e-10,-2.6553355356559035e-09,1.3816192702699172e-09,-3.7031522872834066e-09,3.338025186424141e-10,-2.4229336126976554e-09,1.6140211932281653e-09,-3.790613137768133e-09,2.4634166815768803e-10,-3.8551860665618195e-09,1.8176873936400115e-10,-3.892082913883004e-09,1.448718920428165e-10
-0.13006838796881864,-1.0130391520669104,0.3552292773648092,0.5376740418787767,1.9747420456619817,-0.039901208070845795,-0.5234293782819975,5.362890196537888e-09,7.0728767713195474e-09,-2.280420390331024e-10,1.4819445357485575e-09,-1.5199542819735885e-10,1.557991146584301e-09,1.3725014024801767e-10,1.8472367150296775e-09,-1.7345534084123515e-10,1.5365312339404247e-09,-1.4545329552333235e-11,1.6954412452293267e-09,2.251825580540577e-09,3.961812155322237e-09,2.364830571928312e-09,4.074817146709972e-09,-1.162326736401386e-09,5.476598383802739e-10,-1.2925629277060846e-09,4.1742364707557524e-10,2.562269205508469e-09,4.272255780290129e-09,-5.117863218399618e-10,1.198200252941698e-09,2.396572293563582e-09,4.106558868345242e-09,5.969785335098202e-10,2.30696510829148e-09,5.66245195804029e-10,2.276231770585689e-09,-7.117734606317003e-10,9.982131141499596e-10
-0.2277606156065692,-0.5197837511211401,1.3435241826228665,0.5804756344129397,0.34471846747284063,-0.5805778144584917,-0.10877222311461159,7.479323147941884e-10,1.2839326159618974e-09,-2.280420390331024e-10,3.0795826213460667e-10,-1.5199542819735885e-10,3.840048729703502e-10,4.0163885562438817e-10,9.376391567920973e-10,5.662152646171978e-10,1.1022155657849069e-09,7.873018753306658e-10,1.3233021764983749e-09,1.1052040757973346e-09,1.6412043769650437e-09,1.2266417125880494e-09,1.7626420137557584e-09,-9.624502235208848e-12,5.263757989325002e-10,-1.3986069353990774e-10,3.961396076278013e-10,1.3747031970908037e-09,1.910703498258513e-09,1.3473391655807484e-10,6.70734217725784e-10,1.878716247816698e-09,2.414716548984407e-09,3.263461800361293e-10,8.623464812038384e-10,2.678463980178794e-10,8.038466991855884e-10,1.1531855084098354e-10,6.513188520086925e-10
1.2914983320647693,-1.093713880351499,0.061874860808934604,-1.2106061706476288,-0.6423795159484191,0.17961925538277662,-0.7224234110302947,-2.0467607679304495e-09,2.2662200070992074e-10,-2.280420390331024e-10,2.045340729607268e-09,-1.5199542819735885e-10,2.1213873404430115e-09,-1.786171631359635e-09,4.872111372807353e-10,-4.737694883278404e-10,1.7996132803125298e-09,-2.0758946638404516e-09,1.974881047999187e-10,-2.6718171968981367e-09,3.9843442825776647e-10,-1.818021961490507e-09,4.5536080714986323e-10,-2.8962697981484707e-09,6.228870295081004e-10,-3.0265059894531694e-09,7.531232208127991e-10,-2.003344426870914e-09,2.7003834176945646e-10,-3.2106494946686407e-09,9.372667260282705e-10,-1.8304477852780274e-09,4.429349833623429e-10,-3.048598429115969e-09,7.752156604755989e-10,-3.116415933820687e-09,8.430331651803168e-10,-2.498471522623721e-09,2.250887539833508e-10
-0.20649530113932366,-0.222722882403355,0.5859774573286698,0.7894133518391547,-1.0508404827527207,1.2726485627323583,-1.335728616915516,-3.2032042595223435e-09,8.065814248100967e-10,-2.280420390331024e-10,3.7817436452993374e-09,-1.5199542819735885e-10,3.857790256135081e-09,3.4517042856861395e-10,4.354956112901054e-09,-1.9690841366768464e-09,2.040701547655594e-09,-1.5672239777792807e-09,2.4425617065531597e-09,-2.675860261009907e-09,1.333925423322533e-09,-2.8737476184495207e-09,1.1360380658829195e-09,-2.7136323561188136e-09,1.2961533282136266e-09,-2.8438685474235123e-09,1.165917136908928e-09,-3.1714882159236813e-09,8.382974684087588e-10,-3.2634505139936867e-09,7.463351703387535e-10,-3.1521558228159825e-09,8.576298615164577e-10,-3.756169090400888e-09,2.5361659393155193e-10,-3.841037962811699e-09,1.68747721520741e-10,-3.2027047977765977e-09,8.070808865558425e-10
-0.5811265280139931,1.6306186770977353,1.1042919049956903,-1.6647585332980515,0.5726443130874389,-0.8990585408737855,3.4563732155123903,1.3932408807234927e-09,8.16447541319792e-09,-2.280420390331024e-10,9.785758332954515e-09,-1.5199542819735885e-10,9.709711722118771e-09,1.214702499940019e-09,8.343013793981394e-09,1.001911629045338e-09,8.555804664876074e-09,1.631200137175639e-09,7.926516156745773e-09,2.145584799132758e-09,7.412131494788655e-09,2.8457881923416354e-09,6.711928101579777e-09,2.5715133283217292e-09,6.986202965599683e-09,2.4412771370170305e-09,7.116439156904382e-09,2.9379319355452395e-09,6.619784358376174e-09,2.8031063647271136e-09,6.754609929194299e-09,3.918714549028186e-09,5.6390017448932266e-09,3.3762748020407036e-09,6.181441491880709e-09,3.3268109688739123e-09,6.2309053250475005e-09,3.4282301475985974e-09,6.129486146322815e-09
-0.5786133507664496,-0.2245803283888276,-1.2503724126601177,0.2618886645405868,-0.7813295672095733,-0.4017333022917415,-0.05878747120482003,-2.4401591474488262e-09,2.045676753064628e-09,-2.280420390331024e-10,1.664403553510956e-10,-1.5199542819735885e-10,2.4248696618683914e-10,1.2098574822101262e-09,1.6043398765943243e-09,3.215476998761892e-10,7.160300942603872e-10,1.0033592789388845e-09,1.3978416733230825e-09,2.075622167413886e-12,3.9655801655161187e-10,6.956316620782783e-11,4.640455605920258e-10,1.8502355611529393e-09,2.2447179555371373e-09,1.7199993698482406e-09,2.1144817642324387e-09,1.0878820236568262e-11,4.0536121462076625e-10,1.4591222590775465e-09,1.8536046534617446e-09,1.5470536447696331e-10,5.491877588611613e-10,7.466247649957492e-10,1.1411071593799472e-09,6.602012316923354e-10,1.0546836260765334e-09,4.140154256965111e-10,8.084978200807091e-10
-0.6031506096246338,-1.0467633902132174,0.7403890700442832,-0.152391423683912,0.7432820640826995,0.7505165908390065,1.2325072287108938,1.8763541586022376e-09,1.3851048289476123e-09,-2.280420390331024e-10,3.4895010265829523e-09,-1.5199542819735885e-10,3.4134544157472087e-09,1.2565691092751182e-09,2.0048898782747316e-09,-1.2547834489517605e-09,4.51624243650161e-09,-4.13146627216811e-10,3.674605614766661e-09,4.609983751439038e-10,2.8004606124059463e-09,6.747765217807528e-10,2.5866824657690974e-09,4.2518538482759873e-10,2.836273602722251e-09,2.9494919352289984e-10,2.96650979402695e-09,9.397051418454237e-10,2.3217538457044264e-09,7.181279246016431e-10,2.543331062948207e-09,1.3588183305643008e-09,1.902640656985549e-09,1.4747046115055415e-09,1.7867543760443085e-09,1.4303579388404213e-09,1.8311010487094286e-09,1.622723650629768e-09,1.638735336920082e-09
-0.21205582216882438,-0.318419978280207,-1.5477118568713326,-0.8995127138049741,0.16228116426446207,0.5241377776395648,-0.764951649531579,2.3141189040810824e-10,2.6252015243811982e-09,-2.280420390331024e-10,2.1657475949399877e-09,-1.5199542819735885e-10,2.241794205775731e-09,3.6000056748365806e-10,2.753790201456748e-09,-9.450867617935595e-10,1.4487028721795305e-09,-6.200443272881056e-10,1.7737453066849844e-09,-4.012523318649279e-10,1.9925373021081622e-09,-4.1571570314185206e-10,1.978073930831238e-09,-1.6348013508854441e-09,7.589882830876459e-10,-1.7650375421901426e-09,6.287520917829474e-10,-4.670737978414329e-10,1.926715836131657e-09,-1.5648985401933063e-09,8.288910937797837e-10,-6.868270317943186e-10,1.7069626021787715e-09,-1.4941622888293318e-09,8.996273451437582e-10,-1.5562132670561964e-09,8.375763669168936e-10,-1.61128099298756e-09,7.8250864098553e-10
-0.600018967235008,-0.2998529569896164,-0.6701200191093659,0.30596174343671584,0.21961527672174924,-0.9688622983201018,0.9720139853755525,3.9373746515315937e-10,2.130207438209671e-09,-2.280420390331024e-10,2.7519869423959325e-09,-1.5199542819735885e-10,2.675940331560189e-09,1.2506807753769883e-09,1.2732641279858419e-09,1.0974063978657451e-09,1.426538505497085e-09,1.7426103338999718e-09,7.813345694628584e-10,1.8399444336811918e-09,6.840004696816384e-10,2.477014270891629e-09,4.693063247120133e-11,2.823505179285601e-09,2.9956027592277067e-10,2.693268987980902e-09,1.6932408461807199e-10,2.5046881183519298e-09,1.9256785010900423e-11,2.917267183412632e-09,3.933222800498019e-10,1.9007225409217035e-09,6.232223624411266e-10,3.1381203249172435e-09,6.141754215544133e-10,3.079120308377924e-09,5.551754050150938e-10,3.095586271092886e-09,5.716413677300559e-10
-0.5425575749357581,-0.6982109827976538,0.3603425567358919,1.4795551673357499,-1.1866985486949224,-1.0795121146836382,0.03652280366645976,-3.587848543573103e-09,3.463210653350631e-09,-2.280420390331024e-10,1.034041488106304e-10,-1.5199542819735885e-10,2.7357537974886858e-11,1.1388177571491174e-09,1.2634556473715893e-09,1.2487804645380542e-09,1.373418354760526e-09,1.8094196561833695e-09,1.9340575464058414e-09,2.7536493367248294e-10,4.0000282389495493e-10,4.10834577978998e-10,5.354724682014699e-10,2.5267755658222405e-09,2.6514134560447124e-09,2.3965393745175422e-09,2.521177264740014e-09,2.7289202552318104e-10,3.97529915745653e-10,1.89172890321963e-09,2.0163667934421017e-09,2.848261045260036e-10,4.094639947484756e-10,9.207761327699071e-10,1.045414022992379e-09,8.244448736175781e-10,9.4908276384005e-10,6.169701364631864e-10,7.416080266856584e-10
-0.6035584333985963,-1.066393411978817,1.5368602448787532,-0.1184553444656918,0.1875254054009698,-0.22747917962974273,0.9153978452734552,3.0288392992976386e-10,2.0607681374924066e-09,-2.280420390331024e-10,2.5916941064552727e-09,-1.5199542819735885e-10,2.515647495619529e-09,1.257334351371188e-09,1.1063177160509824e-09,8.316000029700918e-11,2.2804920671251613e-09,8.158140385850334e-10,1.5478380288371369e-09,9.49692719703034e-10,1.4139593477191363e-09,1.3154274995122448e-09,1.0482245679099255e-09,1.807493506821547e-09,5.561585606006234e-10,1.6772573155168483e-09,6.86394751905322e-10,1.4074659389552055e-09,9.561861284669648e-10,1.8879543674818096e-09,4.756976999403607e-10,3.4580820805844795e-09,1.0944300131623092e-09,2.068643539105428e-09,2.9500852831674253e-10,2.0087680809004705e-09,3.5488398652169985e-10,2.0159299234504302e-09,3.477221439717401e-10
-0.32795963222493557,1.7775911166143725,1.1150041304459115,-1.3437084437722666,-0.8068642926413611,-0.9309404247282371,0.299352368627974,-2.512453612367245e-09,3.131944450467783e-09,-2.280420390331024e-10,8.475328771336404e-10,-1.5199542819735885e-10,7.714862662978968e-10,6.576591526598798e-10,3.8168314559341784e-11,1.0455275207913001e-09,4.260366826907621e-10,1.3532467678305341e-09,7.337559297299961e-10,2.946337524391217e-10,3.2485708566141635e-10,3.6889356634243324e-10,2.505972717581048e-10,9.635055750652428e-10,3.4401473696470474e-10,8.332693837605441e-10,2.1377854566000606e-10,4.0968714132196385e-10,2.098036967785742e-10,5.579239997299821e-10,6.156683837055595e-11,4.5250533491600666e-11,5.742403046089374e-10,8.116687314363913e-11,5.38323964956899e-10,-1.0749839996784956e-12,6.205658221002166e-10,3.131606824944575e-10,3.0633015560608054e-10
-0.5080077205011139,-0.08112168544333617,1.416156396101144,-0.33245091938339366,-0.6573102025288309,-0.6533630084625521,0.3637392138626659,-2.089032849534732e-09,2.890817111406821e-09,-2.280420390331024e-10,1.0298263009051914e-09,-1.5199542819735885e-10,9.537796900694479e-10,1.0680571844234993e-09,2.662729225514102e-10,6.657887765490116e-10,1.359954853230775e-10,1.2307413839925258e-09,4.289571221204367e-10,3.547884699761362e-10,4.469957918959529e-10,4.986189100710079e-10,3.031653518010812e-10,1.6736096633745525e-09,8.718254015024634e-10,1.5433734720698538e-09,7.415892101977647e-10,4.6507038205497463e-10,3.3671387981711443e-10,1.351143955874278e-09,5.49359694002189e-10,1.8249387021104906e-10,6.1929039166104e-10,8.098513058195141e-10,8.067043947424999e-12,7.280314232657462e-10,7.375283860634285e-11,6.71188890362896e-10,1.305953715091931e-10
-0.6062637789741218,-0.9031108994623418,1.3537987470307118,-1.679913490701233,1.6430954608332893,-0.4933370188619495,2.5447308128992026,4.423925238553116e-09,2.5527294391029455e-09,-2.280420390331024e-10,7.2046967166891645e-09,-1.5199542819735885e-10,7.128650105853421e-09,1.2624014774690003e-09,5.7142532001870615e-09,4.468658210917931e-10,6.529788856564269e-09,1.153152936718004e-09,5.823501740938058e-09,2.9432577804631873e-09,4.0333968971928745e-09,3.9341026476064606e-09,3.0425520300496012e-09,2.204848387969597e-09,4.771806289686465e-09,2.0746121966648984e-09,4.902042480991163e-09,4.2103553186766985e-09,2.7662993589793632e-09,2.772225815845806e-09,4.204428861810256e-09,7.992039652889745e-09,1.0153849752336837e-09,4.5703665862157654e-09,2.4062880914402963e-09,4.551308860828839e-09,2.425345816827223e-09,5.05975511661118e-09,1.916899561044882e-09
-0.5461536793606265,2.136569278045722,-1.2677062275692954,1.352861781832561,-0.7109328052902045,0.6052247310174454,-0.6800524863217101,-2.2408503180452994e-09,8.742902453762928e-11,-2.280420390331024e-10,1.9253792544745678e-09,-1.5199542819735885e-10,2.0014258653103113e-09,1.1460316375927815e-09,3.2994529311004516e-09,-1.0560174645301135e-09,1.0974038289775566e-09,-3.0224045715110706e-10,1.851180836356563e-09,-1.1183750771261558e-09,1.0350462163815143e-09,-1.3600786692035706e-09,7.933426243040994e-10,1.7848337065694044e-10,2.3319046641646106e-09,4.824717935224175e-11,2.201668472859912e-09,-1.3518763961638448e-09,8.015448973438253e-10,-1.7333662858227274e-10,1.9800846649253975e-09,-1.1857716454527866e-09,9.676496480548835e-10,-8.058326627801091e-10,1.347588630727561e-09,-8.897174492546668e-10,1.2637038442530033e-09,-1.0374683308391372e-09,1.1159529626685329e-09
0.6072575145984678,-0.6465441401583599,0.6053104685104964,0.6144897074802922,-0.8208830996682128,0.7948984005539844,-1.192840811486483,-2.5521439609283912e-09,1.0530946894265688e-09,-2.280420390331024e-10,3.3771966113218577e-09,-1.5199542819735885e-10,3.453243222157601e-09,-1.6279555190526953e-09,1.977283131302265e-09,-1.3154998174341102e-09,2.28973883292085e-09,-1.9892727593449093e-09,1.6159658910100506e-09,-2.798477319334359e-09,8.067613310206008e-10,-2.27205917175924e-09,1.3331794785957202e-09,-3.695494103307317e-09,9.025545295235717e-11,-3.825730294612016e-09,2.2049164425705586e-10,-2.742716528509595e-09,8.625221218453651e-10,-4.109068259394436e-09,5.038296090394758e-10,-2.7531862394354665e-09,8.520524109194935e-10,-4.06784439765557e-09,4.626057473006096e-10,-4.13980035546904e-09,5.345617051140797e-10,-3.2361696617509645e-09,3.690689886039955e-10
-0.6030982857661453,1.1265960312068946,1.1103694412061416,1.2815899370712822,1.049798824081037,-0.07605082510513415,4.10914928962249,2.744171014977017e-09,8.661698967355984e-09,-2.280420390331024e-10,1.1633912021366102e-08,-1.5199542819735885e-10,1.1557865410530358e-08,1.2564709022930842e-09,1.0149399080039915e-08,-1.240009927097538e-10,1.1529870975042753e-08,6.250287677244288e-10,1.0780841214608572e-08,1.7710901130240451e-09,9.634779869308955e-09,2.3912572687086084e-09,9.014612713624392e-09,1.590168649487132e-09,9.815701332845869e-09,1.4599324581824335e-09,9.945937524150567e-09,2.621584904638707e-09,8.784285077694293e-09,1.9854025887867344e-09,9.420467393546265e-09,4.167417054908684e-09,7.238452927424316e-09,3.089948584201555e-09,8.315921398131445e-09,3.0541661547055555e-09,8.351703827627444e-09,3.3485798541640102e-09,8.05729012816899e-09
-0.5980318769760922,-1.0901750801338612,-0.4318466605350683,-0.09278219978960907,0.02780853154537173,-0.5684353183225513,0.5339787765491014,-1.4930992524515072e-10,1.4330801056750405e-09,-2.280420390331024e-10,1.5118122194629922e-09,-1.5199542819735885e-10,1.4357656086272487e-09,1.2469333923986693e-09,3.683678803122062e-11,5.49603768276244e-10,7.341664121536459e-10,1.2371429923851422e-09,4.662718804474766e-11,1.1528642078754472e-09,1.3090597255444266e-10,1.5763547225099805e-09,2.925845420800906e-10,2.2425481063803622e-09,9.587779259504723e-10,2.112311915075664e-09,8.285417346457741e-10,1.614065849661116e-09,3.3029566923122613e-10,2.254780427112397e-09,9.71010246682507e-10,1.2189436718777564e-09,6.482650855213349e-11,2.2774639462128803e-09,9.936937657829904e-10,2.213119007423838e-09,9.293488269939482e-10,2.1680615424443715e-09,8.842913620144817e-10
1.4236466969734323,-0.5978172492171494,-0.7323886808508657,1.6391887249128114,-0.3309477364354614,-0.3757641954490334,-0.5170981154762474,-1.1650284023867045e-09,5.270329646999554e-10,-2.280420390331024e-10,1.4640193280535576e-09,-1.5199542819735885e-10,1.5400659388893011e-09,-1.7052379535125608e-09,1.3176586425900906e-11,2.8602076056602277e-10,1.9780821276526827e-09,-1.544274301806314e-09,1.47787065280346e-10,-1.822343293113484e-09,1.3028192602682405e-10,-1.2301457736545465e-09,4.619155934321134e-10,-2.0789027126957115e-09,3.868413456090516e-10,-2.2091389040004098e-09,5.170775369137499e-10,-1.0250132568321555e-09,6.670481102545044e-10,-2.2329640516038835e-09,5.409026845172236e-10,-7.171406572932002e-10,9.749207097934597e-10,-2.1487051272867625e-09,4.5664376020010263e-10,-2.215041777909502e-09,5.22980410822842e-10,-1.8631930717898835e-09,1.7113170470322357e-10
-0.6026824332732497,0.6280507936600593,-0.9080816427312913,0.7430492806478181,0.524003627913126,0.8514507831724107,0.6420414953763767,1.2555283246462444e-09,3.341913540900556e-10,-2.280420390331024e-10,1.8177617177694024e-09,-1.5199542819735885e-10,1.7417151069336588e-09,1.2556901734791528e-09,3.340295052571472e-10,-1.3928660925739997e-09,2.9825857713102997e-09,-5.405168896177763e-10,2.1302365683540765e-09,9.020449837537105e-11,1.499515180360929e-09,1.8883759887518197e-10,1.400882079861118e-09,2.78990655409385e-10,1.3107290233269151e-09,1.4875446410468635e-10,1.4409652146316136e-09,4.3137641311010677e-10,1.1583432656261932e-09,4.924866294967461e-10,1.097233049239554e-09,-3.6330717694603223e-10,1.953026855682332e-09,1.0115428671943717e-09,5.781768115419284e-10,9.610614847741608e-10,6.286581939621393e-10,1.079641322400706e-09,5.100783563355941e-10
-0.585305110036264,-0.6075723723857557,-0.27576289800906295,-0.43055487762137923,-0.8486418145864756,0.05235412415225606,-0.08192606782931294,-2.6307350328081185e-09,2.1707421450215355e-09,-2.280420390331024e-10,2.319508487534806e-10,-1.5199542819735885e-10,3.0799745958922415e-10,1.2227274685256263e-09,1.6827203563122093e-09,-2.9966490240918286e-10,1.6032798537740014e-10,4.41391109317823e-10,9.01383997104406e-10,-5.930661516800075e-10,1.3307326389342446e-10,-7.017926881934052e-10,2.417998004068222e-10,1.2636313301050859e-09,1.7236242178916689e-09,1.133395138800387e-09,1.59338802658697e-09,-7.346659055711394e-10,2.7467301778455643e-10,8.341270576184989e-10,1.2941199454050819e-09,-5.983461097643161e-10,1.3835322197773313e-10,5.2385858618672096e-11,5.123787464052551e-10,-3.602853011372898e-11,4.2396435767285405e-10,-3.1947509457083614e-10,1.4051779321574686e-10
-0.4041134145371857,-0.6060595755316335,-0.792279026793732,0.6191636905253286,-0.8313736312299698,-0.8897828441180086,0.029845527752011106,-2.581844979958064e-09,2.438302242270627e-09,-2.280420390331024e-10,8.449930134566538e-11,-1.5199542819735885e-10,8.452690509921844e-12,8.39564583614063e-10,9.831073213015e-10,9.892220468545463e-10,1.1327647845419833e-09,1.3972050643835443e-09,1.5407478020709813e-09,3.0675940689084117e-10,4.503021445782782e-10,4.0523599033961556e-10,5.487787280270526e-10,1.3304411657815582e-09,1.4739839034689952e-09,1.20020497447686e-09,1.343747712164297e-09,4.00633160608873e-10,5.441758982963101e-10,9.108630058199191e-10,1.0544057435073562e-09,6.064673747012018e-10,7.500101123886388e-10,3.4898298206817276e-10,4.925257197556098e-10,2.648248363092957e-10,4.083675739967327e-10,4.412396393027889e-10,5.84782376990226e-10
-0.4587059415865467,-0.9756614679895338,-0.40093955982659446,0.7633911809072315,-0.03086814053971543,0.4901682279601509,-0.6294011585891396,-3.154365837407263e-10,1.6945795791492042e-09,-2.280420390331024e-10,1.781974123856828e-09,-1.5199542819735885e-10,1.8580207346925715e-09,9.62542644355576e-10,2.972558807245506e-09,-8.986148466382223e-10,1.111401316251708e-09,-2.6756142820632033e-10,1.74245473468361e-09,-3.001128966771193e-10,1.709903266212811e-09,-3.156979949606738e-10,1.6943181679292566e-09,-2.745287565146798e-10,1.7354874063752505e-09,-4.047649478193785e-10,1.6052512150705518e-09,-2.697163639453206e-10,1.7402997989446098e-09,-2.8823233618928865e-10,1.7217838267006418e-09,-4.5542774605174364e-10,1.5545884168381866e-09,-3.298411310539723e-10,1.680175031835958e-09,-3.95705832822387e-10,1.6143103300675434e-09,-4.073705336218011e-10,1.6026456292681292e-09
0.3127762559193474,-0.057951623373008625,1.1761730049301427,-0.06754810555060822,0.3221027436451984,-0.08123637191780567,-0.5476683190277737,6.839021901222092e-10,2.4625145762949593e-09,-2.280420390331024e-10,1.550570347139648e-09,-1.5199542819735885e-10,1.6266169579753915e-09,-1.067861692146768e-09,7.107506940259824e-10,-1.1690692482287394e-10,1.6617054613498763e-09,-5.188764264746797e-10,1.2597359596980706e-09,-1.2332684152146304e-10,1.6552855446512872e-09,-1.3596649524804179e-10,1.6426458909247085e-09,-2.1711464113829536e-09,3.9253402521020327e-10,-2.3013826026876523e-09,5.22770216514902e-10,-1.0262920938821353e-10,1.6759831767845367e-09,-2.035788387589762e-09,2.571760014170118e-10,-1.0364524221356276e-10,1.6749671439591876e-09,-1.9961229807483672e-09,2.1751059457561692e-10,-2.057639231255013e-09,2.790268450822626e-10,-2.2768373312912513e-09,4.98224945118501e-10
-0.5951205055789731,-0.11365757455468328,-0.7512572065202231,0.6096654622755103,1.0713157431558875,-0.8535773666232057,1.3860344552039099,2.805090179953538e-09,8.910383997707512e-10,-2.280420390331024e-10,3.9241706187573915e-09,-1.5199542819735885e-10,3.848124007921648e-09,1.2414273432805802e-09,2.454701236443709e-09,9.396912790293668e-10,2.7564373006949223e-09,1.5916494584673092e-09,2.10447912125698e-09,2.6857763242844866e-09,1.0103522554398026e-09,3.573467685336584e-09,1.2266089438770522e-10,2.620686231192004e-09,1.0754423485322851e-09,2.4904500398873053e-09,1.2056785398369838e-09,3.735170194582872e-09,3.904161485858247e-11,3.0227385167228865e-09,6.733900630014027e-10,2.5299887604864506e-09,1.1661398192378386e-09,4.14797944295196e-09,4.518508632276707e-10,4.112560403881152e-09,4.164318241568628e-10,4.388545641410311e-09,6.924170616860221e-10
-0.5846460191309933,-0.1536806998844505,0.04853429464053667,-1.1029095113559721,0.890052968625032,-0.09483549039730355,2.066202264570686,2.291895106470474e-09,3.329939232818797e-09,-2.280420390331024e-10,5.8498763783223736e-09,-1.5199542819735885e-10,5.77382976748663e-09,1.2214642293172746e-09,4.400370109971997e-09,-9.830270174276659e-11,5.720137041032038e-09,6.254462895704682e-10,4.996388049718803e-09,1.586764974877986e-09,4.0350693644112846e-09,2.126503093175512e-09,3.495331246113759e-09,1.4658523175761375e-09,4.155982021713133e-09,1.3356161262714388e-09,4.286218213017832e-09,2.3265210233569205e-09,3.2953133159323503e-09,1.8090020043788494e-09,3.812832334910422e-09,1.824738633170367e-09,3.797095706118904e-09,2.712623911874479e-09,2.909210427414792e-09,2.671922799634202e-09,2.9499115396550686e-09,2.8653806899514807e-09,2.75645364933779e-09
0.5193024158936125,-0.9221767133330397,-1.5596450140813745,0.16400186551490312,-1.1107440026814666,-0.5454768915999891,-0.34013525528225985,-3.372804396071582e-09,2.181764092333852e-09,-2.280420390331024e-10,9.629982647046276e-10,-1.5199542819735885e-10,1.0390448755403711e-09,-1.4938138919960226e-09,3.027735882582927e-10,5.181955786234528e-10,1.7092358823611828e-09,-1.951646035040347e-10,9.958757002336952e-10,-1.4820982015612769e-09,2.9105789782354696e-10,-1.2545937128256435e-09,6.355340908791358e-11,-1.7436060028282913e-09,5.525656990905614e-10,-1.87384219413299e-09,6.828018903952601e-10,-1.0846876439385313e-09,1.0635265979919861e-10,-2.3305569283235585e-09,1.1395166245858286e-09,-4.292838065842031e-10,7.617564971535267e-10,-2.2688721087602332e-09,1.0778318050225033e-09,-2.3440932291990965e-09,1.1530529254613666e-09,-1.1546442163387407e-09,3.6396087398989245e-11
-0.5363006280448775,-0.9855769628881259,1.4475204955245247,-1.0756944169449576,-0.3038326919253451,-0.0020968586443365408,0.5202835958155516,-1.0882597040376845e-09,2.3332557936422044e-09,-2.280420390331024e-10,1.4730381286376224e-09,-1.5199542819735885e-10,1.3969915178018789e-09,1.1261981918124728e-09,1.1879789779204732e-10,-2.2517343942162751e-10,1.4701695290261475e-09,4.482323916835498e-10,7.967636979209702e-10,4.317840287457666e-11,1.2018176867299434e-09,1.1505269369926484e-10,1.1299433959052551e-09,9.609055765804586e-10,2.8409051302406147e-10,8.306693852757601e-10,4.1432670432875995e-10,1.4600613306544266e-10,1.0989899565390775e-09,8.200762068160073e-10,4.249198827885128e-10,5.774156359810312e-10,6.675804536234889e-10,5.407529741112384e-10,7.042431154932817e-10,4.676931593943082e-10,7.773029302102118e-10,3.94433149569739e-10,8.505629400347812e-10
-0.5359110181434421,-0.4519768398814952,-0.5774566455937634,-1.4733877180298687,-0.08793798061661676,-0.6957609982616739,0.5986387304014573,-4.770139448273321e-10,1.943850780032622e-09,-2.280420390331024e-10,1.6948788742383924e-09,-1.5199542819735885e-10,1.6188322634026488e-09,1.125409537081127e-09,3.4142729812416313e-10,7.23791187628829e-10,7.43045647576461e-10,1.3190459625214336e-09,1.4779087268385648e-10,1.0944243222283365e-09,3.724125129769535e-10,1.4445455045675629e-09,2.229133063772716e-11,1.936039811553177e-09,4.692029763478868e-10,1.8058036202484777e-09,3.389667850431877e-10,1.474756686803647e-09,7.919851598357027e-12,1.896648975219245e-09,4.2981214001395516e-10,1.1665663116734769e-09,3.0027052353181314e-10,1.8143069798901789e-09,3.474701446848888e-10,1.7468912161018977e-09,2.800543808966077e-10,1.700893143811996e-09,2.340563086067059e-10
-0.6020720383419988,0.6667180169569373,1.2798996235726467,-0.10508135667752959,-1.0888536099504895,-0.3300067044508952,-0.07733481734135872,-3.3108278444314403e-09,2.8638338039682704e-09,-2.280420390331024e-10,2.1895200143006766e-10,-1.5199542819735885e-10,2.949986122658112e-10,1.2545435230540865e-09,1.7015375635172565e-09,2.2342239645891045e-10,6.704164369220805e-10,9.427305532416773e-10,1.3897245937048473e-09,-4.0931625280974863e-10,3.767778765342141e-11,-4.654204576190091e-10,1.842641715583907e-11,1.9397269041413237e-09,2.3867209446044937e-09,1.809490712836625e-09,2.256484753299795e-09,-5.66410073148002e-10,1.1941603268483195e-10,1.366426192946971e-09,1.813420233410141e-09,-1.2729300753851881e-09,8.259360349220181e-10,3.673181450487448e-10,8.143121855119149e-10,2.7180424266677885e-10,7.187982831299489e-10,-1.4255013054655085e-10,3.044439099166192e-10
1.588207962804941,-1.0708999140246167,1.5513829857465558,-1.4315714102973554,0.5596056885852025,-0.2546396384373569,-0.3932138668812245,1.3563256460490713e-09,2.6976432587952915e-09,-2.280420390331024e-10,1.1132755737131178e-09,-1.5199542819735885e-10,1.1893221845488614e-09,-1.587852568953511e-09,2.465349562072908e-10,1.2031676419878062e-10,1.4616343769450008e-09,-1.9031207340122984e-09,5.618031212660782e-10,-1.1229524978180439e-09,2.1836511492817632e-10,-7.677425801477072e-10,5.73575032598513e-10,-2.1975718516294723e-09,8.562542388832521e-10,-2.327808042934171e-09,9.864904301879508e-10,-6.135482155107992e-10,7.27769397235421e-10,-1.9708028881441278e-09,6.294852753979076e-10,-9.059404464573738e-10,4.3537716628884633e-10,-2.116031972467881e-09,7.747143597216608e-10,-2.1794022357376882e-09,8.38084622991468e-10,-2.4669749782199248e-09,1.1256573654737046e-09
0.1367228916080942,1.393431949364663,-0.3533622762770274,-1.0244405002720938,1.578238562852411,1.7639436327328177,-1.600690382195406,4.240300991316877e-09,9.000252135462848e-09,-2.280420390331024e-10,4.5319091051128675e-09,-1.5199542819735885e-10,4.607955715948611e-09,-6.113828856031883e-10,4.148568258542782e-09,-2.6411985163129437e-09,2.1187526278330266e-09,-2.615445776065812e-09,2.1445053680801584e-09,-6.008561021423442e-10,4.159095042003626e-09,-5.779790977001681e-10,4.181972046445803e-09,-4.462686693740404e-09,2.9726445040556587e-10,-4.592922885045104e-09,1.6702825910086594e-10,-1.0645657718053431e-09,3.695385372340627e-09,-3.912607485751747e-09,8.473436583942235e-10,-1.3946724959467239e-09,3.365278648199246e-09,-3.4105269873247397e-09,1.3494241568212305e-09,-3.454599436613738e-09,1.3053517075322322e-09,-4.78823973708856e-09,2.828859294258981e-11
0.5641376379130587,0.5609611666387814,1.699334122304371,-1.2725656579142626,1.8438809959952323,-0.613931541971305,-0.06353633700601173,4.9923935726524005e-09,5.4003210582314754e-09,-2.280420390331024e-10,1.7988544654597266e-10,-1.5199542819735885e-10,2.559320573817162e-10,-1.565960710807218e-09,1.1580332252281428e-09,6.11844706564997e-10,1.0197721921440721e-09,-1.6549653138739463e-10,2.424309541916804e-10,1.961559106096188e-09,2.369486591675263e-09,1.5378638726236326e-09,1.9457913582027078e-09,-1.6809458457559207e-09,1.2730183601768458e-09,-1.8111820370606196e-09,1.4032545514815445e-09,1.9042956452236945e-09,2.3122231308027695e-09,-1.062191605661935e-09,6.542641200828599e-10,2.7805596178649022e-09,3.188487103443977e-09,-8.597560616431138e-10,4.5182857606403876e-10,-9.088380615633984e-10,5.009105759843234e-10,-2.6163496440894122e-09,2.2084221585103373e-09
-0.5645963664450259,0.17024223383156678,-0.19683561293703863,1.3921412971430498,-0.45146879766427606,-1.0327075563634598,0.43066676456666775,-1.5062502281789044e-09,2.4975212138997174e-09,-2.280420390331024e-10,1.2193130247539154e-09,-1.5199542819735885e-10,1.1432664139181718e-09,1.1825802629482888e-09,1.913092772274758e-10,1.1847496639043762e-09,1.9347867818356323e-10,1.7783116824922185e-09,7.870406967714055e-10,1.096853750668853e-09,1.0558276494804e-10,1.4728191900911687e-09,4.815482043703557e-10,2.6294116519650338e-09,1.6381406662442207e-09,2.499175460660335e-09,1.507904474939522e-09,1.4217732172994338e-09,4.3050223157862076e-10,2.4151571785419838e-09,1.4238861928211707e-09,1.311826779837435e-09,3.2055579411662194e-10,2.004828887444211e-09,1.013557901723398e-09,1.9275714135942988e-09,9.363004278734858e-10,1.789183209612976e-09,7.979122238921631e-10
-0.5159388438136177,-0.8327400089839926,-0.7405428562381183,0.13273762770571546,0.5137570086142459,-0.6411410898793075,0.26672756542993903,1.2265178752715625e-09,6.993950830531423e-10,-2.280420390331024e-10,7.551648312515225e-10,-1.5199542819735885e-10,6.79118220415779e-10,1.0845332830494577e-09,5.574104908310375e-10,6.490686266266183e-10,1.219458344081981e-10,1.2253517690690127e-09,6.982289768505925e-10,1.703898064358872e-09,1.1767752721404518e-09,2.1904274371449766e-09,1.6633046449265564e-09,1.713027725614548e-09,1.1859049333961278e-09,1.5827915343098493e-09,1.055668742091429e-09,2.3072660609480055e-09,1.7801432687295853e-09,1.922676083443322e-09,1.3955532912249016e-09,1.608967362057825e-09,1.081844569839405e-09,2.3863646428023337e-09,1.8592418505839135e-09,2.3344046951677444e-09,1.8072819029493242e-09,2.3394259451920003e-09,1.81230315297358e-09
0.3438843790606663,-1.064275533726112,-1.503497940856058,1.2131121209500118,0.11769261243102866,-1.3396690471502142,0.13788594036036828,1.0517182156944519e-10,5.7171785201825825e-11,-2.280420390331024e-10,3.903856458043734e-10,-1.5199542819735885e-10,3.1433903496862986e-10,-1.140920057958901e-09,1.303263664730172e-09,1.6046871811933613e-09,1.4423435744220904e-09,1.022750778871262e-09,8.60407172099991e-10,1.059439317156627e-09,8.970957103853559e-10,8.915270428660195e-10,7.291834360947485e-10,-4.394283658909014e-10,6.017719726621724e-10,-5.696645571956001e-10,7.320081639668711e-10,1.4328080743666875e-09,1.2704644675954166e-09,-3.883793456281825e-10,5.507229523994535e-10,1.4612978368330232e-09,1.2989542300617523e-09,-3.699035245459682e-10,5.322471313172391e-10,-4.3374585799897647e-10,5.960894647702474e-10,-4.557607230325838e-10,6.181043298038548e-10
-0.3504551109196183,-0.10866935074333428,-0.0030391709018930597,-0.6599914457590843,0.3931842163229698,-1.2061786220505772,0.48095147748027595,8.851495873805122e-10,2.4848856118200784e-10,-2.280420390331024e-10,1.3616801875956223e-09,-1.5199542819735885e-10,1.2856335767598788e-09,7.12605324592651e-10,4.21032823969869e-10,1.422066105323177e-09,2.8842795676065693e-10,1.7272263595477146e-09,5.935882109851945e-10,2.026475679106052e-09,8.928375305435318e-10,2.3740917977500553e-09,1.2404536491875353e-09,1.4713217323793632e-09,3.376835838168432e-10,1.3410855410746641e-09,2.074473925121441e-10,2.5590123469162626e-09,1.4253741983537426e-09,1.6347546349397842e-09,5.011164863772642e-10,2.2740213561081105e-09,1.1403832075455905e-09,1.913011554767105e-09,7.79373406204585e-10,1.8564276904599453e-09,7.227895418974253e-10,1.7386377146286045e-09,6.049995660660845e-10
-0.2606167657902412,-0.695487995749555,0.4987105907286918,-1.1415603984059521,0.47260197196113085,1.6944946749572998,-1.1784019121218943,1.1099988486040195e-09,4.674357775918199e-09,-2.280420390331024e-10,3.3363168882810777e-09,-1.5199542819735885e-10,3.412363499116821e-09,4.875018470990819e-10,4.051860774413262e-09,-2.546189129852741e-09,1.0181697974614389e-09,-2.0291183640771036e-09,1.5352405632370764e-09,-1.3395374138896261e-09,2.224821513424554e-09,-1.4587961176943381e-09,2.105562809619842e-09,-3.0695921437949293e-09,4.947667835192507e-10,-3.1998283350996288e-09,3.645305922145512e-10,-1.6210636579688267e-09,1.9432952693453535e-09,-2.8755226003190353e-09,6.888363269951447e-10,-1.5236313957827293e-09,2.0407275315314507e-09,-2.6173833090458285e-09,9.469756182683515e-10,-2.673124757670562e-09,8.912341696436181e-10,-2.8761283747392553e-09,6.882305525749247e-10
0.39096887429970106,-0.335177023915943,-0.9602169551918891,-1.372495940162413,0.43372351115538255,-0.04842901334170856,-0.46750853782251883,9.999253125359836e-10,2.5515875987089435e-09,-2.280420390331024e-10,1.3236202471398577e-09,-1.5199542819735885e-10,1.3996668579756012e-09,-1.2459518232035376e-09,3.0571046296942243e-10,-1.6178890879403792e-10,1.3898733773789221e-09,-6.583021260398725e-10,8.933601601330876e-10,-1.22609039480943e-10,1.429053246692017e-09,-1.3786737573560283e-10,1.4137949104373572e-09,-2.3184296542423328e-09,7.667673680693728e-10,-2.448665845547031e-09,8.97003559374071e-10,-1.1446266244421784e-10,1.4371996237287421e-09,-2.139262837312367e-09,5.876005511394071e-10,-1.3286250948905515e-10,1.4187997766839048e-09,-2.0982996761813516e-09,5.466373900083916e-10,-2.1589325393859994e-09,6.072702532130394e-10,-2.48755117774085e-09,9.358888915678898e-10
-0.590531117249054,-1.096960576963191,0.05016632546946443,0.7898258955134305,0.037380818895560296,-0.6171339955340677,0.5712363451537111,-1.2220865901552672e-10,1.5114632705831966e-09,-2.280420390331024e-10,1.6172966506007723e-09,-1.5199542819735885e-10,1.5412500397650288e-09,1.2327101135324492e-09,1.565444980352208e-10,6.16225811161971e-10,7.73028800405699e-10,1.2888911875055438e-09,1.0036342406212619e-10,1.2115683173513108e-09,1.7768629421635925e-10,1.6455623847308326e-09,2.5630777316316256e-10,2.249871316387336e-09,8.606167048196661e-10,2.119635125082638e-09,7.303805135149679e-10,1.6821076216951812e-09,2.928530101275112e-10,2.2662896627171545e-09,8.770350511494845e-10,1.4354267866282386e-09,4.617217506056857e-11,2.2986399689602595e-09,9.093853573925895e-10,2.234553400858698e-09,8.45298789291028e-10,2.1939816860596364e-09,8.047270744919664e-10
-0.4792624385366008,-1.165443580893066,-1.2538270561037175,-0.39262559726303636,-0.5588630308312164,1.6438430010440863,-1.2089748792420436,-1.81030709547784e-09,1.8406106751974709e-09,-2.280420390331024e-10,3.4228757316422086e-09,-1.5199542819735885e-10,3.498922342477952e-09,1.0071834435316508e-09,4.658101214206961e-09,-2.476895297147118e-09,1.174022473528193e-09,-1.6908572943131677e-09,1.9600604763621432e-09,-2.2208096811630107e-09,1.4301080895123002e-09,-2.676742478192609e-09,9.74175292482702e-10,-1.7644924753071151e-09,1.8864252953681958e-09,-1.8947286666118147e-09,1.7561891040634963e-09,-2.6851877391996376e-09,9.657300314756733e-10,-2.0343331907350756e-09,1.6165845799402353e-09,-2.5328727660265774e-09,1.1180450046487335e-09,-2.5047717245586797e-09,1.1461460461166312e-09,-2.5836877531315978e-09,1.0672300175437132e-09,-2.585331152046821e-09,1.06558661862849e-09
-0.1810754382741322,1.85060622342467,1.01505352899422,0.013153386928526776,-0.5750984019471915,0.30720548008197757,-0.6526388307731572,-1.8562730280552948e-09,2.1953413309623522e-10,-2.280420390331024e-10,1.8477651221184276e-09,-1.5199542819735885e-10,1.923811732954171e-09,2.768235555325843e-10,2.3526307166841144e-09,-6.483133449631918e-10,1.4274938161883381e-09,-3.864724261145824e-10,1.6893347350369476e-09,-1.038852069519274e-09,1.036955091632256e-09,-1.0946755862199806e-09,9.811315749315493e-10,-1.4567027372512209e-09,6.191044239003091e-10,-1.5869389285559193e-09,4.888682325956106e-10,-1.1882386226877444e-09,8.875685384637856e-10,-1.7351106835492568e-09,3.406964776022732e-10,-1.3408774614881979e-09,7.349296996633321e-10,-2.0140081060544256e-09,6.179905509710435e-11,-2.0896639989862856e-09,1.3856837834755668e-11,-1.699030884607806e-09,3.7677627654372403e-10
-0.6015939164765001,-1.1588344958900396,-1.6786162354577168,-0.5903025263250985,-0.6274317321268169,0.364922803509175,-0.17697371129998296,-2.004440280248461e-09,1.2753464559812918e-09,-2.280420390331024e-10,5.010517852340667e-10,-1.5199542819735885e-10,5.770983960698103e-10,1.253644784153564e-09,1.982738608420733e-09,-7.272733130114984e-10,1.82051125567061e-12,6.923762171212796e-11,7.983314459792971e-10,-6.798671644328692e-10,4.922665983429986e-11,-8.19555381542786e-10,9.0461557275617e-11,9.559539606696119e-10,1.685047784936781e-09,8.25717769364913e-10,1.554811593632082e-09,-7.890043202304631e-10,5.99104959632941e-11,6.496317283882777e-10,1.3787255526554467e-09,-7.445683995562085e-10,1.5474575289039405e-11,3.922816349116763e-11,7.683219877583367e-10,-4.3396580684506656e-11,6.856972435826624e-10,-3.0438539667658186e-10,4.247084275905872e-10
-0.5944222290525027,0.37563071630398415,1.0076447277047444,1.4591998595760987,-1.1025281608715816,-0.4492803305297537,-0.08486205812312556,-3.3495435276872053e-09,2.8812382009098893e-09,-2.280420390331024e-10,2.402632877442136e-10,-1.5199542819735885e-10,3.1630989857995716e-10,1.2401039895257452e-09,1.7084093163030612e-09,3.8659423369893175e-10,8.548995604762477e-10,1.0829398503129712e-09,1.5512451770902872e-09,-2.960603688648955e-10,1.722449579124205e-10,-3.167490697343845e-10,1.515562570429315e-10,2.0449334385540522e-09,2.5132387653313682e-09,1.9146972472493535e-09,2.3830025740266695e-09,-4.2865047469290337e-10,3.965485208441264e-11,1.4631166528334842e-09,1.9314219796108e-09,-8.123229614357673e-10,3.4401763465845126e-10,4.662980450314964e-10,9.346033718088124e-10,3.7063695584654895e-10,8.389422826238649e-10,-1.8071096359358673e-11,4.5023423041795733e-10
-0.6038859150494907,0.5347371055836944,-0.9146534061616194,1.148114532309955,-1.0766869096437501,0.7671504234890959,-0.6319093979514578,-3.2763812203293654e-09,1.2592636761040251e-09,-2.280420390331024e-10,1.789075505192238e-09,-1.5199542819735885e-10,1.8651221160279815e-09,1.257948576253511e-09,3.275066120478851e-09,-1.2775393013819e-09,7.395782428434402e-10,-4.3311657082593433e-10,1.584000973399406e-09,-1.6617617576940662e-09,3.553557865312741e-10,-2.10731972325934e-09,9.020217903399961e-11,4.0783662011664187e-10,2.424954164341982e-09,2.776004288119432e-10,2.2947179730372835e-09,-2.1018887361903724e-09,8.47711919650321e-11,-1.5791767321754124e-10,1.859199871007799e-09,-1.704050494828578e-09,3.1306704939676233e-10,-1.162321446277296e-09,8.547960979480443e-10,-1.2575502777581497e-09,7.595672664671905e-10,-1.6749500518446724e-09,3.4216749238066784e-10
-0.6034539658744202,-0.3960472685777552,-1.323822129942214,-1.0714684575685878,1.8722923773939135,1.156526782197469,1.468017289353829,5.072832487936518e-09,1.1445923414285274e-09,-2.280420390331024e-10,4.156282185541093e-09,-1.5199542819735885e-10,4.080235574705349e-09,1.2571383627144149e-09,2.6711017837935753e-09,-1.8102241699233164e-09,5.7384643164313065e-09,-9.227499699778669e-10,4.850990116485857e-09,1.297333125160155e-09,2.630907021347835e-09,1.7709126910783906e-09,2.1573274554295995e-09,-1.44750602336902e-10,4.0729907488448926e-09,-2.749867936416007e-10,4.203226940149591e-09,2.2371924961504307e-09,1.6910476503575595e-09,4.810159627039724e-10,3.4472241838040175e-09,1.8361113608573606e-10,3.744629010422254e-09,2.5252702700261977e-09,1.4029698764817925e-09,2.512490281499394e-09,1.415749865008596e-09,3.0831323057340423e-09,8.451078407739479e-10
-0.56521516149973,0.9392998156378005,-0.10807736609860201,1.380184855281033,-0.8728449922898641,-0.7476035736663585,0.08882478626822851,-2.6992595911029036e-09,2.7227002011356265e-09,-2.280420390331024e-10,2.514826490658254e-10,-1.5199542819735885e-10,1.7543603823008186e-10,1.1837935644144862e-09,1.1603529543817632e-09,7.947142286575629e-10,7.712736186248399e-10,1.4209733533271755e-09,1.3975327432944526e-09,2.8068678828640996e-10,2.5724617825368696e-10,4.2526062627340503e-10,4.0182001624068203e-10,2.2322530679789763e-09,2.2088124579462534e-09,2.1020168766742772e-09,2.0785762666415543e-09,3.3427440431731156e-10,3.1083379428458855e-10,1.788745598157551e-09,1.765304988124828e-09,4.203887739010917e-10,3.969481638683687e-10,1.020396653875736e-09,9.96956043843013e-10,9.317944233751595e-10,9.083538133424366e-10,7.030049959674257e-10,6.795643859347028e-10
-0.5978815023588474,1.8044127800443384,-1.2721679093259342,-0.04428881461743114,1.1202581825213218,0.15143589486530723,0.8687556965084969,2.9436570689995227e-09,7.120592583037724e-10,-2.280420390331024e-10,2.4596398497288526e-09,-1.5199542819735885e-10,2.383593238893109e-09,1.246649454800348e-09,9.849483558954023e-10,-4.352133475747046e-10,2.6668111582704547e-09,3.3273277236181926e-10,1.898865038333931e-09,1.58349193261011e-09,6.481058780856402e-10,2.1388556089305025e-09,9.27422017652478e-11,1.226329796167831e-09,1.0052680145279193e-09,1.096093604863132e-09,1.1355042058326184e-09,2.398117023216157e-09,1.6651921252040687e-10,1.6437209691801165e-09,5.878768415156338e-10,9.639991657285644e-10,1.2675986449671859e-09,2.8165109909813314e-09,5.849131802855811e-10,2.782534599669146e-09,5.509367889733958e-10,3.0828043814418873e-09,8.51206570746137e-10
1.0941144964055696,-0.06105843601465027,0.12864727451990227,1.0595767157734575,-0.7815566846859082,0.31470273961185247,-0.9336189189634793,-2.4408021673422307e-09,4.3052187464333963e-10,-2.280420390331024e-10,2.643282002952468e-09,-1.5199542819735885e-10,2.7193286137882115e-09,-1.864928442944944e-09,1.0063955990406264e-09,-6.585699427708759e-10,2.2127540992146945e-09,-1.9976399621776725e-09,8.736840798078979e-10,-2.7607076221793453e-09,1.1061641980622503e-10,-1.967064227087169e-09,9.042598148984012e-10,-3.1189198552091705e-09,2.475958132236002e-10,-3.249156046513869e-09,3.778320045282989e-10,-2.2348856182206318e-09,6.364384237649385e-10,-3.5101613351228227e-09,6.388372931372524e-10,-2.066082772068624e-09,8.052412699169462e-10,-3.3397821648235333e-09,4.68458122837963e-10,-3.4089011836189933e-09,5.37577141633423e-10,-2.6262322195561464e-09,2.4509182242942395e-10
-0.40847047157897814,-0.19759118116362553,0.2733874223291091,-0.44280699875934965,0.09966174697990669,-0.6483469820671474,0.2187736781260175,5.41224467372365e-11,3.372322663351515e-10,-2.280420390331024e-10,6.193967521054904e-10,-1.5199542819735885e-10,5.433501412697468e-10,8.496124121321766e-10,4.5825769905978864e-10,6.589266204337822e-10,2.6757190736139416e-10,1.0994133067020273e-09,7.080585936296392e-10,1.1091611852043075e-09,7.178064721319195e-10,1.3587328593839645e-09,9.673781463115765e-10,1.016072240296061e-09,6.24717527223673e-10,8.858360489913623e-10,4.944813359189743e-10,1.4490938494435668e-09,1.0577391363711787e-09,1.0594219890809174e-09,6.680672760085293e-10,1.3341235151121694e-09,9.427688020397814e-10,1.1301065512130578e-09,7.387518381406697e-10,1.0672808670828899e-09,6.759261540105018e-10,1.0448592957821128e-09,6.535045827097248e-10
-0.5929949576303567,-0.6241953470207061,-0.12467322065813027,0.21071309412775652,1.0021049606496248,1.1715165004904384,1.1490632540959094,2.6091391210223747e-09,4.1607148737135485e-10,-2.280420390331024e-10,3.253252647426832e-09,-1.5199542819735885e-10,3.1772060365910884e-09,1.2373957445669607e-09,1.787814863826769e-09,-1.830730797867679e-09,4.855941406261408e-09,-9.547158009425095e-10,3.979926409336239e-09,2.6173513265754513e-10,2.7634754757361844e-09,4.1022232149538466e-10,2.6149882868983448e-09,-2.5196729589977394e-10,3.2771779042935035e-09,-3.8220348720447226e-10,3.4074140955982018e-09,7.387648785853153e-10,2.286445729808414e-09,1.2798838400479277e-10,2.897222224388937e-09,1.0788843272898926e-10,2.9173221756647404e-09,1.1505796145243275e-09,1.8746309938694023e-09,1.1131829256109783e-09,1.9120276827827515e-09,1.361643969518624e-09,1.6635666388751055e-09
0.07140530525757095,-0.1468737490421923,-1.114414582845447,-1.5511456202898817,0.47566703085446554,2.4142507669874216,-1.8636809451348577,1.1186767093951611e-09,6.623212402808802e-09,-2.280420390331024e-10,5.276493654380537e-09,-1.5199542819735885e-10,5.352540265216281e-09,-4.2967977433528365e-10,5.074855919078356e-09,-3.5308487546352063e-09,1.9736869387784338e-09,-3.350243919193826e-09,2.154291774219814e-09,-2.5521338388461187e-09,2.9524018545675214e-09,-2.4655448861188196e-09,3.0389908072948205e-09,-5.2301911905498255e-09,2.7434450286381456e-10,-5.360427381854524e-09,1.441083115591163e-10,-3.1753437417785314e-09,2.3291919516351087e-09,-5.034954464130584e-09,4.695812292830563e-10,-3.2336873595107256e-09,2.2708483339029145e-09,-4.920270524776218e-09,5.842651686374221e-10,-4.978617512505133e-09,5.259181809085073e-10,-5.313218965967886e-09,1.9131672744575419e-10
0.34305347775471734,1.3038234619178621,1.4578469543394326,-0.9937420902969568,0.8338648552804472,2.024069919269162,-1.7671955339811936,2.1328141091097035e-09,7.364178227194624e-09,-2.280420390331024e-10,5.0033220790518176e-09,-1.5199542819735885e-10,5.079368689887561e-09,-1.1390051986481725e-09,4.092358919436747e-09,-2.9970633079182276e-09,2.2343008101666927e-09,-3.201356490410652e-09,2.0300076276742685e-09,-2.0009042439901806e-09,3.2304598740947397e-09,-1.7701440421233179e-09,3.4612200759616022e-09,-5.181031011746381e-09,5.0333106338539374e-11,-5.311267203051079e-09,7.99030849661589e-11,-2.5781867422217473e-09,2.653177375863173e-09,-4.856829787938869e-09,3.7453433014605115e-10,-2.1657456436861057e-09,3.0656184743988146e-09,-4.74955482770172e-09,4.818092903832001e-10,-4.805626496982093e-09,4.2573762110282735e-10,-5.520079040269607e-09,2.887149221846865e-10
2.718356438928053,-0.5520283490540153,-1.5178074984385264,-1.6221176956531222,-1.1142006112378136,0.1216081771094965,-0.716394427180626,-3.382590820706579e-09,1.1262774410666086e-09,-2.280420390331024e-10,2.028271340606868e-09,-1.5199542819735885e-10,2.1043179514426115e-09,-8.46860623647798e-10,1.4094527559921722e-09,-3.9440765006304705e-10,1.8619057295769232e-09,-3.7952865032979945e-09,1.5389731236580242e-09,-4.800128150238382e-09,2.543814770598412e-09,-2.3849776509581194e-09,1.2866427131814916e-10,-2.317275423538096e-09,6.09620438981256e-11,-2.447511614842794e-09,1.9119823520282388e-10,-2.5586352949168626e-09,3.023219152768923e-10,-2.906390362355779e-09,6.500769827158086e-10,-1.935192007473463e-09,3.2112137216650713e-10,-2.38784235992702e-09,1.3152898028704973e-10,-2.454084449096194e-09,1.977710694562237e-10,-1.9840476309128045e-09,2.722657487271657e-10
-0.6043146157222651,0.9914312507247959,0.5016730923004689,1.2355830542905872,0.7231571341438855,-0.6891616795831826,2.884305795037038,1.8193760232651718e-09,6.11869066169508e-09,-2.280420390331024e-10,8.166108723993353e-09,-1.5199542819735885e-10,8.09006211315761e-09,1.2587522936734672e-09,6.679314391286784e-09,7.147630144383045e-10,7.223303670521947e-09,1.3966775536088968e-09,6.541389131351354e-09,2.1037324732147855e-09,5.834334211745465e-09,2.8290810673381604e-09,5.10898561762209e-09,2.464723629578292e-09,5.4733430553819594e-09,2.3344874382735935e-09,5.603579246686658e-09,2.953913074939898e-09,4.984153610020353e-09,2.750600094901143e-09,5.187466590059108e-09,2.9253911819886864e-09,5.012675502971564e-09,3.5028054786446223e-09,4.4352612063156284e-09,3.4579199409470483e-09,4.480146744013203e-09,3.6459971255648824e-09,4.292069559395368e-09
-0.5068419758639158,1.6809463455677336,0.2829457251694621,-1.2794999579422397,-0.3253822895272356,-0.08487220794466203,0.48125083313136213,-1.1492713891641862e-09,2.283757079897206e-09,-2.280420390331024e-10,1.3625277297661224e-09,-1.5199542819735885e-10,1.2864811189303789e-09,1.0656237986833295e-09,6.886189204969054e-11,-1.1193293296977667e-10,1.2464186237027966e-09,5.152028361665184e-10,6.192828545665017e-10,7.99097750224207e-11,1.0545759157105994e-09,1.5567810550570132e-10,9.788075852273187e-10,8.638031118897322e-10,2.7068257884328785e-10,7.335669205850335e-10,4.0091877014798654e-10,1.7738371553749759e-10,9.571019751955225e-10,7.124668527130994e-10,4.2201883801992065e-10,1.4278600841585053e-10,9.916996823171695e-10,4.283001112832877e-10,7.061855794497323e-10,3.5492391446002515e-10,7.795617762729949e-10,3.1438986027852374e-10,8.200958304544964e-10
0.06890241961178557,-1.0391261577406903,-1.2739893247566212,-1.2127272790144952,-0.5148889904853204,-0.7879130835871054,-0.016924763880955155,-1.6858068448054784e-09,1.4098470495422254e-09,-2.280420390331024e-10,4.7917756230150596e-11,-1.5199542819735885e-10,1.2396436706589414e-10,-4.2264731070551986e-10,1.4668751544226688e-10,8.498595026652839e-10,1.125819297928537e-09,6.750983720583685e-10,9.510581673216216e-10,7.977908216970937e-12,2.839377034802239e-10,-5.916810453101387e-13,2.7536811421794284e-10,-7.091629168721681e-10,4.3320312160891515e-10,-8.393991081768668e-10,5.634393129136138e-10,1.9590022563222757e-10,4.718600208954806e-10,-9.560167082681592e-10,6.800569130049063e-10,4.479169222890584e-10,7.238767175523114e-10,-1.0898403661918528e-09,8.138805709285998e-10,-1.1623062610574546e-09,8.863464657942017e-10,-6.504596957108526e-10,3.744999004475996e-10
-0.5488637358002709,-0.3587933075235252,1.0712686820681603,-0.42500768393831273,-1.343580394339099,-0.44454257454169,-0.2532429350693014,-4.032015805780694e-09,3.086986911568268e-09,-2.280420390331024e-10,7.169868551793236e-10,-1.5199542819735885e-10,7.930334660150672e-10,1.1514492440637854e-09,2.0964781382762116e-09,3.801127643717886e-10,1.3251416585842146e-09,1.019763353090951e-09,1.964792247303377e-09,-6.32938135661452e-10,3.1209075855097393e-10,-7.435829956509746e-10,2.0144589856145133e-10,1.6791299286759722e-09,2.624158822888398e-09,1.5488937373712733e-09,2.4939226315836993e-09,-8.744442272543154e-10,7.058466695811061e-11,9.410443045323343e-10,1.8860731987447605e-09,-1.5225585457673876e-09,5.775296515549617e-10,-1.580022862940119e-10,7.870266079184141e-10,-2.5868349454824026e-10,6.863453996641858e-10,-5.157074418814755e-10,4.2932145233095047e-10
-0.5437545495974145,-0.7471964793697448,-0.15743315992799717,-0.9055615235656088,0.2228891969208566,-0.8491276849628032,0.800100337686236,4.030066585741868e-10,1.6342126206939832e-09,-2.280420390331024e-10,2.2652613183012723e-09,-1.5199542819735885e-10,2.1892147074655288e-09,1.1412220855924685e-09,8.959971936757014e-10,9.336039087067687e-10,1.1036153705614013e-09,1.5215401256702315e-09,5.156791535979385e-10,1.640227417639868e-09,3.9699186162830204e-10,2.144461113329695e-09,1.0724183406152486e-10,2.2109478254200326e-09,1.7372854615186266e-10,2.080711634115334e-09,4.3492354847163976e-11,2.2065087973438896e-09,1.6928951807571968e-10,2.3060593550071306e-09,2.6884007573896066e-10,1.8278139058844919e-09,2.094053733836781e-10,2.511413337137729e-09,4.74194057869559e-10,2.452164810791091e-09,4.1494553152292123e-10,2.447625738521293e-09,4.104064592531229e-10
-0.6074453177070984,-0.727705471331937,1.4882487000926308,-1.566046875881459,0.07463119715650217,-1.0853986533180957,1.2135818210540235,-1.674458533369173e-11,3.224621550880942e-09,-2.280420390331024e-10,3.4359190045803525e-09,-1.5199542819735885e-10,3.359872393744609e-09,1.2646094938536352e-09,1.9432674716936152e-09,1.2568335216601185e-09,1.9510434438871317e-09,1.8983183565866916e-09,1.3095586089605586e-09,1.8156380309350502e-09,1.3922389346122e-09,2.455867714497176e-09,7.520092510500743e-10,3.049486407251675e-09,1.5839055829557524e-10,2.9192502159469763e-09,2.8862674960027393e-10,2.4473257770434765e-09,7.605511885037737e-10,3.0820756191457703e-09,1.2580134640147993e-10,3.979095250395458e-09,7.712182848482077e-10,3.1582859217996206e-09,4.959104374762956e-11,3.0952624120335815e-09,1.1261455351366874e-10,3.0643408003498e-09,1.4353616519745037e-10
-0.49386210327346103,-0.2330008720439259,-1.308540354747753,0.014240924090571674,-0.43132354229100917,-0.7085505962247505,0.07899448906224109,-1.4492145470338002e-09,1.4448234077730227e-09,-2.280420390331024e-10,2.2365089977232492e-10,-1.5199542819735885e-10,1.4760428893658138e-10,1.0383276687861607e-09,1.0427188080469382e-09,7.412879491997121e-10,7.456790884604895e-10,1.2822936960759605e-09,1.2866848353367379e-09,6.635459001480045e-10,6.67937039408782e-10,8.756218544757272e-10,8.800129937365046e-10,1.6522195613420323e-09,1.6566107006028099e-09,1.521983370037334e-09,1.5263745092981116e-09,8.755008538275977e-10,8.798919930883752e-10,1.448185335238852e-09,1.4525764744996294e-09,7.872013560259141e-10,7.915924952866916e-10,1.0926261789836685e-09,1.0970173182444461e-09,1.0167023968005704e-09,1.021093536061348e-09,9.904643477525979e-10,9.948554870133755e-10
-0.6038328813124397,0.040081014377168454,-1.0881477586446142,-1.2982532057473894,0.1815621783143457,2.5566882443942216,0.071178541808301,2.86000712893961e-10,3.1252053045455535e-10,-2.280420390331024e-10,2.0152222147250806e-10,-1.5199542819735885e-10,1.2547561063676452e-10,1.2578491220206682e-09,1.2843689395812626e-09,-3.725709811889684e-09,3.6991899943290895e-09,-2.68099953157511e-09,2.6544797140145154e-09,-2.276136770402756e-09,2.2496169528421618e-09,-2.912548226444917e-09,2.8860284088843227e-09,-2.1157597446925987e-09,2.0892399271320044e-09,-2.2459959359972974e-09,2.219476118436703e-09,-2.5549197961695777e-09,2.5283999786089833e-09,-2.0377853914930376e-09,2.0112655739324432e-09,-3.0385718708128626e-09,3.012052053252268e-09,-1.8946510278703392e-09,1.868131210309745e-09,-1.954691806419171e-09,1.9281719888585767e-09,-1.9494491392397114e-09,1.922929321679117e-09
-0.5610919144929398,1.9199985833509552,-1.534844157411099,1.162096589117188,0.19479987006969912,-1.074542908279335,0.4325838308128353,3.2347955106532706e-10,6.732190739246089e-10,-2.280420390331024e-10,1.2247406640230383e-09,-1.5199542819735885e-10,1.1486940531872948e-09,1.1756930085440772e-09,1.7899438355414124e-10,1.241982360336217e-09,2.4528373534628096e-10,1.8264586523290816e-09,8.297600273391456e-10,1.8884362959852162e-09,8.917376709952803e-10,2.484045904070992e-09,1.487347279081056e-09,2.6611734426172444e-09,1.6644748176273084e-09,2.5309372513125457e-09,1.5342386263226097e-09,2.521345763555814e-09,1.524647138565878e-09,2.744661277889194e-09,1.7479626528992582e-09,1.8039253473739309e-09,8.072267223839949e-10,2.930729245891639e-09,1.9340306209017034e-09,2.8708307283397714e-09,1.8741321033498357e-09,2.867206780454029e-09,1.870508155464093e-09
-0.08798978571231535,-0.9907682409400149,0.35012995073828185,0.16318624755462446,-0.7990008607307031,-1.1798641739405538,0.14320168949541143,-2.4901904944840294e-09,2.6675841647613715e-09,-2.280420390331024e-10,4.0543570931044437e-10,-1.5199542819735885e-10,3.2938909847470083e-10,2.0143357321695542e-11,1.5725031295564644e-10,1.3860667231862503e-09,1.2086730529089083e-09,1.364493654379291e-09,1.187099984101949e-09,3.140791467461458e-10,1.366854764688038e-10,3.287781021549208e-10,1.5138443187757884e-10,2.9758890197128246e-10,1.2019523169394048e-10,1.6735271066658383e-10,1.0040959610758153e-11,5.412622853629569e-10,3.6386861508561494e-10,-1.0352481939071906e-10,2.8091848966806105e-10,5.301351373259022e-10,3.5274146704856017e-10,-3.8709365206648585e-10,5.644873223438279e-10,-4.655509033836966e-10,6.429445736610386e-10,1.637664152257684e-10,1.3627255051573581e-11
-0.5535240597721436,0.40851335951483314,0.9282550106149983,0.5114569736956573,-0.6279181474848049,-0.3878362891449086,0.28596734420699155,-2.0058174298922973e-09,2.587412298403506e-09,-2.280420390331024e-10,8.096369075443113e-10,-1.5199542819735885e-10,7.335902967085677e-10,1.1607277264095498e-09,5.791328578983408e-10,3.025359431126426e-10,2.790589253985663e-10,9.543890640128736e-10,3.7279419550166466e-10,1.3438205137888567e-10,4.4721281713232327e-10,2.345417172108359e-10,3.4705315130037303e-10,1.6346940897472166e-09,1.0530992212360077e-09,1.5044578984425181e-09,9.228630299313092e-10,2.0272117227279355e-10,3.788736962384154e-10,1.3281102533996742e-09,7.465153848884653e-10,1.4157089340557904e-10,4.400239751056299e-10,7.681263235726597e-10,1.8653145506145078e-10,6.863102802879694e-10,1.0471541177676043e-10,5.353435456833282e-10,4.6251322827880714e-11
-0.60777638242137,-0.3867705925007672,-0.21546093555695442,-1.1085562457186937,-1.1888176860571313,-0.5181839492337295,-0.15479338080060132,-3.5938482909406156e-09,2.9275518963716836e-09,-2.280420390331024e-10,4.3825435553582963e-10,-1.5199542819735885e-10,5.143009663715732e-10,1.265227629230716e-09,1.931524023799648e-09,4.808575710856912e-10,1.1471539656546232e-09,1.1862628214558384e-09,1.8525592160247705e-09,-3.0072216758874827e-10,3.6557422698018375e-10,-3.235078370773549e-10,3.4278855749157713e-10,2.252509602711566e-09,2.918805997280498e-09,2.122273411406867e-09,2.788569805975799e-09,-4.587043008286377e-10,2.0759209374029433e-10,1.6161045831397017e-09,2.2824009777086337e-09,-2.0350615602375289e-10,4.6279023854517914e-10,5.28797214538287e-10,1.195093609107219e-09,4.303029256066732e-10,1.0965993201756053e-09,-4.143928552357783e-11,6.248571090453542e-10
-0.31367062750234553,0.7494092108509425,0.4592090300427576,1.3324999665658828,-0.5923547351826145,-1.0663810372548588,0.1293643117492825,-1.905129530587168e-09,2.043346518792766e-09,-2.280420390331024e-10,3.6625902723870036e-10,-1.5199542819735885e-10,2.902124164029568e-10,6.222502526334346e-10,4.840332644278367e-10,1.2308165432636365e-09,1.0925995550580386e-09,1.5054238054721922e-09,1.3672068172665943e-09,6.827489837357161e-10,5.445319955301182e-10,8.052640423731586e-10,6.670470541675607e-10,1.0808227832294152e-09,9.426057950238173e-10,9.505865919247166e-10,8.123696037191186e-10,8.908472128458471e-10,7.526302246402492e-10,7.932609477792195e-10,6.550439595736216e-10,8.377855678237912e-10,6.995685796181933e-10,4.435668141864639e-10,3.0534982598086594e-10,3.660557626910467e-10,2.2783877448544872e-10,6.194652245253181e-10,4.812482363197202e-10
-0.5403075499081145,-0.7482118148404361,0.07509850869630337,-0.43136086118631495,-1.1262345794281408,2.2198888672774046,-0.9778628000071194,-3.416661650780277e-09,4.2007337932379716e-10,-2.280420390331024e-10,2.7685462324233777e-09,-1.5199542819735885e-10,2.8445928432591212e-09,1.1342896466223396e-09,4.13087791807882e-09,-3.2649526860091374e-09,2.6836441455265743e-10,-2.337743379265968e-09,6.588448921905118e-10,-3.472325258120033e-09,4.757369866635528e-10,-4.340584075184877e-09,1.3439958037283973e-09,-2.142083697664419e-09,8.545045737920608e-10,-2.2723198889691175e-09,7.242683824873625e-10,-4.317384935402582e-09,1.3207966639461018e-09,-2.7387508250272847e-09,2.578374464291953e-10,-4.013513263243334e-09,1.0169249917868536e-09,-3.7001471596498016e-09,7.035588881933215e-10,-3.794821486847912e-09,7.982332153914322e-10,-3.985492389575776e-09,9.88904118119296e-10
-0.6029538331321006,-0.49949356837561504,-0.324208192513933,-0.9437740668489056,-1.2589038638456789,-0.1967500907290676,-0.294751156528881,-3.792277787859842e-09,2.7297299225446416e-09,-2.280420390331024e-10,8.345058262820976e-10,-1.5199542819735885e-10,9.105524371178412e-10,1.2561997471844286e-09,2.3187476124996285e-09,4.112118536804917e-11,1.1036690506832492e-09,7.764561787738995e-10,1.8390040440890995e-09,-7.590015582224791e-10,3.0354630709272087e-10,-9.236610903734367e-10,1.388867749417633e-10,1.7591501736410156e-09,2.8216980389562158e-09,1.628913982336317e-09,2.6914618476515167e-09,-1.0366083851333406e-09,2.5939480181859354e-11,1.0773082380657414e-09,2.139856103380941e-09,-6.951820557544344e-10,3.6736580956076554e-10,-6.074760119178922e-11,1.0018002641234107e-09,-1.6103953040351622e-10,9.015083349116837e-10,-6.354534311989542e-10,4.2709443411624574e-10
1.8266259878463216,-0.6826641627396299,1.330832240859745,-0.6574959041538886,0.19744887836985395,-0.016904861868853965,-0.671411075572206,3.309794804511248e-10,2.4599350256215147e-09,-2.280420390331024e-10,1.9009135061372877e-09,-1.5199542819735885e-10,1.9769601169730313e-09,-1.4070828246038203e-09,7.218727205665697e-10,-2.0491540609577599e-10,1.924040139074614e-09,-2.501210384881603e-09,3.7225483971121293e-10,-2.092265491285709e-09,3.6690053884681093e-11,-1.2899562964819548e-09,8.389992486884353e-10,-2.4465512279518966e-09,3.175956827815065e-10,-2.5767874192565952e-09,4.4783187408620517e-10,-1.319093323147363e-09,8.09862222023027e-10,-2.3619628274935013e-09,2.330072823231112e-10,-1.6028764284773883e-09,5.260791166930017e-10,-2.4326708649359804e-09,3.0371531976559035e-10,-2.4973030809504563e-09,3.683475357800662e-10,-2.520303866448125e-09,3.91348321277735e-10
-0.5022458727136176,0.02893641332475062,-0.4007190711945369,-0.9145482384172907,-0.2406384001046999,-1.2067183586940706,0.6107704890620789,-9.093426631916302e-10,2.41052719495751e-09,-2.280420390331024e-10,1.7292265707989823e-09,-1.5199542819735885e-10,1.6531799599632387e-09,1.0560007279551895e-09,4.4518380381069047e-10,1.42280449001592e-09,7.838004174996e-11,1.9185668164749684e-09,4.1738228470908844e-10,1.4697403636132789e-09,3.1444168152601096e-11,1.882525650386709e-09,3.81341118620829e-10,2.413122471133629e-09,9.119379393677492e-10,2.2828862798289305e-09,7.817017480630505e-10,1.895059240505681e-09,3.93874708739801e-10,2.302698663178265e-09,8.015141314123851e-10,1.6917486731672578e-09,1.905641414013778e-10,2.1024910223569244e-09,6.013064905910445e-10,2.0312936045549782e-09,5.301090727890983e-10,1.998585775679021e-09,4.974012439131412e-10
-0.6055131732089541,-0.7167906989588588,0.01493022749601045,1.2852211047708881,-0.7952275297795909,-1.4300724402585285,0.36413505236863464,-2.479507358579573e-09,3.282412326960121e-09,-2.280420390331024e-10,1.0309470074136504e-09,-1.5199542819735885e-10,9.549003965779069e-10,1.2609971904967858e-09,4.5809222211623777e-10,1.7283632043945221e-09,9.25458236013974e-10,2.3288318988227213e-09,1.5259269304421732e-09,1.2061478952247165e-09,4.032429268441684e-10,1.6534909967154798e-09,8.505860283349317e-10,3.519341819592519e-09,2.716436851211971e-09,3.38910562828782e-09,2.586200659907272e-09,1.4873522505614068e-09,6.844472821808587e-10,3.1203681282842084e-09,2.3174631599036603e-09,1.4762715947623869e-09,6.733666263818388e-10,2.3774297604919755e-09,1.5745247921114274e-09,2.290036031980131e-09,1.487131063599583e-09,1.962351850052946e-09,1.1594468816723978e-09
-0.5216658583028632,0.4755186755719466,-0.0804893813449757,0.8307931983840049,4.517394374249735,-1.0267551757903837,0.5737825126190902,1.2561702263652927e-08,1.1165238887887107e-08,-2.280420390331024e-10,1.6245054147989225e-09,-1.5199542819735885e-10,1.548458803963179e-09,1.0963444387998373e-09,3.001189369659828e-10,1.1766065319648937e-09,2.1985684380092644e-10,1.7169104899625692e-09,3.2044711419674904e-10,6.785683687529362e-09,5.389220311763542e-09,8.577765339460734e-09,7.181301963694914e-09,2.298096735038735e-09,9.016333592729149e-10,2.1678605437340367e-09,7.713971679682166e-10,9.207462787482433e-09,7.810999411716612e-09,3.3656998044954644e-09,1.9692364287296443e-09,7.210555996152858e-09,5.814092620387038e-09,8.288902342223182e-09,6.892438966457362e-09,8.340146527442998e-09,6.943683151677178e-09,8.685017875153455e-09,7.288554499387635e-09
-0.5597238810835062,-0.5586831547432233,0.3930716014755334,-0.46543265085371877,0.2682642442521667,0.16073903530067327,0.7833512867144111,5.314734704154967e-10,1.4583255347974836e-09,-2.280420390331024e-10,2.2178410442460826e-09,-1.5199542819735885e-10,2.141794433410339e-09,1.1729970912246445e-09,8.168019139883358e-10,-4.479404739885269e-10,2.4377394792015073e-09,2.7311789599109303e-10,1.7166811092218872e-09,5.434786541892941e-10,1.4463203510236862e-09,7.598891700852283e-10,1.229909835127752e-09,9.089047274780376e-10,1.0808942777349427e-09,7.786685361733389e-10,1.2111304690396414e-09,8.830710826041877e-10,1.1067279226087926e-09,1.0225782064206241e-09,9.672207987923562e-10,8.191545499680332e-10,1.170644455244947e-09,1.2653037283828894e-09,7.244952768300909e-10,1.2073638301668526e-09,7.824351750461277e-10,1.2176743550431346e-09,7.721246501698457e-10
2.4556318413162423,2.046322169517804,0.129639418290914,-0.1952089087800539,-0.46147472054356137,-0.25686786972954045,-0.5723726922818049,-1.534579212663397e-09,3.1397672744793326e-10,-2.280420390331024e-10,1.6205139010782279e-09,-1.5199542819735885e-10,1.6965605119139714e-09,-9.838927444170494e-10,8.646631956942809e-10,1.2336508766889058e-10,1.971921027780221e-09,-2.9898822963287743e-09,1.141326356217444e-09,-3.3039985754170253e-09,1.455442635305695e-09,-1.7565306540418236e-09,9.202528606950661e-11,-1.8724014072071266e-09,2.384546709579633e-11,-2.0026375985118252e-09,1.5408165840049502e-10,-1.5963512814516502e-09,2.5220465865968006e-10,-2.0917561928437882e-09,2.43200252732458e-10,-1.4877093594191172e-09,3.60846580692213e-10,-1.911984595962528e-09,6.342865585119797e-11,-1.9777080996383322e-09,1.2915215952700202e-10,-1.6989950316491082e-09,1.49560908462222e-10
-0.6036513041860445,0.6188625884296336,0.9877207408627483,0.3470289359432726,-0.9630423199656144,-0.3441562669305548,0.049611472120439454,-2.954628208980112e-09,2.8670472389466898e-09,-2.280420390331024e-10,1.404610689996798e-10,-1.5199542819735885e-10,6.441445816393625e-11,1.2575085636958876e-09,1.3450895337293102e-09,2.427796523909305e-10,3.303606224243531e-10,9.624873401573523e-10,1.050068310190775e-09,-2.4565753550750704e-10,1.5807656547408444e-10,-2.5112901473474013e-10,1.6354804470131754e-10,1.97277323932038e-09,2.0603542093538025e-09,1.8425370480156814e-09,1.930118018049104e-09,-3.356963871411714e-10,2.481154171077488e-10,1.4761350295878285e-09,1.5637159996212512e-09,-5.978769450531312e-10,5.102959750197086e-10,5.791440984187715e-10,6.667250684521941e-10,4.870997810383631e-10,5.746807510717857e-10,1.087000936266448e-10,1.962810636600674e-10
-0.43569870648904435,-0.1495393043238679,0.218548418948692,1.239753236886104,-1.030736466708381,-0.7785618501546888,-0.045071229154791496,-3.1462853360540096e-09,2.7906366617482696e-09,-2.280420390331024e-10,1.2760663527263763e-10,-1.5199542819735885e-10,2.0365324610838117e-10,9.114930272187991e-10,1.2671417015245391e-09,8.370665828070508e-10,1.1927152571127908e-09,1.297175643047093e-09,1.652824317352833e-09,-1.5838477867503354e-11,3.3981019643823664e-10,2.7133720874943536e-11,3.8278239518068356e-10,1.366877636147285e-09,1.722526310453025e-09,1.2366414448425866e-09,1.5922901191483266e-09,-2.1418057638188763e-11,3.342306166675513e-10,8.293660850613227e-10,1.1850147593670626e-09,5.003847702614287e-11,4.056871513318829e-10,1.1010911097508713e-10,4.657577852808272e-10,2.0627676754559053e-11,3.762763510602991e-10,1.5702533485962877e-10,5.126740091653688e-10
-0.4844768429555376,-0.34337488021199786,1.1610830367056857,0.22617168798798454,-0.30389039466433326,1.4670222010931386,-0.8509347766932834,-1.0884230732758078e-09,1.5488038432626725e-09,-2.280420390331024e-10,2.409184877505378e-09,-1.5199542819735885e-10,2.4852314883411215e-09,1.0183604842239385e-09,3.6555874007624188e-09,-2.2349962643201072e-09,4.0223065221837305e-10,-1.4622051232886495e-09,1.1750217932498308e-09,-1.7155102403546854e-09,9.217166761837949e-10,-2.0606291815651012e-09,5.76597734973379e-10,-1.4797631013819456e-09,1.1574638151565346e-09,-1.6099992926866447e-09,1.0272276238518355e-09,-2.0309501460839143e-09,6.062767704545659e-10,-1.620620510517133e-09,1.0166064060213473e-09,-1.7873451511361766e-09,8.498817654023037e-10,-1.8959784702133393e-09,7.41248446325141e-10,-1.9686386297686047e-09,6.685882867698755e-10,-1.9839710534451626e-09,6.532558630933176e-10
-0.4344214859529178,1.8967786071042385,1.6316241620974294,0.5499999495064548,-0.04300272727969938,-0.6446087653948839,0.23069583733160326,-3.4979228722055253e-10,7.749012743595435e-10,-2.280420390331024e-10,6.531510261720934e-10,-1.5199542819735885e-10,5.771044153363499e-10,9.086256710175322e-10,4.835166838785412e-10,6.538125671223548e-10,2.2870357998336376e-10,1.1273145274389593e-09,7.022055402999683e-10,9.698864190253091e-10,5.447774318863182e-10,1.2115694590109981e-09,7.864604718720071e-10,1.1699929282677573e-09,7.448839411287663e-10,1.0397567369630586e-09,6.146477498240676e-10,1.2780729415263122e-09,8.529639543873212e-10,1.1508659305527602e-09,7.257569434137692e-10,2.1530447052457703e-09,1.7279357181067793e-09,1.1137067069415107e-09,6.885977198025198e-10,1.047573460704256e-09,6.224644735652651e-10,1.045486633789863e-09,6.20377646650872e-10
-0.49990753195311405,-0.27022784546965617,-0.8592909606547275,-0.057363403611033495,-0.4997738369257381,-0.7315937855640078,0.13435392641377367,-1.6430124963144859e-09,1.7953561890848968e-09,-2.280420390331024e-10,3.803857318035134e-10,-1.5199542819735885e-10,3.0433912096776985e-10,1.0510870124508227e-09,8.987433196804117e-10,7.728120980326682e-10,6.204684052622572e-10,1.3188315497573395e-09,1.1664878569869286e-09,6.180331396473656e-10,4.656894468769546e-10,8.224939589989024e-10,6.701502662284914e-10,1.7268192656574088e-09,1.5744755728869977e-09,1.5965830743527101e-09,1.444239381582299e-09,8.109354283469623e-10,6.585917355765513e-10,1.4877938834452397e-09,1.3354501906748286e-09,7.698156244571923e-10,6.174719316867813e-10,1.0752956171305244e-09,9.229519243601134e-10,9.97581070093493e-10,8.452373773230819e-10,9.611155253655862e-10,8.087718325951752e-10
-0.5000559356185555,-1.0380961221595464,-0.7671661699253843,-0.537338080499372,1.2658992330495402,-1.031023453738822,0.6048416530684688,3.3559991498345297e-09,1.8716004663007795e-09,-2.280420390331024e-10,1.7124407225668523e-09,-1.5199542819735885e-10,1.6363941117311088e-09,1.0513992203473957e-09,4.3299946318635424e-10,1.1824457336190574e-09,3.0195294991469254e-10,1.6951278642791584e-09,2.1072918074540846e-10,3.0060228970081262e-09,1.5216242134743762e-09,3.787862714297017e-09,2.303464030763267e-09,2.1500386943402277e-09,6.656400108064778e-10,2.0198025030355286e-09,5.354038195017787e-10,3.9982891482328444e-09,2.5138904646990946e-09,2.611707640064456e-09,1.1273089565307061e-09,2.806137989607231e-09,1.321739306073481e-09,3.793207535062732e-09,2.3088088515289826e-09,3.760000283006257e-09,2.2756015994725073e-09,3.764359174601968e-09,2.279960491068218e-09
-0.6060105852018013,2.1113368056957045,-0.9249712734027133,-0.8275127806946623,0.4453234436107288,-0.1468049896930889,1.3212912317901555,1.0327672912832891e-09,2.4800588790889017e-09,-2.280420390331024e-10,3.740868209405293e-09,-1.5199542819735885e-10,3.6648215985695494e-09,1.261927921874181e-09,2.2508982484980096e-09,-2.720602296039515e-11,3.5400321933325856e-09,7.175603029788526e-10,2.795265867393338e-09,1.157331219528808e-09,2.3554949508433826e-09,1.589932245515073e-09,1.9228939248571176e-09,1.7141453097917655e-09,1.7986808605804251e-09,1.5839091184870664e-09,1.9289170518851242e-09,1.727220122342307e-09,1.7856060480298837e-09,1.8977775820635116e-09,1.615048588308679e-09,9.253299210279839e-10,2.5874962493442067e-09,2.3469950027324174e-09,1.1658311676397732e-09,2.2943573565708274e-09,1.2184688138013632e-09,2.390681758485527e-09,1.1221444118866637e-09
-0.5640020400422061,0.028300940649562418,0.4997586631337837,0.2029613487966937,-0.10516422936099325,0.3091090829803025,0.4272050639283848,-5.257852714998309e-10,1.507255415773535e-09,-2.280420390331024e-10,1.2095121833068064e-09,-1.5199542819735885e-10,1.1334655724710628e-09,1.1814141448148089e-09,1.9994400054110482e-10,-6.50917561775463e-10,1.632387706049167e-09,9.212585493447594e-11,8.893442893392281e-10,-5.491507113412114e-11,1.0363852154078251e-09,-5.8560958755669504e-12,9.873262401492709e-10,7.328915472668557e-10,2.4857859700684835e-10,6.02655355962157e-10,3.7881478831154704e-10,7.709120093072466e-11,9.043789433429794e-10,6.856564554932066e-10,2.958136887804975e-10,9.694570067240182e-11,8.845244436013022e-10,5.72577200071492e-10,4.08892944202212e-10,5.046330622847681e-10,4.768370819889359e-10,4.393897580042573e-10,5.420803862694468e-10
-0.5720422382192225,1.6223968215265714,1.638753567274396,1.593151030717663,0.06733143929393817,0.6316621887334547,0.5750052187529054,-3.741181710471048e-11,1.4373369448260303e-09,-2.280420390331024e-10,1.6279671667544222e-09,-1.5199542819735885e-10,1.5519205559186786e-09,1.1971238156567175e-09,2.0280131206460228e-10,-1.0921851294975932e-09,2.4921102572189132e-09,-3.029299222238377e-10,1.7028550499451576e-09,-2.1912546910749425e-10,1.619050596828814e-09,-2.1655035433650736e-10,1.6164754820578272e-09,3.4110018068874916e-10,1.0588249470325706e-09,2.1086398938405048e-10,1.1890611383372693e-09,-8.334824907023135e-11,1.4832733767915512e-09,3.705353265317904e-10,1.0293898011895294e-09,1.962760431675087e-09,5.628353039537672e-10,4.165230341470388e-10,9.83402093574281e-10,3.5322891945562916e-10,1.0466962082656907e-09,3.231639964911587e-10,1.076761131230161e-09
0.33617616498054886,-0.9679267367742317,-0.9448808949846331,-1.4266731934967065,0.8965169231951791,-0.4068567563177137,-0.21751057918151537,2.3101959939483554e-09,3.1540586721353624e-09,-2.280420390331024e-10,6.158206391539047e-10,-1.5199542819735885e-10,6.918672499896482e-10,-1.1230775789056361e-09,2.792149007186291e-10,3.28556821958886e-10,1.172419500145893e-09,-1.3926102156737756e-10,7.046016566196294e-10,8.903002832559116e-10,1.7341629614429186e-09,7.471164521994922e-10,1.5909791303864992e-09,-1.7443941106671424e-09,9.005314324801354e-10,-1.8746303019718413e-09,1.0307676237848343e-09,9.491668451602216e-10,1.7930295233472286e-09,-1.3990858874986863e-09,5.552232093116793e-10,7.151905274764427e-10,1.5590532056634497e-09,-1.24694058955797e-09,4.0307791137096296e-10,-1.3022654394385212e-09,4.584027612515142e-10,-2.076434208145516e-09,1.232571529958509e-09
-0.5260191324431429,0.49619683722810887,1.1434995532340073,-0.14205243835459075,-1.1525599931113601,0.5699064970194995,-0.4716733896597248,-3.491194729315562e-09,1.927740824868122e-09,-2.280420390331024e-10,1.3354118654143376e-09,-1.5199542819735885e-10,1.4114584762500812e-09,1.1052741013985483e-09,2.668728005845988e-09,-1.0077004868463159e-09,5.557534176011241e-10,-2.831684154154316e-10,1.2802854890320083e-09,-1.6114592794506394e-09,4.800537500319943e-11,-1.9688227970334738e-09,4.053688925860338e-10,7.859893128400099e-11,1.642052835731441e-09,-5.1637260020697646e-11,1.5118166444267424e-09,-2.0315711654541895e-09,4.681172610067496e-10,-5.34688928807707e-10,1.028764975639733e-09,-2.5690554583994707e-09,1.0056015539520307e-09,-1.474254372450061e-09,8.9199531997379e-11,-1.569190457933612e-09,5.736553486172088e-12,-1.711642687475069e-09,1.4818878302762893e-10
0.11003744897535325,0.6740084119326705,1.271512273240623,0.06578048335390552,0.09131906249616044,-1.161222013832198,0.15358539202862695,3.050245864115137e-11,1.7628977401808062e-10,-2.280420390331024e-10,4.348342716923344e-10,-1.5199542819735885e-10,3.5878766085659084e-10,-5.376374258643424e-10,7.444296585235744e-10,1.3605633859020136e-09,1.1537711532427815e-09,1.0923379046924708e-09,8.855456720332388e-10,1.093001636782562e-09,8.8620940412333e-10,1.0247539568717525e-09,8.179617242125205e-10,-2.798054002017335e-10,4.865976328609655e-10,-4.100415915064321e-10,6.168338241656641e-10,1.3988439172072862e-09,1.1920516845480544e-09,-2.4003276653393966e-10,4.4682499919317165e-10,1.3233498207447155e-09,1.1165575880854834e-09,-2.1359358022722836e-10,4.203858128864604e-10,-2.7746101258936115e-10,4.842532452485931e-10,-2.8189298032806054e-10,4.886852129872925e-10
-0.5841334780950183,-1.1366629253493756,0.5843036405141796,-0.04498582579855036,1.0197647654590507,-0.24708736110037913,1.1712163734495282,2.6591379409694184e-09,4.287930563402619e-10,-2.280420390331024e-10,3.3159730363427826e-09,-1.5199542819735885e-10,3.239926425507039e-09,1.2204812145243238e-09,1.8674497827853562e-09,1.0998489948624079e-10,2.9779460978234393e-09,8.160441867095757e-10,2.2718868106001044e-09,1.912198716893247e-09,1.1757322804164332e-09,2.54796953508955e-09,5.399614622201302e-10,1.676395179240921e-09,1.4115358180687594e-09,1.5461589879362224e-09,1.5417720093734578e-09,2.7539269927110376e-09,3.340040045986427e-10,2.062034640250505e-09,1.025896357059175e-09,2.885564897931542e-09,2.0236609937813843e-10,3.1073450973004854e-09,1.9414099990805166e-11,3.0701880572858175e-09,1.7742940023862764e-11,3.2975615267279886e-09,2.096305294183083e-10
-0.4791274730344504,1.159698493952672,-0.011753135434713919,-1.5730081399200915,0.7007145425683398,-0.6180643689457451,1.4105982889144197,1.755836074356346e-09,2.0098381607222637e-09,-2.280420390331024e-10,3.9937162741117124e-09,-1.5199542819735885e-10,3.917669663275969e-09,1.006893356291441e-09,2.758780878787169e-09,6.174986050217158e-10,3.148175630056894e-09,1.1501270770319348e-09,2.615547158046675e-09,1.8508247602953152e-09,1.9148494747832945e-09,2.326283500003725e-09,1.4393907350748847e-09,1.4237673360108182e-09,2.3419068990677915e-09,1.2935311447061195e-09,2.47214309037249e-09,2.474011348355239e-09,1.2916628867233708e-09,1.7017112413799284e-09,2.0639629936986813e-09,2.044526967468139e-09,1.7211472676104709e-09,2.309958928149739e-09,1.4557153069288707e-09,2.2621386441389764e-09,1.5035355909396333e-09,2.2199180359720414e-09,1.5457561991065683e-09
-0.5053245656424067,1.6538899181980633,0.5200036921795878,-0.6457126506131101,0.9101504607858748,0.15397883941882728,0.4016525935136894,2.348795559379261e-09,1.43967012000199e-09,-2.280420390331024e-10,1.1371674784103734e-09,-1.5199542819735885e-10,1.0611208675746298e-09,1.0624518646999555e-09,1.5332642532268442e-10,-4.3869221334275823e-10,1.3478176527200293e-09,2.132789865305557e-10,6.958464528467153e-10,1.230589268576313e-09,3.21463829199042e-10,1.588067911215113e-09,6.789424718378421e-10,5.163026247379394e-10,3.928228146393316e-10,3.860664334332408e-10,5.230590059440303e-10,1.773961839301995e-09,8.648363999247241e-10,8.661492443529888e-10,4.2976195024282194e-11,1.8152294094475143e-09,9.061039700702433e-10,1.6906188272894806e-09,7.814933879122095e-10,1.6485650422866358e-09,7.394396029093648e-10,1.6563074828302431e-09,7.471820434529721e-10
1.0546389745651654,0.27701249036083303,-1.5686905720793112,1.4130138528755831,-0.04683211994465688,-0.39261636373637215,-0.49373723166904626,-3.6063414625738327e-10,1.2652873831648966e-09,-2.280420390331024e-10,1.3978794903891777e-09,-1.5199542819735885e-10,1.4739261012249212e-09,-1.871998102043855e-09,2.460765726215749e-10,3.090753062465996e-10,1.9349968356688794e-09,-1.0596004606983035e-09,5.663210687239765e-10,-1.047670123129284e-09,5.782514062929959e-10,-7.971287943881612e-10,8.287927350341188e-10,-2.124470546224596e-09,4.985490168023159e-10,-2.254706737529295e-09,6.28785208107015e-10,-5.974256301817968e-10,1.0284958992404832e-09,-2.1453133332848174e-09,5.193918038625374e-10,-2.672045163575673e-10,1.3587170130647126e-09,-2.144188315041385e-09,5.182667856191049e-10,-2.2095558055807236e-09,5.836342761584436e-10,-2.0630707315295506e-09,4.3714920210727057e-10
-0.5625018343799136,1.4664692857960557,-0.05403891607562346,-1.469494388612005,-0.9739109046546032,-0.6239882496979496,0.01567457134421337,-2.9853995801706873e-09,2.801735725315935e-09,-2.280420390331024e-10,4.4378184178350394e-11,-1.5199542819735885e-10,3.1668426657393147e-11,1.1784671569834734e-09,1.3621310118382254e-09,6.256027478880435e-10,8.092666027427956e-10,1.2622934955825806e-09,1.4459573504373325e-09,1.7757076054006923e-11,2.0142093090875892e-10,8.716130748114589e-11,2.708251623358979e-10,2.0368486315450273e-09,2.2205124863997795e-09,1.906612440240329e-09,2.090276295095081e-09,-8.60692576116122e-12,1.7505692909359077e-10,1.5337063159690567e-09,1.7173701708238086e-09,1.1550071166219418e-10,2.9916456651694615e-10,6.872588056290404e-10,8.709226604837924e-10,5.960083707953156e-10,7.796722256500676e-10,3.5473566590112615e-10,5.383995207558781e-10
0.4036061372131217,1.850695757849445,0.37748758542667016,0.00874442569018672,-0.21256970386062335,1.3320170376265748,-1.4865367251996227,-8.298739655021298e-10,3.60688288493441e-09,-2.280420390331024e-10,4.208714811403437e-09,-1.5199542819735885e-10,4.284761422239181e-09,-1.2729305154453147e-09,3.1638263349912254e-09,-2.0503029563027593e-09,2.386453894133781e-09,-2.408136863994436e-09,2.028619986442104e-09,-2.4806807353660794e-09,1.9560761150704608e-09,-2.1462102379310956e-09,2.2905466125054446e-09,-4.279281979424716e-09,1.5747487101182455e-10,-4.409518170729413e-09,2.7238679707127103e-11,-2.7622162403434353e-09,1.6745406100931049e-09,-4.376392599135201e-09,6.036425130133925e-11,-2.6610740635133145e-09,1.7756827869232256e-09,-4.417438865595093e-09,1.9317984841446755e-11,-4.484727587565608e-09,4.7970737129067623e-11,-4.182638388714268e-09,2.5411846172227246e-10
2.5209443494855805,0.06504197616639168,1.2618844040278177,-1.6630331433691359,1.162311196352355,1.1870348512905302,-1.3085761952246784,3.0627184680046873e-09,6.995629630908567e-09,-2.280420390331024e-10,3.7048691238707773e-09,-1.5199542819735885e-10,3.78091573470652e-09,-9.475770626140122e-10,2.9853341002898674e-09,-1.851960619532629e-09,2.0809505433712505e-09,-4.8855888982025096e-09,9.5267773529863e-10,-3.1715238253987753e-09,7.613873375051043e-10,-1.6715687198693348e-09,2.261342443034545e-09,-3.885374657968223e-09,4.7536504935657e-11,-4.015610849272921e-09,8.269968636904128e-11,-2.7097177407099037e-09,1.223193422193976e-09,-3.4549903840135886e-09,4.77920778890291e-10,-2.7936580692514027e-09,1.1392530936524769e-09,-3.836605080302539e-09,9.630608260134071e-11,-3.900294749725559e-09,3.261641317832091e-11,-4.272544807337746e-09,3.39633644433866e-10
-0.6026419453957785,-1.172937966799244,-1.6932954254159531,-1.683122870856409,-0.407309765771255,-0.19193397221151454,0.0673115784708473,-1.3812262254517354e-09,1.3437581779566872e-09,-2.280420390331024e-10,1.9057399153805426e-10,-1.5199542819735885e-10,1.1452738070231072e-10,1.2556141406434014e-09,1.2930821881384496e-09,3.4532512476061764e-11,7.200055997110989e-11,7.700149534788551e-10,8.074830009739032e-10,2.197425355557332e-10,2.5721058305078136e-10,3.5851022830150256e-10,3.959782757965507e-10,1.7497736108403262e-09,1.7872416583353744e-09,1.6195374195356277e-09,1.6570054670306759e-09,3.6838834546247785e-10,4.05856392957526e-10,1.5578382532783667e-09,1.595306300773415e-09,1.7571668333984702e-10,2.1318473083489514e-10,1.1549327101787198e-09,1.192400757673768e-09,1.0784379091946644e-09,1.1159059566897126e-09,8.879684328666995e-10,9.254364803617476e-10
0.47646267548578813,0.6190010720190017,1.668982195355645,-0.5130076523906456,-0.4286981357113061,1.104992208290882,-1.280678884496431,-1.441781439347565e-09,2.4121462562326047e-09,-2.280420390331024e-10,3.6258856565470676e-09,-1.5199542819735885e-10,3.701932267382811e-09,-1.4177105757457983e-09,2.4362171198343716e-09,-1.7397224891899766e-09,2.1142052063901936e-09,-2.2144879784575865e-09,1.6394397171225834e-09,-2.5523234419453313e-09,1.3016042536348387e-09,-2.158308954658693e-09,1.6956187409214769e-09,-4.0336512947639794e-09,1.797235991838095e-10,-4.163887486068678e-09,3.0995979048850777e-10,-2.7166881374115327e-09,1.1372395581686372e-09,-4.2363583246257086e-09,3.8243062904553863e-10,-3.3254293707944665e-09,5.284983247857034e-10,-4.267019572045066e-09,4.130918764648964e-10,-4.3362076647922905e-09,4.822799692121206e-10,-3.818021693987304e-09,3.590600159286624e-11
-0.47519789507587556,-0.469791328894926,-0.5708735967362447,1.653407894837068,0.6467566889553047,-1.0442778697341006,0.2502484700139986,1.6030694364098644e-09,1.1226026142592442e-09,-2.280420390331024e-10,7.085088611837225e-10,-1.5199542819735885e-10,6.32462250347979e-10,9.984298915659955e-10,5.179630694153754e-10,1.2005783877572256e-09,7.201115656066054e-10,1.6805526948568436e-09,1.2000858727062235e-09,2.276709468866559e-09,1.796242646715939e-09,2.8435157747186614e-09,2.363048952568041e-09,1.998222698604711e-09,1.517755876454091e-09,1.867986507300013e-09,1.3875196851493927e-09,2.9859476477470744e-09,2.505480825596454e-09,2.256864809492953e-09,1.7763979873423327e-09,2.29164818792653e-09,1.8111813657759098e-09,2.8174441484824886e-09,2.3369773263318686e-09,2.768229247230952e-09,2.287762425080332e-09,2.7221883465264605e-09,2.2417215243758406e-09
-0.08191805345883428,-0.7242699973231173,-1.4318582330440754,-0.2735542743040917,-0.27285407256037697,-0.35091401818074275,-0.34386100451332224,-1.0005523692991752e-09,2.0103635595181497e-10,-2.280420390331024e-10,9.735466862178878e-10,-1.5199542819735885e-10,1.0495932970536314e-09,3.131220601769475e-12,1.2047199458527595e-09,2.520245686675194e-10,1.4536132939185095e-09,3.1563297818132737e-10,1.5172217034323175e-09,-4.306413708730551e-11,1.1585245881636847e-09,-3.8531356983665454e-11,1.1630573682673246e-09,-8.914925985208954e-10,3.100961267300948e-10,-1.0217287898255939e-09,1.798599354253963e-10,2.75881707766978e-11,1.229176896027688e-09,-1.0173415532421783e-09,1.842471720088119e-10,1.2038855999981691e-10,1.3219772852508072e-09,-1.1319345012761197e-09,6.965422397487048e-11,-1.2015802653476592e-09,8.459903330967156e-15,-9.481809465002098e-10,2.5340777875078035e-10
-0.5929965651887694,-0.23215546621132635,0.2758084133123765,-0.4557666275709827,-0.533031322224135,1.0719023084489154,0.16571482426760137,-1.7371718053935121e-09,1.978305147998232e-09,-2.280420390331024e-10,4.691753816378224e-10,-1.5199542819735885e-10,3.9312877080207885e-10,1.2373987974153482e-09,9.962654548106282e-10,-1.6944539756987192e-09,1.9355873183034393e-09,-8.295896258945972e-10,1.0707229684993171e-09,-1.398115401319618e-09,1.639248743924338e-09,-1.7528512961200736e-09,1.9939846387247937e-09,-1.1150331331562376e-10,3.5263665592034377e-10,-2.417395046203224e-10,4.828728472250424e-10,-1.6511257881886983e-09,1.8922591307934183e-09,-3.6780243436186376e-10,6.089357769665837e-10,-1.6021522482321672e-09,1.8432855908368871e-09,-8.94080525645746e-10,1.135213868250466e-09,-9.739439847302183e-10,1.2150773273349382e-09,-1.186173303879446e-09,1.4273066464841659e-09
0.2300521274974062,0.6323464729560727,-1.4251595048200527,1.0405691277700782,2.089324589348806,-1.3406954845791579,0.15542921852020677,5.687298763489546e-09,5.475286249532704e-09,-2.280420390331024e-10,4.400545529899444e-10,-1.5199542819735885e-10,3.6400794215420087e-10,-8.612522255637709e-10,1.073264739520613e-09,1.6060913950719762e-09,1.3940788811151342e-09,1.167023358947219e-09,9.55010844990377e-10,3.471987717755405e-09,3.2599752037985634e-09,3.1249822720133573e-09,2.9129697580565155e-09,-2.6515444555284426e-10,4.771669595096862e-10,-3.95390636857543e-10,6.07403150814385e-10,3.7479750175130615e-09,3.5359625035562197e-09,4.1216771705119145e-10,2.0015520309434942e-10,2.7808962040553897e-09,2.568883690098548e-09,1.0452182814644435e-09,8.332057675076015e-10,1.005478522872876e-09,7.934660089160339e-10,-8.648134226441643e-10,1.0768259366010063e-09
-0.5707132671465261,-0.8625130141530956,0.6827216209797816,1.167378359671504,-0.5124516612843627,-0.9438752193298214,0.40911609211530353,-1.6789062258470335e-09,2.6091624833043516e-09,-2.280420390331024e-10,1.1582982964904204e-09,-1.5199542819735885e-10,1.0822516856546769e-09,1.1945369619029135e-09,2.642807044455954e-10,1.0632229180794431e-09,1.3296666062212504e-10,1.674413844928043e-09,7.441575874707249e-10,9.306995907760238e-10,4.433333187056901e-13,1.2643014990514459e-09,3.340452415941278e-10,2.5520572544695024e-09,1.6218009970121844e-09,2.4218210631648038e-09,1.4915648057074857e-09,1.2069770304786556e-09,2.7672077302133754e-10,2.3064683082421427e-09,1.3762120507848246e-09,1.1655931781884565e-09,2.353369207311384e-10,1.8376994907928133e-09,9.074432333354952e-10,1.7587177273441256e-09,8.284614698868076e-10,1.59594633708776e-09,6.656900796304419e-10
-0.5994499162713918,-0.4297259983026147,0.018561876583856118,-0.09878677696143082,-1.0884374999119835,0.732017835998656,-0.3843157493854174,-3.3096497447232085e-09,1.9935246739864583e-09,-2.280420390331024e-10,1.0880830317036478e-09,-1.5199542819735885e-10,1.1641296425393914e-09,1.2496085045614545e-09,2.5657335752982047e-09,-1.2294762967070803e-09,8.664877402966992e-11,-3.9455896502424763e-10,9.215661057125025e-10,-1.639855051380504e-09,3.237299806437539e-10,-2.0742209845961725e-09,7.580959138594224e-10,4.2065708522957143e-10,1.7367821559663216e-09,2.9042089392487275e-10,1.6065459646616229e-09,-2.0767615945919886e-09,7.606365238552384e-10,-1.523850575369856e-10,1.1637400131997646e-09,-1.8597174887999647e-09,5.435924180632145e-10,-1.1590847665264236e-09,1.5704030421032657e-10,-1.2545074863265342e-09,6.161758441021602e-11,-1.6584606532145e-09,3.4233558247774987e-10
-0.6070765759665575,0.4929099029308886,1.3867937321360746,-0.02809217296871558,-0.014378176020685064,-0.07492173583553821,1.7195718750066005,-2.687498408340278e-10,4.909196751269159e-09,-2.280420390331024e-10,4.868488949468234e-09,-1.5199542819735885e-10,4.792442338632491e-09,1.2639207297295019e-09,3.37652618070563e-09,-1.2554563905433762e-10,4.765992549489469e-09,6.286076138095655e-10,4.011839296625566e-09,5.439076835814109e-10,4.096539226853721e-09,7.85538193157582e-10,3.854908717277549e-09,1.6216864330485686e-09,3.018760477386563e-09,1.4914502417438703e-09,3.1489966686912613e-09,8.637369626341342e-10,3.776709947800997e-09,1.6153198848407284e-09,3.025127025594403e-09,1.9458199811319236e-09,2.694626929303208e-09,1.5904430895547806e-09,3.050003820880351e-09,1.5249216073481207e-09,3.115525303087011e-09,1.4631814380074966e-09,3.177265472427635e-09
0.6330171645151749,-0.5766224921757872,0.7550811022973343,-0.032034132360701066,1.1090250269699582,1.8881491155118049,-1.8711647957069637,2.9118535169268528e-09,8.437577649357983e-09,-2.280420390331024e-10,5.297682093398028e-09,-1.5199542819735885e-10,5.373728704233771e-09,-1.6615052875778608e-09,3.864218844853269e-09,-2.811117361631955e-09,2.7146067707991755e-09,-3.394847852432941e-09,2.1308762799981893e-09,-1.8608598498889389e-09,3.6648642825421917e-09,-1.5156910904927065e-09,4.010033041938424e-09,-5.2518248017680945e-09,2.738993306630359e-10,-5.382060993072793e-09,1.4366313935833762e-10,-2.4510431751782546e-09,3.074680957252876e-09,-4.8379334043828565e-09,6.877907280482739e-10,-2.3005462971409366e-09,3.2251778352901938e-09,-4.821038740431104e-09,7.046853920000263e-10,-4.8771537148044615e-09,6.485704176266689e-10,-5.856406286946185e-09,3.3068215451505474e-10
-0.4293396899696665,2.19475842851867,-0.05895911130916974,-1.1942387683609712,-0.33381677263957193,-0.5045211043089268,0.2891534247000648,-1.1731512795158054e-09,1.7637666477793635e-09,-2.280420390331024e-10,8.186574072966604e-10,-1.5199542819735885e-10,7.426107964609169e-10,8.971824496693465e-10,3.065670814057884e-10,4.621661672808669e-10,1.284492009826912e-10,9.44968966094252e-10,3.5435359783069385e-10,4.657713905432634e-10,1.2484397772029468e-10,6.036744130098853e-10,1.3059044746327219e-11,9.407471277472961e-10,3.5013175948373806e-10,8.105109364425975e-10,2.1989556817903938e-10,6.32116571738977e-10,4.1501203475418867e-11,7.852791291210685e-10,1.9466376085751046e-10,5.711525838625457e-10,1.9462784401012412e-11,5.31502887808224e-10,5.911248045533408e-11,4.585444389606029e-10,1.3207092930295516e-10,5.034829255150263e-10,8.713244274853175e-11
1.5410959698455955,-0.9795648151260248,-1.6917895477286047,1.6272759524953768,-0.7046715881337092,-1.2729378700769938,0.03934542295584447,-2.2231234251019607e-09,2.1064769954393288e-09,-2.280420390331024e-10,1.113956093704704e-10,-1.5199542819735885e-10,3.5348998534726864e-11,-1.6226501946308637e-09,1.5060037649682318e-09,1.5133958444394385e-09,1.6300422741020704e-09,-5.648721148535573e-10,4.4822568519092535e-10,-1.3528966793869006e-09,1.2362502497242687e-09,-9.143807464811775e-10,7.977343168185456e-10,-7.77573370561998e-10,6.609269408993661e-10,-9.078095618666965e-10,7.911631322040646e-10,-7.166279415653042e-11,4.498363550610156e-11,-1.125940342799624e-09,1.009293913136992e-09,4.5471488363189845e-10,5.713613132945304e-10,-8.932548909005365e-10,7.766084612379046e-10,-9.606800784865099e-10,8.44033648823878e-10,-3.586687961786855e-10,2.420223665160535e-10
0.4503365670807843,0.6513271411953186,1.671363964592785,-0.31973400916279976,-0.5679717480368193,1.5858994592039182,-1.6087591002325465,-1.836095891924129e-09,2.9466995806102917e-09,-2.280420390331024e-10,4.554753433501318e-09,-1.5199542819735885e-10,4.630800044337061e-09,-1.3679602754012173e-09,3.4148351971332032e-09,-2.3976258518465852e-09,2.3851696206878353e-09,-2.7857329523922867e-09,1.997062520142134e-09,-3.2392116567156152e-09,1.5435838158188053e-09,-2.7511124538442338e-09,2.0316830186901868e-09,-4.686730639709333e-09,9.60648328250873e-11,-4.816966831014033e-09,3.4171358479612624e-11,-3.5242720196073396e-09,1.258523452927081e-09,-4.961372560043349e-09,1.785770875089287e-10,-4.212315144065144e-09,5.704803284692765e-10,-5.000964369161047e-09,2.181688966266267e-10,-5.0716174398014995e-09,2.8882196726707893e-10,-4.418411258612034e-09,3.6438421392238694e-10
-0.604608805211423,-0.8888695854230934,-1.4150731741356568,1.5543693250599246,-1.0542888048171866,0.35939264721718267,-0.3872438631103185,-3.212967223262952e-09,1.888552013847112e-09,-2.280420390331024e-10,1.0963731703827376e-09,-1.5199542819735885e-10,1.1724197812184811e-09,1.2593036006752167e-09,2.5837188100910566e-09,-7.197078034176821e-10,6.047074059981578e-10,7.997094718985454e-11,1.4043861566056943e-09,-1.163549181218004e-09,1.6086602819783585e-10,-1.4547520237119073e-09,1.303368142960674e-10,9.887621396570425e-10,2.3131773490728824e-09,8.585259483523438e-10,2.1829411577681837e-09,-1.4848735805042149e-09,1.6045837108837495e-10,4.368253027992237e-10,1.7612405122150635e-09,-1.0704256366709082e-09,2.5398957274493167e-10,-5.456284206510965e-10,7.787867887647434e-10,-6.402521861009073e-10,6.841630233149326e-10,-1.0528943889668109e-09,2.7152082044902904e-10
-0.5404429891647655,-1.1313289271082745,-0.16896538236421638,0.2899674848007075,-0.07623596276084496,-1.2190186858865615,0.5085604667354333,-4.4388293969439103e-10,1.6556882536126511e-09,-2.280420390331024e-10,1.4398473529513624e-09,-1.5199542819735885e-10,1.3638007421156188e-09,1.1345625299621844e-09,7.724278395607566e-11,1.439631906542396e-09,2.2782659262413592e-10,1.9819960315011164e-09,7.701907175828564e-10,1.7182228383427454e-09,5.064175244244854e-10,2.23926948768547e-09,1.02746417376721e-09,2.7076122449644857e-09,1.4958069310462257e-09,2.5773760536597874e-09,1.3655707397415274e-09,2.2455194597682327e-09,1.0337141458499726e-09,2.673526015078011e-09,1.461720701159751e-09,1.974761122413438e-09,7.629558084951779e-10,2.6070801016047727e-09,1.3952747876865126e-09,2.539961043624054e-09,1.328155729705794e-09,2.493098099772727e-09,1.281292785854467e-09
0.9594868427489691,-1.0916598821161567,-1.2009663792347998,-0.9414419675554366,-1.3212199916604799,-0.1461368138735308,-0.5518714051626897,-3.968708551848026e-09,2.178196297633166e-09,-2.280420390331024e-10,1.5624702151817577e-09,-1.5199542819735885e-10,1.6385168260175013e-09,-1.8735502955219594e-09,8.303804130709934e-11,-2.8120118386693035e-11,1.762392135828167e-09,-1.2496809607404407e-09,5.408312934744194e-10,-2.6961831973660914e-09,9.056709431512313e-10,-1.9892495904299813e-09,1.9873733621512118e-10,-2.4726150204634795e-09,6.821027662486194e-10,-2.602851211768178e-09,8.123389575533181e-10,-1.995531358116608e-09,2.0501910390174798e-10,-3.195703154626526e-09,1.405190900411666e-09,-1.3294613713251408e-09,4.6105088288971925e-10,-2.8806616391780882e-09,1.0901493849632282e-09,-2.9535179875736947e-09,1.1630057333588346e-09,-1.6491363083570227e-09,1.4137594585783739e-10
-0.3624534050288679,-0.2796561803707025,-1.0524801729136366,-1.5782765450877454,-0.2504653129830983,0.8744904754105817,-0.5501575283119449,-9.371648307039281e-10,8.484950584368818e-10,-2.280420390331024e-10,1.5576178501077076e-09,-1.5199542819735885e-10,1.6336644609434511e-09,7.415028950999647e-10,2.527162784240775e-09,-1.4243854572109181e-09,3.612744319298918e-10,-8.712054765290543e-10,9.144544126117557e-10,-1.109701341657991e-09,6.759585474828188e-10,-1.2514291753971183e-09,5.342307137436916e-10,-1.3965012838037311e-09,3.891586053370788e-10,-1.5267374751084298e-09,2.589224140323801e-10,-1.3069038772908443e-09,4.787560118499656e-10,-1.5116138104454346e-09,2.740460786953753e-10,-1.329912925489136e-09,4.557469636516739e-10,-1.7009847853687972e-09,8.467510377201272e-11,-1.7716049587022088e-09,1.4054930438601154e-11,-1.6876832004689974e-09,9.797668867181248e-11
-0.6055524529807362,1.0877670478629182,0.1715057620816942,-0.6728457988192859,-0.22629538880587088,0.38789852207314734,0.8875184975975686,-8.687344205090271e-10,3.1534538779884374e-09,-2.280420390331024e-10,2.5127614965125126e-09,-1.5199542819735885e-10,2.436714885676769e-09,1.2610707083953343e-09,1.023648749084076e-09,-7.587051587031383e-10,3.0434246161825488e-09,4.5350374298755794e-11,2.2393690831806546e-09,-2.3803390517080657e-10,2.5227533626502167e-09,-2.411507782890643e-10,2.5258702357684748e-09,9.564238396740828e-10,1.3282956178053275e-09,8.261876483693839e-10,1.4585318091100264e-09,-1.488318245814525e-10,2.4335512820608626e-09,8.528176558187249e-10,1.4319018016606854e-09,-2.2727427137679757e-10,2.5119937288562077e-09,6.143569279180266e-10,1.6703625295613837e-09,5.428996767180024e-10,1.741819780761408e-09,4.0936355637117676e-10,1.8753559011082334e-09
-0.4113986663661603,-0.8846428907781688,1.491694372036685,1.0348982505328101,1.1562225558688297,-0.987630063741634,0.3121196126420643,3.0454801778569062e-09,2.3898424433682635e-09,-2.280420390331024e-10,8.836797735217452e-10,-1.5199542819735885e-10,8.076331626860017e-10,8.563426821936393e-10,2.0070494770499635e-10,1.1230815690280307e-09,4.674438345393878e-10,1.5292606627828784e-09,8.736229282942354e-10,2.7265206167371684e-09,2.0708828822485253e-09,3.2829338131110914e-09,2.6272960786224487e-09,1.5120557254685835e-09,8.564179909799406e-10,1.381819534163885e-09,7.261817996752421e-10,3.5119239000410534e-09,2.8562861655524103e-09,1.940569378110221e-09,1.284931643621578e-09,6.046056127920584e-09,5.390418393431941e-09,2.8850981349833612e-09,2.2294604004947185e-09,2.8466533684217677e-09,2.1910156339331246e-09,2.6159178964509687e-09,1.960280161962326e-09
-0.34628805175259697,1.5463893503169708,0.2293154685422898,0.8398108933179106,-0.40854326911275524,-0.05787271725800848,-0.4227678733724054,-1.3847185466943138e-09,4.027300612159627e-11,-2.280420390331024e-10,1.1969495137828078e-09,-1.5199542819735885e-10,1.2729961246185513e-09,7.025020025254352e-10,2.127493555341345e-09,-1.4886948503681404e-10,1.276122067779096e-09,2.7961930920499877e-10,1.7046108620209088e-09,-2.331093962874682e-10,1.191882156528442e-09,-2.338792485958287e-10,1.1911123042200815e-09,-1.7026797069156952e-10,1.2547235821243407e-09,-3.005041619962682e-10,1.124487390819642e-09,-2.3562800457488396e-10,1.189363548241026e-09,-3.6282258907160123e-10,1.062168963744309e-09,-2.2821713970835632e-10,1.1967744131075538e-09,-6.3555657917162e-10,7.894349736442901e-10,-7.095054060137901e-10,7.1548614680212e-10,-5.6107942989184e-10,8.639121229240701e-10
-0.6040238012239013,0.23205653809217064,1.2142709755027468,0.5198285482153456,-1.1358586051473478,-0.4705109661239555,-0.08702713619083093,-3.4439093997952333e-09,2.9694742573349763e-09,-2.280420390331024e-10,2.4639310342715457e-10,-1.5199542819735885e-10,3.224397142628981e-10,1.258207125624066e-09,1.732642268084323e-09,4.1563872517258656e-10,8.900738676328435e-10,1.1216678055317795e-09,1.5961029479920364e-09,-2.989490069956056e-10,1.7548613546465137e-10,-3.2099167027216883e-10,1.5344347218808813e-10,2.1540206947015738e-09,2.6284558371618307e-09,2.023784503396875e-09,2.498219645857132e-09,-4.426053331986199e-10,3.182980926163704e-11,1.5512932650802902e-09,2.025728407540547e-09,-1.1141480362834122e-09,6.397128938231553e-10,5.124618554762916e-10,9.868969979365486e-10,4.155738419990132e-10,8.900089844592702e-10,-2.226695813188072e-11,4.5216818432837627e-10
0.7520205215595863,-0.23276437088191987,1.3450907874342415,1.5518366917103086,-0.5935392243885121,0.1660254599386257,-0.8226820769885732,-1.9084830819527688e-09,6.487541823331716e-10,-2.280420390331024e-10,2.329195225252838e-09,-1.5199542819735885e-10,2.4052418360885815e-09,-1.782994891022919e-09,7.742423732630214e-10,-4.551725474062941e-10,2.1020647168796464e-09,-1.3811882532311548e-09,1.1760490110547856e-09,-1.975843996843599e-09,5.813932674423415e-10,-1.5554910889927747e-09,1.0017461752931656e-09,-2.8757806042038758e-09,3.185433399179354e-10,-3.0060167955085744e-09,4.487795312226341e-10,-1.7079152157441895e-09,8.493220485417508e-10,-3.163972587489631e-09,6.067353232036905e-10,-2.177633979166824e-09,3.7960328511911635e-10,-3.109212279094996e-09,5.519750148090555e-10,-3.1786081570277508e-09,6.213708927418104e-10,-2.506639969375056e-09,5.0597294910884376e-11
0.3351532833365528,-0.9116888300182839,0.7607435679051846,-1.3235642105015593,-0.8800456291349233,0.30885455159307246,-0.6155001085157568,-2.7196461893130947e-09,7.489869789599748e-10,-2.280420390331024e-10,1.7426171713200176e-09,-1.5199542819735885e-10,1.8186637821557612e-09,-1.120696742042979e-09,8.49962468310141e-10,-6.505693510648897e-10,1.3200898592882302e-09,-1.0369723232777245e-09,9.336868870753955e-10,-1.9902606807121767e-09,1.9601470359056716e-11,-1.7651998713421271e-09,2.0545933901099286e-10,-2.7521347378887217e-09,7.814755275356017e-10,-2.8823709291934204e-09,9.117117188403004e-10,-1.9672552346131757e-09,3.4039757399443193e-12,-3.1998288083547994e-09,1.2291695980016794e-09,-2.0958876154899868e-09,1.2522840513686677e-10,-3.262371760003862e-09,1.2917125496507419e-09,-3.337113012935468e-09,1.3664538025823482e-09,-2.3962896891962363e-09,4.2563047884311634e-10
-0.5946066588045671,-0.5286947940429949,-0.2948190511375212,0.8111614642758503,-0.4029312231689018,-1.2108211205542658,0.559367293453611,-1.3688296012779126e-09,2.7244802978929826e-09,-2.280420390331024e-10,1.5836927356481723e-09,-1.5199542819735885e-10,1.5076461248124288e-09,1.2404536192557781e-09,1.1519707735929186e-10,1.4284172580057498e-09,7.276656139067975e-11,2.0397334871753196e-09,6.840827905602496e-10,1.3936238896786502e-09,3.7973193063580204e-11,1.887083426669919e-09,5.314327300548492e-10,3.1201753911393807e-09,1.7645246945243107e-09,2.989939199834682e-09,1.634288503219612e-09,1.8075233908823333e-09,4.518726942672633e-10,2.9304362798220607e-09,1.5747855832069907e-09,1.6399764198616463e-09,2.843257232465763e-10,2.547806320004019e-09,1.1921556233889491e-09,2.4715238875883416e-09,1.1158731909732716e-09,2.295714701989343e-09,9.400640053742729e-10
-0.4416716660003519,2.2278682080811874,-1.487790586600331,-1.5346944776729483,0.07617887073490162,1.0833522762889012,-0.6503125990215366,-1.2362778546003502e-11,2.0568583051398064e-09,-2.280420390331024e-10,1.8411790446527076e-09,-1.5199542819735885e-10,1.917225655488451e-09,9.248558186797133e-10,2.994076902365523e-09,-1.7101180612992893e-09,3.5910302238652065e-10,-1.0340491251607132e-09,1.0351719585250967e-09,-8.819152336687309e-10,1.187305850017079e-09,-1.016640794330262e-09,1.0525802893555479e-09,-1.2205983391379923e-09,8.486227445478176e-10,-1.3508345304426908e-09,7.183865532431191e-10,-9.81523126489065e-10,1.087697957196745e-09,-1.187341337697132e-09,8.81879745988678e-10,-1.3246843115248065e-09,7.445367721610034e-10,-1.1509377917968733e-09,9.182832918889367e-10,-1.2142444734785703e-09,8.549766102072396e-10,-1.2339013022243685e-09,8.353197814614414e-10
-0.6068141412171282,-0.6438664475052541,1.4817715579001494,-0.762780985330568,0.5704388307998066,3.2658573581256847,1.8139319049020746,1.3869966717423798e-09,3.5206043888011005e-09,-2.280420390331024e-10,5.135643099576583e-09,-1.5199542819735885e-10,5.059596488740839e-09,1.2634303532711974e-09,3.6441707072722825e-09,-4.695885960679977e-09,9.603487021223457e-09,-3.568033369274642e-09,8.475634429818123e-09,-2.6430344727484287e-09,7.55063553329191e-09,-3.3985129900709456e-09,8.306114050614426e-09,-3.0908302102812163e-09,7.998431270824696e-09,-3.221066401585916e-09,8.128667462129396e-09,-2.908177722137397e-09,7.815778782680877e-09,-2.86005178111513e-09,7.76765284165861e-09,-2.2189257625873138e-11,4.929790318169353e-09,-2.3154506127147633e-09,7.223051673258243e-09,-2.3645689755895956e-09,7.272170036133076e-09,-2.2240607941823582e-09,7.131661854725838e-09
-0.19890777218835462,0.822615998396714,-1.3139767352287157,-0.12606464279039942,-0.41392592589857635,-0.5380927537784729,-0.20616075936301698,-1.3999580405831342e-09,5.882292168560362e-10,-2.280420390331024e-10,5.836867846939956e-10,-1.5199542819735885e-10,6.597333955297392e-10,3.24862805973108e-10,1.1365916297002059e-09,5.080937365450231e-10,1.319822560272121e-09,6.976952154273658e-10,1.5094240391544638e-09,1.455197134364755e-10,9.572485371635736e-10,1.7437153393932693e-10,9.86100357666425e-10,-1.922228823817901e-10,6.195059413453079e-10,-3.224590736864889e-10,4.89269750040609e-10,2.47615438591773e-10,1.059344262318871e-09,-3.874825811864566e-10,4.2424624254064137e-10,3.504627355908798e-10,1.1621915593179778e-09,-5.94943582327133e-10,2.1678524139996496e-10,-6.677827000151384e-10,1.4394612371195954e-10,-3.880183165192106e-10,4.2371050720788733e-10
-0.60681203017992,-0.27960327027415294,0.6777684386775308,-0.995798103336893,0.17529509528318252,0.5558157956769543,1.4178955482874471,2.682572123598523e-10,3.5180771807123578e-09,-2.280420390331024e-10,4.014376432105313e-09,-1.5199542819735885e-10,3.938329821269569e-09,1.2634264080511472e-09,2.522907985021063e-09,-9.88423755672373e-10,4.774758148744583e-09,-1.639862989714968e-10,3.9503206920437065e-09,3.361203623535435e-11,3.752722356836856e-09,1.1546450547292174e-10,3.670869887599288e-09,7.301707516400109e-10,3.056163641432199e-09,5.999345603353122e-10,3.186399832736898e-09,2.828738438478992e-10,3.503460549224311e-09,8.055268854177563e-10,2.9808075076544537e-09,4.714150637564053e-10,3.3149193293158047e-09,9.656696073963778e-10,2.8206647856758324e-09,9.054681980029943e-10,2.880866195069216e-09,9.093882499246984e-10,2.876946143147512e-09
0.41206888960642535,1.120073565915003,-1.3684091791972472,-1.114182483832248,0.6332404908275442,-0.652779779992227,-0.16074438034615443,1.5648020849950986e-09,2.2479470777220485e-09,-2.280420390331024e-10,4.551029536938477e-10,-1.5199542819735885e-10,5.311495645295913e-10,-1.2906986246087575e-09,6.075536318818074e-10,6.649908930255349e-10,1.348135885752485e-09,7.431193621292963e-11,7.574569289398797e-10,7.824824945275558e-10,1.4656274872545059e-09,6.2991541138358e-10,1.31306040411053e-09,-1.4902575069112911e-09,8.07112514184341e-10,-1.6204936982159898e-09,9.373487054890397e-10,9.288610346857948e-10,1.6120060274127449e-09,-1.2365017367317363e-09,5.533567440047862e-10,7.988026231360996e-10,1.4819476158630497e-09,-1.1641029928655691e-09,4.809580001386191e-10,-1.2228093316293268e-09,5.396643389023767e-10,-1.746498528828996e-09,1.0633535361020459e-09
1.5885006868827567,0.9148584993541392,-1.639336917320774,0.7681746397559358,0.27367630968085793,-0.1690889743287103,-0.6420170988396761,5.467962266877701e-10,2.59253091148982e-09,-2.280420390331024e-10,1.8176926457689478e-09,-1.5199542819735885e-10,1.8937392566046913e-09,-1.5876343314555447e-09,4.581003533465054e-10,3.279498722484797e-12,2.049014183524535e-09,-2.0109475532524473e-09,3.478713154960281e-11,-1.5528225227768828e-09,4.929121620251673e-10,-1.0269300086027492e-09,1.018804676199301e-09,-2.318094268155689e-09,2.7235958335363905e-10,-2.448330459460388e-09,4.0259577465833773e-10,-9.428270372847337e-10,1.1029076475173164e-09,-2.202224394938515e-09,1.5648971013646484e-10,-6.146059368311182e-10,1.431128747970932e-09,-2.283511727715112e-09,2.377770429130617e-10,-2.3477752925345677e-09,3.0204060773251757e-10,-2.4369797096105776e-09,3.9124502480852747e-10
-0.5992880473264798,-0.8531355723365982,-1.568675483645349,0.8637159913965622,3.005814418379822,0.992596437998611,0.18774317992006698,8.282084517891586e-09,7.97858402005029e-09,-2.280420390331024e-10,5.315425368743974e-10,-1.5199542819735885e-10,4.5549592603865386e-10,1.249303363275335e-09,9.4580286543404e-10,-1.5859598767875348e-09,1.88946037462883e-09,-7.220718489296996e-10,1.0255723467709945e-09,2.7927226074035095e-09,2.4892221095622146e-09,3.721765749450161e-09,3.418265251608866e-09,5.1920004501248797e-11,2.515804933400462e-10,-7.831618680344955e-11,3.818166846447446e-10,4.3290300680276445e-09,4.025529570186349e-09,9.121197926667607e-10,6.086192948254657e-10,1.1233175325135173e-09,8.198170346722223e-10,4.337082408767043e-09,4.033581910925748e-09,4.355639611653238e-09,4.052139113811943e-09,5.265340512060667e-09,4.9618400142193715e-09
0.38043074806582466,1.2533292668541471,-1.690863429461915,1.0321142000367605,-0.27004600031183407,-1.0442837478029579,-0.04385789701495735,-9.926020946348568e-10,6.403886324308468e-10,-2.280420390331024e-10,1.2417142317090766e-10,-1.5199542819735885e-10,2.002180340066512e-10,-1.2230534001323713e-09,8.708399379283613e-10,1.2005864292273005e-09,1.5527998914313105e-09,6.058155115240064e-10,9.580289737280164e-10,2.2730552716065835e-10,5.795189893646683e-10,1.628461445213701e-10,5.150596067253801e-10,-9.0186303129575e-10,5.4964956909174e-10,-1.0320992226004487e-09,6.798857603964387e-10,5.701891970192171e-10,9.22402659223227e-10,-1.026361253101548e-09,6.74147790897538e-10,8.183779344975484e-10,1.1705913967015584e-09,-1.046652092319025e-09,6.944386301150149e-10,-1.1145923788883146e-09,7.623789166843046e-10,-7.582500219463283e-10,4.0603655974231825e-10
3.535803729571393,-0.35258485696301284,0.049278087814002704,1.6278923889821357,3.6932869215408175,1.1879324711980193,-1.585739415679584,1.022847148394366e-08,1.494609312949518e-08,-2.280420390331024e-10,4.489579606518417e-09,-1.5199542819735885e-10,4.565626217354161e-09,-5.532024413538892e-10,4.164419204197631e-09,-1.8531886050836962e-09,2.8644330404678237e-09,-6.161468715437707e-09,1.4438470698861867e-09,-1.4195205350161586e-09,3.2981011105353614e-09,-7.136543186550609e-10,4.003967326896459e-09,-3.604577191903847e-09,1.1130444536476732e-09,-3.7348133832085455e-09,9.828082623429746e-10,-1.8384804041036653e-09,2.879141241447855e-09,-2.63784036571552e-09,2.0797812798360002e-09,-1.7772476876656387e-09,2.940373957885881e-09,-3.5446614720106434e-09,1.1729601735408767e-09,-3.608134436176749e-09,1.1094872093747712e-09,-4.2393044054215214e-09,4.783172401299986e-10
-0.22189913649344795,-0.5763635513864925,-0.9127738304252031,0.21153090130957125,-0.8188210213121935,0.08647098280599991,-0.5919538911021092,-2.5463057602488298e-09,6.423111080606194e-10,-2.280420390331024e-10,1.675952613155108e-09,-1.5199542819735885e-10,1.7519992239908516e-09,3.8614166533859325e-10,2.2901363175268034e-09,-3.463383430548869e-10,1.5576563091333235e-09,-5.7932408504953434e-11,1.846062243683257e-09,-1.0182293121928584e-09,8.857653399953519e-10,-1.087956892522827e-09,8.160377596653833e-10,-9.755796073645796e-10,9.284150448236308e-10,-1.1058157986692783e-09,7.981788535189321e-10,-1.160176173475e-09,7.438184787132104e-10,-1.3879759016196967e-09,5.160187505685136e-10,-8.295586965917462e-10,1.0744359555964642e-09,-1.7924785378271433e-09,1.1151611436106709e-10,-1.8732254527571906e-09,3.076919943101972e-11,-1.3885630082166798e-09,5.154316439715305e-10
0.7357146274882654,-0.1556442373779401,-1.4489397044014936,-0.09890092774936295,-0.8387135750228216,-0.6712867697275255,-0.2644423667442002,-2.6026259870009246e-09,1.6258890204816286e-09,-2.280420390331024e-10,7.486949274861936e-10,-1.5199542819735885e-10,8.247415383219372e-10,-1.7695468719065532e-09,7.928099053872572e-10,6.903093109873926e-10,1.6670462775066885e-09,-3.0896907511079643e-10,6.677678914084995e-10,-1.2723181792410905e-09,2.955812127217945e-10,-1.0251976629443176e-09,4.8460696425021627e-11,-1.6895932148415617e-09,7.128562483222658e-10,-1.8198294061462604e-09,8.430924396269644e-10,-7.384516413054278e-10,2.3828532521386814e-10,-2.1133839659670107e-09,1.1366469994477147e-09,-2.0611211319276095e-10,7.70624853326535e-10,-2.009627747310233e-09,1.0328907807909372e-09,-2.080890030803351e-09,1.104153064284055e-09,-1.1719901958316202e-09,1.9525322931232426e-10
-0.16016623269564811,-0.5698892886529867,1.3128086783624309,1.204639488434545,-0.5380025451162888,0.29238336545097554,-0.7392269641550628,-1.751246438776139e-09,5.69710911589361e-10,-2.280420390331024e-10,2.0929153113323976e-09,-1.5199542819735885e-10,2.168961922168141e-09,2.1997244046586867e-10,2.5409297908313686e-09,-6.280360065805744e-10,1.6929213437849255e-09,-3.941183458430398e-10,1.92683900452246e-09,-1.0029975364706147e-09,1.3179598138948852e-09,-1.0488606899906063e-09,1.2720966603748935e-09,-1.517999955964945e-09,8.029573944005548e-10,-1.6482361472696436e-09,6.727212030958563e-10,-1.1407796959683312e-09,1.1801776543971687e-09,-1.7768965999252674e-09,5.440607504402325e-10,-1.4305652406493778e-09,8.903921097161221e-10,-2.0296428066840235e-09,2.9131454368147636e-10,-2.104414990406018e-09,2.1654235995948172e-10,-1.7183369547100102e-09,6.026203956554897e-10
0.1518920061712478,0.46280390553410505,-1.3532083999272404,-0.3518435303090317,0.2635369800971835,0.7240416746555437,-1.0596676565592125,5.180895382668829e-10,3.746285482496663e-09,-2.280420390331024e-10,3.0001539051966776e-09,-1.5199542819735885e-10,3.076200516032421e-09,-6.529228387403157e-10,2.5752731054894643e-09,-1.2185645390682374e-09,2.0096314051615428e-09,-1.3282915126875405e-09,1.8999044315422395e-09,-9.361385117450134e-10,2.2920574324847666e-09,-8.888450437632188e-10,2.339350900466561e-09,-3.0282908699487723e-09,1.9990507428100765e-10,-3.158527061253471e-09,6.966888297630896e-11,-1.1276935768320503e-09,2.1005023673977294e-09,-2.916538920330176e-09,3.1165702389960413e-10,-1.1421238869782107e-09,2.0860720572515693e-09,-2.8696209207890143e-09,3.5857502344076566e-10,-2.931277683942723e-09,2.9691826028705685e-10,-3.089687928595857e-09,1.385080156339228e-10
-0.5771676716730944,-0.5774387281502656,-0.3297336344914654,-0.8398344476350424,1.69454764596289,1.4020988504016785,1.1185034151293727,4.569597773891887e-09,1.6309088401478667e-09,-2.280420390331024e-10,3.1667309727771223e-09,-1.5199542819735885e-10,3.0906843619413787e-09,1.2070641508029612e-09,1.7316247829410587e-09,-2.146178117673843e-09,5.084867051417862e-09,-1.2642278999769928e-09,4.202916833721013e-09,7.774701597216846e-10,2.1612187740223355e-09,1.0713686293698851e-09,1.867320304374135e-09,-7.045851578622366e-10,3.6432740916062563e-09,-8.348213491669353e-10,3.7735102829109554e-09,1.4928452494844558e-09,1.4458436842595642e-09,-1.2373261526328563e-10,3.0624215490073054e-09,3.756925436902729e-10,2.562996390053747e-09,1.643591757050581e-09,1.295097176693439e-09,1.6246141442025228e-09,1.3140747895414971e-09,1.99982473270889e-09,9.3886420103513e-10
0.07463416264815895,2.2559763413549847,-1.335643819194557,0.2320312438036781,-0.07990504920519081,0.12734534696597088,-0.7054260247469449,-4.542709363048107e-10,1.7709884659947291e-09,-2.280420390331024e-10,1.9972173632664375e-09,-1.5199542819735885e-10,2.073263974102181e-09,-4.387461745597115e-10,1.7865132277398282e-09,-4.022563637880751e-10,1.8230030385114648e-09,-4.817460054477374e-10,1.7435133968518025e-09,-5.53976946216811e-10,1.6712824560827289e-09,-5.414356878569282e-10,1.6838237144426116e-09,-2.0136500871745563e-09,2.1160931512498348e-10,-2.143886278479255e-09,8.13731238202848e-11,-5.923367943932377e-10,1.632922607906302e-09,-2.0493974468471142e-09,1.7586195545242558e-10,-5.055391911172334e-10,1.7197202111823065e-09,-2.084785797735358e-09,1.4047360456418197e-10,-2.151037672974428e-09,7.422172932511185e-11,-2.0098023009778414e-09,2.1545710132169845e-10
-0.4744475126399101,-0.005904417111334959,0.7188707825732537,-0.5127360872118868,-1.3640252388283578,0.8713962751524763,-0.771239920223425,-4.08989969008717e-09,1.67830656861845e-09,-2.280420390331024e-10,2.183551082435618e-09,-1.5199542819735885e-10,2.2595976932713614e-09,9.968098942830464e-10,3.4084030157517664e-09,-1.4201524481417566e-09,9.914406733269636e-10,-7.266444750188852e-10,1.684948646449835e-09,-2.264204999090346e-09,1.4738812237837437e-10,-2.724035257184823e-09,3.12442135716103e-10,-7.078162989746633e-10,1.7037768224940569e-09,-8.380524902793622e-10,1.573540631189358e-09,-2.8374281818440407e-09,4.2583506037532055e-10,-1.459706883072017e-09,9.518862383967032e-10,-2.9802492412341442e-09,5.68656119765424e-10,-2.454414418093629e-09,4.282129662490878e-11,-2.5530475704151935e-09,1.4145444894647334e-10,-2.510610324396135e-09,9.90172029274148e-11
-0.520721484648561,-0.7670005591543692,1.32315342967531,0.6979670540296901,0.9008809511286964,0.1768431675231335,0.13034370200896528,2.3225515238789776e-09,2.181561664864206e-09,-2.280420390331024e-10,3.690318980478744e-10,-1.5199542819735885e-10,2.9298528721213084e-10,1.094401777553808e-09,9.53411918539036e-10,-4.699716717334309e-10,6.109615307482029e-10,2.0389926622793082e-10,6.290940721315883e-11,1.2112368567808289e-09,1.0702469977660569e-09,1.5781133584565723e-09,1.4371234994418003e-09,5.942358384906798e-10,4.532459794759078e-10,4.639996471859812e-10,3.230097881712092e-10,1.7703017894157573e-09,1.6293119304009853e-09,9.409988901768876e-10,8.000090311621156e-10,3.7233848793867703e-09,3.582395020371998e-09,1.7744359780078643e-09,1.6334461189930923e-09,1.7325015149962047e-09,1.5915116559814327e-09,1.7742857010018017e-09,1.6332958419870297e-09
1.3446654291927993,-1.089786777645221,1.561832450504762,-1.4703185421726475,3.712577765133955,2.0919598391320102,-1.8551453232651678,1.02830881360442e-08,1.576345759287685e-08,-2.280420390331024e-10,5.252327417799548e-09,-1.5199542819735885e-10,5.328374028635291e-09,-1.7556036089276041e-09,3.724765847905046e-09,-3.0899398584037023e-09,2.390429598428948e-09,-4.544744576436279e-09,9.356248803963717e-10,9.10337975835879e-11,5.571403254416238e-09,-2.3335442118995398e-11,5.457034014713655e-09,-5.5797641536123724e-09,9.939469677972203e-11,-5.710000344917071e-09,2.296308880844203e-10,-1.3639631201558007e-09,4.11640633667685e-09,-4.610356359371583e-09,8.700130974610673e-10,-4.892788704031448e-10,4.991090586429505e-09,-4.853203922084996e-09,6.271655347476542e-10,-4.903528808549771e-09,5.768406482828794e-10,-7.700822892606217e-09,2.2204534357735663e-09
-0.607862930236997,0.08223112260959017,-1.3011776958696537,1.2090993802969834,-1.0815426877541905,-0.6172441810919327,-0.118114066204268,-3.2901290039581587e-09,2.727679875317342e-09,-2.280420390331024e-10,3.3440708960771466e-10,-1.5199542819735885e-10,4.104537004434582e-10,1.2653891844000377e-09,1.8278383130408548e-09,6.163765501015439e-10,1.178825678742361e-09,1.3107998663696702e-09,1.8732489950104875e-09,-6.204267649722149e-11,5.004064521435956e-10,-9.990726866922817e-12,5.524584017738943e-10,2.3929029138614907e-09,2.955352042502308e-09,2.262666722556792e-09,2.825115851197609e-09,-1.3952269759745552e-10,4.229264310433615e-10,1.8241402646809491e-09,2.3865893933217664e-09,2.3026959631098767e-10,7.927187249518047e-10,8.252268330222229e-10,1.38767596166304e-09,7.297416739179424e-10,1.2921908025587595e-09,2.9508463332386624e-10,8.575337619646832e-10
-0.5647946632071524,0.5213767099662758,0.43477024830427213,-1.17466147596248,-0.5015139961783516,0.47087251579681794,0.3422302715028078,-1.6479392726910947e-09,2.3888269534340488e-09,-2.280420390331024e-10,9.689297197760564e-10,-1.5199542819735885e-10,8.928831089403129e-10,1.1829691647951576e-09,4.420814840522035e-10,-8.722174199140276e-10,1.6131051006569817e-09,-1.1006759015111076e-10,8.509552708940648e-10,-6.993286251216707e-10,1.4402163058646248e-09,-8.331284427083956e-10,1.5740161234513497e-09,5.109865617135455e-10,2.2990111902940863e-10,3.8075037040884673e-10,3.6013731033410737e-10,-7.939606627229572e-10,1.5348483434659114e-09,2.7106180722425415e-10,4.698258735187e-10,-7.709149757455268e-10,1.511802656488481e-09,-2.00037649430616e-10,9.4092533017357e-10,-2.7864344449070704e-10,1.0195311252336612e-09,-4.2791454849659565e-10,1.1688022292395499e-09
-0.5953132123352265,-1.1701222102416227,-1.5948633383883313,-0.5117338537734993,-0.7899616666655727,2.87839520815127,-1.0285576137073726,-2.4645985334512765e-09,6.755179870317737e-10,-2.280420390331024e-10,2.912074481449948e-09,-1.5199542819735885e-10,2.9881210922856914e-09,1.2417923677142064e-09,4.381908888197257e-09,-4.1658198182245305e-09,1.0257032977414802e-09,-3.095793124749424e-09,4.432339573362611e-11,-3.78131294219184e-09,6.411964217087897e-10,-4.864288811972e-09,1.7241722914889498e-09,-2.6396239741541504e-09,5.004925463288998e-10,-2.769860165458849e-09,3.7025635502420115e-10,-4.6363858188486915e-09,1.4962692983656413e-09,-3.0356153778452156e-09,1.0450114263783463e-10,-4.298453743910626e-09,1.1583372234275759e-09,-3.811174515669372e-09,6.710579951863218e-10,-3.898196179841759e-09,7.580796593587089e-10,-4.194231299793289e-09,1.0541147793102385e-09
0.2404955518086677,-1.098367344374149,-0.5775685822209691,-0.3877106329360827,-0.7468616392479442,-0.9785516866850968,-0.004873375203567108,-2.342572807016494e-09,2.100733163085319e-09,-2.280420390331024e-10,1.3797604898072608e-11,-1.5199542819735885e-10,8.984421573381615e-11,-8.882194035250871e-10,6.463797595939122e-10,1.1106619293124287e-09,1.3525015732436037e-09,6.990211527358592e-10,9.408607966670342e-10,-2.382235873309469e-10,3.6160566002280832e-12,-2.3723319122690707e-10,4.606452704267924e-12,-7.936296076663477e-10,5.517899637351728e-10,-9.238657989710464e-10,6.820261550398715e-10,6.534165328731937e-11,3.0718129721849437e-10,-1.1653956714841976e-09,9.235560275530227e-10,3.346885218970562e-10,5.765281658282312e-10,-1.2560543861686511e-09,1.0142147422374762e-09,-1.3301501154378782e-09,1.0883104715067032e-09,-5.426042786745617e-10,3.007646347433867e-10
-0.491464736857003,-1.0696513345846643,-0.2560694330900583,0.10507902724637244,-1.1887214600361533,-0.28893078096495906,-0.20697903988182353,-3.593575853756342e-09,2.77953029659037e-09,-2.280420390331024e-10,5.860035181328695e-10,-1.5199542819735885e-10,6.620501289686131e-10,1.033245626333151e-09,1.847291183499123e-09,1.6722863324507654e-10,9.812741904110485e-10,7.522031285182106e-10,1.5662486856841825e-09,-7.001774359974601e-10,1.1386812116851177e-10,-8.117736025337765e-10,2.271954632195336e-12,1.0439955127688777e-09,1.8580410699348495e-09,9.137593214641788e-10,1.7278048786301506e-09,-9.033353000448951e-10,8.928974287892322e-11,4.076521931691765e-10,1.2216977503351483e-09,-6.025864257731258e-10,2.1145913139284607e-10,-4.935209780061123e-10,3.205245791598595e-10,-5.883480810291794e-10,2.2569747613679243e-10,-6.112758282775807e-10,2.027697288883911e-10
-0.5776538735150102,-0.8323688643210063,-0.879521027788521,-0.9479254869845782,1.3533955911952422,0.5948577560063424,0.7950228303629073,3.603720724572096e-09,1.5808769934585357e-09,-2.280420390331024e-10,2.2508857701466627e-09,-1.5199542819735885e-10,2.174839159310919e-09,1.2080040991489914e-09,8.148396319645689e-10,-1.0418349632111322e-09,3.0646786943246925e-09,-2.496516232633085e-10,2.272495354376869e-09,1.3169575252573258e-09,7.058862058562346e-10,1.7690537736244232e-09,2.5378995748913713e-10,4.374512112775469e-10,1.5853925198360134e-09,3.072150199728485e-10,1.7156287111407119e-09,2.083305002270158e-09,6.046127115659752e-11,9.247652856384282e-10,1.0980784454751321e-09,7.210640394382894e-10,1.301779691675271e-09,2.3174730607890404e-09,2.9462932967548005e-10,2.289224211659576e-09,2.6638048054601586e-10,2.5812948051480464e-09,5.58451074034486e-10
0.9824851283557243,0.9747872666176316,-0.5517684322121988,1.1723492811516707,-0.6337545825236892,0.5971206409228756,-1.1182672659407122,-2.022341670550158e-09,1.3717627505880922e-09,-2.280420390331024e-10,3.1660623821051478e-09,-1.5199542819735885e-10,3.2421089929408913e-09,-1.8753425513503693e-09,1.5187618697878808e-09,-1.044930694442187e-09,2.349173726696063e-09,-2.2121653285837873e-09,1.1819390925544628e-09,-2.7872861631186025e-09,6.068182580196476e-10,-2.042100223930227e-09,1.352004197208023e-09,-3.521286188320428e-09,1.27181767182178e-10,-3.651522379625127e-09,2.574179584868771e-10,-2.465687151750706e-09,9.284172693875439e-10,-3.8310120895047045e-09,4.369076683664544e-10,-2.097206177959406e-09,1.2968982431788443e-09,-3.7261196497354294e-09,3.3201522859717934e-10,-3.794865190568731e-09,4.0076076943048086e-10,-3.1185205862320923e-09,2.755838349061578e-10
-0.5952136965447926,2.247109525745206,-0.98653264430149,0.6031712805591688,-0.4952778930962463,-0.8780115032831912,0.37683254737627364,-1.6302834832563798e-09,2.46913787313487e-09,-2.280420390331024e-10,1.0668964289115924e-09,-1.5199542819735885e-10,9.908498180758488e-10,1.2416038754167118e-09,4.027494855382218e-10,9.731183081325785e-10,1.342639182540885e-10,1.622457931644148e-09,7.836035417656579e-10,9.027299549535347e-10,6.38755650750447e-11,1.2472915782186502e-09,4.0843718834016013e-10,2.655900289606794e-09,1.817045899728304e-09,2.5256640983020954e-09,1.6868097084236053e-09,1.1836208782811653e-09,3.447664884026753e-10,2.4191962919784604e-09,1.5803419020999704e-09,1.0579305802671572e-09,2.1907619038866717e-10,1.9476063528298996e-09,1.1087519629514095e-09,1.868756864634231e-09,1.0299024747557411e-09,1.6635757196510172e-09,8.247213297725271e-10
2.981431239737937,-0.9755422446173255,0.5400429888699121,-1.0594506509358177,0.39861021422572007,0.6001359341474938,-1.0833705911646725,9.005117895735877e-10,4.195815993059008e-09,-2.280420390331024e-10,3.067262164452318e-09,-1.5199542819735885e-10,3.1433087752880615e-09,-7.324521035771487e-10,2.562852099908272e-09,-1.0490557550398504e-09,2.24624844844557e-09,-4.726804313142622e-09,1.431500109657202e-09,-3.908402487160353e-09,6.130982836749328e-10,-1.8805372182862607e-09,1.4147669851991596e-09,-2.9122848321517846e-09,3.8301937133363567e-10,-3.042521023456483e-09,2.527831800289374e-10,-2.4621158114857805e-09,8.331883919996398e-10,-2.7467344145643223e-09,5.48569788921098e-10,-2.4406236441804814e-09,8.54680559304939e-10,-2.9144933406184858e-09,3.8081086286693455e-10,-2.9793023377671636e-09,3.160018657182567e-10,-3.0122813891476864e-09,2.830228143377339e-10
0.5728455032911832,-1.1256944727064417,0.21417758414791055,1.3179917701856745,1.1117613279189786,0.977172021824635,-1.3367741901450587,2.9196005911412843e-09,6.932346524933416e-09,-2.280420390331024e-10,3.784703894759029e-09,-1.5199542819735885e-10,3.860750505594772e-09,-1.579067559998753e-09,2.4336783737933785e-09,-1.56485856203587e-09,2.4478873717562616e-09,-2.174999900676356e-09,1.8377460331157756e-09,-7.347849182966488e-10,3.2779610154954826e-09,-6.355596392464927e-10,3.377186294545639e-09,-3.930345116184464e-09,8.24008176076675e-11,-4.060581307489162e-09,4.783537369703077e-11,-1.0862343528955054e-09,2.9265115808966262e-09,-3.51560006806771e-09,4.971458657244214e-10,-1.0782386699790046e-09,2.9345072638131267e-09,-3.459282478358645e-09,5.534634554334865e-10,-3.5148154985280924e-09,4.979304352640391e-10,-4.503789117986161e-09,4.9104318419403e-10
-0.17915450606484884,-0.9154005902065591,-0.9500191288181181,1.3395759782011452,1.1988702530062756,-1.1133657440788245,0.0839429326706436,3.1662252570546726e-09,3.1566062561318758e-09,-2.280420390331024e-10,2.376610399558993e-10,-1.5199542819735885e-10,1.6161442912015575e-10,2.7162350407598114e-10,2.6200450315318423e-10,1.295093795382906e-09,1.2854747944601092e-09,1.395476677093863e-09,1.3858576761710662e-09,2.6526802531128784e-09,2.6430612521900816e-09,2.8484356120291115e-09,2.8388166111063147e-09,5.385444771627492e-10,5.289254762399523e-10,4.0830828585805045e-10,3.9868928493525354e-10,3.183753258207153e-09,3.174134257284356e-09,9.800861004704425e-10,9.704670995476457e-10,2.381759907445527e-09,2.37214090652273e-09,1.668575435183901e-09,1.6589564342611041e-09,1.6253826429880276e-09,1.6157636420652308e-09,9.358806302832523e-10,9.262616293604554e-10
-0.3904631634590774,1.1389718644868922,-0.11718915615837792,1.157281780835501,-0.9070804574568501,-0.5772340047599985,-0.15750594771125156,-2.7961877778614454e-09,2.1222115053989863e-09,-2.280420390331024e-10,4.459342334293566e-10,-1.5199542819735885e-10,5.219808442651001e-10,8.078284317087268e-10,1.4818047041711859e-09,5.616407782883978e-10,1.2356170507508569e-09,9.87470417326554e-10,1.661446689789013e-09,-1.5795270147300037e-10,5.160235709894586e-10,-1.4559096355338438e-10,5.283853089090746e-10,8.094203068860087e-10,1.4833965793484676e-09,6.7918411558131e-10,1.353160388043769e-09,-1.7042943406712255e-10,5.035468383953365e-10,3.459230422570594e-10,1.0198993147195185e-09,-1.880780899519119e-11,6.551684634672678e-10,-2.5033831784293687e-10,4.2363795461952213e-10,-3.359486529877126e-10,3.380276194747464e-10,-1.1301606434826985e-10,5.609602081141892e-10
-0.5857120707066341,0.29575794189721843,-1.44462521192278,-0.6954330768666211,0.5151578271031435,0.9099109659066078,-0.02961270730665387,1.230483902765111e-09,1.542366076881679e-09,-2.280420390331024e-10,8.38401350834656e-11,-1.5199542819735885e-10,1.5988674591920914e-10,1.2235069892740126e-09,1.5353891633905806e-09,-1.4728423265137601e-09,1.160960152397192e-09,-6.352642655679167e-10,3.233820914513487e-10,-7.241786594820385e-12,3.0464038752174763e-10,5.858787980425972e-11,3.704700539208277e-10,5.780127864143392e-11,3.696834527580019e-10,-7.243491266326471e-11,2.3944726145330327e-10,2.8759288338748886e-10,5.994750575040568e-10,2.6797637454547456e-10,5.798585486620425e-10,-6.180268515382104e-10,3.061446774216424e-10,7.645055700316132e-10,1.0763877441481812e-09,7.135349657639859e-10,1.025417139880554e-09,8.060229529937565e-10,1.1179051271103245e-09
-0.5840364757595314,-1.1402104449862918,1.314894953492969,-0.09335655059476164,-0.34950956651451864,-1.1760940782180076,0.5086703613817032,-1.2175810557158656e-09,2.4296975057248856e-09,-2.280420390331024e-10,1.4401584890421224e-09,-1.5199542819735885e-10,1.3641118782063788e-09,1.2202951065422516e-09,8.178656533231556e-12,1.3809090578595342e-09,1.6879260785051414e-10,1.98283620205582e-09,7.707197520467998e-10,1.4030179329849105e-09,1.9090148297589042e-10,1.8874249718375396e-09,6.753085218285196e-10,2.985466462164283e-09,1.7733500121552628e-09,2.8552302708595846e-09,1.6431138208505646e-09,1.8265703956993601e-09,6.144539456903401e-10,2.8222820288119437e-09,1.6101655788029236e-09,2.1096498587519878e-09,8.975334087429677e-10,2.4941488696004824e-09,1.2820324195914623e-09,2.4194484576712084e-09,1.2073320076621883e-09,2.2752039873110347e-09,1.0630875373020147e-09
-0.6030220892366351,-1.160818110026741,-0.5971675065984191,-0.770096634561173,-0.6225720023595189,-0.4672058204110034,0.15661111540845324,-1.990681308603614e-09,2.206040034500458e-09,-2.280420390331024e-10,4.434007649299464e-10,-1.5199542819735885e-10,3.673541540942029e-10,1.2563278778485454e-09,1.0409691519517013e-09,4.1111713296433253e-10,1.957584070674885e-10,1.116258014789064e-09,9.008992888922199e-10,2.895694512994129e-10,7.421072540256887e-11,4.501143004589566e-10,2.3475557456211257e-10,2.1410449135130824e-09,1.9256861876162383e-09,2.0108087222083837e-09,1.7954499963115397e-09,4.0290386319073176e-10,1.8754513729388773e-10,1.8373341546791262e-09,1.6219754287822821e-09,3.893451877178172e-10,1.7398646182097317e-10,1.2394454803087375e-09,1.0240867544118935e-09,1.1569315061000493e-09,9.415727802032053e-10,8.941355616659834e-10,6.787768357691393e-10
-0.12324965943231463,-0.4356620895138611,0.1595219891055246,0.8862068029349939,-0.7164266927776926,0.601577861337809,-0.9604443013045751,-2.256404730693712e-09,6.908679118656981e-10,-2.280420390331024e-10,2.719230603526308e-09,-1.5199542819735885e-10,2.7952772143620514e-09,1.1837874982047283e-10,3.065651392379883e-09,-1.0510283781296734e-09,1.8962442644297367e-09,-8.288641833349854e-10,2.118408459224425e-09,-1.6095023337612272e-09,1.337770308798183e-09,-1.6682606063994836e-09,1.2790120361599266e-09,-2.091466710620773e-09,8.558059319386372e-10,-2.221702901925472e-09,7.255697406339381e-10,-1.8502006683438307e-09,1.0970719742155795e-09,-2.4463221437982623e-09,5.009504987611479e-10,-1.7146108989954475e-09,1.2326617435639627e-09,-2.7474521899948087e-09,1.998204525646015e-10,-2.8249601348511427e-09,1.2231250770826755e-10,-2.2879394284019177e-09,6.593332141574925e-10
-0.1135943323106839,-0.9078936766998503,-0.6709588111964719,-0.7058702601785407,0.21661847874915277,3.105239553861176,-2.4393253873550056,3.8525286615184185e-10,7.519565509575692e-09,-2.280420390331024e-10,6.906270604390747e-09,-1.5199542819735885e-10,6.98231721522649e-09,9.15824332344674e-11,7.225895076658317e-09,-4.476153375389326e-09,2.6581592680345234e-09,-3.9858106377526465e-09,3.148502005671203e-09,-3.4367246559018277e-09,3.697587987522022e-09,-3.5595055017517755e-09,3.574807141672074e-09,-5.6559179922319045e-09,1.478394651191945e-09,-5.786154183536603e-09,1.3481584598872468e-09,-4.211427194815825e-09,2.9228854486080244e-09,-5.563392496655654e-09,1.5709201467681953e-09,-4.184783311090239e-09,2.9495293323336105e-09,-5.511403127831255e-09,1.6229095155925944e-09,-5.572811030426276e-09,1.5615016129975735e-09,-5.671321703754006e-09,1.4629909396698435e-09
-0.5726608045224493,-1.1718685246275364,1.4730694353177953,-0.8910174338424349,-0.4836105101258225,-0.03671441666468738,0.3354137329523423,-1.5972505371572213e-09,2.3188390870589954e-09,-2.280420390331024e-10,9.496305889348764e-10,-1.5199542819735885e-10,8.735839780991329e-10,1.198326535760645e-09,4.767379858588709e-10,-1.7781501888355258e-10,8.994035687853266e-10,5.373866470020709e-10,1.8420190289970318e-10,-8.26239657677647e-11,8.042125156695388e-10,-4.0566034831127343e-11,7.621545847329015e-10,1.2883573242594972e-09,5.667687743577231e-10,1.1581211329547985e-09,4.3653258305302444e-10,-3.0793219101437735e-11,7.523817690032119e-10,1.0576622975843563e-09,3.360737476825822e-10,1.5458163440491313e-10,5.67006915496861e-10,6.025818198273689e-10,1.190067300744052e-10,5.24354808397895e-10,1.9723374150387915e-10,3.646554385939175e-10,3.569331113078566e-10
