Complexity,Loss,Equation
1,2.0051392909988105e7,"-0.20362474033702183"
3,0.0,"x0 * x0"
