Complexity,Loss,Equation
1,9.345392911143995e18,"x0"
2,6.482614628667923e18,"square(-41133.62074067497)"
3,4.831467057490996e18,"2.030392197923424e7 * x0"
5,1.1416547147060652e15,"square(square(x0)) * x0"
6,1.1416547147060645e15,"(cube(x0) * x0) * x0"
7,9.324193834615604e8,"square(square(x0 + 0.25177261112293636)) * x0"
9,71.42609591167783,"(x0 - -0.9999964937162804) * square(square(x0) - -0.5002033465820936)"
15,12.211122974397224,"(x0 * square(square(x0))) + square((0.1782328065742397 + x0) - square(x0 - -0.749967904228226))"
16,1.4713308554706923e-13,"x0 + (((x0 * (square(square(x0)) + x0)) + cube(x0)) + square(square(x0)))"
