Complexity,Loss,Equation
1,1.1416513307599902e15,"x0"
2,1.1164078569548639e15,"cube(x0)"
3,1.4676163896247638e11,"square(square(x0))"
5,6.944101545945584e8,"square(square(x0 + 0.26907810596924386))"
6,610582.3344104777,"cube(x0) * (x0 + 1.0121714447167682)"
9,3338.3350000143623,"square(square(x0)) + (cube(x0) + square(x0))"
11,3338.3350000032783,"((x0 * cube(x0)) + cube(x0)) + (x0 * x0)"
12,1.8274977937532385e-17,"((x0 * cube(x0)) + square(x0)) + (cube(x0) + x0)"
13,8.543777410183026e-18,"(((x0 * cube(x0)) + cube(x0)) + (x0 * x0)) + x0"
