Complexity,Loss,Equation
1,1.0369367206053433,"0.12840427433402676"
2,0.5104878370116502,"sin(x0)"
3,0.5023041639905296,"sin(square(x0))"
6,7.032196154189724e-33,"sin(square(x0)) + sin(x0)"
