Complexity,Loss,Equation
1,1.4672103455697452e11,"x0"
3,1.4668043682814285e11,"x0 + x0"
4,2.0050033333330005e7,"x0 + cube(x0)"
5,3338.335000000122,"square(x0) + cube(x0)"
7,6.781330035607151e-22,"(cube(x0) + x0) + square(x0)"
