Complexity,Loss,Equation
1,7.553187635084336,"10.909832721226115"
3,0.1392217025326082,"log(cube(x0))"
5,0.0052834127722099005,"log(cube(x0 - -0.7110401517080754))"
7,0.003234720453862645,"log(cube(x0 - -0.4476949066664418) + 2.218664403974686)"
8,0.0005439284395901012,"log((1.3581976125198632 + square(x0)) + cube(x0))"
9,0.00026357318140185634,"log(cube(x0) + square(sin(1.054607048247312) + x0))"
10,0.00016120074554404232,"log(square(cos(sin(x0)) + x0) + cube(x0))"
12,3.534496638325921e-20,"log((cube(x0) + square(x0)) + (x0 + square(square(1.0000000008009287))))"
