Complexity,Loss,Equation
1,1.4672103455697452e11,"x0"
2,1.4339774626197784e11,"square(x0)"
5,1.4331896558610046e11,"square(x0 + cos(-0.21794642884931126))"
6,1.321316572962454e11,"log(x0) * (x0 * x0)"
7,2.0554372168331128e7,"exp(log(x0)) * (x0 * x0)"
9,3338.335000013301,"exp(log(x0)) * ((x0 * x0) + x0)"
11,2.7363395771108474e-20,"(exp(log(x0)) * ((x0 * x0) + x0)) + x0"
