Complexity,Loss,Equation
1,3339.413704186069,"x0"
2,1.4546248288940935,"sin(1.7788357065970117)"
3,0.8924922168305061,"sin(sin(x0))"
4,0.5007307701304762,"x0 / exp(x0)"
5,0.49539858991129254,"sin(square(x0)) / x0"
6,0.465148195563322,"sin(x0 + x0) / x0"
7,0.4565203394236186,"sin(sin(x0 + x0) / x0)"
8,5.3550642441116545e-33,"(sin(x0 + x0) / x0) * x0"
