Complexity,Loss,Equation
1,1.720843457348185e-9,"x5"
2,8.75878803939894e-22,"cube(x4)"
