Complexity,Loss,Equation
1,1.0106159653909885e-9,"x5"
2,6.606544143363505e-22,"cube(x4)"
