Complexity,Loss,Equation
1,0.3717244669598071,"-0.6096921083196128"
2,1.0110575290543152e-22,"cube(x4)"
6,8.699872919712982e-23,"cube(sin(sin(x0 * x1)))"
