Complexity,Loss,Equation
1,1.23391984077051e-9,"x5"
2,9.176417852584597e-22,"cube(x4)"
4,9.166728642958208e-22,"1.0635328768518537 * cube(x4)"
