Complexity,Loss,Equation
1,0.030666905873698056,"-0.1751196901267836"
2,9.799413427875488e-23,"cube(x4)"
