Complexity,Loss,Equation
1,1.8188803283285289,"-1.3486587145046518"
2,1.9477779476353025e-21,"cube(x5)"
5,1.9476501678999448e-21,"cube(x5) / cos(0.22990443187478013)"
9,1.6293854736244996e-21,"sin(square((x4 * 0.04734330708531099) * (-0.45456412573369187 + -0.8549944227133379)))"
