Complexity,Loss,Equation
1,3.218347862853741e-9,"x4"
2,3.1033021919791806e-21,"cube(x5)"
4,1.2841055346875165e-24,"cube(x4) + 5.544998778429003e-11"
