Complexity,Loss,Equation
1,2.6176453703937406,"1.6179138946627385"
2,2.102927502972152e-21,"cube(x5)"
4,6.377599455050459e-25,"cube(x5) - -4.5850733287735996e-11"
