Complexity,Loss,Equation
2,8.173995980110568e-23,"cube(x5)"
7,6.055832236750874e-23,"cube(square(x1) * x1) / 1.3169198711472045"
