Complexity,Loss,Equation
2,1.744139918300675e-21,"cube(x4)"
4,1.5794840234808355e-21,"cube(x4) / 0.1266790851795445"
