Complexity,Loss,Equation
2,1.7291471510798379e-22,"cube(x5)"
5,1.6414360757156068e-22,"sin(cube(x5 + x4))"
7,1.6373512384862356e-22,"sin(cube(x5 + (x4 * x3)))"
