Complexity,Loss,Equation
1,1.5315582803541713e-9,"x5"
2,2.432490744457073e-22,"cube(x5)"
3,2.415485179637784e-22,"sin(cube(x4))"
5,2.171433792268681e-22,"square(square(x0)) * x0"
