Complexity,Loss,Equation
1,0.25136489354617847,"0.5013630357110896"
2,9.539525595069535e-22,"cube(x5)"
