Complexity,Loss,Equation
1,0.0024999999998645333,"x1"
2,1.665847687084693e-24,"cube(x5)"
4,1.6616033835058247e-24,"cube(x5) * 1.189651585369891"
