Complexity,Loss,Equation
1,0.0024999999998179274,"x1"
2,3.0008801354704843e-24,"cube(x5)"
5,2.429176935465677e-24,"cube(square(x0 + x0))"
