Complexity,Loss,Equation
1,1.2109879116699916e-9,"x5"
2,7.340679655932088e-24,"cube(x5)"
4,7.058804256597765e-24,"cube(x5) / 0.42899127543455073"
