Complexity,Loss,Equation
1,0.4029764508721607,"0.6348042618846389"
2,7.380383888608508e-22,"cube(x4)"
6,7.005319254188491e-22,"cube((x4 * x2) + x4)"
