Complexity,Loss,Equation
1,1.7444480938532787e-9,"x5"
2,3.1570246683848704e-21,"cube(x5)"
3,3.1214701216144195e-21,"cube(sin(x4))"
4,3.1069364159625643e-21,"cube(x4) * 1.2389188229186168"
