Complexity,Loss,Equation
1,1.0957155848836228e-9,"x5"
2,1.199535210038714e-21,"cube(x4)"
