Complexity,Loss,Equation
1,1.8036491625325181e-9,"x4"
2,7.478055828390796e-23,"cube(x5)"
3,7.426102112249476e-23,"cube(sin(x4))"
