Complexity,Loss,Equation
2,6.739532929280578e-17,"square(x5)"
3,1.0404697500294157e-24,"x0 * 1.1404493738265131e-8"
