Complexity,Loss,Equation
1,1.657192411971696e-9,"x4"
2,4.51752639371578e-22,"cube(x5)"
