Complexity,Loss,Equation
1,1.0158691431393907e-9,"x5"
2,8.782223802415644e-22,"cube(x5)"
