Complexity,Loss,Equation
1,3.1112467175144443,"x2"
2,3.0385912892357635e-21,"cube(x4)"
