Complexity,Loss,Equation
1,0.002211152658985058,"-0.047022895047952776"
2,8.985611548348858e-24,"cube(x5)"
3,8.88081096764883e-24,"cube(sin(x4))"
