Complexity,Loss,Equation
1,0.6669353143482096,"-0.8166610767566967"
2,1.2815801128914454e-21,"cube(x5)"
3,4.0006992746644784e-22,"square(square(x0))"
