Complexity,Loss,Equation
1,2.628552273503943e-9,"x4"
2,4.782250472448577e-23,"cube(x4)"
4,4.067036474640528e-23,"cube(x4 * x5)"
6,4.067032207569587e-23,"cube((x4 * -0.050346947436568736) * 0.40066536933472374)"
