Complexity,Loss,Equation
1,1.3869251339977705e-6,"-0.0011776778132966835"
2,1.842533993040526e-21,"cube(x4)"
