Complexity,Loss,Equation
2,4.0664983186987315e-22,"cube(x5)"
7,3.720386855802352e-22,"exp(-0.42583354917682964) * square(x1 * x5)"
