Complexity,Loss,Equation
2,1.3114270872044343e-21,"cube(x5)"
6,1.3013772381623258e-21,"cube((x5 + x4) - x5)"
8,1.241065536361927e-21,"square(x5 * ((0.42030869434592766 - x0) * -0.08517526029107832))"
12,1.131216503392743e-21,"cube(((x5 + x4) + x4) - ((x5 * x4) - x5))"
