Complexity,Loss,Equation
1,1.6185356196979207e-9,"x5"
2,1.5498541199695538e-21,"cube(x5)"
3,1.5361244417361514e-21,"sin(cube(x4))"
