Complexity,Loss,Equation
1,1.866420099575204e-9,"x5"
2,1.5951631364580752e-21,"cube(x4)"
4,1.5202744344725221e-21,"square(x4 * x1)"
6,1.4865034759134477e-21,"sin((x4 * 1.0000006326124642) - x4)"
