Complexity,Loss,Equation
1,0.08540253129048449,"-0.29223711479134223"
2,3.999994468772314e-6,"sin(x0)"
3,1.3335650203596396e-6,"-0.5774004039861845 * x0"
4,2.4477096980494955e-21,"cube(cube(cube(x4)))"
6,2.447706143144847e-21,"exp(-0.5774004039861845) * cube(square(x0))"
8,2.447512435521966e-21,"(x5 - sin(x5)) * (x1 + x0)"
10,2.447498439515408e-21,"((x5 - sin(x5)) / 0.933729466893327) * (x1 + x0)"
11,2.4436678706233104e-21,"((x5 - sin(x5)) / 0.933729466893327) * (cos(x1) + x0)"
