Complexity,Loss,Equation
1,2.7371888903474907e-9,"x4"
2,7.451760202717822e-22,"cube(x4)"
5,7.297283479092166e-22,"sin(cube(x4) * x3)"
