Complexity,Loss,Equation
2,2.91228867315362e-17,"square(x4)"
3,1.4858739378182128e-22,"cube(square(x0))"
6,1.461702325276619e-22,"square(x0 * (x5 / -0.47425776236189326))"
