Complexity,Loss,Equation
1,1.047627810371307e-9,"x5"
2,2.0535543262234156e-21,"cube(x5)"
5,1.875213440179089e-21,"cube(x4 / cube(0.785943875898433))"
