Complexity,Loss,Equation
1,3.599999979135258e-5,"x0"
3,2.2215655155466618e-10,"x5 * -0.4317279547599302"
4,2.974113163220539e-22,"cube(x5) * x2"
