Complexity,Loss,Equation
1,0.0024999999966094544,"x1"
2,1.1293686971097675e-21,"cube(x5)"
4,1.115981277832769e-21,"cube(x5) * x2"
