Complexity,Loss,Equation
2,1.3957984937655314e-21,"cube(x5)"
6,2.2621788421260768e-25,"cube(-0.007245005816007406 * (x0 - x1))"
