Complexity,Loss,Equation
1,4.577332468697151e-12,"x4"
2,8.557462228562583e-23,"square(x4)"
4,6.565508785719608e-23,"cube(x4) * x4"
5,6.526729894153892e-23,"(x4 - x2) * 5.001168136062562e-13"
