Complexity,Loss,Equation
1,0.715338940627002,"0.8457771223354039"
2,6.419898224090692e-22,"cube(x5)"
