Complexity,Loss,Equation
1,0.34142239324289,"-0.5843136086405006"
2,1.3922909531150554e-22,"square(x4)"
3,8.716070752535474e-23,"square(square(x4))"
