Complexity,Loss,Equation
1,0.23470995240774425,"-0.48446873212598757"
2,1.3655575596524475e-22,"cube(x5)"
3,1.3655133440213219e-22,"cube(square(x4))"
8,1.3655084981700022e-22,"square((-0.032549030732506666 * x4) / (-1.5859376230452131 / x1))"
