Equation: x3
Residuals:
427.6842 497.41670000000005 551.4799999999999 595.4399000000001 695.1707 761.6921 829.6972999999999 831.9938000000001 877.1750000000001 922.9584 1103.5606 1177.2797 1205.5413 1249.4768 1263.5003 1379.9983 1385.7478999999998 1396.6156999999998 1410.7731 1463.2021000000002

Equation: x3 ^ x3
Residuals:
376.6183157359239 445.0274615301159 493.7901990134548 502.70616855379 563.5466652427361 619.362643449036 603.3866532463238 579.0772487702461 616.9273012854711 632.6103500459728 756.6620608930417 812.2715847098007 754.5541253522072 756.5795457301815 519.4879267375558 562.4160308059335 420.8389397995221 30.091658793799525 85.41350020821619 198.29179353856216

Equation: (x3 ^ x3) + x2
Residuals:
373.5220157359239 441.8945615301159 490.5567990134548 499.44836855379 560.0954652427362 615.786643449036 599.7990532463238 575.2670487702461 613.0555012854711 628.6380500459728 752.3439608930416 807.8576847098007 750.1158253522071 752.1030457301815 515.0066267375557 557.9260308059335 416.1809397995221 35.00565879379951 90.39670020821609 203.2770935385622

Equation: x3 + 872.0541722393898
Residuals:
444.3699722393898 374.63747223938975 320.5741722393899 276.6142722393897 176.8834722393898 110.36207223938982 42.35687223938987 40.06037223938972 5.120827760610268 50.90422776061018 231.50642776061022 305.22552776061025 333.4871277606103 377.4226277606101 391.44612776061024 507.9441277606102 513.6937277606102 524.5615277606101 538.7189277606103 591.1479277606103

Equation: 875.3998822189951 - sin(x3)
Residuals:
444.5730529468588 374.8403559611309 320.7760936380357 276.8044043956736 177.0543870330995 110.52716749470767 42.47405796676878 40.16236432796393 5.022989016244992 50.823254386375424 231.45619752498976 305.18486306889224 333.4900087841804 377.4456537916818 391.57714067631446 508.10330087389116 513.9054961280422 524.9131331313497 539.0890235985268 591.5598993536119

Equation: 876.1232034890572 - (x0 - x0)
Residuals:
445.11340348905725 375.3699034890572 321.2652034890573 277.1025034890572 177.22350348905718 110.66920348905728 42.470403489057276 40.12790348905719 5.065096510942794 50.89359651094276 231.56879651094278 305.3086965109428 333.65639651094284 377.6278965109427 391.8168965109428 508.35249651094273 514.1678965109427 525.1896965109427 539.3656965109428 591.8355965109429

Equation: (-0.17928862338974194 / x0) + 876.1716862722777
Residuals:
445.1022545875209 375.35921120349764 321.2563065681909 277.0938096854263 177.21613311857368 110.66245086040749 42.465184534007335 40.125871050991236 5.066089036345829 50.893800387162855 231.5680807185546 305.3064173725502 333.6516053625195 377.62175070311423 391.809683580953 508.3449033264154 514.1590644394877 525.1801024385197 539.3533075057084 591.8229750385315

Equation: (-0.019690232380309067 * sin(x0)) + 876.1135740789666
Residuals:
445.1011241078032 375.3580774377752 321.25523950577065 277.09275805191953 177.21521998523122 110.66162419258512 42.46462815537893 40.126079559529444 5.065594852335494 50.893087144347305 231.5671168771877 305.30506638672045 333.64987433887256 377.6200389133769 391.8081546054559 508.3434834317843 514.158192596129 525.1797382069434 539.3562719640057 591.8263416889034

Equation: sin(-0.019690232380309067 * sin(x0)) + 876.1135740789666
Residuals:
445.10112411090466 375.3580774395418 321.2552395057768 277.09275805191976 177.2152199848249 110.66162419114903 42.46462814583765 40.126079480270846 5.0655949792209185 50.89308731804863 231.56711711824676 305.3050667752551 333.64987504111696 377.6200398046045 391.8081556388411 508.34348451160815 514.1581938005 525.1797394594837 539.3562731169184 591.826342811281

Equation: (0.03158839778984229 * (x0 - cos(x0))) + 875.9825525337159
Residuals:
445.09902722716384 375.35635027507936 321.25483747877036 277.09249212202917 177.21576580724775 110.66250202639878 42.46619093367178 40.12836649650092 5.063290948410327 50.890844295529064 231.56502495433142 305.3034194223749 333.649357287723 377.620257651119 391.80895143939483 508.3444749081078 514.1597270873842 525.1814962473238 539.3574037263622 591.8272665589261

Equation: ((x0 - cos(x0)) * sin(0.03158839778984229)) + 875.9825525337159
Residuals:
445.09900622816434 375.35632913921023 321.25481581288136 277.09247039716433 177.21574370427777 110.66247975110957 42.46616824448677 40.12834302978763 5.06331463838535 50.89086814292898 231.56504897124375 305.30344368965143 333.6493818480358 377.62028231114914 391.8089761503468 508.3444996317867 514.159751835645 525.1815210007132 539.3574284951376 591.8272913338822

Equation: (sin(sin(0.03158839778984229)) * (x0 - cos(x0))) + 875.9825525337159
Residuals:
445.09898523963903 375.3563080138834 321.2547941577992 277.0924486831357 177.21572161233257 110.66245748693098 42.466145566618934 40.12831957477931 5.063338316544105 50.890891978433956 231.56507297617668 305.30346794482375 333.64940639609824 377.62030695887915 391.80900084897314 508.34452434313357 514.1597765715617 525.1815457417559 539.3574532515585 591.8273160964809

Equation: (((x2 * x1) * cos(1.5721224235276932)) * sin(x0)) + 876.1127476371519
Residuals:
445.10122718207157 375.3579908305266 321.25451763301885 277.0919667066779 177.21407644302963 110.66054006710397 42.463380550257284 40.12589991597156 5.065330506659848 50.89215881217001 231.56475153593988 305.3016357937091 333.64508589120135 377.61411048925777 391.8018328872747 508.3367488639992 514.1499493963611 525.169551029725 539.3453064217208 591.8152736521569

Equation: (((-0.0018461312743131124 * x1) * cos(0.7694247951435436)) * (sin(x0) * x2)) + 876.1127476371533
Residuals:
445.10122718206725 375.3579908305231 321.2545176330194 277.09196670667905 177.21407644303451 110.66054006711147 42.463380550270244 40.12589991600157 5.065330506623923 50.892158812128514 231.5647515358895 305.30163579364864 333.64508589112654 377.61411048917466 391.8018328871873 508.3367488639094 514.1499493962639 525.1695510296203 539.3453064216153 591.8152736520517

Equation: x3
Residuals:
427.6842 497.41670000000005 551.4799999999999 595.4399000000001 695.1707 761.6921 829.6972999999999 831.9938000000001 877.1750000000001 922.9584 1103.5606 1177.2797 1205.5413 1249.4768 1263.5003 1379.9983 1385.7478999999998 1396.6156999999998 1410.7731 1463.2021000000002

Equation: x3 ^ x3
Residuals:
376.6183157359239 445.0274615301159 493.7901990134548 502.70616855379 563.5466652427361 619.362643449036 603.3866532463238 579.0772487702461 616.9273012854711 632.6103500459728 756.6620608930417 812.2715847098007 754.5541253522072 756.5795457301815 519.4879267375558 562.4160308059335 420.8389397995221 30.091658793799525 85.41350020821619 198.29179353856216

Equation: (x3 ^ x3) + x2
Residuals:
373.5220157359239 441.8945615301159 490.5567990134548 499.44836855379 560.0954652427362 615.786643449036 599.7990532463238 575.2670487702461 613.0555012854711 628.6380500459728 752.3439608930416 807.8576847098007 750.1158253522071 752.1030457301815 515.0066267375557 557.9260308059335 416.1809397995221 35.00565879379951 90.39670020821609 203.2770935385622

Equation: x3 + 872.0541722393898
Residuals:
444.3699722393898 374.63747223938975 320.5741722393899 276.6142722393897 176.8834722393898 110.36207223938982 42.35687223938987 40.06037223938972 5.120827760610268 50.90422776061018 231.50642776061022 305.22552776061025 333.4871277606103 377.4226277606101 391.44612776061024 507.9441277606102 513.6937277606102 524.5615277606101 538.7189277606103 591.1479277606103

Equation: 875.3998822189951 - sin(x3)
Residuals:
444.5730529468588 374.8403559611309 320.7760936380357 276.8044043956736 177.0543870330995 110.52716749470767 42.47405796676878 40.16236432796393 5.022989016244992 50.823254386375424 231.45619752498976 305.18486306889224 333.4900087841804 377.4456537916818 391.57714067631446 508.10330087389116 513.9054961280422 524.9131331313497 539.0890235985268 591.5598993536119

Equation: 876.1232034890572 - (x0 - x0)
Residuals:
445.11340348905725 375.3699034890572 321.2652034890573 277.1025034890572 177.22350348905718 110.66920348905728 42.470403489057276 40.12790348905719 5.065096510942794 50.89359651094276 231.56879651094278 305.3086965109428 333.65639651094284 377.6278965109427 391.8168965109428 508.35249651094273 514.1678965109427 525.1896965109427 539.3656965109428 591.8355965109429

Equation: (-0.17928862338974194 / x0) + 876.1716862722777
Residuals:
445.1022545875209 375.35921120349764 321.2563065681909 277.0938096854263 177.21613311857368 110.66245086040749 42.465184534007335 40.125871050991236 5.066089036345829 50.893800387162855 231.5680807185546 305.3064173725502 333.6516053625195 377.62175070311423 391.809683580953 508.3449033264154 514.1590644394877 525.1801024385197 539.3533075057084 591.8229750385315

Equation: (-0.019690232380309067 * sin(x0)) + 876.1135740789666
Residuals:
445.1011241078032 375.3580774377752 321.25523950577065 277.09275805191953 177.21521998523122 110.66162419258512 42.46462815537893 40.126079559529444 5.065594852335494 50.893087144347305 231.5671168771877 305.30506638672045 333.64987433887256 377.6200389133769 391.8081546054559 508.3434834317843 514.158192596129 525.1797382069434 539.3562719640057 591.8263416889034

Equation: sin(-0.019690232380309067 * sin(x0)) + 876.1135740789666
Residuals:
445.10112411090466 375.3580774395418 321.2552395057768 277.09275805191976 177.2152199848249 110.66162419114903 42.46462814583765 40.126079480270846 5.0655949792209185 50.89308731804863 231.56711711824676 305.3050667752551 333.64987504111696 377.6200398046045 391.8081556388411 508.34348451160815 514.1581938005 525.1797394594837 539.3562731169184 591.826342811281

Equation: (0.03158839778984229 * (x0 - cos(x0))) + 875.9825525337159
Residuals:
445.09902722716384 375.35635027507936 321.25483747877036 277.09249212202917 177.21576580724775 110.66250202639878 42.46619093367178 40.12836649650092 5.063290948410327 50.890844295529064 231.56502495433142 305.3034194223749 333.649357287723 377.620257651119 391.80895143939483 508.3444749081078 514.1597270873842 525.1814962473238 539.3574037263622 591.8272665589261

Equation: ((x0 - cos(x0)) * sin(0.03158839778984229)) + 875.9825525337159
Residuals:
445.09900622816434 375.35632913921023 321.25481581288136 277.09247039716433 177.21574370427777 110.66247975110957 42.46616824448677 40.12834302978763 5.06331463838535 50.89086814292898 231.56504897124375 305.30344368965143 333.6493818480358 377.62028231114914 391.8089761503468 508.3444996317867 514.159751835645 525.1815210007132 539.3574284951376 591.8272913338822

Equation: (sin(sin(0.03158839778984229)) * (x0 - cos(x0))) + 875.9825525337159
Residuals:
445.09898523963903 375.3563080138834 321.2547941577992 277.0924486831357 177.21572161233257 110.66245748693098 42.466145566618934 40.12831957477931 5.063338316544105 50.890891978433956 231.56507297617668 305.30346794482375 333.64940639609824 377.62030695887915 391.80900084897314 508.34452434313357 514.1597765715617 525.1815457417559 539.3574532515585 591.8273160964809

Equation: (((x2 * x1) * cos(1.5721224235276932)) * sin(x0)) + 876.1127476371519
Residuals:
445.10122718207157 375.3579908305266 321.25451763301885 277.0919667066779 177.21407644302963 110.66054006710397 42.463380550257284 40.12589991597156 5.065330506659848 50.89215881217001 231.56475153593988 305.3016357937091 333.64508589120135 377.61411048925777 391.8018328872747 508.3367488639992 514.1499493963611 525.169551029725 539.3453064217208 591.8152736521569

Equation: (((-0.0018461312743131124 * x1) * cos(0.7694247951435436)) * (sin(x0) * x2)) + 876.1127476371533
Residuals:
445.10122718206725 375.3579908305231 321.2545176330194 277.09196670667905 177.21407644303451 110.66054006711147 42.463380550270244 40.12589991600157 5.065330506623923 50.892158812128514 231.5647515358895 305.30163579364864 333.64508589112654 377.61411048917466 391.8018328871873 508.3367488639094 514.1499493962639 525.1695510296203 539.3453064216153 591.8152736520517

Equation: x3
Residuals:
427.6842 497.41670000000005 551.4799999999999 595.4399000000001 695.1707 761.6921 829.6972999999999 831.9938000000001 877.1750000000001 922.9584 1103.5606 1177.2797 1205.5413 1249.4768 1263.5003 1379.9983 1385.7478999999998 1396.6156999999998 1410.7731 1463.2021000000002

Equation: x3 ^ x3
Residuals:
376.6183157359239 445.0274615301159 493.7901990134548 502.70616855379 563.5466652427361 619.362643449036 603.3866532463238 579.0772487702461 616.9273012854711 632.6103500459728 756.6620608930417 812.2715847098007 754.5541253522072 756.5795457301815 519.4879267375558 562.4160308059335 420.8389397995221 30.091658793799525 85.41350020821619 198.29179353856216

Equation: (x3 ^ x3) + x2
Residuals:
373.5220157359239 441.8945615301159 490.5567990134548 499.44836855379 560.0954652427362 615.786643449036 599.7990532463238 575.2670487702461 613.0555012854711 628.6380500459728 752.3439608930416 807.8576847098007 750.1158253522071 752.1030457301815 515.0066267375557 557.9260308059335 416.1809397995221 35.00565879379951 90.39670020821609 203.2770935385622

Equation: x3 + 872.0541722393898
Residuals:
444.3699722393898 374.63747223938975 320.5741722393899 276.6142722393897 176.8834722393898 110.36207223938982 42.35687223938987 40.06037223938972 5.120827760610268 50.90422776061018 231.50642776061022 305.22552776061025 333.4871277606103 377.4226277606101 391.44612776061024 507.9441277606102 513.6937277606102 524.5615277606101 538.7189277606103 591.1479277606103

Equation: 875.3998822189951 - sin(x3)
Residuals:
444.5730529468588 374.8403559611309 320.7760936380357 276.8044043956736 177.0543870330995 110.52716749470767 42.47405796676878 40.16236432796393 5.022989016244992 50.823254386375424 231.45619752498976 305.18486306889224 333.4900087841804 377.4456537916818 391.57714067631446 508.10330087389116 513.9054961280422 524.9131331313497 539.0890235985268 591.5598993536119

Equation: 876.1232034890572 - (x0 - x0)
Residuals:
445.11340348905725 375.3699034890572 321.2652034890573 277.1025034890572 177.22350348905718 110.66920348905728 42.470403489057276 40.12790348905719 5.065096510942794 50.89359651094276 231.56879651094278 305.3086965109428 333.65639651094284 377.6278965109427 391.8168965109428 508.35249651094273 514.1678965109427 525.1896965109427 539.3656965109428 591.8355965109429

Equation: (-0.17928862338974194 / x0) + 876.1716862722777
Residuals:
445.1022545875209 375.35921120349764 321.2563065681909 277.0938096854263 177.21613311857368 110.66245086040749 42.465184534007335 40.125871050991236 5.066089036345829 50.893800387162855 231.5680807185546 305.3064173725502 333.6516053625195 377.62175070311423 391.809683580953 508.3449033264154 514.1590644394877 525.1801024385197 539.3533075057084 591.8229750385315

Equation: (-0.019690232380309067 * sin(x0)) + 876.1135740789666
Residuals:
445.1011241078032 375.3580774377752 321.25523950577065 277.09275805191953 177.21521998523122 110.66162419258512 42.46462815537893 40.126079559529444 5.065594852335494 50.893087144347305 231.5671168771877 305.30506638672045 333.64987433887256 377.6200389133769 391.8081546054559 508.3434834317843 514.158192596129 525.1797382069434 539.3562719640057 591.8263416889034

Equation: sin(-0.019690232380309067 * sin(x0)) + 876.1135740789666
Residuals:
445.10112411090466 375.3580774395418 321.2552395057768 277.09275805191976 177.2152199848249 110.66162419114903 42.46462814583765 40.126079480270846 5.0655949792209185 50.89308731804863 231.56711711824676 305.3050667752551 333.64987504111696 377.6200398046045 391.8081556388411 508.34348451160815 514.1581938005 525.1797394594837 539.3562731169184 591.826342811281

Equation: (0.03158839778984229 * (x0 - cos(x0))) + 875.9825525337159
Residuals:
445.09902722716384 375.35635027507936 321.25483747877036 277.09249212202917 177.21576580724775 110.66250202639878 42.46619093367178 40.12836649650092 5.063290948410327 50.890844295529064 231.56502495433142 305.3034194223749 333.649357287723 377.620257651119 391.80895143939483 508.3444749081078 514.1597270873842 525.1814962473238 539.3574037263622 591.8272665589261

Equation: ((x0 - cos(x0)) * sin(0.03158839778984229)) + 875.9825525337159
Residuals:
445.09900622816434 375.35632913921023 321.25481581288136 277.09247039716433 177.21574370427777 110.66247975110957 42.46616824448677 40.12834302978763 5.06331463838535 50.89086814292898 231.56504897124375 305.30344368965143 333.6493818480358 377.62028231114914 391.8089761503468 508.3444996317867 514.159751835645 525.1815210007132 539.3574284951376 591.8272913338822

Equation: (sin(sin(0.03158839778984229)) * (x0 - cos(x0))) + 875.9825525337159
Residuals:
445.09898523963903 375.3563080138834 321.2547941577992 277.0924486831357 177.21572161233257 110.66245748693098 42.466145566618934 40.12831957477931 5.063338316544105 50.890891978433956 231.56507297617668 305.30346794482375 333.64940639609824 377.62030695887915 391.80900084897314 508.34452434313357 514.1597765715617 525.1815457417559 539.3574532515585 591.8273160964809

Equation: (((x2 * x1) * cos(1.5721224235276932)) * sin(x0)) + 876.1127476371519
Residuals:
445.10122718207157 375.3579908305266 321.25451763301885 277.0919667066779 177.21407644302963 110.66054006710397 42.463380550257284 40.12589991597156 5.065330506659848 50.89215881217001 231.56475153593988 305.3016357937091 333.64508589120135 377.61411048925777 391.8018328872747 508.3367488639992 514.1499493963611 525.169551029725 539.3453064217208 591.8152736521569

Equation: (((-0.0018461312743131124 * x1) * cos(0.7694247951435436)) * (sin(x0) * x2)) + 876.1127476371533
Residuals:
445.10122718206725 375.3579908305231 321.2545176330194 277.09196670667905 177.21407644303451 110.66054006711147 42.463380550270244 40.12589991600157 5.065330506623923 50.892158812128514 231.5647515358895 305.30163579364864 333.64508589112654 377.61411048917466 391.8018328871873 508.3367488639094 514.1499493962639 525.1695510296203 539.3453064216153 591.8152736520517

Equation: x2
Residuals:
514.4153 689.5220999999999 710.1395 734.7359 785.6793 803.166 922.5769 950.4837 1038.0833 1050.2878 1068.9431 1149.1019999999999 1195.7015 1211.9805 1284.1285 1330.2328 1394.9384 1493.7085 1509.6979 1604.8026

Equation: x4 ^ x2
Residuals:
481.8947428398707 651.1109760763815 664.8824653870646 678.2667957045878 708.8151579271847 718.5458726327 815.8478172639528 803.9970144397621 757.8901836344336 608.202355688761 544.4965318777614 502.24846204176004 402.20104753279577 261.53627745440406 168.41973666902345 256.61551293490515 603.3239724525445 828.4341371405578 1090.4139376184485 1294.286031393259

Equation: (x4 ^ x2) + x3
Residuals:
478.79444283987067 647.9733760763816 661.7281653870646 675.1083957045878 705.6505579271846 715.1719726327 812.2042172639528 800.3368144397621 754.1997836344335 604.4779556887611 540.6929318777615 498.23186204176 397.9350475327958 257.15317745440404 163.78793666902334 261.3880129349052 608.0976724525444 833.2630371405578 1095.2881376184487 1299.251431393259

Equation: 1018.3440607695892 - x0
Residuals:
497.7243607695892 322.4886607695893 301.6623607695892 276.4804607695893 225.31436076958926 207.6189607695892 88.14706076958919 59.951760769589214 28.00383923041079 40.32013923041086 59.31243923041086 139.5390392304107 186.27803923041074 202.57633923041078 275.0859392304109 321.3792392304109 386.2329392304108 485.04353923041083 501.1080392304108 596.3825392304109

Equation: 1013.4519910921957 - sin(x2)
Residuals:
495.89506350104557 320.7881871817831 300.1700470743684 275.5721372171853 224.61673021345268 207.12312997733136 87.70419199392359 59.74347473847092 27.985379191202583 40.241747689798444 58.91386964654089 139.09543715873065 185.77316369627977 202.05860022578952 274.25542874439714 320.51616679192557 385.37471716655693 484.17619360883646 500.2137856718663 595.3706349500579

Equation: 1014.1875232695709 + (x4 - x4)
Residuals:
496.57122326957085 321.4364232695709 300.7341232695709 276.0678232695709 224.9234232695709 207.37432326957082 87.90582326957087 59.760323269570904 28.144076730429106 40.436176730429224 59.117576730429164 139.31017673042902 186.0154767304291 202.3025767304291 274.5095767304292 320.7803767304292 385.6259767304291 484.4227767304292 500.4520767304291 595.5985767304292

Equation: 507.10299384887446 - -507.0845294206965
Residuals:
496.57122326957096 321.43642326957104 300.734123269571 276.067823269571 224.923423269571 207.37432326957094 87.90582326957099 59.76032326957102 28.144076730428992 40.43617673042911 59.11757673042905 139.3101767304289 186.015476730429 202.302576730429 274.5095767304291 320.7803767304291 385.625976730429 484.42277673042906 500.452076730429 595.598576730429

Equation: (cos(x1) / (x4 ^ x0)) + 1014.19120046118
Residuals:
496.54029224812086 321.4123685804781 300.71508488532345 276.06078303688037 224.9176789629339 207.37050497696202 87.90344923629164 59.758355029741665 28.144494588628618 40.43509601846745 59.11525192260751 139.30746433922832 186.0125730161917 202.29953668468227 274.506255105115 320.77679681874156 385.62229145254094 484.41908749939444 500.44831753313144 595.5947955412756

Equation: (1497.1754995547226 + (cos(x1) / (x4 ^ x0))) + -482.9842990935425
Residuals:
496.540292248121 321.4123685804782 300.71508488532356 276.0607830368805 224.91767896293402 207.37050497696214 87.90344923629175 59.75835502974178 28.14449458862839 40.43509601846722 59.1152519226074 139.3074643392282 186.0125730161916 202.29953668468204 274.50625510511486 320.77679681874145 385.6222914525408 484.4190874993943 500.44831753313133 595.5947955412755

Equation: (((1.003169381887403 ^ x4) + 663.092916316988) + (cos(1.9634847279181782) / (x1 ^ x0))) / sin(sin(sin(0.9191770875293778)))
Residuals:
496.54855122167055 321.4191956789771 300.7200188415694 276.06102835928993 224.9183971237934 207.37065937286252 87.9032865432639 59.75804328495292 28.14496213942141 40.435020829855944 59.114775223659876 139.3063722966499 186.01127579362367 202.2975303199521 274.50378349118967 320.7738776229081 385.6193448725701 484.41561289495144 500.4446066656228 595.5908259159878

Equation: x4
Residuals:
454.8726 522.7889 662.8561 679.6387 693.8252 700.0984 701.0663999999999 708.1986999999999 768.5784 824.1285 850.5335 918.1008 999.8757 1114.1815 1129.3028 1267.2098999999998 1300.7154 1483.5658 1592.2353 1640.9225

Equation: x4 ^ x0
Residuals:
422.1679768070889 477.2010609691374 605.6048120497875 620.4789128265213 609.9677308061467 595.664406663352 583.6572368088626 569.3426423814942 613.4675662572972 516.2244463801617 508.0739988488509 559.7622281862498 586.5230903561353 674.4166472401441 575.4049050468889 546.3511056483093 444.2559408972111 351.30019287713003 73.27043148847656 816.4990580643505

Equation: x3 * (x2 ^ x2)
Residuals:
374.32526135439304 435.1783665763371 568.5109694529267 403.42034700056604 391.09333869588875 353.38728487171545 89.30833297843265 33.712288208958284 90.68101711244412 83.34758156758721 136.55827376418551 110.42908825204347 44.16743475840133 74.95087700180557 195.30587596256692 109.68794869578505 103.06529713567534 213.67304487097408 1508.1711107275385 1635.450547689347

Equation: 805.6802968988292 + x4
Residuals:
350.8076968988292 282.89139689882916 142.8241968988292 126.0415968988292 111.85509689882929 105.5818968988292 104.61389689882924 97.48159689882925 37.101896898829295 18.44820310117086 44.853203101170834 112.42050310117077 194.19540310117088 308.50120310117086 323.6225031011709 461.5296031011708 495.03510310117076 677.8855031011708 786.5550031011708 835.2422031011708

Equation: 879.6926236814212 + cos(x0)
Residuals:
420.53736057533837 352.4548268248126 212.38214136120962 195.5907662349431 181.20082940596365 174.92766992822555 173.8546065576993 166.6028161783696 106.14721942592416 50.8600336770437 24.51611672215097 43.070990430150346 124.7685269173868 239.1279312551385 254.1058415667418 392.12051335820536 425.71980336971205 608.5263717823442 717.2973652370408 765.7158731990614

Equation: sin(cos(x0)) + 875.1093820262455
Residuals:
416.1085732046625 348.0301127398234 207.95156050517153 191.15896535195532 176.75954821229436 170.46861145221533 169.3940823479153 162.13723693151212 101.6778737659472 46.312287710368196 19.958697400241817 47.62970856999448 129.33700617665193 243.69666437049318 258.68466720593733 396.70147088373244 430.3015174777114 613.1095202385238 721.8806068302955 770.3028654902863

Equation: (876.2105097335668 - (x2 / x0)) + sin(cos(x2))
Residuals:
416.2097009119837 348.1767664226023 208.12631541691565 191.23101256503674 176.84749215532133 170.56838317285474 169.51512821116887 162.27697865749087 101.82703571491288 46.37795070155437 19.994651657486315 47.594617024586455 129.35271830435295 243.6943600674408 258.78346108923506 396.84396203475046 430.46473661122377 613.3380824778137 722.0286188175855 770.671055881901

Equation: (436.5761061629496 - (x2 / x2)) + 438.97017675662454
Residuals:
416.3820829195742 348.3084829195742 208.2228829195742 191.42878291957425 177.01718291957422 170.70078291957418 169.62398291957425 162.35908291957423 101.89348291957424 46.314482919574175 19.909482919574202 47.686917080425815 129.46761708042584 243.8296170804258 258.95361708042583 397.02731708042575 430.6567170804258 613.5903170804258 722.4365170804258 771.1449170804258

Equation: (-1.8213088843822698 * -241.10349416145044) + 435.4223469477044
Residuals:
416.38208291956283 348.30848291956283 208.22288291956284 191.42878291956288 177.01718291956286 170.7007829195628 169.62398291956288 162.35908291956287 101.89348291956287 46.314482919562806 19.909482919562834 47.68691708043718 129.4676170804372 243.82961708043717 258.9536170804372 397.0273170804371 430.65671708043715 613.5903170804372 722.4365170804372 771.1449170804372

Equation: (875.5283045876339 - (x1 / x1)) + (sin(3389.773802173783) * x1)
Residuals:
416.3787300578637 348.30544955649486 208.2198556288372 191.42610362076732 177.01457275205007 170.69825542932733 169.62165348111034 162.35690809229004 101.891671965731 46.31288403061171 19.90790131343249 47.684958978049735 129.4653105190165 243.82707369766274 258.9510344609887 397.02445046220544 430.65345155601995 613.5862943816327 722.432384612366 771.1402156805932

Equation: (875.4653837857358 - (x1 / x1)) + (0.010199492698797942 * (x3 + x3))
Residuals:
416.3634965664299 348.2942884679859 208.20927187896837 191.41555537989382 177.00483865596152 170.69080289836904 169.61451083310556 162.35006369058135 101.88957567632201 46.311104010043664 19.910461233324668 47.68511668756378 129.46511292256764 243.82643159645534 258.941333648968 397.0116800557686 430.6405068442789 613.5732970045588 722.4174673055117 771.1243822593747

Equation: x4 ^ x0
Residuals:
518.7995714626201 563.4724889762178 575.8322953847113 637.3262606218781 654.4060754573778 699.1793754142726 687.0758621200034 749.0060552481914 786.7886230931101 760.1415452892791 765.7565531811537 625.6933613961787 476.7121356291875 339.2682102647534 345.9172795693553 329.68167404419876 305.64449200461456 125.30211615416852 12.593027959662322 203.4116216363043

Equation: (x4 ^ x0) + x1
Residuals:
515.6103714626202 560.2425889762179 572.5890953847113 634.0656606218781 650.9102754573778 695.3242754142726 683.1405621200034 744.9248552481914 782.6703230931101 755.846945289279 761.4464531811536 621.3689613961787 472.34603562918755 334.79061026475335 341.39437956935524 325.06717404419874 300.8222920046146 120.37641615416851 7.63792795966242 208.36932163630422

Equation: x3 / 0.00432086282392456
Residuals:
184.84044532335474 147.1285782415074 143.58113768191436 99.09684423780584 91.04185422344483 39.08220570570097 12.826960932776501 39.7109212801505 105.77736246497227 89.62427010641284 124.54219803092667 119.4248178405727 141.9674298520615 198.635144204472 232.76937430991416 192.82856338397426 185.60806119485414 194.72592624921367 302.37707819670504 263.7725912953813

Equation: (x3 / 0.00432086282392456) - cos(x0 + x2)
Residuals:
183.87230082923816 146.1428055006013 142.5845955848912 98.09684485907587 90.0462797430855 38.12708066671348 12.03477557118083 40.45861464425616 106.40138627495912 90.19843323259227 124.91254417480081 119.44029885611235 141.5892601531241 197.98094875665458 232.02145738325396 192.05406713172192 184.6601801620136 193.73335634135128 301.3781442092845 262.7736226988575

Equation: (x3 / 0.004498204475713728) + (x2 * (x4 + x1))
Residuals:
175.12446565550772 137.78354629874605 134.19613416196046 90.06594262030364 82.84389230614613 33.00847283235214 9.504771766167892 43.262230559361115 109.3757852063153 93.1375908398627 127.09692839850425 122.64815691175738 143.24441701308342 197.73319611000306 231.63236935915722 192.9452852430354 183.05093844576936 189.53851248369733 296.7488174949906 260.12630204487164

Equation: (x3 - -191.57560494746772) * (x3 + 0.7805612114321451)
Residuals:
219.87765095199552 181.09761903539163 174.96543126840834 125.88998086297204 116.27612367167865 64.06941764110218 36.727888343888935 18.75917006302882 85.85251840609635 73.2472107096836 108.90883814833364 107.6526114841729 131.40594223720768 188.27307349379066 226.97128247520072 193.6278645111895 192.35976574450206 201.76286061599262 312.4412578807119 280.6054737835557

Equation: (sin(x3 + -0.5035931609121154) + x3) / 0.004498204475713728
Residuals:
253.3846767150294 208.7927488652831 188.14849294006285 111.98386014197479 92.87268646259395 39.14978888099802 5.110454516819118 68.7621908706567 142.30366384960757 152.02013115038199 192.34992201471118 215.09630680209114 246.25218427824575 304.3311133755451 370.0266545218026 372.1923011794181 397.86571693427993 408.4122028633094 530.2933374496647 516.679929982558

Equation: ((x4 + x4) + (x2 + 921.174985689289)) + (x4 - sin(x3))
Residuals:
380.43837366021285 335.30540281737603 313.99169958733046 237.87798213718418 218.73150517954753 165.19752435066425 132.36005390292428 58.55585437921309 14.909925085746977 24.21822523310118 64.43271889005723 87.56582215070091 118.59557794729733 176.37840475927715 244.16904676622403 253.8869138039056 291.6514513842701 302.3899044685687 432.92173231854474 447.2314150095557

Equation: ((x4 - -544.407724722125) + 178.25046585353786) - -177.73387663590069
Residuals:
350.1048672115635 304.8368672115636 283.08476721156353 206.07656721156343 186.8027672115635 133.08696721156343 99.3294672115635 25.416167211563447 48.112432788436536 57.77413278843653 98.14753278843659 121.48093278843646 152.91713278843656 211.0029327884364 279.1393327884366 289.0137327884364 327.30403278843653 338.4835327884365 469.39533278843646 483.7285327884365

Equation: ((x4 - sin(x3)) - (cos(x4) * x4)) + ((x4 + x2) + (886.1044855138138 + x4))
Residuals:
348.59447950566823 303.46911839651125 282.20956931174317 205.8623179510413 186.7076960592767 133.13560862178701 99.52753861091765 25.696085248207055 47.80937424922536 57.540605240396985 97.77766003711167 121.05100049544546 152.40943967832914 210.44820078378973 278.5151833077151 288.28876435201664 326.31467647255135 337.6927113992431 469.0153950925742 483.399001470235

Equation: ((x3 + 58.460410717075675) + (58.944194620162165 - x3)) * (40.18564565424805 / 5.215346622269146)
Residuals:
351.10339846016984 305.82359846016993 283.9001984601699 206.55209846016987 187.2724984601699 133.53079846016988 99.42989846016985 25.50739846016984 48.03440153983013 57.82520153983012 98.20500153983016 121.57730153983005 153.09960153983013 211.24850153983004 279.45000153983017 289.33720153983006 327.6863015398302 339.0028015398301 470.0752015398301 484.4231015398301

Equation: x0
Residuals:
473.0222 753.0753 775.4456 778.7605000000001 788.6351999999999 834.2076000000001 839.4748999999999 872.7066 918.471 941.9763 958.5329 1026.8690000000001 1051.8252 1101.0236 1107.7163 1114.4903 1226.3871 1622.5443 1664.8445000000002 1881.2763

Equation: x1 ^ x2
Residuals:
432.76163607603655 695.1762098450554 710.8664304137703 699.8808955843529 690.4142400775642 707.4437137887351 696.351994006093 693.2329938099087 675.7303434782558 620.3880021912963 608.1076534000549 574.9286026379245 425.6885334596062 121.07674867583194 36.73708638620565 193.4897867442603 395.0980481088741 235.66669293020777 722.520752151871 1153.3969754599655

Equation: x0 + (x1 ^ x2)
Residuals:
429.7606360760366 692.0553098450554 707.6558304137703 696.1392955843528 686.6050400775641 703.632413788735 692.518394006093 689.3932938099088 671.8883434782558 616.4734021912964 604.171753400055 570.8385026379245 421.35863345960627 116.7272486758319 41.23328638620569 198.04948674426032 399.76934810887406 240.54439293020778 727.4114521518709 1158.2958754599656

Equation: 909.5380921743567 + x1
Residuals:
436.72649217435674 156.56329217435677 134.1812921743567 130.38709217435667 120.4902921743568 75.13889217435667 69.8959921743567 36.719992174356776 9.005807825643274 32.441407825643296 49.01000782564324 117.38560782564332 142.39670782564326 191.51420782564333 198.3115078256434 205.06020782564326 316.89720782564314 713.1630078256433 755.3545078256434 971.6460078256432

Equation: sin(x2) + 1003.9357411649618
Residuals:
527.825444313601 247.37530979558778 224.89888354949778 220.94659248194614 210.89333803845477 165.31507763654486 159.9835534029063 126.65931446929255 80.77622467821107 57.15353977253119 40.552143238205986 27.97139555566423 53.19178253144548 102.43735436803968 109.27423861188436 116.1096915823756 228.1158325223771 624.4765568476515 666.77544109758 883.201636248729

Equation: (x3 / x3) + 1002.1890813167471
Residuals:
527.1658813167471 246.99288131674712 224.53288131674708 220.68698131674705 210.74468131674712 165.17018131674706 159.8805813167471 126.64278131674712 80.8760813167471 57.298181316747105 40.720281316747105 27.770018683252943 52.966018683252855 102.18401868325293 109.023418683253 115.86091868325286 227.8693186832528 624.2329186832529 666.546118683253 882.9861186832528

Equation: 1003.1924825058247 + (sin(x2) / (x4 ^ x2))
Residuals:
527.1667825535344 246.98872659596293 224.5285990037745 220.68237693375488 210.74034751747172 165.1668134473399 159.8779893897871 126.64085143489979 80.87466574977975 57.29727304095525 40.7200426244234 27.769679085139273 52.96469423660301 102.1817963277881 109.02104404686986 115.85845793316241 227.86647645877144 624.2299538698626 666.543073131966 882.9830313063168

Equation: 1003.2251435198395 + sin(x0 * (-0.03271884990333852 / x4))
Residuals:
527.1692555508265 246.9950527002876 224.5341563497733 220.6833275765448 210.74126808600067 165.1681212878275 159.87953130358733 126.64257979929675 80.87596458377413 57.297811044327204 40.720771062445806 27.77016892206518 52.965823525525934 102.18194268162176 109.02227009746605 115.8598954996537 227.86570975319216 624.2293094398312 666.5421876104665 882.9821095461737

Equation: (cos(x4) / (x1 ^ x4)) + ((x1 / x1) + 1002.1964512990435)
Residuals:
527.1434663229315 246.9710143663841 224.51324117203774 220.67031871122913 210.73097648135808 165.16278179462677 159.87589877704488 126.64020550577311 80.87403572828725 57.29784055554899 40.72133016057785 27.76756125590373 52.960994183576304 102.17774492374224 109.017015402894 115.85431191363625 227.86195142951942 624.2254502022513 666.5386463750242 882.9786571493453

Equation: (-0.23226354317244266 / x4) + (941.3623413867986 - -61.889715998046164)
Residuals:
527.1515212735097 246.9787548940825 224.51892600026906 220.67458629736666 210.73407243262943 165.16213529415813 159.8748200237402 126.63869896494282 80.8721958662851 57.29507580319785 40.71908554885749 27.7699065941448 52.96185840223359 102.17652178466972 109.01557674366495 115.85250427814287 227.85566908385613 624.2171813767833 666.5297884374943 882.9695971819723

Equation: (5.3156678887025715 * 188.72337858009465) + (sin(sin(251.34151256522384)) * cos(-30.379906953341923 / x4))
Residuals:
527.1567358632124 246.9834664913502 224.52327578355073 220.67590942091863 210.73258529902841 165.15793257081486 159.86951103839067 126.6333097610734 80.86683424017713 57.28989338537383 40.7147586299908 27.773376533450005 52.962037570547864 102.17436646305953 109.01324858769817 115.84992781524022 227.85369740386932 624.2171740413044 666.5305300192693 882.9705981716178

Equation: (0.01566734815847326 * x4) + ((978.9991767657972 - (-39.208610203017045 - -43.75294926147791)) - -28.67439130357838)
Residuals:
527.1530827576391 246.98022533050732 224.52033030173993 220.67540951099988 210.73428142864213 165.16156593959738 159.87366898034225 126.63719443799641 80.87065424494767 57.29339660622213 40.717135410839546 27.77198483784423 52.964000631207455 102.17827963601985 109.01726915149823 115.85407665470939 227.85539814681135 624.2157377716597 666.5279585623998 882.9676373817624

Equation: x1
Residuals:
603.3081 614.5211 668.1523000000001 720.3167 730.1264 751.2951 778.0096 827.8179 867.5639 948.1745999999999 954.1193999999999 966.9125 973.1421 1044.7808 1057.0799000000002 1096.1490000000001 1207.4174 1301.6796000000002 1434.6676 1811.0846999999999

Equation: x2 ^ x3
Residuals:
574.8598229691238 571.7739201575293 603.747040581244 631.6727164390549 629.341613986187 633.3473240795323 610.4820745781021 304.4296259736278 299.19089168414064 314.7127796324703 276.27246899751833 211.51672774062934 80.84958824923899 10.79512040007603 213.53369317671036 762.9680311046905 773.21752738744 1010.8748810112393 882.3914876663366 677.7189557539632

Equation: (x2 ^ x3) + x4
Residuals:
571.8308229691238 568.5866201575294 600.5557405812441 628.4312164390549 625.9672139861871 629.8946240795323 607.0267745781022 300.91362597362786 295.6297916841406 311.11467963247026 272.6191689975184 207.72182774062935 76.95288824923898 6.781920400075933 217.61019317671025 767.2083311046904 777.8431273874401 1015.5192810112394 887.2176876663366 682.7032557539633

Equation: 959.6285308250386 + x2
Residuals:
356.3411308250386 345.37213082503865 291.8520308250386 239.82183082503855 229.97033082503867 208.7944308250385 182.20123082503858 132.52613082503854 92.76303082503864 12.02473082503866 6.039830825038621 6.721669174961335 12.93966917496141 84.79346917496139 97.12526917496155 136.30716917496147 247.7096691749614 341.8848691749615 475.12286917496147 851.5464691749613

Equation: 964.5044354602471 + sin(x4)
Residuals:
358.19319037308617 346.77804402717936 293.1157485809615 240.89889423473642 230.90352541981053 209.6378224478931 182.79674829787393 132.83221446413563 92.9721248931969 12.104719655667282 6.009168848411946 6.903280555657261 13.294231381797658 85.23732894862246 97.7761085950026 137.09338481274017 248.60160073959923 342.9042541792022 476.1399950534285 852.5379239475783

Equation: 963.8162824992448 + (x0 - x0)
Residuals:
357.39268249924487 346.13558249924483 292.4772824992448 240.3104824992448 230.44608249924488 209.2557824992448 182.41718249924486 132.5097824992448 92.69128249924483 11.857382499244864 5.8106824992448765 6.983617500755145 13.297017500755146 85.16011750075518 97.65971750075528 136.89091750075522 248.29351750075512 342.5947175007552 475.83461750075526 852.2628175007551

Equation: 963.9558111537987 + -0.0037178287477212333
Residuals:
357.52849332505104 346.271393325051 292.61309332505095 240.446293325051 230.58189332505106 209.39159332505096 182.55299332505103 132.64559332505098 92.82709332505101 11.993193325051038 5.946493325051051 6.84780667494897 13.161206674948971 85.024306674949 97.5239066749491 136.75510667494905 248.15770667494894 342.45890667494905 475.6988066749491 852.1270066749489

Equation: 964.0055273875678 + (-0.22784128952348806 / x2)
Residuals:
357.50927854836004 346.2582907846056 292.602571937877 240.43813367841597 230.5739477298298 209.38388492043498 182.549062643743 132.64483236615456 92.82703723860118 11.994311415598531 5.948343405697415 6.845576354150353 13.15790160618883 85.02089924371705 97.51872158315007 136.74942306606818 248.15202206534593 342.45199362058395 475.69187557998475 852.1200319606354

Equation: ((x2 + x2) - (-85.92775507139083 / cos(-1.3788701283743574))) * (x2 + ((x2 - 2.1196873255843625) / -0.9909560939180433))
Residuals:
357.49648571329396 346.25295529919606 292.600089192822 240.43797500482924 230.57398231401635 209.38412980916053 182.55199216073083 132.64868401967954 92.83086894036637 11.997887369849877 5.951603530935245 6.8425322304516385 13.155677774387073 85.01877074194283 97.51878628353063 136.75030373176537 248.15290446584584 342.45531942013895 475.69524217651303 852.1234978166535

Equation: x4
Residuals:
782.4674 848.3265 862.5360000000001 911.5873 941.6709 942.5155 948.6714 953.4629 1026.0081 1033.3409 1100.8902 1117.2865 1200.3158 1214.5999000000002 1240.1318 1415.6532 1688.5419 1714.3381 1729.591 1834.3266999999998

Equation: x1 ^ x0
Residuals:
746.6744088955843 808.6256938439519 820.7603846222515 838.593636985544 836.341328279382 760.816910504665 652.7565302351513 628.5387303865348 603.509111860692 490.49997023343406 381.1438297320161 389.0550889181925 371.5443770240769 348.6586120042806 184.80188339684264 204.78316488455312 202.79085555704796 100.45338582269642 392.28861862513327 876.853646518834

Equation: x3 + (x1 ^ x0)
Residuals:
743.6497088955842 805.5363938439519 817.5048846222516 835.234036985544 832.744928279382 757.211910504665 648.9935302351513 624.7445303865347 599.655111860692 486.4635702334341 376.9333297320161 384.79358891819254 367.04537702407686 344.0246120042806 180.16748339684273 200.13306488455305 198.05165555704798 105.22198582269652 397.12101862513305 881.6999465188342

Equation: x0 ^ (x4 - cos(x4))
Residuals:
668.5943913903479 717.954408668571 704.8014794119806 711.176126613677 653.2113955847194 462.4139694971805 195.64561984875058 155.12083730727193 122.45114711321469 75.29838345476628 32.153876280643544 54.202303044247174 89.95608193519206 115.91093942421844 110.75315149112339 15.366870808204794 93.52475401857123 33.77369639253175 6.66310928946109 26.821116147812972

Equation: (x3 ^ x0) + (x4 ^ x2)
Residuals:
709.4300671285143 761.4186004396206 748.753324510418 780.0249236054431 743.8859654938055 650.3316974174211 504.8618997238154 475.0358799040753 472.36072686181706 353.4171193927357 146.0404282196696 54.951464743944825 286.30202122101673 688.0776268826257 818.0589255473612 845.0266805595086 1358.2119170749672 1697.9046414586658 2543.3046532798253 2879.4800200271047

Equation: (1158.5588837195098 + x2) - sin(x0)
Residuals:
376.16209258583785 310.26599210291 296.01419088867056 247.09478723205473 217.21906482825727 216.8638966395215 210.8180408716454 205.96665662905684 133.3971297291423 125.9999316932458 58.50612208448638 41.9330053905951 41.09901950341714 55.24604903432464 80.69420761998958 256.1670283324197 529.1938731115879 555.0549199871887 570.2340883091524 674.9515278217589

Equation: (581.4858682405564 - -581.279927382455) + x0
Residuals:
380.2331956230114 314.24919562301136 299.89509562301123 250.9600956230114 220.93359562301146 220.45739562301128 214.50829562301135 209.65069562301142 137.12029562301132 129.6950956230114 62.178195623011334 45.603995623011315 37.46140437698864 51.783404376988756 77.31500437698878 252.7849043769886 525.7898043769885 551.6170043769887 566.9431043769887 671.5998043769885

Equation: x0 + ((578.7918662998538 - -583.6105303834051) - cos(x0))
Residuals:
380.8695784397107 314.8856275431741 300.53164458875085 251.58365051649946 221.50609091896047 220.82130306699628 214.60923643911804 209.73740709506387 137.1283640535587 129.6848963277073 62.03945169179815 45.458717961235834 37.69091758997865 52.040813790122684 77.58694233231768 253.11332147500548 526.2260497541574 552.1050889837554 567.4528864466533 672.1880746832853

Equation: ((583.4764377831694 - -583.517582839842) - cos(x0)) + cos(x0)
Residuals:
381.3407206230115 315.35422062301143 300.97152062301143 251.88502062301143 221.66022062301147 220.78762062301143 214.5070206230115 209.6334206230115 137.01672062301145 129.57192062301147 61.92062062301147 45.339720623011544 37.81127937698852 52.161379376988634 77.70757937698863 253.23407937698857 526.3468793769885 552.2261793769885 567.5741793769885 672.3107793769884

Equation: x3
Residuals:
427.6842 497.41670000000005 551.4799999999999 595.4399000000001 695.1707 761.6921 829.6972999999999 831.9938000000001 877.1750000000001 922.9584 1103.5606 1177.2797 1205.5413 1249.4768 1263.5003 1379.9983 1385.7478999999998 1396.6156999999998 1410.7731 1463.2021000000002

Equation: x3 ^ x3
Residuals:
376.6183157359239 445.0274615301159 493.7901990134548 502.70616855379 563.5466652427361 619.362643449036 603.3866532463238 579.0772487702461 616.9273012854711 632.6103500459728 756.6620608930417 812.2715847098007 754.5541253522072 756.5795457301815 519.4879267375558 562.4160308059335 420.8389397995221 30.091658793799525 85.41350020821619 198.29179353856216

Equation: (x3 ^ x3) + x2
Residuals:
373.5220157359239 441.8945615301159 490.5567990134548 499.44836855379 560.0954652427362 615.786643449036 599.7990532463238 575.2670487702461 613.0555012854711 628.6380500459728 752.3439608930416 807.8576847098007 750.1158253522071 752.1030457301815 515.0066267375557 557.9260308059335 416.1809397995221 35.00565879379951 90.39670020821609 203.2770935385622

Equation: x3 + 872.0541722393898
Residuals:
444.3699722393898 374.63747223938975 320.5741722393899 276.6142722393897 176.8834722393898 110.36207223938982 42.35687223938987 40.06037223938972 5.120827760610268 50.90422776061018 231.50642776061022 305.22552776061025 333.4871277606103 377.4226277606101 391.44612776061024 507.9441277606102 513.6937277606102 524.5615277606101 538.7189277606103 591.1479277606103

Equation: 875.3998822189951 - sin(x3)
Residuals:
444.5730529468588 374.8403559611309 320.7760936380357 276.8044043956736 177.0543870330995 110.52716749470767 42.47405796676878 40.16236432796393 5.022989016244992 50.823254386375424 231.45619752498976 305.18486306889224 333.4900087841804 377.4456537916818 391.57714067631446 508.10330087389116 513.9054961280422 524.9131331313497 539.0890235985268 591.5598993536119

Equation: 876.1232034890572 - (x0 - x0)
Residuals:
445.11340348905725 375.3699034890572 321.2652034890573 277.1025034890572 177.22350348905718 110.66920348905728 42.470403489057276 40.12790348905719 5.065096510942794 50.89359651094276 231.56879651094278 305.3086965109428 333.65639651094284 377.6278965109427 391.8168965109428 508.35249651094273 514.1678965109427 525.1896965109427 539.3656965109428 591.8355965109429

Equation: (-0.17928862338974194 / x0) + 876.1716862722777
Residuals:
445.1022545875209 375.35921120349764 321.2563065681909 277.0938096854263 177.21613311857368 110.66245086040749 42.465184534007335 40.125871050991236 5.066089036345829 50.893800387162855 231.5680807185546 305.3064173725502 333.6516053625195 377.62175070311423 391.809683580953 508.3449033264154 514.1590644394877 525.1801024385197 539.3533075057084 591.8229750385315

Equation: (-0.019690232380309067 * sin(x0)) + 876.1135740789666
Residuals:
445.1011241078032 375.3580774377752 321.25523950577065 277.09275805191953 177.21521998523122 110.66162419258512 42.46462815537893 40.126079559529444 5.065594852335494 50.893087144347305 231.5671168771877 305.30506638672045 333.64987433887256 377.6200389133769 391.8081546054559 508.3434834317843 514.158192596129 525.1797382069434 539.3562719640057 591.8263416889034

Equation: sin(-0.019690232380309067 * sin(x0)) + 876.1135740789666
Residuals:
445.10112411090466 375.3580774395418 321.2552395057768 277.09275805191976 177.2152199848249 110.66162419114903 42.46462814583765 40.126079480270846 5.0655949792209185 50.89308731804863 231.56711711824676 305.3050667752551 333.64987504111696 377.6200398046045 391.8081556388411 508.34348451160815 514.1581938005 525.1797394594837 539.3562731169184 591.826342811281

Equation: (0.03158839778984229 * (x0 - cos(x0))) + 875.9825525337159
Residuals:
445.09902722716384 375.35635027507936 321.25483747877036 277.09249212202917 177.21576580724775 110.66250202639878 42.46619093367178 40.12836649650092 5.063290948410327 50.890844295529064 231.56502495433142 305.3034194223749 333.649357287723 377.620257651119 391.80895143939483 508.3444749081078 514.1597270873842 525.1814962473238 539.3574037263622 591.8272665589261

Equation: ((x0 - cos(x0)) * sin(0.03158839778984229)) + 875.9825525337159
Residuals:
445.09900622816434 375.35632913921023 321.25481581288136 277.09247039716433 177.21574370427777 110.66247975110957 42.46616824448677 40.12834302978763 5.06331463838535 50.89086814292898 231.56504897124375 305.30344368965143 333.6493818480358 377.62028231114914 391.8089761503468 508.3444996317867 514.159751835645 525.1815210007132 539.3574284951376 591.8272913338822

Equation: (sin(sin(0.03158839778984229)) * (x0 - cos(x0))) + 875.9825525337159
Residuals:
445.09898523963903 375.3563080138834 321.2547941577992 277.0924486831357 177.21572161233257 110.66245748693098 42.466145566618934 40.12831957477931 5.063338316544105 50.890891978433956 231.56507297617668 305.30346794482375 333.64940639609824 377.62030695887915 391.80900084897314 508.34452434313357 514.1597765715617 525.1815457417559 539.3574532515585 591.8273160964809

Equation: (((x2 * x1) * cos(1.5721224235276932)) * sin(x0)) + 876.1127476371519
Residuals:
445.10122718207157 375.3579908305266 321.25451763301885 277.0919667066779 177.21407644302963 110.66054006710397 42.463380550257284 40.12589991597156 5.065330506659848 50.89215881217001 231.56475153593988 305.3016357937091 333.64508589120135 377.61411048925777 391.8018328872747 508.3367488639992 514.1499493963611 525.169551029725 539.3453064217208 591.8152736521569

Equation: (((-0.0018461312743131124 * x1) * cos(0.7694247951435436)) * (sin(x0) * x2)) + 876.1127476371533
Residuals:
445.10122718206725 375.3579908305231 321.2545176330194 277.09196670667905 177.21407644303451 110.66054006711147 42.463380550270244 40.12589991600157 5.065330506623923 50.892158812128514 231.5647515358895 305.30163579364864 333.64508589112654 377.61411048917466 391.8018328871873 508.3367488639094 514.1499493962639 525.1695510296203 539.3453064216153 591.8152736520517

Equation: x2
Residuals:
514.4153 689.5220999999999 710.1395 734.7359 785.6793 803.166 922.5769 950.4837 1038.0833 1050.2878 1068.9431 1149.1019999999999 1195.7015 1211.9805 1284.1285 1330.2328 1394.9384 1493.7085 1509.6979 1604.8026

Equation: x4 ^ x2
Residuals:
481.8947428398707 651.1109760763815 664.8824653870646 678.2667957045878 708.8151579271847 718.5458726327 815.8478172639528 803.9970144397621 757.8901836344336 608.202355688761 544.4965318777614 502.24846204176004 402.20104753279577 261.53627745440406 168.41973666902345 256.61551293490515 603.3239724525445 828.4341371405578 1090.4139376184485 1294.286031393259

Equation: (x4 ^ x2) + x3
Residuals:
478.79444283987067 647.9733760763816 661.7281653870646 675.1083957045878 705.6505579271846 715.1719726327 812.2042172639528 800.3368144397621 754.1997836344335 604.4779556887611 540.6929318777615 498.23186204176 397.9350475327958 257.15317745440404 163.78793666902334 261.3880129349052 608.0976724525444 833.2630371405578 1095.2881376184487 1299.251431393259

Equation: 1018.3440607695892 - x0
Residuals:
497.7243607695892 322.4886607695893 301.6623607695892 276.4804607695893 225.31436076958926 207.6189607695892 88.14706076958919 59.951760769589214 28.00383923041079 40.32013923041086 59.31243923041086 139.5390392304107 186.27803923041074 202.57633923041078 275.0859392304109 321.3792392304109 386.2329392304108 485.04353923041083 501.1080392304108 596.3825392304109

Equation: 1013.4519910921957 - sin(x2)
Residuals:
495.89506350104557 320.7881871817831 300.1700470743684 275.5721372171853 224.61673021345268 207.12312997733136 87.70419199392359 59.74347473847092 27.985379191202583 40.241747689798444 58.91386964654089 139.09543715873065 185.77316369627977 202.05860022578952 274.25542874439714 320.51616679192557 385.37471716655693 484.17619360883646 500.2137856718663 595.3706349500579

Equation: 1014.1875232695709 + (x4 - x4)
Residuals:
496.57122326957085 321.4364232695709 300.7341232695709 276.0678232695709 224.9234232695709 207.37432326957082 87.90582326957087 59.760323269570904 28.144076730429106 40.436176730429224 59.117576730429164 139.31017673042902 186.0154767304291 202.3025767304291 274.5095767304292 320.7803767304292 385.6259767304291 484.4227767304292 500.4520767304291 595.5985767304292

Equation: 507.10299384887446 - -507.0845294206965
Residuals:
496.57122326957096 321.43642326957104 300.734123269571 276.067823269571 224.923423269571 207.37432326957094 87.90582326957099 59.76032326957102 28.144076730428992 40.43617673042911 59.11757673042905 139.3101767304289 186.015476730429 202.302576730429 274.5095767304291 320.7803767304291 385.625976730429 484.42277673042906 500.452076730429 595.598576730429

Equation: (cos(x1) / (x4 ^ x0)) + 1014.19120046118
Residuals:
496.54029224812086 321.4123685804781 300.71508488532345 276.06078303688037 224.9176789629339 207.37050497696202 87.90344923629164 59.758355029741665 28.144494588628618 40.43509601846745 59.11525192260751 139.30746433922832 186.0125730161917 202.29953668468227 274.506255105115 320.77679681874156 385.62229145254094 484.41908749939444 500.44831753313144 595.5947955412756

Equation: (1497.1754995547226 + (cos(x1) / (x4 ^ x0))) + -482.9842990935425
Residuals:
496.540292248121 321.4123685804782 300.71508488532356 276.0607830368805 224.91767896293402 207.37050497696214 87.90344923629175 59.75835502974178 28.14449458862839 40.43509601846722 59.1152519226074 139.3074643392282 186.0125730161916 202.29953668468204 274.50625510511486 320.77679681874145 385.6222914525408 484.4190874993943 500.44831753313133 595.5947955412755

Equation: (((1.003169381887403 ^ x4) + 663.092916316988) + (cos(1.9634847279181782) / (x1 ^ x0))) / sin(sin(sin(0.9191770875293778)))
Residuals:
496.54855122167055 321.4191956789771 300.7200188415694 276.06102835928993 224.9183971237934 207.37065937286252 87.9032865432639 59.75804328495292 28.14496213942141 40.435020829855944 59.114775223659876 139.3063722966499 186.01127579362367 202.2975303199521 274.50378349118967 320.7738776229081 385.6193448725701 484.41561289495144 500.4446066656228 595.5908259159878

Equation: x4
Residuals:
454.8726 522.7889 662.8561 679.6387 693.8252 700.0984 701.0663999999999 708.1986999999999 768.5784 824.1285 850.5335 918.1008 999.8757 1114.1815 1129.3028 1267.2098999999998 1300.7154 1483.5658 1592.2353 1640.9225

Equation: x4 ^ x0
Residuals:
422.1679768070889 477.2010609691374 605.6048120497875 620.4789128265213 609.9677308061467 595.664406663352 583.6572368088626 569.3426423814942 613.4675662572972 516.2244463801617 508.0739988488509 559.7622281862498 586.5230903561353 674.4166472401441 575.4049050468889 546.3511056483093 444.2559408972111 351.30019287713003 73.27043148847656 816.4990580643505

Equation: x3 * (x2 ^ x2)
Residuals:
374.32526135439304 435.1783665763371 568.5109694529267 403.42034700056604 391.09333869588875 353.38728487171545 89.30833297843265 33.712288208958284 90.68101711244412 83.34758156758721 136.55827376418551 110.42908825204347 44.16743475840133 74.95087700180557 195.30587596256692 109.68794869578505 103.06529713567534 213.67304487097408 1508.1711107275385 1635.450547689347

Equation: 805.6802968988292 + x4
Residuals:
350.8076968988292 282.89139689882916 142.8241968988292 126.0415968988292 111.85509689882929 105.5818968988292 104.61389689882924 97.48159689882925 37.101896898829295 18.44820310117086 44.853203101170834 112.42050310117077 194.19540310117088 308.50120310117086 323.6225031011709 461.5296031011708 495.03510310117076 677.8855031011708 786.5550031011708 835.2422031011708

Equation: 879.6926236814212 + cos(x0)
Residuals:
420.53736057533837 352.4548268248126 212.38214136120962 195.5907662349431 181.20082940596365 174.92766992822555 173.8546065576993 166.6028161783696 106.14721942592416 50.8600336770437 24.51611672215097 43.070990430150346 124.7685269173868 239.1279312551385 254.1058415667418 392.12051335820536 425.71980336971205 608.5263717823442 717.2973652370408 765.7158731990614

Equation: sin(cos(x0)) + 875.1093820262455
Residuals:
416.1085732046625 348.0301127398234 207.95156050517153 191.15896535195532 176.75954821229436 170.46861145221533 169.3940823479153 162.13723693151212 101.6778737659472 46.312287710368196 19.958697400241817 47.62970856999448 129.33700617665193 243.69666437049318 258.68466720593733 396.70147088373244 430.3015174777114 613.1095202385238 721.8806068302955 770.3028654902863

Equation: (876.2105097335668 - (x2 / x0)) + sin(cos(x2))
Residuals:
416.2097009119837 348.1767664226023 208.12631541691565 191.23101256503674 176.84749215532133 170.56838317285474 169.51512821116887 162.27697865749087 101.82703571491288 46.37795070155437 19.994651657486315 47.594617024586455 129.35271830435295 243.6943600674408 258.78346108923506 396.84396203475046 430.46473661122377 613.3380824778137 722.0286188175855 770.671055881901

Equation: (436.5761061629496 - (x2 / x2)) + 438.97017675662454
Residuals:
416.3820829195742 348.3084829195742 208.2228829195742 191.42878291957425 177.01718291957422 170.70078291957418 169.62398291957425 162.35908291957423 101.89348291957424 46.314482919574175 19.909482919574202 47.686917080425815 129.46761708042584 243.8296170804258 258.95361708042583 397.02731708042575 430.6567170804258 613.5903170804258 722.4365170804258 771.1449170804258

Equation: (-1.8213088843822698 * -241.10349416145044) + 435.4223469477044
Residuals:
416.38208291956283 348.30848291956283 208.22288291956284 191.42878291956288 177.01718291956286 170.7007829195628 169.62398291956288 162.35908291956287 101.89348291956287 46.314482919562806 19.909482919562834 47.68691708043718 129.4676170804372 243.82961708043717 258.9536170804372 397.0273170804371 430.65671708043715 613.5903170804372 722.4365170804372 771.1449170804372

Equation: (875.5283045876339 - (x1 / x1)) + (sin(3389.773802173783) * x1)
Residuals:
416.3787300578637 348.30544955649486 208.2198556288372 191.42610362076732 177.01457275205007 170.69825542932733 169.62165348111034 162.35690809229004 101.891671965731 46.31288403061171 19.90790131343249 47.684958978049735 129.4653105190165 243.82707369766274 258.9510344609887 397.02445046220544 430.65345155601995 613.5862943816327 722.432384612366 771.1402156805932

Equation: (875.4653837857358 - (x1 / x1)) + (0.010199492698797942 * (x3 + x3))
Residuals:
416.3634965664299 348.2942884679859 208.20927187896837 191.41555537989382 177.00483865596152 170.69080289836904 169.61451083310556 162.35006369058135 101.88957567632201 46.311104010043664 19.910461233324668 47.68511668756378 129.46511292256764 243.82643159645534 258.941333648968 397.0116800557686 430.6405068442789 613.5732970045588 722.4174673055117 771.1243822593747

Equation: x4 ^ x0
Residuals:
518.7995714626201 563.4724889762178 575.8322953847113 637.3262606218781 654.4060754573778 699.1793754142726 687.0758621200034 749.0060552481914 786.7886230931101 760.1415452892791 765.7565531811537 625.6933613961787 476.7121356291875 339.2682102647534 345.9172795693553 329.68167404419876 305.64449200461456 125.30211615416852 12.593027959662322 203.4116216363043

Equation: (x4 ^ x0) + x1
Residuals:
515.6103714626202 560.2425889762179 572.5890953847113 634.0656606218781 650.9102754573778 695.3242754142726 683.1405621200034 744.9248552481914 782.6703230931101 755.846945289279 761.4464531811536 621.3689613961787 472.34603562918755 334.79061026475335 341.39437956935524 325.06717404419874 300.8222920046146 120.37641615416851 7.63792795966242 208.36932163630422

Equation: x3 / 0.00432086282392456
Residuals:
184.84044532335474 147.1285782415074 143.58113768191436 99.09684423780584 91.04185422344483 39.08220570570097 12.826960932776501 39.7109212801505 105.77736246497227 89.62427010641284 124.54219803092667 119.4248178405727 141.9674298520615 198.635144204472 232.76937430991416 192.82856338397426 185.60806119485414 194.72592624921367 302.37707819670504 263.7725912953813

Equation: (x3 / 0.00432086282392456) - cos(x0 + x2)
Residuals:
183.87230082923816 146.1428055006013 142.5845955848912 98.09684485907587 90.0462797430855 38.12708066671348 12.03477557118083 40.45861464425616 106.40138627495912 90.19843323259227 124.91254417480081 119.44029885611235 141.5892601531241 197.98094875665458 232.02145738325396 192.05406713172192 184.6601801620136 193.73335634135128 301.3781442092845 262.7736226988575

Equation: (x3 / 0.004498204475713728) + (x2 * (x4 + x1))
Residuals:
175.12446565550772 137.78354629874605 134.19613416196046 90.06594262030364 82.84389230614613 33.00847283235214 9.504771766167892 43.262230559361115 109.3757852063153 93.1375908398627 127.09692839850425 122.64815691175738 143.24441701308342 197.73319611000306 231.63236935915722 192.9452852430354 183.05093844576936 189.53851248369733 296.7488174949906 260.12630204487164

Equation: (x3 - -191.57560494746772) * (x3 + 0.7805612114321451)
Residuals:
219.87765095199552 181.09761903539163 174.96543126840834 125.88998086297204 116.27612367167865 64.06941764110218 36.727888343888935 18.75917006302882 85.85251840609635 73.2472107096836 108.90883814833364 107.6526114841729 131.40594223720768 188.27307349379066 226.97128247520072 193.6278645111895 192.35976574450206 201.76286061599262 312.4412578807119 280.6054737835557

Equation: (sin(x3 + -0.5035931609121154) + x3) / 0.004498204475713728
Residuals:
253.3846767150294 208.7927488652831 188.14849294006285 111.98386014197479 92.87268646259395 39.14978888099802 5.110454516819118 68.7621908706567 142.30366384960757 152.02013115038199 192.34992201471118 215.09630680209114 246.25218427824575 304.3311133755451 370.0266545218026 372.1923011794181 397.86571693427993 408.4122028633094 530.2933374496647 516.679929982558

Equation: ((x4 + x4) + (x2 + 921.174985689289)) + (x4 - sin(x3))
Residuals:
380.43837366021285 335.30540281737603 313.99169958733046 237.87798213718418 218.73150517954753 165.19752435066425 132.36005390292428 58.55585437921309 14.909925085746977 24.21822523310118 64.43271889005723 87.56582215070091 118.59557794729733 176.37840475927715 244.16904676622403 253.8869138039056 291.6514513842701 302.3899044685687 432.92173231854474 447.2314150095557

Equation: ((x4 - -544.407724722125) + 178.25046585353786) - -177.73387663590069
Residuals:
350.1048672115635 304.8368672115636 283.08476721156353 206.07656721156343 186.8027672115635 133.08696721156343 99.3294672115635 25.416167211563447 48.112432788436536 57.77413278843653 98.14753278843659 121.48093278843646 152.91713278843656 211.0029327884364 279.1393327884366 289.0137327884364 327.30403278843653 338.4835327884365 469.39533278843646 483.7285327884365

Equation: ((x4 - sin(x3)) - (cos(x4) * x4)) + ((x4 + x2) + (886.1044855138138 + x4))
Residuals:
348.59447950566823 303.46911839651125 282.20956931174317 205.8623179510413 186.7076960592767 133.13560862178701 99.52753861091765 25.696085248207055 47.80937424922536 57.540605240396985 97.77766003711167 121.05100049544546 152.40943967832914 210.44820078378973 278.5151833077151 288.28876435201664 326.31467647255135 337.6927113992431 469.0153950925742 483.399001470235

Equation: ((x3 + 58.460410717075675) + (58.944194620162165 - x3)) * (40.18564565424805 / 5.215346622269146)
Residuals:
351.10339846016984 305.82359846016993 283.9001984601699 206.55209846016987 187.2724984601699 133.53079846016988 99.42989846016985 25.50739846016984 48.03440153983013 57.82520153983012 98.20500153983016 121.57730153983005 153.09960153983013 211.24850153983004 279.45000153983017 289.33720153983006 327.6863015398302 339.0028015398301 470.0752015398301 484.4231015398301

Equation: x0
Residuals:
473.0222 753.0753 775.4456 778.7605000000001 788.6351999999999 834.2076000000001 839.4748999999999 872.7066 918.471 941.9763 958.5329 1026.8690000000001 1051.8252 1101.0236 1107.7163 1114.4903 1226.3871 1622.5443 1664.8445000000002 1881.2763

Equation: x1 ^ x2
Residuals:
432.76163607603655 695.1762098450554 710.8664304137703 699.8808955843529 690.4142400775642 707.4437137887351 696.351994006093 693.2329938099087 675.7303434782558 620.3880021912963 608.1076534000549 574.9286026379245 425.6885334596062 121.07674867583194 36.73708638620565 193.4897867442603 395.0980481088741 235.66669293020777 722.520752151871 1153.3969754599655

Equation: x0 + (x1 ^ x2)
Residuals:
429.7606360760366 692.0553098450554 707.6558304137703 696.1392955843528 686.6050400775641 703.632413788735 692.518394006093 689.3932938099088 671.8883434782558 616.4734021912964 604.171753400055 570.8385026379245 421.35863345960627 116.7272486758319 41.23328638620569 198.04948674426032 399.76934810887406 240.54439293020778 727.4114521518709 1158.2958754599656

Equation: 909.5380921743567 + x1
Residuals:
436.72649217435674 156.56329217435677 134.1812921743567 130.38709217435667 120.4902921743568 75.13889217435667 69.8959921743567 36.719992174356776 9.005807825643274 32.441407825643296 49.01000782564324 117.38560782564332 142.39670782564326 191.51420782564333 198.3115078256434 205.06020782564326 316.89720782564314 713.1630078256433 755.3545078256434 971.6460078256432

Equation: sin(x2) + 1003.9357411649618
Residuals:
527.825444313601 247.37530979558778 224.89888354949778 220.94659248194614 210.89333803845477 165.31507763654486 159.9835534029063 126.65931446929255 80.77622467821107 57.15353977253119 40.552143238205986 27.97139555566423 53.19178253144548 102.43735436803968 109.27423861188436 116.1096915823756 228.1158325223771 624.4765568476515 666.77544109758 883.201636248729

Equation: (x3 / x3) + 1002.1890813167471
Residuals:
527.1658813167471 246.99288131674712 224.53288131674708 220.68698131674705 210.74468131674712 165.17018131674706 159.8805813167471 126.64278131674712 80.8760813167471 57.298181316747105 40.720281316747105 27.770018683252943 52.966018683252855 102.18401868325293 109.023418683253 115.86091868325286 227.8693186832528 624.2329186832529 666.546118683253 882.9861186832528

Equation: 1003.1924825058247 + (sin(x2) / (x4 ^ x2))
Residuals:
527.1667825535344 246.98872659596293 224.5285990037745 220.68237693375488 210.74034751747172 165.1668134473399 159.8779893897871 126.64085143489979 80.87466574977975 57.29727304095525 40.7200426244234 27.769679085139273 52.96469423660301 102.1817963277881 109.02104404686986 115.85845793316241 227.86647645877144 624.2299538698626 666.543073131966 882.9830313063168

Equation: 1003.2251435198395 + sin(x0 * (-0.03271884990333852 / x4))
Residuals:
527.1692555508265 246.9950527002876 224.5341563497733 220.6833275765448 210.74126808600067 165.1681212878275 159.87953130358733 126.64257979929675 80.87596458377413 57.297811044327204 40.720771062445806 27.77016892206518 52.965823525525934 102.18194268162176 109.02227009746605 115.8598954996537 227.86570975319216 624.2293094398312 666.5421876104665 882.9821095461737

Equation: (cos(x4) / (x1 ^ x4)) + ((x1 / x1) + 1002.1964512990435)
Residuals:
527.1434663229315 246.9710143663841 224.51324117203774 220.67031871122913 210.73097648135808 165.16278179462677 159.87589877704488 126.64020550577311 80.87403572828725 57.29784055554899 40.72133016057785 27.76756125590373 52.960994183576304 102.17774492374224 109.017015402894 115.85431191363625 227.86195142951942 624.2254502022513 666.5386463750242 882.9786571493453

Equation: (-0.23226354317244266 / x4) + (941.3623413867986 - -61.889715998046164)
Residuals:
527.1515212735097 246.9787548940825 224.51892600026906 220.67458629736666 210.73407243262943 165.16213529415813 159.8748200237402 126.63869896494282 80.8721958662851 57.29507580319785 40.71908554885749 27.7699065941448 52.96185840223359 102.17652178466972 109.01557674366495 115.85250427814287 227.85566908385613 624.2171813767833 666.5297884374943 882.9695971819723

Equation: (5.3156678887025715 * 188.72337858009465) + (sin(sin(251.34151256522384)) * cos(-30.379906953341923 / x4))
Residuals:
527.1567358632124 246.9834664913502 224.52327578355073 220.67590942091863 210.73258529902841 165.15793257081486 159.86951103839067 126.6333097610734 80.86683424017713 57.28989338537383 40.7147586299908 27.773376533450005 52.962037570547864 102.17436646305953 109.01324858769817 115.84992781524022 227.85369740386932 624.2171740413044 666.5305300192693 882.9705981716178

Equation: (0.01566734815847326 * x4) + ((978.9991767657972 - (-39.208610203017045 - -43.75294926147791)) - -28.67439130357838)
Residuals:
527.1530827576391 246.98022533050732 224.52033030173993 220.67540951099988 210.73428142864213 165.16156593959738 159.87366898034225 126.63719443799641 80.87065424494767 57.29339660622213 40.717135410839546 27.77198483784423 52.964000631207455 102.17827963601985 109.01726915149823 115.85407665470939 227.85539814681135 624.2157377716597 666.5279585623998 882.9676373817624

Equation: x1
Residuals:
603.3081 614.5211 668.1523000000001 720.3167 730.1264 751.2951 778.0096 827.8179 867.5639 948.1745999999999 954.1193999999999 966.9125 973.1421 1044.7808 1057.0799000000002 1096.1490000000001 1207.4174 1301.6796000000002 1434.6676 1811.0846999999999

Equation: x2 ^ x3
Residuals:
574.8598229691238 571.7739201575293 603.747040581244 631.6727164390549 629.341613986187 633.3473240795323 610.4820745781021 304.4296259736278 299.19089168414064 314.7127796324703 276.27246899751833 211.51672774062934 80.84958824923899 10.79512040007603 213.53369317671036 762.9680311046905 773.21752738744 1010.8748810112393 882.3914876663366 677.7189557539632

Equation: (x2 ^ x3) + x4
Residuals:
571.8308229691238 568.5866201575294 600.5557405812441 628.4312164390549 625.9672139861871 629.8946240795323 607.0267745781022 300.91362597362786 295.6297916841406 311.11467963247026 272.6191689975184 207.72182774062935 76.95288824923898 6.781920400075933 217.61019317671025 767.2083311046904 777.8431273874401 1015.5192810112394 887.2176876663366 682.7032557539633

Equation: 959.6285308250386 + x2
Residuals:
356.3411308250386 345.37213082503865 291.8520308250386 239.82183082503855 229.97033082503867 208.7944308250385 182.20123082503858 132.52613082503854 92.76303082503864 12.02473082503866 6.039830825038621 6.721669174961335 12.93966917496141 84.79346917496139 97.12526917496155 136.30716917496147 247.7096691749614 341.8848691749615 475.12286917496147 851.5464691749613

Equation: 964.5044354602471 + sin(x4)
Residuals:
358.19319037308617 346.77804402717936 293.1157485809615 240.89889423473642 230.90352541981053 209.6378224478931 182.79674829787393 132.83221446413563 92.9721248931969 12.104719655667282 6.009168848411946 6.903280555657261 13.294231381797658 85.23732894862246 97.7761085950026 137.09338481274017 248.60160073959923 342.9042541792022 476.1399950534285 852.5379239475783

Equation: 963.8162824992448 + (x0 - x0)
Residuals:
357.39268249924487 346.13558249924483 292.4772824992448 240.3104824992448 230.44608249924488 209.2557824992448 182.41718249924486 132.5097824992448 92.69128249924483 11.857382499244864 5.8106824992448765 6.983617500755145 13.297017500755146 85.16011750075518 97.65971750075528 136.89091750075522 248.29351750075512 342.5947175007552 475.83461750075526 852.2628175007551

Equation: 963.9558111537987 + -0.0037178287477212333
Residuals:
357.52849332505104 346.271393325051 292.61309332505095 240.446293325051 230.58189332505106 209.39159332505096 182.55299332505103 132.64559332505098 92.82709332505101 11.993193325051038 5.946493325051051 6.84780667494897 13.161206674948971 85.024306674949 97.5239066749491 136.75510667494905 248.15770667494894 342.45890667494905 475.6988066749491 852.1270066749489

Equation: 964.0055273875678 + (-0.22784128952348806 / x2)
Residuals:
357.50927854836004 346.2582907846056 292.602571937877 240.43813367841597 230.5739477298298 209.38388492043498 182.549062643743 132.64483236615456 92.82703723860118 11.994311415598531 5.948343405697415 6.845576354150353 13.15790160618883 85.02089924371705 97.51872158315007 136.74942306606818 248.15202206534593 342.45199362058395 475.69187557998475 852.1200319606354

Equation: ((x2 + x2) - (-85.92775507139083 / cos(-1.3788701283743574))) * (x2 + ((x2 - 2.1196873255843625) / -0.9909560939180433))
Residuals:
357.49648571329396 346.25295529919606 292.600089192822 240.43797500482924 230.57398231401635 209.38412980916053 182.55199216073083 132.64868401967954 92.83086894036637 11.997887369849877 5.951603530935245 6.8425322304516385 13.155677774387073 85.01877074194283 97.51878628353063 136.75030373176537 248.15290446584584 342.45531942013895 475.69524217651303 852.1234978166535

Equation: x4
Residuals:
782.4674 848.3265 862.5360000000001 911.5873 941.6709 942.5155 948.6714 953.4629 1026.0081 1033.3409 1100.8902 1117.2865 1200.3158 1214.5999000000002 1240.1318 1415.6532 1688.5419 1714.3381 1729.591 1834.3266999999998

Equation: x1 ^ x0
Residuals:
746.6744088955843 808.6256938439519 820.7603846222515 838.593636985544 836.341328279382 760.816910504665 652.7565302351513 628.5387303865348 603.509111860692 490.49997023343406 381.1438297320161 389.0550889181925 371.5443770240769 348.6586120042806 184.80188339684264 204.78316488455312 202.79085555704796 100.45338582269642 392.28861862513327 876.853646518834

Equation: x3 + (x1 ^ x0)
Residuals:
743.6497088955842 805.5363938439519 817.5048846222516 835.234036985544 832.744928279382 757.211910504665 648.9935302351513 624.7445303865347 599.655111860692 486.4635702334341 376.9333297320161 384.79358891819254 367.04537702407686 344.0246120042806 180.16748339684273 200.13306488455305 198.05165555704798 105.22198582269652 397.12101862513305 881.6999465188342

Equation: x0 ^ (x4 - cos(x4))
Residuals:
668.5943913903479 717.954408668571 704.8014794119806 711.176126613677 653.2113955847194 462.4139694971805 195.64561984875058 155.12083730727193 122.45114711321469 75.29838345476628 32.153876280643544 54.202303044247174 89.95608193519206 115.91093942421844 110.75315149112339 15.366870808204794 93.52475401857123 33.77369639253175 6.66310928946109 26.821116147812972

Equation: (x3 ^ x0) + (x4 ^ x2)
Residuals:
709.4300671285143 761.4186004396206 748.753324510418 780.0249236054431 743.8859654938055 650.3316974174211 504.8618997238154 475.0358799040753 472.36072686181706 353.4171193927357 146.0404282196696 54.951464743944825 286.30202122101673 688.0776268826257 818.0589255473612 845.0266805595086 1358.2119170749672 1697.9046414586658 2543.3046532798253 2879.4800200271047

Equation: (1158.5588837195098 + x2) - sin(x0)
Residuals:
376.16209258583785 310.26599210291 296.01419088867056 247.09478723205473 217.21906482825727 216.8638966395215 210.8180408716454 205.96665662905684 133.3971297291423 125.9999316932458 58.50612208448638 41.9330053905951 41.09901950341714 55.24604903432464 80.69420761998958 256.1670283324197 529.1938731115879 555.0549199871887 570.2340883091524 674.9515278217589

Equation: (581.4858682405564 - -581.279927382455) + x0
Residuals:
380.2331956230114 314.24919562301136 299.89509562301123 250.9600956230114 220.93359562301146 220.45739562301128 214.50829562301135 209.65069562301142 137.12029562301132 129.6950956230114 62.178195623011334 45.603995623011315 37.46140437698864 51.783404376988756 77.31500437698878 252.7849043769886 525.7898043769885 551.6170043769887 566.9431043769887 671.5998043769885

Equation: x0 + ((578.7918662998538 - -583.6105303834051) - cos(x0))
Residuals:
380.8695784397107 314.8856275431741 300.53164458875085 251.58365051649946 221.50609091896047 220.82130306699628 214.60923643911804 209.73740709506387 137.1283640535587 129.6848963277073 62.03945169179815 45.458717961235834 37.69091758997865 52.040813790122684 77.58694233231768 253.11332147500548 526.2260497541574 552.1050889837554 567.4528864466533 672.1880746832853

Equation: ((583.4764377831694 - -583.517582839842) - cos(x0)) + cos(x0)
Residuals:
381.3407206230115 315.35422062301143 300.97152062301143 251.88502062301143 221.66022062301147 220.78762062301143 214.5070206230115 209.6334206230115 137.01672062301145 129.57192062301147 61.92062062301147 45.339720623011544 37.81127937698852 52.161379376988634 77.70757937698863 253.23407937698857 526.3468793769885 552.2261793769885 567.5741793769885 672.3107793769884

Equation: x3
Residuals:
427.6842 497.41670000000005 551.4799999999999 595.4399000000001 695.1707 761.6921 829.6972999999999 831.9938000000001 877.1750000000001 922.9584 1103.5606 1177.2797 1205.5413 1249.4768 1263.5003 1379.9983 1385.7478999999998 1396.6156999999998 1410.7731 1463.2021000000002

Equation: x3 ^ x3
Residuals:
376.6183157359239 445.0274615301159 493.7901990134548 502.70616855379 563.5466652427361 619.362643449036 603.3866532463238 579.0772487702461 616.9273012854711 632.6103500459728 756.6620608930417 812.2715847098007 754.5541253522072 756.5795457301815 519.4879267375558 562.4160308059335 420.8389397995221 30.091658793799525 85.41350020821619 198.29179353856216

Equation: (x3 ^ x3) + x2
Residuals:
373.5220157359239 441.8945615301159 490.5567990134548 499.44836855379 560.0954652427362 615.786643449036 599.7990532463238 575.2670487702461 613.0555012854711 628.6380500459728 752.3439608930416 807.8576847098007 750.1158253522071 752.1030457301815 515.0066267375557 557.9260308059335 416.1809397995221 35.00565879379951 90.39670020821609 203.2770935385622

Equation: x3 + 872.0541722393898
Residuals:
444.3699722393898 374.63747223938975 320.5741722393899 276.6142722393897 176.8834722393898 110.36207223938982 42.35687223938987 40.06037223938972 5.120827760610268 50.90422776061018 231.50642776061022 305.22552776061025 333.4871277606103 377.4226277606101 391.44612776061024 507.9441277606102 513.6937277606102 524.5615277606101 538.7189277606103 591.1479277606103

Equation: 875.3998822189951 - sin(x3)
Residuals:
444.5730529468588 374.8403559611309 320.7760936380357 276.8044043956736 177.0543870330995 110.52716749470767 42.47405796676878 40.16236432796393 5.022989016244992 50.823254386375424 231.45619752498976 305.18486306889224 333.4900087841804 377.4456537916818 391.57714067631446 508.10330087389116 513.9054961280422 524.9131331313497 539.0890235985268 591.5598993536119

Equation: 876.1232034890572 - (x0 - x0)
Residuals:
445.11340348905725 375.3699034890572 321.2652034890573 277.1025034890572 177.22350348905718 110.66920348905728 42.470403489057276 40.12790348905719 5.065096510942794 50.89359651094276 231.56879651094278 305.3086965109428 333.65639651094284 377.6278965109427 391.8168965109428 508.35249651094273 514.1678965109427 525.1896965109427 539.3656965109428 591.8355965109429

Equation: (-0.17928862338974194 / x0) + 876.1716862722777
Residuals:
445.1022545875209 375.35921120349764 321.2563065681909 277.0938096854263 177.21613311857368 110.66245086040749 42.465184534007335 40.125871050991236 5.066089036345829 50.893800387162855 231.5680807185546 305.3064173725502 333.6516053625195 377.62175070311423 391.809683580953 508.3449033264154 514.1590644394877 525.1801024385197 539.3533075057084 591.8229750385315

Equation: (-0.019690232380309067 * sin(x0)) + 876.1135740789666
Residuals:
445.1011241078032 375.3580774377752 321.25523950577065 277.09275805191953 177.21521998523122 110.66162419258512 42.46462815537893 40.126079559529444 5.065594852335494 50.893087144347305 231.5671168771877 305.30506638672045 333.64987433887256 377.6200389133769 391.8081546054559 508.3434834317843 514.158192596129 525.1797382069434 539.3562719640057 591.8263416889034

Equation: sin(-0.019690232380309067 * sin(x0)) + 876.1135740789666
Residuals:
445.10112411090466 375.3580774395418 321.2552395057768 277.09275805191976 177.2152199848249 110.66162419114903 42.46462814583765 40.126079480270846 5.0655949792209185 50.89308731804863 231.56711711824676 305.3050667752551 333.64987504111696 377.6200398046045 391.8081556388411 508.34348451160815 514.1581938005 525.1797394594837 539.3562731169184 591.826342811281

Equation: (0.03158839778984229 * (x0 - cos(x0))) + 875.9825525337159
Residuals:
445.09902722716384 375.35635027507936 321.25483747877036 277.09249212202917 177.21576580724775 110.66250202639878 42.46619093367178 40.12836649650092 5.063290948410327 50.890844295529064 231.56502495433142 305.3034194223749 333.649357287723 377.620257651119 391.80895143939483 508.3444749081078 514.1597270873842 525.1814962473238 539.3574037263622 591.8272665589261

Equation: ((x0 - cos(x0)) * sin(0.03158839778984229)) + 875.9825525337159
Residuals:
445.09900622816434 375.35632913921023 321.25481581288136 277.09247039716433 177.21574370427777 110.66247975110957 42.46616824448677 40.12834302978763 5.06331463838535 50.89086814292898 231.56504897124375 305.30344368965143 333.6493818480358 377.62028231114914 391.8089761503468 508.3444996317867 514.159751835645 525.1815210007132 539.3574284951376 591.8272913338822

Equation: (sin(sin(0.03158839778984229)) * (x0 - cos(x0))) + 875.9825525337159
Residuals:
445.09898523963903 375.3563080138834 321.2547941577992 277.0924486831357 177.21572161233257 110.66245748693098 42.466145566618934 40.12831957477931 5.063338316544105 50.890891978433956 231.56507297617668 305.30346794482375 333.64940639609824 377.62030695887915 391.80900084897314 508.34452434313357 514.1597765715617 525.1815457417559 539.3574532515585 591.8273160964809

Equation: (((x2 * x1) * cos(1.5721224235276932)) * sin(x0)) + 876.1127476371519
Residuals:
445.10122718207157 375.3579908305266 321.25451763301885 277.0919667066779 177.21407644302963 110.66054006710397 42.463380550257284 40.12589991597156 5.065330506659848 50.89215881217001 231.56475153593988 305.3016357937091 333.64508589120135 377.61411048925777 391.8018328872747 508.3367488639992 514.1499493963611 525.169551029725 539.3453064217208 591.8152736521569

Equation: (((-0.0018461312743131124 * x1) * cos(0.7694247951435436)) * (sin(x0) * x2)) + 876.1127476371533
Residuals:
445.10122718206725 375.3579908305231 321.2545176330194 277.09196670667905 177.21407644303451 110.66054006711147 42.463380550270244 40.12589991600157 5.065330506623923 50.892158812128514 231.5647515358895 305.30163579364864 333.64508589112654 377.61411048917466 391.8018328871873 508.3367488639094 514.1499493962639 525.1695510296203 539.3453064216153 591.8152736520517

Equation: x2
Residuals:
514.4153 689.5220999999999 710.1395 734.7359 785.6793 803.166 922.5769 950.4837 1038.0833 1050.2878 1068.9431 1149.1019999999999 1195.7015 1211.9805 1284.1285 1330.2328 1394.9384 1493.7085 1509.6979 1604.8026

Equation: x4 ^ x2
Residuals:
481.8947428398707 651.1109760763815 664.8824653870646 678.2667957045878 708.8151579271847 718.5458726327 815.8478172639528 803.9970144397621 757.8901836344336 608.202355688761 544.4965318777614 502.24846204176004 402.20104753279577 261.53627745440406 168.41973666902345 256.61551293490515 603.3239724525445 828.4341371405578 1090.4139376184485 1294.286031393259

Equation: (x4 ^ x2) + x3
Residuals:
478.79444283987067 647.9733760763816 661.7281653870646 675.1083957045878 705.6505579271846 715.1719726327 812.2042172639528 800.3368144397621 754.1997836344335 604.4779556887611 540.6929318777615 498.23186204176 397.9350475327958 257.15317745440404 163.78793666902334 261.3880129349052 608.0976724525444 833.2630371405578 1095.2881376184487 1299.251431393259

Equation: 1018.3440607695892 - x0
Residuals:
497.7243607695892 322.4886607695893 301.6623607695892 276.4804607695893 225.31436076958926 207.6189607695892 88.14706076958919 59.951760769589214 28.00383923041079 40.32013923041086 59.31243923041086 139.5390392304107 186.27803923041074 202.57633923041078 275.0859392304109 321.3792392304109 386.2329392304108 485.04353923041083 501.1080392304108 596.3825392304109

Equation: 1013.4519910921957 - sin(x2)
Residuals:
495.89506350104557 320.7881871817831 300.1700470743684 275.5721372171853 224.61673021345268 207.12312997733136 87.70419199392359 59.74347473847092 27.985379191202583 40.241747689798444 58.91386964654089 139.09543715873065 185.77316369627977 202.05860022578952 274.25542874439714 320.51616679192557 385.37471716655693 484.17619360883646 500.2137856718663 595.3706349500579

Equation: 1014.1875232695709 + (x4 - x4)
Residuals:
496.57122326957085 321.4364232695709 300.7341232695709 276.0678232695709 224.9234232695709 207.37432326957082 87.90582326957087 59.760323269570904 28.144076730429106 40.436176730429224 59.117576730429164 139.31017673042902 186.0154767304291 202.3025767304291 274.5095767304292 320.7803767304292 385.6259767304291 484.4227767304292 500.4520767304291 595.5985767304292

Equation: 507.10299384887446 - -507.0845294206965
Residuals:
496.57122326957096 321.43642326957104 300.734123269571 276.067823269571 224.923423269571 207.37432326957094 87.90582326957099 59.76032326957102 28.144076730428992 40.43617673042911 59.11757673042905 139.3101767304289 186.015476730429 202.302576730429 274.5095767304291 320.7803767304291 385.625976730429 484.42277673042906 500.452076730429 595.598576730429

Equation: (cos(x1) / (x4 ^ x0)) + 1014.19120046118
Residuals:
496.54029224812086 321.4123685804781 300.71508488532345 276.06078303688037 224.9176789629339 207.37050497696202 87.90344923629164 59.758355029741665 28.144494588628618 40.43509601846745 59.11525192260751 139.30746433922832 186.0125730161917 202.29953668468227 274.506255105115 320.77679681874156 385.62229145254094 484.41908749939444 500.44831753313144 595.5947955412756

Equation: (1497.1754995547226 + (cos(x1) / (x4 ^ x0))) + -482.9842990935425
Residuals:
496.540292248121 321.4123685804782 300.71508488532356 276.0607830368805 224.91767896293402 207.37050497696214 87.90344923629175 59.75835502974178 28.14449458862839 40.43509601846722 59.1152519226074 139.3074643392282 186.0125730161916 202.29953668468204 274.50625510511486 320.77679681874145 385.6222914525408 484.4190874993943 500.44831753313133 595.5947955412755

Equation: (((1.003169381887403 ^ x4) + 663.092916316988) + (cos(1.9634847279181782) / (x1 ^ x0))) / sin(sin(sin(0.9191770875293778)))
Residuals:
496.54855122167055 321.4191956789771 300.7200188415694 276.06102835928993 224.9183971237934 207.37065937286252 87.9032865432639 59.75804328495292 28.14496213942141 40.435020829855944 59.114775223659876 139.3063722966499 186.01127579362367 202.2975303199521 274.50378349118967 320.7738776229081 385.6193448725701 484.41561289495144 500.4446066656228 595.5908259159878

Equation: x4
Residuals:
454.8726 522.7889 662.8561 679.6387 693.8252 700.0984 701.0663999999999 708.1986999999999 768.5784 824.1285 850.5335 918.1008 999.8757 1114.1815 1129.3028 1267.2098999999998 1300.7154 1483.5658 1592.2353 1640.9225

Equation: x4 ^ x0
Residuals:
422.1679768070889 477.2010609691374 605.6048120497875 620.4789128265213 609.9677308061467 595.664406663352 583.6572368088626 569.3426423814942 613.4675662572972 516.2244463801617 508.0739988488509 559.7622281862498 586.5230903561353 674.4166472401441 575.4049050468889 546.3511056483093 444.2559408972111 351.30019287713003 73.27043148847656 816.4990580643505

Equation: x3 * (x2 ^ x2)
Residuals:
374.32526135439304 435.1783665763371 568.5109694529267 403.42034700056604 391.09333869588875 353.38728487171545 89.30833297843265 33.712288208958284 90.68101711244412 83.34758156758721 136.55827376418551 110.42908825204347 44.16743475840133 74.95087700180557 195.30587596256692 109.68794869578505 103.06529713567534 213.67304487097408 1508.1711107275385 1635.450547689347

Equation: 805.6802968988292 + x4
Residuals:
350.8076968988292 282.89139689882916 142.8241968988292 126.0415968988292 111.85509689882929 105.5818968988292 104.61389689882924 97.48159689882925 37.101896898829295 18.44820310117086 44.853203101170834 112.42050310117077 194.19540310117088 308.50120310117086 323.6225031011709 461.5296031011708 495.03510310117076 677.8855031011708 786.5550031011708 835.2422031011708

Equation: 879.6926236814212 + cos(x0)
Residuals:
420.53736057533837 352.4548268248126 212.38214136120962 195.5907662349431 181.20082940596365 174.92766992822555 173.8546065576993 166.6028161783696 106.14721942592416 50.8600336770437 24.51611672215097 43.070990430150346 124.7685269173868 239.1279312551385 254.1058415667418 392.12051335820536 425.71980336971205 608.5263717823442 717.2973652370408 765.7158731990614

Equation: sin(cos(x0)) + 875.1093820262455
Residuals:
416.1085732046625 348.0301127398234 207.95156050517153 191.15896535195532 176.75954821229436 170.46861145221533 169.3940823479153 162.13723693151212 101.6778737659472 46.312287710368196 19.958697400241817 47.62970856999448 129.33700617665193 243.69666437049318 258.68466720593733 396.70147088373244 430.3015174777114 613.1095202385238 721.8806068302955 770.3028654902863

Equation: (876.2105097335668 - (x2 / x0)) + sin(cos(x2))
Residuals:
416.2097009119837 348.1767664226023 208.12631541691565 191.23101256503674 176.84749215532133 170.56838317285474 169.51512821116887 162.27697865749087 101.82703571491288 46.37795070155437 19.994651657486315 47.594617024586455 129.35271830435295 243.6943600674408 258.78346108923506 396.84396203475046 430.46473661122377 613.3380824778137 722.0286188175855 770.671055881901

Equation: (436.5761061629496 - (x2 / x2)) + 438.97017675662454
Residuals:
416.3820829195742 348.3084829195742 208.2228829195742 191.42878291957425 177.01718291957422 170.70078291957418 169.62398291957425 162.35908291957423 101.89348291957424 46.314482919574175 19.909482919574202 47.686917080425815 129.46761708042584 243.8296170804258 258.95361708042583 397.02731708042575 430.6567170804258 613.5903170804258 722.4365170804258 771.1449170804258

Equation: (-1.8213088843822698 * -241.10349416145044) + 435.4223469477044
Residuals:
416.38208291956283 348.30848291956283 208.22288291956284 191.42878291956288 177.01718291956286 170.7007829195628 169.62398291956288 162.35908291956287 101.89348291956287 46.314482919562806 19.909482919562834 47.68691708043718 129.4676170804372 243.82961708043717 258.9536170804372 397.0273170804371 430.65671708043715 613.5903170804372 722.4365170804372 771.1449170804372

Equation: (875.5283045876339 - (x1 / x1)) + (sin(3389.773802173783) * x1)
Residuals:
416.3787300578637 348.30544955649486 208.2198556288372 191.42610362076732 177.01457275205007 170.69825542932733 169.62165348111034 162.35690809229004 101.891671965731 46.31288403061171 19.90790131343249 47.684958978049735 129.4653105190165 243.82707369766274 258.9510344609887 397.02445046220544 430.65345155601995 613.5862943816327 722.432384612366 771.1402156805932

Equation: (875.4653837857358 - (x1 / x1)) + (0.010199492698797942 * (x3 + x3))
Residuals:
416.3634965664299 348.2942884679859 208.20927187896837 191.41555537989382 177.00483865596152 170.69080289836904 169.61451083310556 162.35006369058135 101.88957567632201 46.311104010043664 19.910461233324668 47.68511668756378 129.46511292256764 243.82643159645534 258.941333648968 397.0116800557686 430.6405068442789 613.5732970045588 722.4174673055117 771.1243822593747

Equation: x4 ^ x0
Residuals:
518.7995714626201 563.4724889762178 575.8322953847113 637.3262606218781 654.4060754573778 699.1793754142726 687.0758621200034 749.0060552481914 786.7886230931101 760.1415452892791 765.7565531811537 625.6933613961787 476.7121356291875 339.2682102647534 345.9172795693553 329.68167404419876 305.64449200461456 125.30211615416852 12.593027959662322 203.4116216363043

Equation: (x4 ^ x0) + x1
Residuals:
515.6103714626202 560.2425889762179 572.5890953847113 634.0656606218781 650.9102754573778 695.3242754142726 683.1405621200034 744.9248552481914 782.6703230931101 755.846945289279 761.4464531811536 621.3689613961787 472.34603562918755 334.79061026475335 341.39437956935524 325.06717404419874 300.8222920046146 120.37641615416851 7.63792795966242 208.36932163630422

Equation: x3 / 0.00432086282392456
Residuals:
184.84044532335474 147.1285782415074 143.58113768191436 99.09684423780584 91.04185422344483 39.08220570570097 12.826960932776501 39.7109212801505 105.77736246497227 89.62427010641284 124.54219803092667 119.4248178405727 141.9674298520615 198.635144204472 232.76937430991416 192.82856338397426 185.60806119485414 194.72592624921367 302.37707819670504 263.7725912953813

Equation: (x3 / 0.00432086282392456) - cos(x0 + x2)
Residuals:
183.87230082923816 146.1428055006013 142.5845955848912 98.09684485907587 90.0462797430855 38.12708066671348 12.03477557118083 40.45861464425616 106.40138627495912 90.19843323259227 124.91254417480081 119.44029885611235 141.5892601531241 197.98094875665458 232.02145738325396 192.05406713172192 184.6601801620136 193.73335634135128 301.3781442092845 262.7736226988575

Equation: (x3 / 0.004498204475713728) + (x2 * (x4 + x1))
Residuals:
175.12446565550772 137.78354629874605 134.19613416196046 90.06594262030364 82.84389230614613 33.00847283235214 9.504771766167892 43.262230559361115 109.3757852063153 93.1375908398627 127.09692839850425 122.64815691175738 143.24441701308342 197.73319611000306 231.63236935915722 192.9452852430354 183.05093844576936 189.53851248369733 296.7488174949906 260.12630204487164

Equation: (x3 - -191.57560494746772) * (x3 + 0.7805612114321451)
Residuals:
219.87765095199552 181.09761903539163 174.96543126840834 125.88998086297204 116.27612367167865 64.06941764110218 36.727888343888935 18.75917006302882 85.85251840609635 73.2472107096836 108.90883814833364 107.6526114841729 131.40594223720768 188.27307349379066 226.97128247520072 193.6278645111895 192.35976574450206 201.76286061599262 312.4412578807119 280.6054737835557

Equation: (sin(x3 + -0.5035931609121154) + x3) / 0.004498204475713728
Residuals:
253.3846767150294 208.7927488652831 188.14849294006285 111.98386014197479 92.87268646259395 39.14978888099802 5.110454516819118 68.7621908706567 142.30366384960757 152.02013115038199 192.34992201471118 215.09630680209114 246.25218427824575 304.3311133755451 370.0266545218026 372.1923011794181 397.86571693427993 408.4122028633094 530.2933374496647 516.679929982558

Equation: ((x4 + x4) + (x2 + 921.174985689289)) + (x4 - sin(x3))
Residuals:
380.43837366021285 335.30540281737603 313.99169958733046 237.87798213718418 218.73150517954753 165.19752435066425 132.36005390292428 58.55585437921309 14.909925085746977 24.21822523310118 64.43271889005723 87.56582215070091 118.59557794729733 176.37840475927715 244.16904676622403 253.8869138039056 291.6514513842701 302.3899044685687 432.92173231854474 447.2314150095557

Equation: ((x4 - -544.407724722125) + 178.25046585353786) - -177.73387663590069
Residuals:
350.1048672115635 304.8368672115636 283.08476721156353 206.07656721156343 186.8027672115635 133.08696721156343 99.3294672115635 25.416167211563447 48.112432788436536 57.77413278843653 98.14753278843659 121.48093278843646 152.91713278843656 211.0029327884364 279.1393327884366 289.0137327884364 327.30403278843653 338.4835327884365 469.39533278843646 483.7285327884365

Equation: ((x4 - sin(x3)) - (cos(x4) * x4)) + ((x4 + x2) + (886.1044855138138 + x4))
Residuals:
348.59447950566823 303.46911839651125 282.20956931174317 205.8623179510413 186.7076960592767 133.13560862178701 99.52753861091765 25.696085248207055 47.80937424922536 57.540605240396985 97.77766003711167 121.05100049544546 152.40943967832914 210.44820078378973 278.5151833077151 288.28876435201664 326.31467647255135 337.6927113992431 469.0153950925742 483.399001470235

Equation: ((x3 + 58.460410717075675) + (58.944194620162165 - x3)) * (40.18564565424805 / 5.215346622269146)
Residuals:
351.10339846016984 305.82359846016993 283.9001984601699 206.55209846016987 187.2724984601699 133.53079846016988 99.42989846016985 25.50739846016984 48.03440153983013 57.82520153983012 98.20500153983016 121.57730153983005 153.09960153983013 211.24850153983004 279.45000153983017 289.33720153983006 327.6863015398302 339.0028015398301 470.0752015398301 484.4231015398301

Equation: x0
Residuals:
473.0222 753.0753 775.4456 778.7605000000001 788.6351999999999 834.2076000000001 839.4748999999999 872.7066 918.471 941.9763 958.5329 1026.8690000000001 1051.8252 1101.0236 1107.7163 1114.4903 1226.3871 1622.5443 1664.8445000000002 1881.2763

Equation: x1 ^ x2
Residuals:
432.76163607603655 695.1762098450554 710.8664304137703 699.8808955843529 690.4142400775642 707.4437137887351 696.351994006093 693.2329938099087 675.7303434782558 620.3880021912963 608.1076534000549 574.9286026379245 425.6885334596062 121.07674867583194 36.73708638620565 193.4897867442603 395.0980481088741 235.66669293020777 722.520752151871 1153.3969754599655

Equation: x0 + (x1 ^ x2)
Residuals:
429.7606360760366 692.0553098450554 707.6558304137703 696.1392955843528 686.6050400775641 703.632413788735 692.518394006093 689.3932938099088 671.8883434782558 616.4734021912964 604.171753400055 570.8385026379245 421.35863345960627 116.7272486758319 41.23328638620569 198.04948674426032 399.76934810887406 240.54439293020778 727.4114521518709 1158.2958754599656

Equation: 909.5380921743567 + x1
Residuals:
436.72649217435674 156.56329217435677 134.1812921743567 130.38709217435667 120.4902921743568 75.13889217435667 69.8959921743567 36.719992174356776 9.005807825643274 32.441407825643296 49.01000782564324 117.38560782564332 142.39670782564326 191.51420782564333 198.3115078256434 205.06020782564326 316.89720782564314 713.1630078256433 755.3545078256434 971.6460078256432

Equation: sin(x2) + 1003.9357411649618
Residuals:
527.825444313601 247.37530979558778 224.89888354949778 220.94659248194614 210.89333803845477 165.31507763654486 159.9835534029063 126.65931446929255 80.77622467821107 57.15353977253119 40.552143238205986 27.97139555566423 53.19178253144548 102.43735436803968 109.27423861188436 116.1096915823756 228.1158325223771 624.4765568476515 666.77544109758 883.201636248729

Equation: (x3 / x3) + 1002.1890813167471
Residuals:
527.1658813167471 246.99288131674712 224.53288131674708 220.68698131674705 210.74468131674712 165.17018131674706 159.8805813167471 126.64278131674712 80.8760813167471 57.298181316747105 40.720281316747105 27.770018683252943 52.966018683252855 102.18401868325293 109.023418683253 115.86091868325286 227.8693186832528 624.2329186832529 666.546118683253 882.9861186832528

Equation: 1003.1924825058247 + (sin(x2) / (x4 ^ x2))
Residuals:
527.1667825535344 246.98872659596293 224.5285990037745 220.68237693375488 210.74034751747172 165.1668134473399 159.8779893897871 126.64085143489979 80.87466574977975 57.29727304095525 40.7200426244234 27.769679085139273 52.96469423660301 102.1817963277881 109.02104404686986 115.85845793316241 227.86647645877144 624.2299538698626 666.543073131966 882.9830313063168

Equation: 1003.2251435198395 + sin(x0 * (-0.03271884990333852 / x4))
Residuals:
527.1692555508265 246.9950527002876 224.5341563497733 220.6833275765448 210.74126808600067 165.1681212878275 159.87953130358733 126.64257979929675 80.87596458377413 57.297811044327204 40.720771062445806 27.77016892206518 52.965823525525934 102.18194268162176 109.02227009746605 115.8598954996537 227.86570975319216 624.2293094398312 666.5421876104665 882.9821095461737

Equation: (cos(x4) / (x1 ^ x4)) + ((x1 / x1) + 1002.1964512990435)
Residuals:
527.1434663229315 246.9710143663841 224.51324117203774 220.67031871122913 210.73097648135808 165.16278179462677 159.87589877704488 126.64020550577311 80.87403572828725 57.29784055554899 40.72133016057785 27.76756125590373 52.960994183576304 102.17774492374224 109.017015402894 115.85431191363625 227.86195142951942 624.2254502022513 666.5386463750242 882.9786571493453

Equation: (-0.23226354317244266 / x4) + (941.3623413867986 - -61.889715998046164)
Residuals:
527.1515212735097 246.9787548940825 224.51892600026906 220.67458629736666 210.73407243262943 165.16213529415813 159.8748200237402 126.63869896494282 80.8721958662851 57.29507580319785 40.71908554885749 27.7699065941448 52.96185840223359 102.17652178466972 109.01557674366495 115.85250427814287 227.85566908385613 624.2171813767833 666.5297884374943 882.9695971819723

Equation: (5.3156678887025715 * 188.72337858009465) + (sin(sin(251.34151256522384)) * cos(-30.379906953341923 / x4))
Residuals:
527.1567358632124 246.9834664913502 224.52327578355073 220.67590942091863 210.73258529902841 165.15793257081486 159.86951103839067 126.6333097610734 80.86683424017713 57.28989338537383 40.7147586299908 27.773376533450005 52.962037570547864 102.17436646305953 109.01324858769817 115.84992781524022 227.85369740386932 624.2171740413044 666.5305300192693 882.9705981716178

Equation: (0.01566734815847326 * x4) + ((978.9991767657972 - (-39.208610203017045 - -43.75294926147791)) - -28.67439130357838)
Residuals:
527.1530827576391 246.98022533050732 224.52033030173993 220.67540951099988 210.73428142864213 165.16156593959738 159.87366898034225 126.63719443799641 80.87065424494767 57.29339660622213 40.717135410839546 27.77198483784423 52.964000631207455 102.17827963601985 109.01726915149823 115.85407665470939 227.85539814681135 624.2157377716597 666.5279585623998 882.9676373817624

Equation: x1
Residuals:
603.3081 614.5211 668.1523000000001 720.3167 730.1264 751.2951 778.0096 827.8179 867.5639 948.1745999999999 954.1193999999999 966.9125 973.1421 1044.7808 1057.0799000000002 1096.1490000000001 1207.4174 1301.6796000000002 1434.6676 1811.0846999999999

Equation: x2 ^ x3
Residuals:
574.8598229691238 571.7739201575293 603.747040581244 631.6727164390549 629.341613986187 633.3473240795323 610.4820745781021 304.4296259736278 299.19089168414064 314.7127796324703 276.27246899751833 211.51672774062934 80.84958824923899 10.79512040007603 213.53369317671036 762.9680311046905 773.21752738744 1010.8748810112393 882.3914876663366 677.7189557539632

Equation: (x2 ^ x3) + x4
Residuals:
571.8308229691238 568.5866201575294 600.5557405812441 628.4312164390549 625.9672139861871 629.8946240795323 607.0267745781022 300.91362597362786 295.6297916841406 311.11467963247026 272.6191689975184 207.72182774062935 76.95288824923898 6.781920400075933 217.61019317671025 767.2083311046904 777.8431273874401 1015.5192810112394 887.2176876663366 682.7032557539633

Equation: 959.6285308250386 + x2
Residuals:
356.3411308250386 345.37213082503865 291.8520308250386 239.82183082503855 229.97033082503867 208.7944308250385 182.20123082503858 132.52613082503854 92.76303082503864 12.02473082503866 6.039830825038621 6.721669174961335 12.93966917496141 84.79346917496139 97.12526917496155 136.30716917496147 247.7096691749614 341.8848691749615 475.12286917496147 851.5464691749613

Equation: 964.5044354602471 + sin(x4)
Residuals:
358.19319037308617 346.77804402717936 293.1157485809615 240.89889423473642 230.90352541981053 209.6378224478931 182.79674829787393 132.83221446413563 92.9721248931969 12.104719655667282 6.009168848411946 6.903280555657261 13.294231381797658 85.23732894862246 97.7761085950026 137.09338481274017 248.60160073959923 342.9042541792022 476.1399950534285 852.5379239475783

Equation: 963.8162824992448 + (x0 - x0)
Residuals:
357.39268249924487 346.13558249924483 292.4772824992448 240.3104824992448 230.44608249924488 209.2557824992448 182.41718249924486 132.5097824992448 92.69128249924483 11.857382499244864 5.8106824992448765 6.983617500755145 13.297017500755146 85.16011750075518 97.65971750075528 136.89091750075522 248.29351750075512 342.5947175007552 475.83461750075526 852.2628175007551

Equation: 963.9558111537987 + -0.0037178287477212333
Residuals:
357.52849332505104 346.271393325051 292.61309332505095 240.446293325051 230.58189332505106 209.39159332505096 182.55299332505103 132.64559332505098 92.82709332505101 11.993193325051038 5.946493325051051 6.84780667494897 13.161206674948971 85.024306674949 97.5239066749491 136.75510667494905 248.15770667494894 342.45890667494905 475.6988066749491 852.1270066749489

Equation: 964.0055273875678 + (-0.22784128952348806 / x2)
Residuals:
357.50927854836004 346.2582907846056 292.602571937877 240.43813367841597 230.5739477298298 209.38388492043498 182.549062643743 132.64483236615456 92.82703723860118 11.994311415598531 5.948343405697415 6.845576354150353 13.15790160618883 85.02089924371705 97.51872158315007 136.74942306606818 248.15202206534593 342.45199362058395 475.69187557998475 852.1200319606354

Equation: ((x2 + x2) - (-85.92775507139083 / cos(-1.3788701283743574))) * (x2 + ((x2 - 2.1196873255843625) / -0.9909560939180433))
Residuals:
357.49648571329396 346.25295529919606 292.600089192822 240.43797500482924 230.57398231401635 209.38412980916053 182.55199216073083 132.64868401967954 92.83086894036637 11.997887369849877 5.951603530935245 6.8425322304516385 13.155677774387073 85.01877074194283 97.51878628353063 136.75030373176537 248.15290446584584 342.45531942013895 475.69524217651303 852.1234978166535

Equation: x4
Residuals:
782.4674 848.3265 862.5360000000001 911.5873 941.6709 942.5155 948.6714 953.4629 1026.0081 1033.3409 1100.8902 1117.2865 1200.3158 1214.5999000000002 1240.1318 1415.6532 1688.5419 1714.3381 1729.591 1834.3266999999998

Equation: x1 ^ x0
Residuals:
746.6744088955843 808.6256938439519 820.7603846222515 838.593636985544 836.341328279382 760.816910504665 652.7565302351513 628.5387303865348 603.509111860692 490.49997023343406 381.1438297320161 389.0550889181925 371.5443770240769 348.6586120042806 184.80188339684264 204.78316488455312 202.79085555704796 100.45338582269642 392.28861862513327 876.853646518834

Equation: x3 + (x1 ^ x0)
Residuals:
743.6497088955842 805.5363938439519 817.5048846222516 835.234036985544 832.744928279382 757.211910504665 648.9935302351513 624.7445303865347 599.655111860692 486.4635702334341 376.9333297320161 384.79358891819254 367.04537702407686 344.0246120042806 180.16748339684273 200.13306488455305 198.05165555704798 105.22198582269652 397.12101862513305 881.6999465188342

Equation: x0 ^ (x4 - cos(x4))
Residuals:
668.5943913903479 717.954408668571 704.8014794119806 711.176126613677 653.2113955847194 462.4139694971805 195.64561984875058 155.12083730727193 122.45114711321469 75.29838345476628 32.153876280643544 54.202303044247174 89.95608193519206 115.91093942421844 110.75315149112339 15.366870808204794 93.52475401857123 33.77369639253175 6.66310928946109 26.821116147812972

Equation: (x3 ^ x0) + (x4 ^ x2)
Residuals:
709.4300671285143 761.4186004396206 748.753324510418 780.0249236054431 743.8859654938055 650.3316974174211 504.8618997238154 475.0358799040753 472.36072686181706 353.4171193927357 146.0404282196696 54.951464743944825 286.30202122101673 688.0776268826257 818.0589255473612 845.0266805595086 1358.2119170749672 1697.9046414586658 2543.3046532798253 2879.4800200271047

Equation: (1158.5588837195098 + x2) - sin(x0)
Residuals:
376.16209258583785 310.26599210291 296.01419088867056 247.09478723205473 217.21906482825727 216.8638966395215 210.8180408716454 205.96665662905684 133.3971297291423 125.9999316932458 58.50612208448638 41.9330053905951 41.09901950341714 55.24604903432464 80.69420761998958 256.1670283324197 529.1938731115879 555.0549199871887 570.2340883091524 674.9515278217589

Equation: (581.4858682405564 - -581.279927382455) + x0
Residuals:
380.2331956230114 314.24919562301136 299.89509562301123 250.9600956230114 220.93359562301146 220.45739562301128 214.50829562301135 209.65069562301142 137.12029562301132 129.6950956230114 62.178195623011334 45.603995623011315 37.46140437698864 51.783404376988756 77.31500437698878 252.7849043769886 525.7898043769885 551.6170043769887 566.9431043769887 671.5998043769885

Equation: x0 + ((578.7918662998538 - -583.6105303834051) - cos(x0))
Residuals:
380.8695784397107 314.8856275431741 300.53164458875085 251.58365051649946 221.50609091896047 220.82130306699628 214.60923643911804 209.73740709506387 137.1283640535587 129.6848963277073 62.03945169179815 45.458717961235834 37.69091758997865 52.040813790122684 77.58694233231768 253.11332147500548 526.2260497541574 552.1050889837554 567.4528864466533 672.1880746832853

Equation: ((583.4764377831694 - -583.517582839842) - cos(x0)) + cos(x0)
Residuals:
381.3407206230115 315.35422062301143 300.97152062301143 251.88502062301143 221.66022062301147 220.78762062301143 214.5070206230115 209.6334206230115 137.01672062301145 129.57192062301147 61.92062062301147 45.339720623011544 37.81127937698852 52.161379376988634 77.70757937698863 253.23407937698857 526.3468793769885 552.2261793769885 567.5741793769885 672.3107793769884

