Equation: x3
Residuals:
47192523.82049763 48177636.66200793 48432900.091316186 48569205.89560714 49454789.81562484 49663146.09892729 49729138.04388987 49884426.66919954 50172401.82547487 50460710.902837574 51071683.79096057 51242058.448996946 51288567.10572239 51328010.46715258 51506983.11612384 51677146.31398785 51761293.86897785 52052297.60643201 52217657.19313439 53031550.39971567

Equation: x3 ^ x3
Residuals:
7.778100097715373e+51 1.0472646450690488e+52 1.5039896210033565e+52 1.530315756462398e+52 1.6043168026919722e+52 2.2299491472095623e+52 2.759672698324308e+52 2.90927191751791e+52 6.119534905508401e+52 7.489514334939265e+52 8.704146570423155e+52 9.372059950696854e+52 1.1471369103141156e+53 3.0040797655929403e+53 4.453894910805635e+53 9.722892005291351e+53 1.2563543585059533e+54 6.328031743912295e+54 2.1421215490187367e+55 4.1398016195555924e+55

Equation: (x3 ^ x3) + x2
Residuals:
7.778100097715373e+51 1.0472646450690488e+52 1.5039896210033565e+52 1.530315756462398e+52 1.6043168026919722e+52 2.2299491472095623e+52 2.759672698324308e+52 2.90927191751791e+52 6.119534905508401e+52 7.489514334939265e+52 8.704146570423155e+52 9.372059950696854e+52 1.1471369103141156e+53 3.0040797655929403e+53 4.453894910805635e+53 9.722892005291351e+53 1.2563543585059533e+54 6.328031743912295e+54 2.1421215490187367e+55 4.1398016195555924e+55

Equation: x3 + 872.0541722393898
Residuals:
47191651.76632539 48176764.60783569 48432028.037143946 48568333.8414349 49453917.76145261 49662274.04475505 49728265.98971763 49883554.6150273 50171529.77130263 50459838.848665334 51070811.73678834 51241186.394824706 51287695.05155015 51327138.41298034 51506111.0619516 51676274.25981561 51760421.81480561 52051425.55225977 52216785.13896216 53030678.34554343

Equation: 875.3998822189951 - sin(x3)
Residuals:
47191682.93356263 48176795.78716387 48432059.227994815 48568365.03275712 49453948.95402204 49662305.24465564 49728297.19320162 49883585.81927163 50171560.98190671 50459870.059924126 51070842.948338516 51241217.60646945 51287726.26333155 51327169.6254313 51506142.27615651 51676305.48342529 51760453.043853946 52051456.85471925 52216816.55545938 53030709.84916318

Equation: 876.1232034890572 - (x0 - x0)
Residuals:
47191681.60600034 48176794.51325169 48432058.02251509 48568363.83063836 49453947.76108485 49662304.11708513 49728296.10908456 49883584.746042535 50171560.066297024 50459869.188180014 51070842.10941663 51241216.78373966 51287725.484981455 51327169.05826949 51506141.79382237 51676305.163190424 51760452.77444732 52051456.8663634 52216816.719891496 53030710.07045988

Equation: (-0.17928862338974194 / x0) + 876.1716862722777
Residuals:
47191681.562805064 48176794.47004813 48432057.979279645 48568363.78739677 49453947.71783507 49662304.07382979 49728296.06581361 49883584.70276483 50171560.0229941 50459869.14486844 51070842.06609592 51241216.740398504 51287725.44163405 51327169.01491533 51506141.75046667 51676305.11980115 51760452.73102249 52051456.82291145 52216816.67641204 53030710.02697698

Equation: (-0.019690232380309067 * sin(x0)) + 876.1135740789666
Residuals:
47191681.62753879 48176794.53393948 48432058.039630264 48568363.84701906 49453947.7764657 49662304.131775975 49728296.12179725 49883584.75788428 50171560.07484219 50459869.195589595 51070842.11563086 51241216.7873155 51287725.48776819 51327169.060215175 51506141.795577586 51676305.16103113 51760452.768783964 52051456.8586229 52216816.71067799 53030710.06111137

Equation: sin(-0.019690232380309067 * sin(x0)) + 876.1135740789666
Residuals:
47191681.62753851 48176794.53393925 48432058.03963019 48568363.84701901 49453947.77646567 49662304.13177596 49728296.12179724 49883584.75788428 50171560.07484219 50459869.195589595 51070842.115630865 51241216.78731554 51287725.48776824 51327169.06021525 51506141.79557767 51676305.1610314 51760452.76878456 52051456.85862377 52216816.7106791 53030710.06111251

Equation: (0.03158839778984229 * (x0 - cos(x0))) + 875.9825525337159
Residuals:
47191680.650396734 48176793.554987244 48432057.0546519 48568362.861054294 49453946.78927171 49662303.14380458 49728295.13188698 49883583.767245136 50171559.08205055 50459868.202258505 51070841.121834576 51241215.79284403 51287724.493184745 51327168.065556586 51506140.80090825 51676304.16664725 51760451.77549034 52051455.86639213 52216815.71944064 53030709.06997825

Equation: ((x0 - cos(x0)) * sin(0.03158839778984229)) + 875.9825525337159
Residuals:
47191680.65057904 48176793.555169985 48432057.05483624 48568362.86123892 49453946.78945671 49662303.143989824 49728295.13207287 49883583.7674313 50171559.082237616 50459868.20244585 51070841.1220222 51241215.7930322 51287724.493373066 51327168.065745056 51506140.80109676 51676304.166836366 51760451.77567986 52051455.866581805 52216815.719630405 53030709.07016802

Equation: (sin(sin(0.03158839778984229)) * (x0 - cos(x0))) + 875.9825525337159
Residuals:
47191680.650761254 48176793.55535264 48432057.05502049 48568362.861423455 49453946.78964162 49662303.14417497 49728295.132258676 49883583.76761736 50171559.08242459 50459868.2026331 51070841.12220973 51241215.79322028 51287724.4935613 51327168.065933436 51506140.80128518 51676304.16702538 51760451.77586927 52051455.86677139 52216815.71982007 53030709.07035769

Equation: (((x2 * x1) * cos(1.5721224235276932)) * sin(x0)) + 876.1127476371519
Residuals:
47191682.537877314 48176795.38139811 48432058.6156103 48568364.369170986 49453948.222817294 49662304.526482165 49728296.36372789 49883584.933769666 50171559.989383586 50459869.01737856 51070841.83954553 51241216.29315271 51287724.92775178 51327168.428926356 51506141.14493359 51676304.18430657 51760451.48749038 52051455.39737068 52216815.11471354 53030708.450273216

Equation: (((-0.0018461312743131124 * x1) * cos(0.7694247951435436)) * (sin(x0) * x2)) + 876.1127476371533
Residuals:
47191682.537877314 48176795.38139811 48432058.61561031 48568364.369170986 49453948.2228173 49662304.526482165 49728296.36372789 49883584.933769666 50171559.989383586 50459869.01737856 51070841.83954553 51241216.29315271 51287724.92775178 51327168.428926356 51506141.14493358 51676304.18430657 51760451.48749038 52051455.39737067 52216815.114713535 53030708.45027321

Equation: x3
Residuals:
47192523.82049763 48177636.66200793 48432900.091316186 48569205.89560714 49454789.81562484 49663146.09892729 49729138.04388987 49884426.66919954 50172401.82547487 50460710.902837574 51071683.79096057 51242058.448996946 51288567.10572239 51328010.46715258 51506983.11612384 51677146.31398785 51761293.86897785 52052297.60643201 52217657.19313439 53031550.39971567

Equation: x3 ^ x3
Residuals:
7.778100097715373e+51 1.0472646450690488e+52 1.5039896210033565e+52 1.530315756462398e+52 1.6043168026919722e+52 2.2299491472095623e+52 2.759672698324308e+52 2.90927191751791e+52 6.119534905508401e+52 7.489514334939265e+52 8.704146570423155e+52 9.372059950696854e+52 1.1471369103141156e+53 3.0040797655929403e+53 4.453894910805635e+53 9.722892005291351e+53 1.2563543585059533e+54 6.328031743912295e+54 2.1421215490187367e+55 4.1398016195555924e+55

Equation: (x3 ^ x3) + x2
Residuals:
7.778100097715373e+51 1.0472646450690488e+52 1.5039896210033565e+52 1.530315756462398e+52 1.6043168026919722e+52 2.2299491472095623e+52 2.759672698324308e+52 2.90927191751791e+52 6.119534905508401e+52 7.489514334939265e+52 8.704146570423155e+52 9.372059950696854e+52 1.1471369103141156e+53 3.0040797655929403e+53 4.453894910805635e+53 9.722892005291351e+53 1.2563543585059533e+54 6.328031743912295e+54 2.1421215490187367e+55 4.1398016195555924e+55

Equation: x3 + 872.0541722393898
Residuals:
47191651.76632539 48176764.60783569 48432028.037143946 48568333.8414349 49453917.76145261 49662274.04475505 49728265.98971763 49883554.6150273 50171529.77130263 50459838.848665334 51070811.73678834 51241186.394824706 51287695.05155015 51327138.41298034 51506111.0619516 51676274.25981561 51760421.81480561 52051425.55225977 52216785.13896216 53030678.34554343

Equation: 875.3998822189951 - sin(x3)
Residuals:
47191682.93356263 48176795.78716387 48432059.227994815 48568365.03275712 49453948.95402204 49662305.24465564 49728297.19320162 49883585.81927163 50171560.98190671 50459870.059924126 51070842.948338516 51241217.60646945 51287726.26333155 51327169.6254313 51506142.27615651 51676305.48342529 51760453.043853946 52051456.85471925 52216816.55545938 53030709.84916318

Equation: 876.1232034890572 - (x0 - x0)
Residuals:
47191681.60600034 48176794.51325169 48432058.02251509 48568363.83063836 49453947.76108485 49662304.11708513 49728296.10908456 49883584.746042535 50171560.066297024 50459869.188180014 51070842.10941663 51241216.78373966 51287725.484981455 51327169.05826949 51506141.79382237 51676305.163190424 51760452.77444732 52051456.8663634 52216816.719891496 53030710.07045988

Equation: (-0.17928862338974194 / x0) + 876.1716862722777
Residuals:
47191681.562805064 48176794.47004813 48432057.979279645 48568363.78739677 49453947.71783507 49662304.07382979 49728296.06581361 49883584.70276483 50171560.0229941 50459869.14486844 51070842.06609592 51241216.740398504 51287725.44163405 51327169.01491533 51506141.75046667 51676305.11980115 51760452.73102249 52051456.82291145 52216816.67641204 53030710.02697698

Equation: (-0.019690232380309067 * sin(x0)) + 876.1135740789666
Residuals:
47191681.62753879 48176794.53393948 48432058.039630264 48568363.84701906 49453947.7764657 49662304.131775975 49728296.12179725 49883584.75788428 50171560.07484219 50459869.195589595 51070842.11563086 51241216.7873155 51287725.48776819 51327169.060215175 51506141.795577586 51676305.16103113 51760452.768783964 52051456.8586229 52216816.71067799 53030710.06111137

Equation: sin(-0.019690232380309067 * sin(x0)) + 876.1135740789666
Residuals:
47191681.62753851 48176794.53393925 48432058.03963019 48568363.84701901 49453947.77646567 49662304.13177596 49728296.12179724 49883584.75788428 50171560.07484219 50459869.195589595 51070842.115630865 51241216.78731554 51287725.48776824 51327169.06021525 51506141.79557767 51676305.1610314 51760452.76878456 52051456.85862377 52216816.7106791 53030710.06111251

Equation: (0.03158839778984229 * (x0 - cos(x0))) + 875.9825525337159
Residuals:
47191680.650396734 48176793.554987244 48432057.0546519 48568362.861054294 49453946.78927171 49662303.14380458 49728295.13188698 49883583.767245136 50171559.08205055 50459868.202258505 51070841.121834576 51241215.79284403 51287724.493184745 51327168.065556586 51506140.80090825 51676304.16664725 51760451.77549034 52051455.86639213 52216815.71944064 53030709.06997825

Equation: ((x0 - cos(x0)) * sin(0.03158839778984229)) + 875.9825525337159
Residuals:
47191680.65057904 48176793.555169985 48432057.05483624 48568362.86123892 49453946.78945671 49662303.143989824 49728295.13207287 49883583.7674313 50171559.082237616 50459868.20244585 51070841.1220222 51241215.7930322 51287724.493373066 51327168.065745056 51506140.80109676 51676304.166836366 51760451.77567986 52051455.866581805 52216815.719630405 53030709.07016802

Equation: (sin(sin(0.03158839778984229)) * (x0 - cos(x0))) + 875.9825525337159
Residuals:
47191680.650761254 48176793.55535264 48432057.05502049 48568362.861423455 49453946.78964162 49662303.14417497 49728295.132258676 49883583.76761736 50171559.08242459 50459868.2026331 51070841.12220973 51241215.79322028 51287724.4935613 51327168.065933436 51506140.80128518 51676304.16702538 51760451.77586927 52051455.86677139 52216815.71982007 53030709.07035769

Equation: (((x2 * x1) * cos(1.5721224235276932)) * sin(x0)) + 876.1127476371519
Residuals:
47191682.537877314 48176795.38139811 48432058.6156103 48568364.369170986 49453948.222817294 49662304.526482165 49728296.36372789 49883584.933769666 50171559.989383586 50459869.01737856 51070841.83954553 51241216.29315271 51287724.92775178 51327168.428926356 51506141.14493359 51676304.18430657 51760451.48749038 52051455.39737068 52216815.11471354 53030708.450273216

Equation: (((-0.0018461312743131124 * x1) * cos(0.7694247951435436)) * (sin(x0) * x2)) + 876.1127476371533
Residuals:
47191682.537877314 48176795.38139811 48432058.61561031 48568364.369170986 49453948.2228173 49662304.526482165 49728296.36372789 49883584.933769666 50171559.989383586 50459869.01737856 51070841.83954553 51241216.29315271 51287724.92775178 51327168.428926356 51506141.14493358 51676304.18430657 51760451.48749038 52051455.39737067 52216815.114713535 53030708.45027321

Equation: x3
Residuals:
47192523.82049763 48177636.66200793 48432900.091316186 48569205.89560714 49454789.81562484 49663146.09892729 49729138.04388987 49884426.66919954 50172401.82547487 50460710.902837574 51071683.79096057 51242058.448996946 51288567.10572239 51328010.46715258 51506983.11612384 51677146.31398785 51761293.86897785 52052297.60643201 52217657.19313439 53031550.39971567

Equation: x3 ^ x3
Residuals:
7.778100097715373e+51 1.0472646450690488e+52 1.5039896210033565e+52 1.530315756462398e+52 1.6043168026919722e+52 2.2299491472095623e+52 2.759672698324308e+52 2.90927191751791e+52 6.119534905508401e+52 7.489514334939265e+52 8.704146570423155e+52 9.372059950696854e+52 1.1471369103141156e+53 3.0040797655929403e+53 4.453894910805635e+53 9.722892005291351e+53 1.2563543585059533e+54 6.328031743912295e+54 2.1421215490187367e+55 4.1398016195555924e+55

Equation: (x3 ^ x3) + x2
Residuals:
7.778100097715373e+51 1.0472646450690488e+52 1.5039896210033565e+52 1.530315756462398e+52 1.6043168026919722e+52 2.2299491472095623e+52 2.759672698324308e+52 2.90927191751791e+52 6.119534905508401e+52 7.489514334939265e+52 8.704146570423155e+52 9.372059950696854e+52 1.1471369103141156e+53 3.0040797655929403e+53 4.453894910805635e+53 9.722892005291351e+53 1.2563543585059533e+54 6.328031743912295e+54 2.1421215490187367e+55 4.1398016195555924e+55

Equation: x3 + 872.0541722393898
Residuals:
47191651.76632539 48176764.60783569 48432028.037143946 48568333.8414349 49453917.76145261 49662274.04475505 49728265.98971763 49883554.6150273 50171529.77130263 50459838.848665334 51070811.73678834 51241186.394824706 51287695.05155015 51327138.41298034 51506111.0619516 51676274.25981561 51760421.81480561 52051425.55225977 52216785.13896216 53030678.34554343

Equation: 875.3998822189951 - sin(x3)
Residuals:
47191682.93356263 48176795.78716387 48432059.227994815 48568365.03275712 49453948.95402204 49662305.24465564 49728297.19320162 49883585.81927163 50171560.98190671 50459870.059924126 51070842.948338516 51241217.60646945 51287726.26333155 51327169.6254313 51506142.27615651 51676305.48342529 51760453.043853946 52051456.85471925 52216816.55545938 53030709.84916318

Equation: 876.1232034890572 - (x0 - x0)
Residuals:
47191681.60600034 48176794.51325169 48432058.02251509 48568363.83063836 49453947.76108485 49662304.11708513 49728296.10908456 49883584.746042535 50171560.066297024 50459869.188180014 51070842.10941663 51241216.78373966 51287725.484981455 51327169.05826949 51506141.79382237 51676305.163190424 51760452.77444732 52051456.8663634 52216816.719891496 53030710.07045988

Equation: (-0.17928862338974194 / x0) + 876.1716862722777
Residuals:
47191681.562805064 48176794.47004813 48432057.979279645 48568363.78739677 49453947.71783507 49662304.07382979 49728296.06581361 49883584.70276483 50171560.0229941 50459869.14486844 51070842.06609592 51241216.740398504 51287725.44163405 51327169.01491533 51506141.75046667 51676305.11980115 51760452.73102249 52051456.82291145 52216816.67641204 53030710.02697698

Equation: (-0.019690232380309067 * sin(x0)) + 876.1135740789666
Residuals:
47191681.62753879 48176794.53393948 48432058.039630264 48568363.84701906 49453947.7764657 49662304.131775975 49728296.12179725 49883584.75788428 50171560.07484219 50459869.195589595 51070842.11563086 51241216.7873155 51287725.48776819 51327169.060215175 51506141.795577586 51676305.16103113 51760452.768783964 52051456.8586229 52216816.71067799 53030710.06111137

Equation: sin(-0.019690232380309067 * sin(x0)) + 876.1135740789666
Residuals:
47191681.62753851 48176794.53393925 48432058.03963019 48568363.84701901 49453947.77646567 49662304.13177596 49728296.12179724 49883584.75788428 50171560.07484219 50459869.195589595 51070842.115630865 51241216.78731554 51287725.48776824 51327169.06021525 51506141.79557767 51676305.1610314 51760452.76878456 52051456.85862377 52216816.7106791 53030710.06111251

Equation: (0.03158839778984229 * (x0 - cos(x0))) + 875.9825525337159
Residuals:
47191680.650396734 48176793.554987244 48432057.0546519 48568362.861054294 49453946.78927171 49662303.14380458 49728295.13188698 49883583.767245136 50171559.08205055 50459868.202258505 51070841.121834576 51241215.79284403 51287724.493184745 51327168.065556586 51506140.80090825 51676304.16664725 51760451.77549034 52051455.86639213 52216815.71944064 53030709.06997825

Equation: ((x0 - cos(x0)) * sin(0.03158839778984229)) + 875.9825525337159
Residuals:
47191680.65057904 48176793.555169985 48432057.05483624 48568362.86123892 49453946.78945671 49662303.143989824 49728295.13207287 49883583.7674313 50171559.082237616 50459868.20244585 51070841.1220222 51241215.7930322 51287724.493373066 51327168.065745056 51506140.80109676 51676304.166836366 51760451.77567986 52051455.866581805 52216815.719630405 53030709.07016802

Equation: (sin(sin(0.03158839778984229)) * (x0 - cos(x0))) + 875.9825525337159
Residuals:
47191680.650761254 48176793.55535264 48432057.05502049 48568362.861423455 49453946.78964162 49662303.14417497 49728295.132258676 49883583.76761736 50171559.08242459 50459868.2026331 51070841.12220973 51241215.79322028 51287724.4935613 51327168.065933436 51506140.80128518 51676304.16702538 51760451.77586927 52051455.86677139 52216815.71982007 53030709.07035769

Equation: (((x2 * x1) * cos(1.5721224235276932)) * sin(x0)) + 876.1127476371519
Residuals:
47191682.537877314 48176795.38139811 48432058.6156103 48568364.369170986 49453948.222817294 49662304.526482165 49728296.36372789 49883584.933769666 50171559.989383586 50459869.01737856 51070841.83954553 51241216.29315271 51287724.92775178 51327168.428926356 51506141.14493359 51676304.18430657 51760451.48749038 52051455.39737068 52216815.11471354 53030708.450273216

Equation: (((-0.0018461312743131124 * x1) * cos(0.7694247951435436)) * (sin(x0) * x2)) + 876.1127476371533
Residuals:
47191682.537877314 48176795.38139811 48432058.61561031 48568364.369170986 49453948.2228173 49662304.526482165 49728296.36372789 49883584.933769666 50171559.989383586 50459869.01737856 51070841.83954553 51241216.29315271 51287724.92775178 51327168.428926356 51506141.14493358 51676304.18430657 51760451.48749038 52051455.39737067 52216815.114713535 53030708.45027321

Equation: x2
Residuals:
78264753.48808631 78281310.62306869 78443150.54065007 79015395.70705242 79443963.3871796 79848809.71259241 79914113.3440166 81195773.32605281 81299178.28670727 81747527.97502944 82144701.2568063 82307576.89775926 82522016.49822222 82545386.13195543 83415915.29247633 83761836.22694415 84851387.33172278 85079806.42832208 85644513.68928617 89529246.8690523

Equation: x4 ^ x2
Residuals:
5.663719149651349e+58 8.343109145579183e+58 1.0037568767725645e+59 1.2630655391552722e+59 1.6033342324376673e+59 3.0717830385582024e+59 4.145528853179792e+59 6.339142091312182e+59 8.971724454495435e+59 1.0986101823245536e+60 3.370068352115344e+60 4.710614195554155e+60 5.990893986802176e+60 1.3923898297046e+61 1.7987745760887186e+61 1.9918932634161505e+61 2.6511557347590294e+61 6.036321775542598e+61 1.071835395422893e+62 3.8498969017694906e+62

Equation: (x4 ^ x2) + x3
Residuals:
5.663719149651349e+58 8.343109145579183e+58 1.0037568767725645e+59 1.2630655391552722e+59 1.6033342324376673e+59 3.0717830385582024e+59 4.145528853179792e+59 6.339142091312182e+59 8.971724454495435e+59 1.0986101823245536e+60 3.370068352115344e+60 4.710614195554155e+60 5.990893986802176e+60 1.3923898297046e+61 1.7987745760887186e+61 1.9918932634161505e+61 2.6511557347590294e+61 6.036321775542598e+61 1.071835395422893e+62 3.8498969017694906e+62

Equation: 1018.3440607695892 - x0
Residuals:
78263809.87000518 78280367.18472907 78442207.16736263 79014452.51561046 79443020.36128825 79847867.04770721 79913170.88673426 81194830.99710526 81298236.13818726 81746585.9089247 82143759.5827609 82306635.4937365 82521075.33270377 82544445.27419496 83414974.58203487 83760895.54610538 84850446.76861529 85078866.11990851 85643573.51908982 89528307.11678238

Equation: 1013.4519910921957 - sin(x2)
Residuals:
78263777.0625804 78280334.39968638 78442174.34560795 79014419.57820092 79442987.3626569 79847833.95084897 79913137.72790417 81194797.94097772 81298203.01731639 81746552.81294954 82143726.67563842 82306602.33962725 82521042.00297846 82544412.02504122 83414941.24456234 83760862.21443295 84850413.39549585 85078832.80949797 85643540.10309276 89528273.67111586

Equation: 1014.1875232695709 + (x4 - x4)
Residuals:
78263776.66011776 78280333.89830858 78442173.8302478 79014419.03009732 79442986.76273687 79847833.21974887 79913136.92401525 81194797.0220653 81298202.04123129 81746551.7842041 82143725.37226985 82306601.02588318 82521040.66117467 82544410.52063005 83414939.71745208 83760860.67401525 84850411.82726856 85078831.14139122 85643538.42653212 89528271.93570739

Equation: 507.10299384887446 - -507.0845294206965
Residuals:
78263776.66011776 78280333.89830858 78442173.8302478 79014419.03009732 79442986.76273687 79847833.21974887 79913136.92401525 81194797.0220653 81298202.04123129 81746551.7842041 82143725.37226985 82306601.02588318 82521040.66117467 82544410.52063005 83414939.71745208 83760860.67401525 84850411.82726856 85078831.14139122 85643538.42653212 89528271.93570739

Equation: (cos(x1) / (x4 ^ x0)) + 1014.19120046118
Residuals:
78263776.65644057 78280333.89463139 78442173.82657062 79014419.02642013 79442986.75905968 79847833.21607168 79913136.92033806 81194797.0183881 81298202.0375541 81746551.7805269 82143725.36859266 82306601.022206 82521040.65749748 82544410.51695286 83414939.71377489 83760860.67033806 84850411.82359137 85078831.13771403 85643538.42285493 89528271.9320302

Equation: (1497.1754995547226 + (cos(x1) / (x4 ^ x0))) + -482.9842990935425
Residuals:
78263776.65644057 78280333.89463139 78442173.82657062 79014419.02642013 79442986.75905968 79847833.21607168 79913136.92033806 81194797.0183881 81298202.0375541 81746551.7805269 82143725.36859266 82306601.022206 82521040.65749748 82544410.51695286 83414939.71377489 83760860.67033806 84850411.82359137 85078831.13771403 85643538.42285493 89528271.9320302

Equation: (((1.003169381887403 ^ x4) + 663.092916316988) + (cos(1.9634847279181782) / (x1 ^ x0))) / sin(sin(sin(0.9191770875293778)))
Residuals:
78263776.48453084 78280333.7226477 78442173.65386419 79014418.85312182 79442986.58549921 79847833.04156953 79913136.74564427 81194796.84367777 81298201.86210962 81746551.60506216 82143725.1930929 82306600.8451367 82521040.4798087 82544410.33915703 83414939.53530593 83760860.49175309 84850411.64441249 85078830.95838565 85643538.24086696 89528271.7496594

Equation: x4
Residuals:
7717873839.339167 7817625777.184348 7829609314.39057 7889259658.523176 7897302971.757412 7899982391.097021 7935915685.459044 7947083705.8692665 7950982553.539106 7965230879.3782215 7969165079.687452 7974446841.982765 7993510985.521159 7995719660.733051 8025785058.006081 8026070376.187641 8028714678.301283 8065171175.594761 8092332974.11794 8102177322.527815

Equation: x4 ^ x0
Residuals:
1.5991408127345278e+187 1.7355149578144879e+187 2.5643190290441756e+187 3.547332020998155e+187 5.4067550894417594e+187 6.0061556933739294e+187 1.016905063147118e+188 1.520069908908753e+188 3.193626830390295e+188 3.382206274729431e+188 7.06120710745249e+188 9.833626710610807e+188 3.9374592452353365e+189 5.172098260826596e+189 6.047883790805937e+189 8.637857817520921e+189 9.782187294493134e+189 6.729273842089878e+190 1.0042730745163883e+191 4.2166381848568844e+191

Equation: x3 * (x2 ^ x2)
Residuals:
1.0280339355381017e+189 1.136968221647141e+189 2.8243227374032277e+189 2.989962987826858e+189 3.003412876714241e+189 4.671932512047879e+189 6.517236119944294e+189 2.7013815758860557e+190 7.127119876853758e+190 2.0285818312981696e+191 5.600175255571954e+191 6.852007871445643e+191 8.705812183677041e+191 1.0835795308352694e+192 1.881932276668375e+192 3.52668594034687e+192 7.979176364383556e+192 1.4318430407912225e+193 4.7699978950571264e+193 5.049123952795987e+193

Equation: 805.6802968988292 + x4
Residuals:
7717873033.65887 7817624971.504051 7829608508.710273 7889258852.842879 7897302166.077115 7899981585.416724 7935914879.778748 7947082900.18897 7950981747.858809 7965230073.697925 7969164274.007155 7974446036.302468 7993510179.840862 7995718855.052754 8025784252.325784 8026069570.507344 8028713872.620986 8065170369.914464 8092332168.437643 8102176516.847518

Equation: 879.6926236814212 + cos(x0)
Residuals:
7717873053.486108 7817624991.381901 7829608528.696136 7889258872.976043 7897302186.393511 7899981605.769136 7935914900.225395 7947082920.713533 7950981768.558396 7965230094.436674 7969164295.070259 7974446057.625931 7993510201.461454 7995718876.796036 8025784274.187767 8026069592.569472 8028713894.744874 8065170392.524938 8092332191.159664 8102176540.007426

Equation: sin(cos(x0)) + 875.1093820262455
Residuals:
7717873058.183344 7817624996.077851 7829608533.379987 7889258877.651951 7897302191.058506 7899981610.430944 7935914904.867548 7947082925.34183 7950981773.166021 7965230099.043731 7969164299.666346 7974446062.220488 7993510206.044973 7995718881.379352 8025784278.771056 8026069597.152716 8028713899.328115 8065170397.098619 8092332195.72705 8102176544.540456

Equation: (876.2105097335668 - (x2 / x0)) + sin(cos(x2))
Residuals:
7717873058.0642805 7817624995.961119 7829608533.292813 7889258877.552352 7897302190.934599 7899981610.332521 7935914904.742928 7947082925.324925 7950981773.184283 7965230099.230225 7969164299.944995 7974446062.519274 7993510206.104255 7995718881.435899 8025784278.915292 8026069597.360425 8028713899.647754 8065170397.115822 8092332195.821668 8102176544.454928

Equation: (436.5761061629496 - (x2 / x2)) + 438.97017675662454
Residuals:
7717873059.525315 7817624997.417648 7829608534.697999 7889258878.954218 7897302192.336905 7899981611.701816 7935914906.0848055 7947082926.511058 7950981774.234123 7965230100.108227 7969164300.64346 7974446063.181363 7993510206.726282 7995718882.018983 8025784279.400117 8026069597.737921 8028713899.895714 8065170397.284661 8092332195.847904 8102176544.47827

Equation: (-1.8213088843822698 * -241.10349416145044) + 435.4223469477044
Residuals:
7717873059.525315 7817624997.417648 7829608534.697999 7889258878.954218 7897302192.336905 7899981611.701816 7935914906.0848055 7947082926.511058 7950981774.234123 7965230100.108227 7969164300.64346 7974446063.181363 7993510206.726282 7995718882.018983 8025784279.400117 8026069597.737921 8028713899.895714 8065170397.284661 8092332195.847904 8102176544.47827

Equation: (875.5283045876339 - (x1 / x1)) + (sin(3389.773802173783) * x1)
Residuals:
7717873059.101223 7817624996.993485 7829608534.273505 7889258878.529477 7897302191.911988 7899981611.276174 7935914905.658521 7947082926.083952 7950981773.806541 7965230099.68028 7969164300.214703 7974446062.752443 7993510206.29736 7995718881.589376 8025784278.970242 8026069597.307437 8028713899.465209 8065170396.853589 8092332195.415379 8102176544.045046

Equation: (875.4653837857358 - (x1 / x1)) + (0.010199492698797942 * (x3 + x3))
Residuals:
7717873057.675418 7817624995.567732 7829608532.846393 7889258877.098376 7897302190.477704 7899981609.837565 7935914904.220403 7947082924.644722 7950981772.364433 7965230098.237515 7969164298.769704 7974446061.307071 7993510204.849463 7995718880.13976 8025784277.519083 8026069595.855983 8028713898.013276 8065170395.3982315 8092332193.960978 8102176542.588862

Equation: x4 ^ x0
Residuals:
1.1335932285265474e+97 1.5260828904261796e+97 2.729791582316824e+97 3.4706967368810145e+97 8.135434000124957e+97 1.0106356130999812e+98 2.3540131149732265e+98 4.78486171645901e+98 1.332532970701022e+99 1.6416296837678145e+99 2.1839076533055538e+99 2.8357551075501842e+99 5.815831345347207e+99 9.064587218401405e+99 1.357207918655662e+100 1.8548166968956485e+100 2.5478303683913376e+100 2.789549609242732e+100 1.3681289832800406e+101 1.6036189869208428e+101

Equation: (x4 ^ x0) + x1
Residuals:
1.1335932285265474e+97 1.5260828904261796e+97 2.729791582316824e+97 3.4706967368810145e+97 8.135434000124957e+97 1.0106356130999812e+98 2.3540131149732265e+98 4.78486171645901e+98 1.332532970701022e+99 1.6416296837678145e+99 2.1839076533055538e+99 2.8357551075501842e+99 5.815831345347207e+99 9.064587218401405e+99 1.357207918655662e+100 1.8548166968956485e+100 2.5478303683913376e+100 2.789549609242732e+100 1.3681289832800406e+101 1.6036189869208428e+101

Equation: x3 / 0.00432086282392456
Residuals:
559632727.8357737 560512155.0659604 561139041.7903124 563144757.6114783 565608086.48113 567602818.521802 568183169.5727962 568977088.9269936 571215113.4750757 571486247.1066432 572859160.427496 577330366.877306 578435036.7482107 581834832.9605416 585679067.2198792 587647410.6646214 587929009.4962629 591888164.2535464 591974572.3585336 595183441.8601269

Equation: (x3 / 0.00432086282392456) - cos(x0 + x2)
Residuals:
559632727.5035355 560512154.8811674 561139041.7303362 563144757.7996141 565608086.8776834 567602818.9553508 568183170.3356974 568977089.7951609 571215114.4652424 571486248.103483 572859161.4274896 577330367.8744165 578435037.6960391 581834833.8273295 585679068.0273265 587647411.38571 587929010.1656461 591888164.8404299 591974572.4970605 595183441.822136

Equation: (x3 / 0.004498204475713728) + (x2 * (x4 + x1))
Residuals:
559627054.7600933 560506463.9088687 561133338.4226607 563139031.3161397 565602344.5992607 567597055.6902343 568177362.0056527 568971259.9951619 571209263.7956167 571480379.0926778 572853285.871437 577324470.970248 578429127.2512202 581828913.7095433 585673136.1788286 587641467.0713338 587923050.0307614 591882184.892189 591968561.8209635 595177397.4422425

Equation: (x3 - -191.57560494746772) * (x3 + 0.7805612114321451)
Residuals:
559631659.3572766 560511084.7990147 561137968.8117071 563143683.8317163 565607012.2516712 567601730.948228 568182054.0128425 568975967.1450778 571213991.0964094 571485110.802821 572858019.5978667 577329222.2283065 578433889.4905021 581833682.1038982 585677902.8521194 587646232.7852033 587927815.9233514 591886970.6508412 591973366.9431459 595182235.5846384

Equation: (sin(x3 + -0.5035931609121154) + x3) / 0.004498204475713728
Residuals:
559633455.8062073 560512882.5144587 561139768.191025 563145483.6438446 565608812.2950494 567603534.1124475 568183842.3254077 568977748.7880313 571215772.0448284 571486873.1386305 572859775.018201 577330971.5407122 578435634.5036705 581835421.0355198 585679617.79561 587647922.9008387 587929477.8661815 591888632.5420363 591975009.2299511 595183876.5225106

Equation: ((x4 + x4) + (x2 + 921.174985689289)) + (x4 - sin(x3))
Residuals:
559644452.4414355 560523885.2830198 561150780.3179759 563156498.4540364 565619828.2160966 567614602.8107736 568195041.868989 568988980.2619579 571227006.5633123 571498183.955542 572871111.2365935 577342329.1038003 578447006.9063131 581846814.2810377 585691090.2472543 587659475.5260332 587941122.1286345 591900276.7654101 591986720.1950258 595195591.7782484

Equation: ((x4 - -544.407724722125) + 178.25046585353786) - -177.73387663590069
Residuals:
559644640.8444196 560524073.7921748 561150969.0767231 563156687.4425527 565620017.5843583 567614792.1745535 568195231.6561406 568989170.4070504 571227196.8296813 571498374.1038431 572871301.4956404 577342519.6988074 578447197.6506003 581847005.0673852 585691281.1424993 587659666.3218722 587941313.1866086 591900467.9956776 591986911.9764327 595195783.9756646

Equation: ((x4 - sin(x3)) - (cos(x4) * x4)) + ((x4 + x2) + (886.1044855138138 + x4))
Residuals:
559644520.6998388 560523954.3832095 561150854.9181141 563156573.8880583 565619909.6490505 567614686.1635365 568195130.9001932 568989071.5331454 571227097.8462244 571498275.3849915 572871202.8619301 577342420.0437858 578447097.3290826 581846904.6927807 585691178.8207605 587659564.0550168 587941206.0834696 591900359.5499305 591986793.9051768 595195659.8815948

Equation: ((x3 + 58.460410717075675) + (58.944194620162165 - x3)) * (40.18564565424805 / 5.215346622269146)
Residuals:
559644692.2197663 560524125.1862577 561151020.600532 563156738.9873983 565620069.2968565 567614843.9495435 568195283.6758938 568989222.6190351 571227249.0435318 571498426.3444222 572871353.8103377 577342572.1791675 578447250.1815113 581847057.5992409 585691333.7963183 587659718.9781007 587941366.0361845 591900520.8847717 591986965.115179 595195837.241316

Equation: x0
Residuals:
4410380595.110707 4419562470.423633 4467076627.853567 4494853961.515275 4495963581.446228 4501130661.901193 4522613176.138086 4522671152.973281 4526034665.789886 4527894660.270797 4544818527.021763 4558044483.8215685 4563634545.45375 4569427016.169262 4613481575.902711 4622127140.231983 4623397830.852273 4652583232.906279 4676821232.370202 4702348670.988558

Equation: x1 ^ x2
Residuals:
4.5993797120595176e+162 7.68673894530407e+162 1.1401570080857989e+163 1.293826263075007e+163 1.6406635947994722e+163 1.474384752913414e+164 3.777225750672377e+164 4.688909722030776e+164 4.838771629140722e+164 5.145916185522434e+164 1.2817549021075934e+165 1.591435868297388e+165 1.845596364956215e+165 2.7088481665205285e+165 3.4916476220560868e+165 6.286469559577647e+165 1.3546825817984888e+166 2.6580675560875364e+166 3.905420289653432e+166 1.410342489037071e+167

Equation: x0 + (x1 ^ x2)
Residuals:
4.5993797120595176e+162 7.68673894530407e+162 1.1401570080857989e+163 1.293826263075007e+163 1.6406635947994722e+163 1.474384752913414e+164 3.777225750672377e+164 4.688909722030776e+164 4.838771629140722e+164 5.145916185522434e+164 1.2817549021075934e+165 1.591435868297388e+165 1.845596364956215e+165 2.7088481665205285e+165 3.4916476220560868e+165 6.286469559577647e+165 1.3546825817984888e+166 2.6580675560875364e+166 3.905420289653432e+166 1.410342489037071e+167

Equation: 909.5380921743567 + x1
Residuals:
4410379685.622816 4419561560.874084 4467075718.28635 4494853051.99361 4495962671.971015 4501129752.461818 4522612266.40234 4522670243.39781 4526033756.494529 4527893751.032649 4544817617.786376 4558043574.429985 4563633636.024778 4569426106.712262 4613480666.7709055 4622126230.903599 4623396921.537222 4652582323.688519 4676820323.02593 4702347761.7125

Equation: sin(x2) + 1003.9357411649618
Residuals:
4410379675.281602 4419561550.717072 4467075708.266084 4494853042.041739 4495962662.131522 4501129743.177509 4522612257.6307535 4522670234.6805725 4526033747.797427 4527893742.389742 4544817609.35131 4558043566.163205 4563633627.833536 4569426098.608296 4613480658.710626 4622126223.109173 4623396913.895342 4652582316.170499 4676820315.667307 4702347754.431877

Equation: (x3 / x3) + 1002.1890813167471
Residuals:
4410379676.408501 4419561551.755252 4467075709.232561 4494853042.991824 4495962663.046026 4501129743.62234 4522612257.962077 4522670234.970816 4526033748.084842 4527893742.675328 4544817609.473504 4558043566.275248 4563633627.930459 4569426098.646708 4613480658.71074 4622126223.055869 4623396913.758038 4652582315.97799 4676820315.457496 4702347754.17866

Equation: 1003.1924825058247 + (sin(x2) / (x4 ^ x2))
Residuals:
4410379676.405099 4419561551.75185 4467075709.229159 4494853042.988422 4495962663.042624 4501129743.618938 4522612257.958675 4522670234.967414 4526033748.08144 4527893742.6719265 4544817609.470102 4558043566.271846 4563633627.927057 4569426098.643306 4613480658.707338 4622126223.052467 4623396913.754636 4652582315.974588 4676820315.454094 4702347754.175259

Equation: 1003.2251435198395 + sin(x0 * (-0.03271884990333852 / x4))
Residuals:
4410379676.405144 4419561551.75185 4467075709.229168 4494853042.988441 4495962663.042679 4501129743.618859 4522612257.958579 4522670234.967379 4526033748.081508 4527893742.672025 4544817609.470217 4558043566.271958 4563633627.92714 4569426098.643317 4613480658.707405 4622126223.052471 4623396913.754649 4652582315.974628 4676820315.454125 4702347754.175321

Equation: (cos(x4) / (x1 ^ x4)) + ((x1 / x1) + 1002.1964512990435)
Residuals:
4410379676.401131 4419561551.747882 4467075709.225191 4494853042.984454 4495962663.038656 4501129743.61497 4522612257.954707 4522670234.963446 4526033748.077472 4527893742.667958 4544817609.466134 4558043566.267878 4563633627.923089 4569426098.639338 4613480658.70337 4622126223.048499 4623396913.750668 4652582315.97062 4676820315.450126 4702347754.17129

Equation: (-0.23226354317244266 / x4) + (941.3623413867986 - -61.889715998046164)
Residuals:
4410379676.348273 4419561551.69502 4467075709.172328 4494853042.931588 4495962662.985789 4501129743.562088 4522612257.90182 4522670234.910559 4526033748.024584 4527893742.615069 4544817609.413245 4558043566.214989 4563633627.870196 4569426098.586439 4613480658.650466 4622126222.995589 4623396913.697756 4652582315.917706 4676820315.39721 4702347754.118374

Equation: (5.3156678887025715 * 188.72337858009465) + (sin(sin(251.34151256522384)) * cos(-30.379906953341923 / x4))
Residuals:
4410379676.39358 4419561551.740329 4467075709.217637 4494853042.976899 4495962663.0311 4501129743.607405 4522612257.947139 4522670234.955876 4526033748.069902 4527893742.660388 4544817609.458564 4558043566.260307 4563633627.915517 4569426098.631762 4613480658.69579 4622126223.0409155 4623396913.743083 4652582315.963034 4676820315.442538 4702347754.163702

Equation: (0.01566734815847326 * x4) + ((978.9991767657972 - (-39.208610203017045 - -43.75294926147791)) - -28.67439130357838)
Residuals:
4410379675.144342 4419561550.488758 4467075707.965683 4494853041.723845 4495962661.777536 4501129742.346515 4522612256.683903 4522670233.692437 4526033746.80603 4527893741.39602 4544817608.194118 4558043564.995779 4563633626.649414 4569426097.362721 4613480657.423851 4622126221.766134 4623396912.467391 4652582314.685861 4676820314.164748 4702347752.885572

Equation: x1
Residuals:
22145334.469412412 22925150.424253177 23651395.603211947 23736836.991373412 23872183.508330274 24965091.35917102 25148949.00618839 25435191.50682256 25444724.13838395 25529742.773866422 25556508.367810052 25576496.81423868 25672704.741568286 25770630.53474749 25811039.47490187 25848352.69677943 25936567.69554612 26223490.84028693 26506733.47280634 26916062.82003992

Equation: x2 ^ x3
Residuals:
6.080968934743513e+42 1.0206107253454467e+43 1.207989688163398e+43 2.1249231723336819e+43 2.8830214277028704e+43 5.085127605444154e+43 5.446613656598364e+43 6.243739877826701e+43 1.2709849973216121e+44 2.1673389662623024e+44 3.4061519007970346e+44 5.1782572362852006e+44 1.1992204183431812e+45 3.0195893453869356e+45 3.757717561947593e+45 4.7953564391833496e+45 6.63926314351935e+45 6.821554661601729e+45 1.0741102666302962e+46 2.627060898388435e+46

Equation: (x2 ^ x3) + x4
Residuals:
6.080968934743513e+42 1.0206107253454467e+43 1.207989688163398e+43 2.1249231723336819e+43 2.8830214277028704e+43 5.085127605444154e+43 5.446613656598364e+43 6.243739877826701e+43 1.2709849973216121e+44 2.1673389662623024e+44 3.4061519007970346e+44 5.1782572362852006e+44 1.1992204183431812e+45 3.0195893453869356e+45 3.757717561947593e+45 4.7953564391833496e+45 6.63926314351935e+45 6.821554661601729e+45 1.0741102666302962e+46 2.627060898388435e+46

Equation: 959.6285308250386 + x2
Residuals:
22144374.920541074 22924190.578186415 23650435.73303653 23735877.10047494 23871223.811697125 24964131.537030432 25147989.251729403 25434231.658575814 25443764.30172009 25528782.94160573 25555548.486400552 25575536.844601303 25671744.732967485 25769670.6183306 25810079.59001922 25847392.880236965 25935607.90623072 26222531.47165312 26505773.886471726 26915103.367806755

Equation: 964.5044354602471 + sin(x4)
Residuals:
22144400.048207134 22924216.1101004 23650461.345098924 23735902.92042019 23871249.647084065 24964157.532298785 25148015.11113979 25434257.638273206 25443790.254473533 25528808.86162427 25555574.512366913 25575562.924625743 25671770.84899145 25769696.705025762 25810105.671527203 25847418.9327783 25935633.95420107 26222557.530125063 26505800.202445112 26915129.73161358

Equation: 963.8162824992448 + (x0 - x0)
Residuals:
22144399.93050975 22924215.925626505 23650461.14233963 23735902.624500312 23871249.33787949 24964157.22214203 25148014.96493641 25434257.50537322 25443790.153446157 25528808.810530405 25555574.46498127 25575562.92571994 25671770.8658659 25769696.7714492 25810105.787025787 25847419.238834646 25935634.29855116 26222557.8887353 26505800.569877908 26915130.10313718

Equation: 963.9558111537987 + -0.0037178287477212333
Residuals:
22144399.794698924 22924215.78981568 23650461.006528802 23735902.488689486 23871249.202068664 24964157.086331204 25148014.829125583 25434257.369562395 25443790.01763533 25528808.67471958 25555574.329170443 25575562.789909113 25671770.730055075 25769696.635638375 25810105.65121496 25847419.10302382 25935634.162740335 26222557.752924476 26505800.43406708 26915129.967326354

Equation: 964.0055273875678 + (-0.22784128952348806 / x2)
Residuals:
22144399.749068256 22924215.744095847 23650460.960792847 23735902.442923807 23871249.15630243 24964157.040524174 25148014.783311386 25434257.323714305 25443789.971785996 25528808.628865905 25555574.283289216 25575562.744002298 25671770.684135407 25769696.5897137 25810105.60527944 25847419.05704863 25935634.11675692 26222557.706935033 26505800.38801341 26915129.921260294

Equation: ((x2 + x2) - (-85.92775507139083 / cos(-1.3788701283743574))) * (x2 + ((x2 - 2.1196873255843625) / -0.9909560939180433))
Residuals:
22144410.859567948 22924227.16016282 23650472.433325075 23735914.020538002 23871260.73589696 24964168.766498815 25148026.535258878 25434269.199553743 25443801.852208737 25528820.52528907 25555586.281982742 25575574.83872446 25671782.827496063 25769708.752094414 25810117.80899459 25847431.41355883 25935646.50527438 26222570.118981015 26505813.054533917 26915142.63769629

Equation: x4
Residuals:
225235755.9402502 225466556.1081145 227600226.901758 231455686.17798334 231864061.06182042 232530365.51676366 232554561.60673934 232716419.99562126 233450920.58928674 234159097.45736203 234304013.40446976 234739322.6220045 235289575.34135625 235457680.5974231 237609739.77236408 239158000.7177386 239245390.8799551 241235260.44900098 242806513.17956677 244554482.56297088

Equation: x1 ^ x0
Residuals:
6.554073281711634e+76 1.185278111905148e+77 1.5031850015315784e+77 2.371018711545894e+77 3.8353158267705877e+77 8.90724330522663e+77 3.1021886447704816e+78 5.735916641928672e+78 8.396891496881516e+78 1.373368762561439e+79 2.7817018503648433e+79 4.402609239200656e+79 4.861504312243763e+79 5.8072378379850425e+79 1.1401395557128898e+80 1.4127363353988445e+80 2.043655884537915e+80 3.8912363976357665e+80 9.552504614911272e+80 1.0305081181244753e+81

Equation: x3 + (x1 ^ x0)
Residuals:
6.554073281711634e+76 1.185278111905148e+77 1.5031850015315784e+77 2.371018711545894e+77 3.8353158267705877e+77 8.90724330522663e+77 3.1021886447704816e+78 5.735916641928672e+78 8.396891496881516e+78 1.373368762561439e+79 2.7817018503648433e+79 4.402609239200656e+79 4.861504312243763e+79 5.8072378379850425e+79 1.1401395557128898e+80 1.4127363353988445e+80 2.043655884537915e+80 3.8912363976357665e+80 9.552504614911272e+80 1.0305081181244753e+81

Equation: x0 ^ (x4 - cos(x4))
Residuals:
2.0220676485784686e+78 8.391708888533657e+78 1.5649880436141778e+79 3.251351462127385e+79 3.765687805679028e+79 6.369610849931302e+79 1.1112044389377982e+80 1.505681063830708e+80 1.6135333214794983e+80 4.5467896624873566e+80 5.732512799681727e+80 6.203552070586026e+80 8.889734387598614e+80 1.0117468552960581e+81 1.781477588155212e+81 2.335969966641718e+81 4.045066926296116e+81 4.838335891706948e+81 6.406015913241552e+81 7.091997066831468e+81

Equation: (x3 ^ x0) + (x4 ^ x2)
Residuals:
2.1676211895669387e+77 3.840742147763762e+77 4.8247384591646e+77 7.665797160563384e+77 9.148095330406062e+77 3.3487931867919182e+78 1.151790667893421e+79 1.655493401802087e+79 2.8657828679876605e+79 3.9679188967458186e+79 6.076855704886592e+79 7.858628834991173e+79 9.581818479445159e+79 1.1562993024510237e+80 2.1142439742133642e+80 3.181793765592375e+80 4.972911814172392e+80 7.766114057639309e+80 1.3106725034851753e+81 1.600248987228478e+81

Equation: (1158.5588837195098 + x2) - sin(x0)
Residuals:
225234598.2243771 225465398.42480054 227599069.25223967 231454528.49307236 231862903.30007702 232529207.3351714 232553402.86876836 232715261.07764992 233449761.467285 234157938.42763785 234302854.1658395 234738163.30204767 235288416.0756568 235456521.29266188 237608580.41861516 239156841.36123672 239244231.65162835 241234101.0614618 242805353.70764238 244553323.12261125

Equation: (581.4858682405564 - -581.279927382455) + x0
Residuals:
225234593.36074904 225465393.62489566 227599064.47142637 231454523.74824786 231862898.53913677 232529202.95940933 232553398.77680582 232715257.04345015 233449757.60634333 234157934.580931 234302850.38226646 234738159.57409853 235288412.38351512 235456517.63560656 237608576.7749005 239156837.8274044 239244228.17217046 241234097.62449 242805350.21143183 244553319.66716874

Equation: x0 + ((578.7918662998538 - -583.6105303834051) - cos(x0))
Residuals:
225234593.157011 225465393.33148128 227599064.14318538 231454523.34258997 231862898.07280752 232529202.43409628 232553398.15231076 232715256.40685067 233449756.9703827 234157933.95583677 234302849.79500723 234738158.9990122 235288411.81275105 235456517.07756302 237608576.2977498 239156837.3529679 239244227.74691635 241234097.29498717 242805350.0441035 244553319.5139667

Equation: ((583.4764377831694 - -583.517582839842) - cos(x0)) + cos(x0)
Residuals:
225234635.2886431 225465435.666349 227599106.56005207 231454565.95048058 231862940.84262583 232529245.37880588 232553441.51671115 232715299.93733823 233449800.53779858 234157977.62844425 234302893.59337708 234738202.82234228 235288455.64407003 235456560.93029064 237608620.24306458 239156881.3005594 239244271.73001644 241234141.32544538 242805394.11843455 244553363.5907535

Equation: x3
Residuals:
47192523.82049763 48177636.66200793 48432900.091316186 48569205.89560714 49454789.81562484 49663146.09892729 49729138.04388987 49884426.66919954 50172401.82547487 50460710.902837574 51071683.79096057 51242058.448996946 51288567.10572239 51328010.46715258 51506983.11612384 51677146.31398785 51761293.86897785 52052297.60643201 52217657.19313439 53031550.39971567

Equation: x3 ^ x3
Residuals:
7.778100097715373e+51 1.0472646450690488e+52 1.5039896210033565e+52 1.530315756462398e+52 1.6043168026919722e+52 2.2299491472095623e+52 2.759672698324308e+52 2.90927191751791e+52 6.119534905508401e+52 7.489514334939265e+52 8.704146570423155e+52 9.372059950696854e+52 1.1471369103141156e+53 3.0040797655929403e+53 4.453894910805635e+53 9.722892005291351e+53 1.2563543585059533e+54 6.328031743912295e+54 2.1421215490187367e+55 4.1398016195555924e+55

Equation: (x3 ^ x3) + x2
Residuals:
7.778100097715373e+51 1.0472646450690488e+52 1.5039896210033565e+52 1.530315756462398e+52 1.6043168026919722e+52 2.2299491472095623e+52 2.759672698324308e+52 2.90927191751791e+52 6.119534905508401e+52 7.489514334939265e+52 8.704146570423155e+52 9.372059950696854e+52 1.1471369103141156e+53 3.0040797655929403e+53 4.453894910805635e+53 9.722892005291351e+53 1.2563543585059533e+54 6.328031743912295e+54 2.1421215490187367e+55 4.1398016195555924e+55

Equation: x3 + 872.0541722393898
Residuals:
47191651.76632539 48176764.60783569 48432028.037143946 48568333.8414349 49453917.76145261 49662274.04475505 49728265.98971763 49883554.6150273 50171529.77130263 50459838.848665334 51070811.73678834 51241186.394824706 51287695.05155015 51327138.41298034 51506111.0619516 51676274.25981561 51760421.81480561 52051425.55225977 52216785.13896216 53030678.34554343

Equation: 875.3998822189951 - sin(x3)
Residuals:
47191682.93356263 48176795.78716387 48432059.227994815 48568365.03275712 49453948.95402204 49662305.24465564 49728297.19320162 49883585.81927163 50171560.98190671 50459870.059924126 51070842.948338516 51241217.60646945 51287726.26333155 51327169.6254313 51506142.27615651 51676305.48342529 51760453.043853946 52051456.85471925 52216816.55545938 53030709.84916318

Equation: 876.1232034890572 - (x0 - x0)
Residuals:
47191681.60600034 48176794.51325169 48432058.02251509 48568363.83063836 49453947.76108485 49662304.11708513 49728296.10908456 49883584.746042535 50171560.066297024 50459869.188180014 51070842.10941663 51241216.78373966 51287725.484981455 51327169.05826949 51506141.79382237 51676305.163190424 51760452.77444732 52051456.8663634 52216816.719891496 53030710.07045988

Equation: (-0.17928862338974194 / x0) + 876.1716862722777
Residuals:
47191681.562805064 48176794.47004813 48432057.979279645 48568363.78739677 49453947.71783507 49662304.07382979 49728296.06581361 49883584.70276483 50171560.0229941 50459869.14486844 51070842.06609592 51241216.740398504 51287725.44163405 51327169.01491533 51506141.75046667 51676305.11980115 51760452.73102249 52051456.82291145 52216816.67641204 53030710.02697698

Equation: (-0.019690232380309067 * sin(x0)) + 876.1135740789666
Residuals:
47191681.62753879 48176794.53393948 48432058.039630264 48568363.84701906 49453947.7764657 49662304.131775975 49728296.12179725 49883584.75788428 50171560.07484219 50459869.195589595 51070842.11563086 51241216.7873155 51287725.48776819 51327169.060215175 51506141.795577586 51676305.16103113 51760452.768783964 52051456.8586229 52216816.71067799 53030710.06111137

Equation: sin(-0.019690232380309067 * sin(x0)) + 876.1135740789666
Residuals:
47191681.62753851 48176794.53393925 48432058.03963019 48568363.84701901 49453947.77646567 49662304.13177596 49728296.12179724 49883584.75788428 50171560.07484219 50459869.195589595 51070842.115630865 51241216.78731554 51287725.48776824 51327169.06021525 51506141.79557767 51676305.1610314 51760452.76878456 52051456.85862377 52216816.7106791 53030710.06111251

Equation: (0.03158839778984229 * (x0 - cos(x0))) + 875.9825525337159
Residuals:
47191680.650396734 48176793.554987244 48432057.0546519 48568362.861054294 49453946.78927171 49662303.14380458 49728295.13188698 49883583.767245136 50171559.08205055 50459868.202258505 51070841.121834576 51241215.79284403 51287724.493184745 51327168.065556586 51506140.80090825 51676304.16664725 51760451.77549034 52051455.86639213 52216815.71944064 53030709.06997825

Equation: ((x0 - cos(x0)) * sin(0.03158839778984229)) + 875.9825525337159
Residuals:
47191680.65057904 48176793.555169985 48432057.05483624 48568362.86123892 49453946.78945671 49662303.143989824 49728295.13207287 49883583.7674313 50171559.082237616 50459868.20244585 51070841.1220222 51241215.7930322 51287724.493373066 51327168.065745056 51506140.80109676 51676304.166836366 51760451.77567986 52051455.866581805 52216815.719630405 53030709.07016802

Equation: (sin(sin(0.03158839778984229)) * (x0 - cos(x0))) + 875.9825525337159
Residuals:
47191680.650761254 48176793.55535264 48432057.05502049 48568362.861423455 49453946.78964162 49662303.14417497 49728295.132258676 49883583.76761736 50171559.08242459 50459868.2026331 51070841.12220973 51241215.79322028 51287724.4935613 51327168.065933436 51506140.80128518 51676304.16702538 51760451.77586927 52051455.86677139 52216815.71982007 53030709.07035769

Equation: (((x2 * x1) * cos(1.5721224235276932)) * sin(x0)) + 876.1127476371519
Residuals:
47191682.537877314 48176795.38139811 48432058.6156103 48568364.369170986 49453948.222817294 49662304.526482165 49728296.36372789 49883584.933769666 50171559.989383586 50459869.01737856 51070841.83954553 51241216.29315271 51287724.92775178 51327168.428926356 51506141.14493359 51676304.18430657 51760451.48749038 52051455.39737068 52216815.11471354 53030708.450273216

Equation: (((-0.0018461312743131124 * x1) * cos(0.7694247951435436)) * (sin(x0) * x2)) + 876.1127476371533
Residuals:
47191682.537877314 48176795.38139811 48432058.61561031 48568364.369170986 49453948.2228173 49662304.526482165 49728296.36372789 49883584.933769666 50171559.989383586 50459869.01737856 51070841.83954553 51241216.29315271 51287724.92775178 51327168.428926356 51506141.14493358 51676304.18430657 51760451.48749038 52051455.39737067 52216815.114713535 53030708.45027321

Equation: x2
Residuals:
78264753.48808631 78281310.62306869 78443150.54065007 79015395.70705242 79443963.3871796 79848809.71259241 79914113.3440166 81195773.32605281 81299178.28670727 81747527.97502944 82144701.2568063 82307576.89775926 82522016.49822222 82545386.13195543 83415915.29247633 83761836.22694415 84851387.33172278 85079806.42832208 85644513.68928617 89529246.8690523

Equation: x4 ^ x2
Residuals:
5.663719149651349e+58 8.343109145579183e+58 1.0037568767725645e+59 1.2630655391552722e+59 1.6033342324376673e+59 3.0717830385582024e+59 4.145528853179792e+59 6.339142091312182e+59 8.971724454495435e+59 1.0986101823245536e+60 3.370068352115344e+60 4.710614195554155e+60 5.990893986802176e+60 1.3923898297046e+61 1.7987745760887186e+61 1.9918932634161505e+61 2.6511557347590294e+61 6.036321775542598e+61 1.071835395422893e+62 3.8498969017694906e+62

Equation: (x4 ^ x2) + x3
Residuals:
5.663719149651349e+58 8.343109145579183e+58 1.0037568767725645e+59 1.2630655391552722e+59 1.6033342324376673e+59 3.0717830385582024e+59 4.145528853179792e+59 6.339142091312182e+59 8.971724454495435e+59 1.0986101823245536e+60 3.370068352115344e+60 4.710614195554155e+60 5.990893986802176e+60 1.3923898297046e+61 1.7987745760887186e+61 1.9918932634161505e+61 2.6511557347590294e+61 6.036321775542598e+61 1.071835395422893e+62 3.8498969017694906e+62

Equation: 1018.3440607695892 - x0
Residuals:
78263809.87000518 78280367.18472907 78442207.16736263 79014452.51561046 79443020.36128825 79847867.04770721 79913170.88673426 81194830.99710526 81298236.13818726 81746585.9089247 82143759.5827609 82306635.4937365 82521075.33270377 82544445.27419496 83414974.58203487 83760895.54610538 84850446.76861529 85078866.11990851 85643573.51908982 89528307.11678238

Equation: 1013.4519910921957 - sin(x2)
Residuals:
78263777.0625804 78280334.39968638 78442174.34560795 79014419.57820092 79442987.3626569 79847833.95084897 79913137.72790417 81194797.94097772 81298203.01731639 81746552.81294954 82143726.67563842 82306602.33962725 82521042.00297846 82544412.02504122 83414941.24456234 83760862.21443295 84850413.39549585 85078832.80949797 85643540.10309276 89528273.67111586

Equation: 1014.1875232695709 + (x4 - x4)
Residuals:
78263776.66011776 78280333.89830858 78442173.8302478 79014419.03009732 79442986.76273687 79847833.21974887 79913136.92401525 81194797.0220653 81298202.04123129 81746551.7842041 82143725.37226985 82306601.02588318 82521040.66117467 82544410.52063005 83414939.71745208 83760860.67401525 84850411.82726856 85078831.14139122 85643538.42653212 89528271.93570739

Equation: 507.10299384887446 - -507.0845294206965
Residuals:
78263776.66011776 78280333.89830858 78442173.8302478 79014419.03009732 79442986.76273687 79847833.21974887 79913136.92401525 81194797.0220653 81298202.04123129 81746551.7842041 82143725.37226985 82306601.02588318 82521040.66117467 82544410.52063005 83414939.71745208 83760860.67401525 84850411.82726856 85078831.14139122 85643538.42653212 89528271.93570739

Equation: (cos(x1) / (x4 ^ x0)) + 1014.19120046118
Residuals:
78263776.65644057 78280333.89463139 78442173.82657062 79014419.02642013 79442986.75905968 79847833.21607168 79913136.92033806 81194797.0183881 81298202.0375541 81746551.7805269 82143725.36859266 82306601.022206 82521040.65749748 82544410.51695286 83414939.71377489 83760860.67033806 84850411.82359137 85078831.13771403 85643538.42285493 89528271.9320302

Equation: (1497.1754995547226 + (cos(x1) / (x4 ^ x0))) + -482.9842990935425
Residuals:
78263776.65644057 78280333.89463139 78442173.82657062 79014419.02642013 79442986.75905968 79847833.21607168 79913136.92033806 81194797.0183881 81298202.0375541 81746551.7805269 82143725.36859266 82306601.022206 82521040.65749748 82544410.51695286 83414939.71377489 83760860.67033806 84850411.82359137 85078831.13771403 85643538.42285493 89528271.9320302

Equation: (((1.003169381887403 ^ x4) + 663.092916316988) + (cos(1.9634847279181782) / (x1 ^ x0))) / sin(sin(sin(0.9191770875293778)))
Residuals:
78263776.48453084 78280333.7226477 78442173.65386419 79014418.85312182 79442986.58549921 79847833.04156953 79913136.74564427 81194796.84367777 81298201.86210962 81746551.60506216 82143725.1930929 82306600.8451367 82521040.4798087 82544410.33915703 83414939.53530593 83760860.49175309 84850411.64441249 85078830.95838565 85643538.24086696 89528271.7496594

Equation: x4
Residuals:
7717873839.339167 7817625777.184348 7829609314.39057 7889259658.523176 7897302971.757412 7899982391.097021 7935915685.459044 7947083705.8692665 7950982553.539106 7965230879.3782215 7969165079.687452 7974446841.982765 7993510985.521159 7995719660.733051 8025785058.006081 8026070376.187641 8028714678.301283 8065171175.594761 8092332974.11794 8102177322.527815

Equation: x4 ^ x0
Residuals:
1.5991408127345278e+187 1.7355149578144879e+187 2.5643190290441756e+187 3.547332020998155e+187 5.4067550894417594e+187 6.0061556933739294e+187 1.016905063147118e+188 1.520069908908753e+188 3.193626830390295e+188 3.382206274729431e+188 7.06120710745249e+188 9.833626710610807e+188 3.9374592452353365e+189 5.172098260826596e+189 6.047883790805937e+189 8.637857817520921e+189 9.782187294493134e+189 6.729273842089878e+190 1.0042730745163883e+191 4.2166381848568844e+191

Equation: x3 * (x2 ^ x2)
Residuals:
1.0280339355381017e+189 1.136968221647141e+189 2.8243227374032277e+189 2.989962987826858e+189 3.003412876714241e+189 4.671932512047879e+189 6.517236119944294e+189 2.7013815758860557e+190 7.127119876853758e+190 2.0285818312981696e+191 5.600175255571954e+191 6.852007871445643e+191 8.705812183677041e+191 1.0835795308352694e+192 1.881932276668375e+192 3.52668594034687e+192 7.979176364383556e+192 1.4318430407912225e+193 4.7699978950571264e+193 5.049123952795987e+193

Equation: 805.6802968988292 + x4
Residuals:
7717873033.65887 7817624971.504051 7829608508.710273 7889258852.842879 7897302166.077115 7899981585.416724 7935914879.778748 7947082900.18897 7950981747.858809 7965230073.697925 7969164274.007155 7974446036.302468 7993510179.840862 7995718855.052754 8025784252.325784 8026069570.507344 8028713872.620986 8065170369.914464 8092332168.437643 8102176516.847518

Equation: 879.6926236814212 + cos(x0)
Residuals:
7717873053.486108 7817624991.381901 7829608528.696136 7889258872.976043 7897302186.393511 7899981605.769136 7935914900.225395 7947082920.713533 7950981768.558396 7965230094.436674 7969164295.070259 7974446057.625931 7993510201.461454 7995718876.796036 8025784274.187767 8026069592.569472 8028713894.744874 8065170392.524938 8092332191.159664 8102176540.007426

Equation: sin(cos(x0)) + 875.1093820262455
Residuals:
7717873058.183344 7817624996.077851 7829608533.379987 7889258877.651951 7897302191.058506 7899981610.430944 7935914904.867548 7947082925.34183 7950981773.166021 7965230099.043731 7969164299.666346 7974446062.220488 7993510206.044973 7995718881.379352 8025784278.771056 8026069597.152716 8028713899.328115 8065170397.098619 8092332195.72705 8102176544.540456

Equation: (876.2105097335668 - (x2 / x0)) + sin(cos(x2))
Residuals:
7717873058.0642805 7817624995.961119 7829608533.292813 7889258877.552352 7897302190.934599 7899981610.332521 7935914904.742928 7947082925.324925 7950981773.184283 7965230099.230225 7969164299.944995 7974446062.519274 7993510206.104255 7995718881.435899 8025784278.915292 8026069597.360425 8028713899.647754 8065170397.115822 8092332195.821668 8102176544.454928

Equation: (436.5761061629496 - (x2 / x2)) + 438.97017675662454
Residuals:
7717873059.525315 7817624997.417648 7829608534.697999 7889258878.954218 7897302192.336905 7899981611.701816 7935914906.0848055 7947082926.511058 7950981774.234123 7965230100.108227 7969164300.64346 7974446063.181363 7993510206.726282 7995718882.018983 8025784279.400117 8026069597.737921 8028713899.895714 8065170397.284661 8092332195.847904 8102176544.47827

Equation: (-1.8213088843822698 * -241.10349416145044) + 435.4223469477044
Residuals:
7717873059.525315 7817624997.417648 7829608534.697999 7889258878.954218 7897302192.336905 7899981611.701816 7935914906.0848055 7947082926.511058 7950981774.234123 7965230100.108227 7969164300.64346 7974446063.181363 7993510206.726282 7995718882.018983 8025784279.400117 8026069597.737921 8028713899.895714 8065170397.284661 8092332195.847904 8102176544.47827

Equation: (875.5283045876339 - (x1 / x1)) + (sin(3389.773802173783) * x1)
Residuals:
7717873059.101223 7817624996.993485 7829608534.273505 7889258878.529477 7897302191.911988 7899981611.276174 7935914905.658521 7947082926.083952 7950981773.806541 7965230099.68028 7969164300.214703 7974446062.752443 7993510206.29736 7995718881.589376 8025784278.970242 8026069597.307437 8028713899.465209 8065170396.853589 8092332195.415379 8102176544.045046

Equation: (875.4653837857358 - (x1 / x1)) + (0.010199492698797942 * (x3 + x3))
Residuals:
7717873057.675418 7817624995.567732 7829608532.846393 7889258877.098376 7897302190.477704 7899981609.837565 7935914904.220403 7947082924.644722 7950981772.364433 7965230098.237515 7969164298.769704 7974446061.307071 7993510204.849463 7995718880.13976 8025784277.519083 8026069595.855983 8028713898.013276 8065170395.3982315 8092332193.960978 8102176542.588862

Equation: x4 ^ x0
Residuals:
1.1335932285265474e+97 1.5260828904261796e+97 2.729791582316824e+97 3.4706967368810145e+97 8.135434000124957e+97 1.0106356130999812e+98 2.3540131149732265e+98 4.78486171645901e+98 1.332532970701022e+99 1.6416296837678145e+99 2.1839076533055538e+99 2.8357551075501842e+99 5.815831345347207e+99 9.064587218401405e+99 1.357207918655662e+100 1.8548166968956485e+100 2.5478303683913376e+100 2.789549609242732e+100 1.3681289832800406e+101 1.6036189869208428e+101

Equation: (x4 ^ x0) + x1
Residuals:
1.1335932285265474e+97 1.5260828904261796e+97 2.729791582316824e+97 3.4706967368810145e+97 8.135434000124957e+97 1.0106356130999812e+98 2.3540131149732265e+98 4.78486171645901e+98 1.332532970701022e+99 1.6416296837678145e+99 2.1839076533055538e+99 2.8357551075501842e+99 5.815831345347207e+99 9.064587218401405e+99 1.357207918655662e+100 1.8548166968956485e+100 2.5478303683913376e+100 2.789549609242732e+100 1.3681289832800406e+101 1.6036189869208428e+101

Equation: x3 / 0.00432086282392456
Residuals:
559632727.8357737 560512155.0659604 561139041.7903124 563144757.6114783 565608086.48113 567602818.521802 568183169.5727962 568977088.9269936 571215113.4750757 571486247.1066432 572859160.427496 577330366.877306 578435036.7482107 581834832.9605416 585679067.2198792 587647410.6646214 587929009.4962629 591888164.2535464 591974572.3585336 595183441.8601269

Equation: (x3 / 0.00432086282392456) - cos(x0 + x2)
Residuals:
559632727.5035355 560512154.8811674 561139041.7303362 563144757.7996141 565608086.8776834 567602818.9553508 568183170.3356974 568977089.7951609 571215114.4652424 571486248.103483 572859161.4274896 577330367.8744165 578435037.6960391 581834833.8273295 585679068.0273265 587647411.38571 587929010.1656461 591888164.8404299 591974572.4970605 595183441.822136

Equation: (x3 / 0.004498204475713728) + (x2 * (x4 + x1))
Residuals:
559627054.7600933 560506463.9088687 561133338.4226607 563139031.3161397 565602344.5992607 567597055.6902343 568177362.0056527 568971259.9951619 571209263.7956167 571480379.0926778 572853285.871437 577324470.970248 578429127.2512202 581828913.7095433 585673136.1788286 587641467.0713338 587923050.0307614 591882184.892189 591968561.8209635 595177397.4422425

Equation: (x3 - -191.57560494746772) * (x3 + 0.7805612114321451)
Residuals:
559631659.3572766 560511084.7990147 561137968.8117071 563143683.8317163 565607012.2516712 567601730.948228 568182054.0128425 568975967.1450778 571213991.0964094 571485110.802821 572858019.5978667 577329222.2283065 578433889.4905021 581833682.1038982 585677902.8521194 587646232.7852033 587927815.9233514 591886970.6508412 591973366.9431459 595182235.5846384

Equation: (sin(x3 + -0.5035931609121154) + x3) / 0.004498204475713728
Residuals:
559633455.8062073 560512882.5144587 561139768.191025 563145483.6438446 565608812.2950494 567603534.1124475 568183842.3254077 568977748.7880313 571215772.0448284 571486873.1386305 572859775.018201 577330971.5407122 578435634.5036705 581835421.0355198 585679617.79561 587647922.9008387 587929477.8661815 591888632.5420363 591975009.2299511 595183876.5225106

Equation: ((x4 + x4) + (x2 + 921.174985689289)) + (x4 - sin(x3))
Residuals:
559644452.4414355 560523885.2830198 561150780.3179759 563156498.4540364 565619828.2160966 567614602.8107736 568195041.868989 568988980.2619579 571227006.5633123 571498183.955542 572871111.2365935 577342329.1038003 578447006.9063131 581846814.2810377 585691090.2472543 587659475.5260332 587941122.1286345 591900276.7654101 591986720.1950258 595195591.7782484

Equation: ((x4 - -544.407724722125) + 178.25046585353786) - -177.73387663590069
Residuals:
559644640.8444196 560524073.7921748 561150969.0767231 563156687.4425527 565620017.5843583 567614792.1745535 568195231.6561406 568989170.4070504 571227196.8296813 571498374.1038431 572871301.4956404 577342519.6988074 578447197.6506003 581847005.0673852 585691281.1424993 587659666.3218722 587941313.1866086 591900467.9956776 591986911.9764327 595195783.9756646

Equation: ((x4 - sin(x3)) - (cos(x4) * x4)) + ((x4 + x2) + (886.1044855138138 + x4))
Residuals:
559644520.6998388 560523954.3832095 561150854.9181141 563156573.8880583 565619909.6490505 567614686.1635365 568195130.9001932 568989071.5331454 571227097.8462244 571498275.3849915 572871202.8619301 577342420.0437858 578447097.3290826 581846904.6927807 585691178.8207605 587659564.0550168 587941206.0834696 591900359.5499305 591986793.9051768 595195659.8815948

Equation: ((x3 + 58.460410717075675) + (58.944194620162165 - x3)) * (40.18564565424805 / 5.215346622269146)
Residuals:
559644692.2197663 560524125.1862577 561151020.600532 563156738.9873983 565620069.2968565 567614843.9495435 568195283.6758938 568989222.6190351 571227249.0435318 571498426.3444222 572871353.8103377 577342572.1791675 578447250.1815113 581847057.5992409 585691333.7963183 587659718.9781007 587941366.0361845 591900520.8847717 591986965.115179 595195837.241316

Equation: x0
Residuals:
4410380595.110707 4419562470.423633 4467076627.853567 4494853961.515275 4495963581.446228 4501130661.901193 4522613176.138086 4522671152.973281 4526034665.789886 4527894660.270797 4544818527.021763 4558044483.8215685 4563634545.45375 4569427016.169262 4613481575.902711 4622127140.231983 4623397830.852273 4652583232.906279 4676821232.370202 4702348670.988558

Equation: x1 ^ x2
Residuals:
4.5993797120595176e+162 7.68673894530407e+162 1.1401570080857989e+163 1.293826263075007e+163 1.6406635947994722e+163 1.474384752913414e+164 3.777225750672377e+164 4.688909722030776e+164 4.838771629140722e+164 5.145916185522434e+164 1.2817549021075934e+165 1.591435868297388e+165 1.845596364956215e+165 2.7088481665205285e+165 3.4916476220560868e+165 6.286469559577647e+165 1.3546825817984888e+166 2.6580675560875364e+166 3.905420289653432e+166 1.410342489037071e+167

Equation: x0 + (x1 ^ x2)
Residuals:
4.5993797120595176e+162 7.68673894530407e+162 1.1401570080857989e+163 1.293826263075007e+163 1.6406635947994722e+163 1.474384752913414e+164 3.777225750672377e+164 4.688909722030776e+164 4.838771629140722e+164 5.145916185522434e+164 1.2817549021075934e+165 1.591435868297388e+165 1.845596364956215e+165 2.7088481665205285e+165 3.4916476220560868e+165 6.286469559577647e+165 1.3546825817984888e+166 2.6580675560875364e+166 3.905420289653432e+166 1.410342489037071e+167

Equation: 909.5380921743567 + x1
Residuals:
4410379685.622816 4419561560.874084 4467075718.28635 4494853051.99361 4495962671.971015 4501129752.461818 4522612266.40234 4522670243.39781 4526033756.494529 4527893751.032649 4544817617.786376 4558043574.429985 4563633636.024778 4569426106.712262 4613480666.7709055 4622126230.903599 4623396921.537222 4652582323.688519 4676820323.02593 4702347761.7125

Equation: sin(x2) + 1003.9357411649618
Residuals:
4410379675.281602 4419561550.717072 4467075708.266084 4494853042.041739 4495962662.131522 4501129743.177509 4522612257.6307535 4522670234.6805725 4526033747.797427 4527893742.389742 4544817609.35131 4558043566.163205 4563633627.833536 4569426098.608296 4613480658.710626 4622126223.109173 4623396913.895342 4652582316.170499 4676820315.667307 4702347754.431877

Equation: (x3 / x3) + 1002.1890813167471
Residuals:
4410379676.408501 4419561551.755252 4467075709.232561 4494853042.991824 4495962663.046026 4501129743.62234 4522612257.962077 4522670234.970816 4526033748.084842 4527893742.675328 4544817609.473504 4558043566.275248 4563633627.930459 4569426098.646708 4613480658.71074 4622126223.055869 4623396913.758038 4652582315.97799 4676820315.457496 4702347754.17866

Equation: 1003.1924825058247 + (sin(x2) / (x4 ^ x2))
Residuals:
4410379676.405099 4419561551.75185 4467075709.229159 4494853042.988422 4495962663.042624 4501129743.618938 4522612257.958675 4522670234.967414 4526033748.08144 4527893742.6719265 4544817609.470102 4558043566.271846 4563633627.927057 4569426098.643306 4613480658.707338 4622126223.052467 4623396913.754636 4652582315.974588 4676820315.454094 4702347754.175259

Equation: 1003.2251435198395 + sin(x0 * (-0.03271884990333852 / x4))
Residuals:
4410379676.405144 4419561551.75185 4467075709.229168 4494853042.988441 4495962663.042679 4501129743.618859 4522612257.958579 4522670234.967379 4526033748.081508 4527893742.672025 4544817609.470217 4558043566.271958 4563633627.92714 4569426098.643317 4613480658.707405 4622126223.052471 4623396913.754649 4652582315.974628 4676820315.454125 4702347754.175321

Equation: (cos(x4) / (x1 ^ x4)) + ((x1 / x1) + 1002.1964512990435)
Residuals:
4410379676.401131 4419561551.747882 4467075709.225191 4494853042.984454 4495962663.038656 4501129743.61497 4522612257.954707 4522670234.963446 4526033748.077472 4527893742.667958 4544817609.466134 4558043566.267878 4563633627.923089 4569426098.639338 4613480658.70337 4622126223.048499 4623396913.750668 4652582315.97062 4676820315.450126 4702347754.17129

Equation: (-0.23226354317244266 / x4) + (941.3623413867986 - -61.889715998046164)
Residuals:
4410379676.348273 4419561551.69502 4467075709.172328 4494853042.931588 4495962662.985789 4501129743.562088 4522612257.90182 4522670234.910559 4526033748.024584 4527893742.615069 4544817609.413245 4558043566.214989 4563633627.870196 4569426098.586439 4613480658.650466 4622126222.995589 4623396913.697756 4652582315.917706 4676820315.39721 4702347754.118374

Equation: (5.3156678887025715 * 188.72337858009465) + (sin(sin(251.34151256522384)) * cos(-30.379906953341923 / x4))
Residuals:
4410379676.39358 4419561551.740329 4467075709.217637 4494853042.976899 4495962663.0311 4501129743.607405 4522612257.947139 4522670234.955876 4526033748.069902 4527893742.660388 4544817609.458564 4558043566.260307 4563633627.915517 4569426098.631762 4613480658.69579 4622126223.0409155 4623396913.743083 4652582315.963034 4676820315.442538 4702347754.163702

Equation: (0.01566734815847326 * x4) + ((978.9991767657972 - (-39.208610203017045 - -43.75294926147791)) - -28.67439130357838)
Residuals:
4410379675.144342 4419561550.488758 4467075707.965683 4494853041.723845 4495962661.777536 4501129742.346515 4522612256.683903 4522670233.692437 4526033746.80603 4527893741.39602 4544817608.194118 4558043564.995779 4563633626.649414 4569426097.362721 4613480657.423851 4622126221.766134 4623396912.467391 4652582314.685861 4676820314.164748 4702347752.885572

Equation: x1
Residuals:
22145334.469412412 22925150.424253177 23651395.603211947 23736836.991373412 23872183.508330274 24965091.35917102 25148949.00618839 25435191.50682256 25444724.13838395 25529742.773866422 25556508.367810052 25576496.81423868 25672704.741568286 25770630.53474749 25811039.47490187 25848352.69677943 25936567.69554612 26223490.84028693 26506733.47280634 26916062.82003992

Equation: x2 ^ x3
Residuals:
6.080968934743513e+42 1.0206107253454467e+43 1.207989688163398e+43 2.1249231723336819e+43 2.8830214277028704e+43 5.085127605444154e+43 5.446613656598364e+43 6.243739877826701e+43 1.2709849973216121e+44 2.1673389662623024e+44 3.4061519007970346e+44 5.1782572362852006e+44 1.1992204183431812e+45 3.0195893453869356e+45 3.757717561947593e+45 4.7953564391833496e+45 6.63926314351935e+45 6.821554661601729e+45 1.0741102666302962e+46 2.627060898388435e+46

Equation: (x2 ^ x3) + x4
Residuals:
6.080968934743513e+42 1.0206107253454467e+43 1.207989688163398e+43 2.1249231723336819e+43 2.8830214277028704e+43 5.085127605444154e+43 5.446613656598364e+43 6.243739877826701e+43 1.2709849973216121e+44 2.1673389662623024e+44 3.4061519007970346e+44 5.1782572362852006e+44 1.1992204183431812e+45 3.0195893453869356e+45 3.757717561947593e+45 4.7953564391833496e+45 6.63926314351935e+45 6.821554661601729e+45 1.0741102666302962e+46 2.627060898388435e+46

Equation: 959.6285308250386 + x2
Residuals:
22144374.920541074 22924190.578186415 23650435.73303653 23735877.10047494 23871223.811697125 24964131.537030432 25147989.251729403 25434231.658575814 25443764.30172009 25528782.94160573 25555548.486400552 25575536.844601303 25671744.732967485 25769670.6183306 25810079.59001922 25847392.880236965 25935607.90623072 26222531.47165312 26505773.886471726 26915103.367806755

Equation: 964.5044354602471 + sin(x4)
Residuals:
22144400.048207134 22924216.1101004 23650461.345098924 23735902.92042019 23871249.647084065 24964157.532298785 25148015.11113979 25434257.638273206 25443790.254473533 25528808.86162427 25555574.512366913 25575562.924625743 25671770.84899145 25769696.705025762 25810105.671527203 25847418.9327783 25935633.95420107 26222557.530125063 26505800.202445112 26915129.73161358

Equation: 963.8162824992448 + (x0 - x0)
Residuals:
22144399.93050975 22924215.925626505 23650461.14233963 23735902.624500312 23871249.33787949 24964157.22214203 25148014.96493641 25434257.50537322 25443790.153446157 25528808.810530405 25555574.46498127 25575562.92571994 25671770.8658659 25769696.7714492 25810105.787025787 25847419.238834646 25935634.29855116 26222557.8887353 26505800.569877908 26915130.10313718

Equation: 963.9558111537987 + -0.0037178287477212333
Residuals:
22144399.794698924 22924215.78981568 23650461.006528802 23735902.488689486 23871249.202068664 24964157.086331204 25148014.829125583 25434257.369562395 25443790.01763533 25528808.67471958 25555574.329170443 25575562.789909113 25671770.730055075 25769696.635638375 25810105.65121496 25847419.10302382 25935634.162740335 26222557.752924476 26505800.43406708 26915129.967326354

Equation: 964.0055273875678 + (-0.22784128952348806 / x2)
Residuals:
22144399.749068256 22924215.744095847 23650460.960792847 23735902.442923807 23871249.15630243 24964157.040524174 25148014.783311386 25434257.323714305 25443789.971785996 25528808.628865905 25555574.283289216 25575562.744002298 25671770.684135407 25769696.5897137 25810105.60527944 25847419.05704863 25935634.11675692 26222557.706935033 26505800.38801341 26915129.921260294

Equation: ((x2 + x2) - (-85.92775507139083 / cos(-1.3788701283743574))) * (x2 + ((x2 - 2.1196873255843625) / -0.9909560939180433))
Residuals:
22144410.859567948 22924227.16016282 23650472.433325075 23735914.020538002 23871260.73589696 24964168.766498815 25148026.535258878 25434269.199553743 25443801.852208737 25528820.52528907 25555586.281982742 25575574.83872446 25671782.827496063 25769708.752094414 25810117.80899459 25847431.41355883 25935646.50527438 26222570.118981015 26505813.054533917 26915142.63769629

Equation: x4
Residuals:
225235755.9402502 225466556.1081145 227600226.901758 231455686.17798334 231864061.06182042 232530365.51676366 232554561.60673934 232716419.99562126 233450920.58928674 234159097.45736203 234304013.40446976 234739322.6220045 235289575.34135625 235457680.5974231 237609739.77236408 239158000.7177386 239245390.8799551 241235260.44900098 242806513.17956677 244554482.56297088

Equation: x1 ^ x0
Residuals:
6.554073281711634e+76 1.185278111905148e+77 1.5031850015315784e+77 2.371018711545894e+77 3.8353158267705877e+77 8.90724330522663e+77 3.1021886447704816e+78 5.735916641928672e+78 8.396891496881516e+78 1.373368762561439e+79 2.7817018503648433e+79 4.402609239200656e+79 4.861504312243763e+79 5.8072378379850425e+79 1.1401395557128898e+80 1.4127363353988445e+80 2.043655884537915e+80 3.8912363976357665e+80 9.552504614911272e+80 1.0305081181244753e+81

Equation: x3 + (x1 ^ x0)
Residuals:
6.554073281711634e+76 1.185278111905148e+77 1.5031850015315784e+77 2.371018711545894e+77 3.8353158267705877e+77 8.90724330522663e+77 3.1021886447704816e+78 5.735916641928672e+78 8.396891496881516e+78 1.373368762561439e+79 2.7817018503648433e+79 4.402609239200656e+79 4.861504312243763e+79 5.8072378379850425e+79 1.1401395557128898e+80 1.4127363353988445e+80 2.043655884537915e+80 3.8912363976357665e+80 9.552504614911272e+80 1.0305081181244753e+81

Equation: x0 ^ (x4 - cos(x4))
Residuals:
2.0220676485784686e+78 8.391708888533657e+78 1.5649880436141778e+79 3.251351462127385e+79 3.765687805679028e+79 6.369610849931302e+79 1.1112044389377982e+80 1.505681063830708e+80 1.6135333214794983e+80 4.5467896624873566e+80 5.732512799681727e+80 6.203552070586026e+80 8.889734387598614e+80 1.0117468552960581e+81 1.781477588155212e+81 2.335969966641718e+81 4.045066926296116e+81 4.838335891706948e+81 6.406015913241552e+81 7.091997066831468e+81

Equation: (x3 ^ x0) + (x4 ^ x2)
Residuals:
2.1676211895669387e+77 3.840742147763762e+77 4.8247384591646e+77 7.665797160563384e+77 9.148095330406062e+77 3.3487931867919182e+78 1.151790667893421e+79 1.655493401802087e+79 2.8657828679876605e+79 3.9679188967458186e+79 6.076855704886592e+79 7.858628834991173e+79 9.581818479445159e+79 1.1562993024510237e+80 2.1142439742133642e+80 3.181793765592375e+80 4.972911814172392e+80 7.766114057639309e+80 1.3106725034851753e+81 1.600248987228478e+81

Equation: (1158.5588837195098 + x2) - sin(x0)
Residuals:
225234598.2243771 225465398.42480054 227599069.25223967 231454528.49307236 231862903.30007702 232529207.3351714 232553402.86876836 232715261.07764992 233449761.467285 234157938.42763785 234302854.1658395 234738163.30204767 235288416.0756568 235456521.29266188 237608580.41861516 239156841.36123672 239244231.65162835 241234101.0614618 242805353.70764238 244553323.12261125

Equation: (581.4858682405564 - -581.279927382455) + x0
Residuals:
225234593.36074904 225465393.62489566 227599064.47142637 231454523.74824786 231862898.53913677 232529202.95940933 232553398.77680582 232715257.04345015 233449757.60634333 234157934.580931 234302850.38226646 234738159.57409853 235288412.38351512 235456517.63560656 237608576.7749005 239156837.8274044 239244228.17217046 241234097.62449 242805350.21143183 244553319.66716874

Equation: x0 + ((578.7918662998538 - -583.6105303834051) - cos(x0))
Residuals:
225234593.157011 225465393.33148128 227599064.14318538 231454523.34258997 231862898.07280752 232529202.43409628 232553398.15231076 232715256.40685067 233449756.9703827 234157933.95583677 234302849.79500723 234738158.9990122 235288411.81275105 235456517.07756302 237608576.2977498 239156837.3529679 239244227.74691635 241234097.29498717 242805350.0441035 244553319.5139667

Equation: ((583.4764377831694 - -583.517582839842) - cos(x0)) + cos(x0)
Residuals:
225234635.2886431 225465435.666349 227599106.56005207 231454565.95048058 231862940.84262583 232529245.37880588 232553441.51671115 232715299.93733823 233449800.53779858 234157977.62844425 234302893.59337708 234738202.82234228 235288455.64407003 235456560.93029064 237608620.24306458 239156881.3005594 239244271.73001644 241234141.32544538 242805394.11843455 244553363.5907535

Equation: x3
Residuals:
47192523.82049763 48177636.66200793 48432900.091316186 48569205.89560714 49454789.81562484 49663146.09892729 49729138.04388987 49884426.66919954 50172401.82547487 50460710.902837574 51071683.79096057 51242058.448996946 51288567.10572239 51328010.46715258 51506983.11612384 51677146.31398785 51761293.86897785 52052297.60643201 52217657.19313439 53031550.39971567

Equation: x3 ^ x3
Residuals:
7.778100097715373e+51 1.0472646450690488e+52 1.5039896210033565e+52 1.530315756462398e+52 1.6043168026919722e+52 2.2299491472095623e+52 2.759672698324308e+52 2.90927191751791e+52 6.119534905508401e+52 7.489514334939265e+52 8.704146570423155e+52 9.372059950696854e+52 1.1471369103141156e+53 3.0040797655929403e+53 4.453894910805635e+53 9.722892005291351e+53 1.2563543585059533e+54 6.328031743912295e+54 2.1421215490187367e+55 4.1398016195555924e+55

Equation: (x3 ^ x3) + x2
Residuals:
7.778100097715373e+51 1.0472646450690488e+52 1.5039896210033565e+52 1.530315756462398e+52 1.6043168026919722e+52 2.2299491472095623e+52 2.759672698324308e+52 2.90927191751791e+52 6.119534905508401e+52 7.489514334939265e+52 8.704146570423155e+52 9.372059950696854e+52 1.1471369103141156e+53 3.0040797655929403e+53 4.453894910805635e+53 9.722892005291351e+53 1.2563543585059533e+54 6.328031743912295e+54 2.1421215490187367e+55 4.1398016195555924e+55

Equation: x3 + 872.0541722393898
Residuals:
47191651.76632539 48176764.60783569 48432028.037143946 48568333.8414349 49453917.76145261 49662274.04475505 49728265.98971763 49883554.6150273 50171529.77130263 50459838.848665334 51070811.73678834 51241186.394824706 51287695.05155015 51327138.41298034 51506111.0619516 51676274.25981561 51760421.81480561 52051425.55225977 52216785.13896216 53030678.34554343

Equation: 875.3998822189951 - sin(x3)
Residuals:
47191682.93356263 48176795.78716387 48432059.227994815 48568365.03275712 49453948.95402204 49662305.24465564 49728297.19320162 49883585.81927163 50171560.98190671 50459870.059924126 51070842.948338516 51241217.60646945 51287726.26333155 51327169.6254313 51506142.27615651 51676305.48342529 51760453.043853946 52051456.85471925 52216816.55545938 53030709.84916318

Equation: 876.1232034890572 - (x0 - x0)
Residuals:
47191681.60600034 48176794.51325169 48432058.02251509 48568363.83063836 49453947.76108485 49662304.11708513 49728296.10908456 49883584.746042535 50171560.066297024 50459869.188180014 51070842.10941663 51241216.78373966 51287725.484981455 51327169.05826949 51506141.79382237 51676305.163190424 51760452.77444732 52051456.8663634 52216816.719891496 53030710.07045988

Equation: (-0.17928862338974194 / x0) + 876.1716862722777
Residuals:
47191681.562805064 48176794.47004813 48432057.979279645 48568363.78739677 49453947.71783507 49662304.07382979 49728296.06581361 49883584.70276483 50171560.0229941 50459869.14486844 51070842.06609592 51241216.740398504 51287725.44163405 51327169.01491533 51506141.75046667 51676305.11980115 51760452.73102249 52051456.82291145 52216816.67641204 53030710.02697698

Equation: (-0.019690232380309067 * sin(x0)) + 876.1135740789666
Residuals:
47191681.62753879 48176794.53393948 48432058.039630264 48568363.84701906 49453947.7764657 49662304.131775975 49728296.12179725 49883584.75788428 50171560.07484219 50459869.195589595 51070842.11563086 51241216.7873155 51287725.48776819 51327169.060215175 51506141.795577586 51676305.16103113 51760452.768783964 52051456.8586229 52216816.71067799 53030710.06111137

Equation: sin(-0.019690232380309067 * sin(x0)) + 876.1135740789666
Residuals:
47191681.62753851 48176794.53393925 48432058.03963019 48568363.84701901 49453947.77646567 49662304.13177596 49728296.12179724 49883584.75788428 50171560.07484219 50459869.195589595 51070842.115630865 51241216.78731554 51287725.48776824 51327169.06021525 51506141.79557767 51676305.1610314 51760452.76878456 52051456.85862377 52216816.7106791 53030710.06111251

Equation: (0.03158839778984229 * (x0 - cos(x0))) + 875.9825525337159
Residuals:
47191680.650396734 48176793.554987244 48432057.0546519 48568362.861054294 49453946.78927171 49662303.14380458 49728295.13188698 49883583.767245136 50171559.08205055 50459868.202258505 51070841.121834576 51241215.79284403 51287724.493184745 51327168.065556586 51506140.80090825 51676304.16664725 51760451.77549034 52051455.86639213 52216815.71944064 53030709.06997825

Equation: ((x0 - cos(x0)) * sin(0.03158839778984229)) + 875.9825525337159
Residuals:
47191680.65057904 48176793.555169985 48432057.05483624 48568362.86123892 49453946.78945671 49662303.143989824 49728295.13207287 49883583.7674313 50171559.082237616 50459868.20244585 51070841.1220222 51241215.7930322 51287724.493373066 51327168.065745056 51506140.80109676 51676304.166836366 51760451.77567986 52051455.866581805 52216815.719630405 53030709.07016802

Equation: (sin(sin(0.03158839778984229)) * (x0 - cos(x0))) + 875.9825525337159
Residuals:
47191680.650761254 48176793.55535264 48432057.05502049 48568362.861423455 49453946.78964162 49662303.14417497 49728295.132258676 49883583.76761736 50171559.08242459 50459868.2026331 51070841.12220973 51241215.79322028 51287724.4935613 51327168.065933436 51506140.80128518 51676304.16702538 51760451.77586927 52051455.86677139 52216815.71982007 53030709.07035769

Equation: (((x2 * x1) * cos(1.5721224235276932)) * sin(x0)) + 876.1127476371519
Residuals:
47191682.537877314 48176795.38139811 48432058.6156103 48568364.369170986 49453948.222817294 49662304.526482165 49728296.36372789 49883584.933769666 50171559.989383586 50459869.01737856 51070841.83954553 51241216.29315271 51287724.92775178 51327168.428926356 51506141.14493359 51676304.18430657 51760451.48749038 52051455.39737068 52216815.11471354 53030708.450273216

Equation: (((-0.0018461312743131124 * x1) * cos(0.7694247951435436)) * (sin(x0) * x2)) + 876.1127476371533
Residuals:
47191682.537877314 48176795.38139811 48432058.61561031 48568364.369170986 49453948.2228173 49662304.526482165 49728296.36372789 49883584.933769666 50171559.989383586 50459869.01737856 51070841.83954553 51241216.29315271 51287724.92775178 51327168.428926356 51506141.14493358 51676304.18430657 51760451.48749038 52051455.39737067 52216815.114713535 53030708.45027321

Equation: x2
Residuals:
78264753.48808631 78281310.62306869 78443150.54065007 79015395.70705242 79443963.3871796 79848809.71259241 79914113.3440166 81195773.32605281 81299178.28670727 81747527.97502944 82144701.2568063 82307576.89775926 82522016.49822222 82545386.13195543 83415915.29247633 83761836.22694415 84851387.33172278 85079806.42832208 85644513.68928617 89529246.8690523

Equation: x4 ^ x2
Residuals:
5.663719149651349e+58 8.343109145579183e+58 1.0037568767725645e+59 1.2630655391552722e+59 1.6033342324376673e+59 3.0717830385582024e+59 4.145528853179792e+59 6.339142091312182e+59 8.971724454495435e+59 1.0986101823245536e+60 3.370068352115344e+60 4.710614195554155e+60 5.990893986802176e+60 1.3923898297046e+61 1.7987745760887186e+61 1.9918932634161505e+61 2.6511557347590294e+61 6.036321775542598e+61 1.071835395422893e+62 3.8498969017694906e+62

Equation: (x4 ^ x2) + x3
Residuals:
5.663719149651349e+58 8.343109145579183e+58 1.0037568767725645e+59 1.2630655391552722e+59 1.6033342324376673e+59 3.0717830385582024e+59 4.145528853179792e+59 6.339142091312182e+59 8.971724454495435e+59 1.0986101823245536e+60 3.370068352115344e+60 4.710614195554155e+60 5.990893986802176e+60 1.3923898297046e+61 1.7987745760887186e+61 1.9918932634161505e+61 2.6511557347590294e+61 6.036321775542598e+61 1.071835395422893e+62 3.8498969017694906e+62

Equation: 1018.3440607695892 - x0
Residuals:
78263809.87000518 78280367.18472907 78442207.16736263 79014452.51561046 79443020.36128825 79847867.04770721 79913170.88673426 81194830.99710526 81298236.13818726 81746585.9089247 82143759.5827609 82306635.4937365 82521075.33270377 82544445.27419496 83414974.58203487 83760895.54610538 84850446.76861529 85078866.11990851 85643573.51908982 89528307.11678238

Equation: 1013.4519910921957 - sin(x2)
Residuals:
78263777.0625804 78280334.39968638 78442174.34560795 79014419.57820092 79442987.3626569 79847833.95084897 79913137.72790417 81194797.94097772 81298203.01731639 81746552.81294954 82143726.67563842 82306602.33962725 82521042.00297846 82544412.02504122 83414941.24456234 83760862.21443295 84850413.39549585 85078832.80949797 85643540.10309276 89528273.67111586

Equation: 1014.1875232695709 + (x4 - x4)
Residuals:
78263776.66011776 78280333.89830858 78442173.8302478 79014419.03009732 79442986.76273687 79847833.21974887 79913136.92401525 81194797.0220653 81298202.04123129 81746551.7842041 82143725.37226985 82306601.02588318 82521040.66117467 82544410.52063005 83414939.71745208 83760860.67401525 84850411.82726856 85078831.14139122 85643538.42653212 89528271.93570739

Equation: 507.10299384887446 - -507.0845294206965
Residuals:
78263776.66011776 78280333.89830858 78442173.8302478 79014419.03009732 79442986.76273687 79847833.21974887 79913136.92401525 81194797.0220653 81298202.04123129 81746551.7842041 82143725.37226985 82306601.02588318 82521040.66117467 82544410.52063005 83414939.71745208 83760860.67401525 84850411.82726856 85078831.14139122 85643538.42653212 89528271.93570739

Equation: (cos(x1) / (x4 ^ x0)) + 1014.19120046118
Residuals:
78263776.65644057 78280333.89463139 78442173.82657062 79014419.02642013 79442986.75905968 79847833.21607168 79913136.92033806 81194797.0183881 81298202.0375541 81746551.7805269 82143725.36859266 82306601.022206 82521040.65749748 82544410.51695286 83414939.71377489 83760860.67033806 84850411.82359137 85078831.13771403 85643538.42285493 89528271.9320302

Equation: (1497.1754995547226 + (cos(x1) / (x4 ^ x0))) + -482.9842990935425
Residuals:
78263776.65644057 78280333.89463139 78442173.82657062 79014419.02642013 79442986.75905968 79847833.21607168 79913136.92033806 81194797.0183881 81298202.0375541 81746551.7805269 82143725.36859266 82306601.022206 82521040.65749748 82544410.51695286 83414939.71377489 83760860.67033806 84850411.82359137 85078831.13771403 85643538.42285493 89528271.9320302

Equation: (((1.003169381887403 ^ x4) + 663.092916316988) + (cos(1.9634847279181782) / (x1 ^ x0))) / sin(sin(sin(0.9191770875293778)))
Residuals:
78263776.48453084 78280333.7226477 78442173.65386419 79014418.85312182 79442986.58549921 79847833.04156953 79913136.74564427 81194796.84367777 81298201.86210962 81746551.60506216 82143725.1930929 82306600.8451367 82521040.4798087 82544410.33915703 83414939.53530593 83760860.49175309 84850411.64441249 85078830.95838565 85643538.24086696 89528271.7496594

Equation: x4
Residuals:
7717873839.339167 7817625777.184348 7829609314.39057 7889259658.523176 7897302971.757412 7899982391.097021 7935915685.459044 7947083705.8692665 7950982553.539106 7965230879.3782215 7969165079.687452 7974446841.982765 7993510985.521159 7995719660.733051 8025785058.006081 8026070376.187641 8028714678.301283 8065171175.594761 8092332974.11794 8102177322.527815

Equation: x4 ^ x0
Residuals:
1.5991408127345278e+187 1.7355149578144879e+187 2.5643190290441756e+187 3.547332020998155e+187 5.4067550894417594e+187 6.0061556933739294e+187 1.016905063147118e+188 1.520069908908753e+188 3.193626830390295e+188 3.382206274729431e+188 7.06120710745249e+188 9.833626710610807e+188 3.9374592452353365e+189 5.172098260826596e+189 6.047883790805937e+189 8.637857817520921e+189 9.782187294493134e+189 6.729273842089878e+190 1.0042730745163883e+191 4.2166381848568844e+191

Equation: x3 * (x2 ^ x2)
Residuals:
1.0280339355381017e+189 1.136968221647141e+189 2.8243227374032277e+189 2.989962987826858e+189 3.003412876714241e+189 4.671932512047879e+189 6.517236119944294e+189 2.7013815758860557e+190 7.127119876853758e+190 2.0285818312981696e+191 5.600175255571954e+191 6.852007871445643e+191 8.705812183677041e+191 1.0835795308352694e+192 1.881932276668375e+192 3.52668594034687e+192 7.979176364383556e+192 1.4318430407912225e+193 4.7699978950571264e+193 5.049123952795987e+193

Equation: 805.6802968988292 + x4
Residuals:
7717873033.65887 7817624971.504051 7829608508.710273 7889258852.842879 7897302166.077115 7899981585.416724 7935914879.778748 7947082900.18897 7950981747.858809 7965230073.697925 7969164274.007155 7974446036.302468 7993510179.840862 7995718855.052754 8025784252.325784 8026069570.507344 8028713872.620986 8065170369.914464 8092332168.437643 8102176516.847518

Equation: 879.6926236814212 + cos(x0)
Residuals:
7717873053.486108 7817624991.381901 7829608528.696136 7889258872.976043 7897302186.393511 7899981605.769136 7935914900.225395 7947082920.713533 7950981768.558396 7965230094.436674 7969164295.070259 7974446057.625931 7993510201.461454 7995718876.796036 8025784274.187767 8026069592.569472 8028713894.744874 8065170392.524938 8092332191.159664 8102176540.007426

Equation: sin(cos(x0)) + 875.1093820262455
Residuals:
7717873058.183344 7817624996.077851 7829608533.379987 7889258877.651951 7897302191.058506 7899981610.430944 7935914904.867548 7947082925.34183 7950981773.166021 7965230099.043731 7969164299.666346 7974446062.220488 7993510206.044973 7995718881.379352 8025784278.771056 8026069597.152716 8028713899.328115 8065170397.098619 8092332195.72705 8102176544.540456

Equation: (876.2105097335668 - (x2 / x0)) + sin(cos(x2))
Residuals:
7717873058.0642805 7817624995.961119 7829608533.292813 7889258877.552352 7897302190.934599 7899981610.332521 7935914904.742928 7947082925.324925 7950981773.184283 7965230099.230225 7969164299.944995 7974446062.519274 7993510206.104255 7995718881.435899 8025784278.915292 8026069597.360425 8028713899.647754 8065170397.115822 8092332195.821668 8102176544.454928

Equation: (436.5761061629496 - (x2 / x2)) + 438.97017675662454
Residuals:
7717873059.525315 7817624997.417648 7829608534.697999 7889258878.954218 7897302192.336905 7899981611.701816 7935914906.0848055 7947082926.511058 7950981774.234123 7965230100.108227 7969164300.64346 7974446063.181363 7993510206.726282 7995718882.018983 8025784279.400117 8026069597.737921 8028713899.895714 8065170397.284661 8092332195.847904 8102176544.47827

Equation: (-1.8213088843822698 * -241.10349416145044) + 435.4223469477044
Residuals:
7717873059.525315 7817624997.417648 7829608534.697999 7889258878.954218 7897302192.336905 7899981611.701816 7935914906.0848055 7947082926.511058 7950981774.234123 7965230100.108227 7969164300.64346 7974446063.181363 7993510206.726282 7995718882.018983 8025784279.400117 8026069597.737921 8028713899.895714 8065170397.284661 8092332195.847904 8102176544.47827

Equation: (875.5283045876339 - (x1 / x1)) + (sin(3389.773802173783) * x1)
Residuals:
7717873059.101223 7817624996.993485 7829608534.273505 7889258878.529477 7897302191.911988 7899981611.276174 7935914905.658521 7947082926.083952 7950981773.806541 7965230099.68028 7969164300.214703 7974446062.752443 7993510206.29736 7995718881.589376 8025784278.970242 8026069597.307437 8028713899.465209 8065170396.853589 8092332195.415379 8102176544.045046

Equation: (875.4653837857358 - (x1 / x1)) + (0.010199492698797942 * (x3 + x3))
Residuals:
7717873057.675418 7817624995.567732 7829608532.846393 7889258877.098376 7897302190.477704 7899981609.837565 7935914904.220403 7947082924.644722 7950981772.364433 7965230098.237515 7969164298.769704 7974446061.307071 7993510204.849463 7995718880.13976 8025784277.519083 8026069595.855983 8028713898.013276 8065170395.3982315 8092332193.960978 8102176542.588862

Equation: x4 ^ x0
Residuals:
1.1335932285265474e+97 1.5260828904261796e+97 2.729791582316824e+97 3.4706967368810145e+97 8.135434000124957e+97 1.0106356130999812e+98 2.3540131149732265e+98 4.78486171645901e+98 1.332532970701022e+99 1.6416296837678145e+99 2.1839076533055538e+99 2.8357551075501842e+99 5.815831345347207e+99 9.064587218401405e+99 1.357207918655662e+100 1.8548166968956485e+100 2.5478303683913376e+100 2.789549609242732e+100 1.3681289832800406e+101 1.6036189869208428e+101

Equation: (x4 ^ x0) + x1
Residuals:
1.1335932285265474e+97 1.5260828904261796e+97 2.729791582316824e+97 3.4706967368810145e+97 8.135434000124957e+97 1.0106356130999812e+98 2.3540131149732265e+98 4.78486171645901e+98 1.332532970701022e+99 1.6416296837678145e+99 2.1839076533055538e+99 2.8357551075501842e+99 5.815831345347207e+99 9.064587218401405e+99 1.357207918655662e+100 1.8548166968956485e+100 2.5478303683913376e+100 2.789549609242732e+100 1.3681289832800406e+101 1.6036189869208428e+101

Equation: x3 / 0.00432086282392456
Residuals:
559632727.8357737 560512155.0659604 561139041.7903124 563144757.6114783 565608086.48113 567602818.521802 568183169.5727962 568977088.9269936 571215113.4750757 571486247.1066432 572859160.427496 577330366.877306 578435036.7482107 581834832.9605416 585679067.2198792 587647410.6646214 587929009.4962629 591888164.2535464 591974572.3585336 595183441.8601269

Equation: (x3 / 0.00432086282392456) - cos(x0 + x2)
Residuals:
559632727.5035355 560512154.8811674 561139041.7303362 563144757.7996141 565608086.8776834 567602818.9553508 568183170.3356974 568977089.7951609 571215114.4652424 571486248.103483 572859161.4274896 577330367.8744165 578435037.6960391 581834833.8273295 585679068.0273265 587647411.38571 587929010.1656461 591888164.8404299 591974572.4970605 595183441.822136

Equation: (x3 / 0.004498204475713728) + (x2 * (x4 + x1))
Residuals:
559627054.7600933 560506463.9088687 561133338.4226607 563139031.3161397 565602344.5992607 567597055.6902343 568177362.0056527 568971259.9951619 571209263.7956167 571480379.0926778 572853285.871437 577324470.970248 578429127.2512202 581828913.7095433 585673136.1788286 587641467.0713338 587923050.0307614 591882184.892189 591968561.8209635 595177397.4422425

Equation: (x3 - -191.57560494746772) * (x3 + 0.7805612114321451)
Residuals:
559631659.3572766 560511084.7990147 561137968.8117071 563143683.8317163 565607012.2516712 567601730.948228 568182054.0128425 568975967.1450778 571213991.0964094 571485110.802821 572858019.5978667 577329222.2283065 578433889.4905021 581833682.1038982 585677902.8521194 587646232.7852033 587927815.9233514 591886970.6508412 591973366.9431459 595182235.5846384

Equation: (sin(x3 + -0.5035931609121154) + x3) / 0.004498204475713728
Residuals:
559633455.8062073 560512882.5144587 561139768.191025 563145483.6438446 565608812.2950494 567603534.1124475 568183842.3254077 568977748.7880313 571215772.0448284 571486873.1386305 572859775.018201 577330971.5407122 578435634.5036705 581835421.0355198 585679617.79561 587647922.9008387 587929477.8661815 591888632.5420363 591975009.2299511 595183876.5225106

Equation: ((x4 + x4) + (x2 + 921.174985689289)) + (x4 - sin(x3))
Residuals:
559644452.4414355 560523885.2830198 561150780.3179759 563156498.4540364 565619828.2160966 567614602.8107736 568195041.868989 568988980.2619579 571227006.5633123 571498183.955542 572871111.2365935 577342329.1038003 578447006.9063131 581846814.2810377 585691090.2472543 587659475.5260332 587941122.1286345 591900276.7654101 591986720.1950258 595195591.7782484

Equation: ((x4 - -544.407724722125) + 178.25046585353786) - -177.73387663590069
Residuals:
559644640.8444196 560524073.7921748 561150969.0767231 563156687.4425527 565620017.5843583 567614792.1745535 568195231.6561406 568989170.4070504 571227196.8296813 571498374.1038431 572871301.4956404 577342519.6988074 578447197.6506003 581847005.0673852 585691281.1424993 587659666.3218722 587941313.1866086 591900467.9956776 591986911.9764327 595195783.9756646

Equation: ((x4 - sin(x3)) - (cos(x4) * x4)) + ((x4 + x2) + (886.1044855138138 + x4))
Residuals:
559644520.6998388 560523954.3832095 561150854.9181141 563156573.8880583 565619909.6490505 567614686.1635365 568195130.9001932 568989071.5331454 571227097.8462244 571498275.3849915 572871202.8619301 577342420.0437858 578447097.3290826 581846904.6927807 585691178.8207605 587659564.0550168 587941206.0834696 591900359.5499305 591986793.9051768 595195659.8815948

Equation: ((x3 + 58.460410717075675) + (58.944194620162165 - x3)) * (40.18564565424805 / 5.215346622269146)
Residuals:
559644692.2197663 560524125.1862577 561151020.600532 563156738.9873983 565620069.2968565 567614843.9495435 568195283.6758938 568989222.6190351 571227249.0435318 571498426.3444222 572871353.8103377 577342572.1791675 578447250.1815113 581847057.5992409 585691333.7963183 587659718.9781007 587941366.0361845 591900520.8847717 591986965.115179 595195837.241316

Equation: x0
Residuals:
4410380595.110707 4419562470.423633 4467076627.853567 4494853961.515275 4495963581.446228 4501130661.901193 4522613176.138086 4522671152.973281 4526034665.789886 4527894660.270797 4544818527.021763 4558044483.8215685 4563634545.45375 4569427016.169262 4613481575.902711 4622127140.231983 4623397830.852273 4652583232.906279 4676821232.370202 4702348670.988558

Equation: x1 ^ x2
Residuals:
4.5993797120595176e+162 7.68673894530407e+162 1.1401570080857989e+163 1.293826263075007e+163 1.6406635947994722e+163 1.474384752913414e+164 3.777225750672377e+164 4.688909722030776e+164 4.838771629140722e+164 5.145916185522434e+164 1.2817549021075934e+165 1.591435868297388e+165 1.845596364956215e+165 2.7088481665205285e+165 3.4916476220560868e+165 6.286469559577647e+165 1.3546825817984888e+166 2.6580675560875364e+166 3.905420289653432e+166 1.410342489037071e+167

Equation: x0 + (x1 ^ x2)
Residuals:
4.5993797120595176e+162 7.68673894530407e+162 1.1401570080857989e+163 1.293826263075007e+163 1.6406635947994722e+163 1.474384752913414e+164 3.777225750672377e+164 4.688909722030776e+164 4.838771629140722e+164 5.145916185522434e+164 1.2817549021075934e+165 1.591435868297388e+165 1.845596364956215e+165 2.7088481665205285e+165 3.4916476220560868e+165 6.286469559577647e+165 1.3546825817984888e+166 2.6580675560875364e+166 3.905420289653432e+166 1.410342489037071e+167

Equation: 909.5380921743567 + x1
Residuals:
4410379685.622816 4419561560.874084 4467075718.28635 4494853051.99361 4495962671.971015 4501129752.461818 4522612266.40234 4522670243.39781 4526033756.494529 4527893751.032649 4544817617.786376 4558043574.429985 4563633636.024778 4569426106.712262 4613480666.7709055 4622126230.903599 4623396921.537222 4652582323.688519 4676820323.02593 4702347761.7125

Equation: sin(x2) + 1003.9357411649618
Residuals:
4410379675.281602 4419561550.717072 4467075708.266084 4494853042.041739 4495962662.131522 4501129743.177509 4522612257.6307535 4522670234.6805725 4526033747.797427 4527893742.389742 4544817609.35131 4558043566.163205 4563633627.833536 4569426098.608296 4613480658.710626 4622126223.109173 4623396913.895342 4652582316.170499 4676820315.667307 4702347754.431877

Equation: (x3 / x3) + 1002.1890813167471
Residuals:
4410379676.408501 4419561551.755252 4467075709.232561 4494853042.991824 4495962663.046026 4501129743.62234 4522612257.962077 4522670234.970816 4526033748.084842 4527893742.675328 4544817609.473504 4558043566.275248 4563633627.930459 4569426098.646708 4613480658.71074 4622126223.055869 4623396913.758038 4652582315.97799 4676820315.457496 4702347754.17866

Equation: 1003.1924825058247 + (sin(x2) / (x4 ^ x2))
Residuals:
4410379676.405099 4419561551.75185 4467075709.229159 4494853042.988422 4495962663.042624 4501129743.618938 4522612257.958675 4522670234.967414 4526033748.08144 4527893742.6719265 4544817609.470102 4558043566.271846 4563633627.927057 4569426098.643306 4613480658.707338 4622126223.052467 4623396913.754636 4652582315.974588 4676820315.454094 4702347754.175259

Equation: 1003.2251435198395 + sin(x0 * (-0.03271884990333852 / x4))
Residuals:
4410379676.405144 4419561551.75185 4467075709.229168 4494853042.988441 4495962663.042679 4501129743.618859 4522612257.958579 4522670234.967379 4526033748.081508 4527893742.672025 4544817609.470217 4558043566.271958 4563633627.92714 4569426098.643317 4613480658.707405 4622126223.052471 4623396913.754649 4652582315.974628 4676820315.454125 4702347754.175321

Equation: (cos(x4) / (x1 ^ x4)) + ((x1 / x1) + 1002.1964512990435)
Residuals:
4410379676.401131 4419561551.747882 4467075709.225191 4494853042.984454 4495962663.038656 4501129743.61497 4522612257.954707 4522670234.963446 4526033748.077472 4527893742.667958 4544817609.466134 4558043566.267878 4563633627.923089 4569426098.639338 4613480658.70337 4622126223.048499 4623396913.750668 4652582315.97062 4676820315.450126 4702347754.17129

Equation: (-0.23226354317244266 / x4) + (941.3623413867986 - -61.889715998046164)
Residuals:
4410379676.348273 4419561551.69502 4467075709.172328 4494853042.931588 4495962662.985789 4501129743.562088 4522612257.90182 4522670234.910559 4526033748.024584 4527893742.615069 4544817609.413245 4558043566.214989 4563633627.870196 4569426098.586439 4613480658.650466 4622126222.995589 4623396913.697756 4652582315.917706 4676820315.39721 4702347754.118374

Equation: (5.3156678887025715 * 188.72337858009465) + (sin(sin(251.34151256522384)) * cos(-30.379906953341923 / x4))
Residuals:
4410379676.39358 4419561551.740329 4467075709.217637 4494853042.976899 4495962663.0311 4501129743.607405 4522612257.947139 4522670234.955876 4526033748.069902 4527893742.660388 4544817609.458564 4558043566.260307 4563633627.915517 4569426098.631762 4613480658.69579 4622126223.0409155 4623396913.743083 4652582315.963034 4676820315.442538 4702347754.163702

Equation: (0.01566734815847326 * x4) + ((978.9991767657972 - (-39.208610203017045 - -43.75294926147791)) - -28.67439130357838)
Residuals:
4410379675.144342 4419561550.488758 4467075707.965683 4494853041.723845 4495962661.777536 4501129742.346515 4522612256.683903 4522670233.692437 4526033746.80603 4527893741.39602 4544817608.194118 4558043564.995779 4563633626.649414 4569426097.362721 4613480657.423851 4622126221.766134 4623396912.467391 4652582314.685861 4676820314.164748 4702347752.885572

Equation: x1
Residuals:
22145334.469412412 22925150.424253177 23651395.603211947 23736836.991373412 23872183.508330274 24965091.35917102 25148949.00618839 25435191.50682256 25444724.13838395 25529742.773866422 25556508.367810052 25576496.81423868 25672704.741568286 25770630.53474749 25811039.47490187 25848352.69677943 25936567.69554612 26223490.84028693 26506733.47280634 26916062.82003992

Equation: x2 ^ x3
Residuals:
6.080968934743513e+42 1.0206107253454467e+43 1.207989688163398e+43 2.1249231723336819e+43 2.8830214277028704e+43 5.085127605444154e+43 5.446613656598364e+43 6.243739877826701e+43 1.2709849973216121e+44 2.1673389662623024e+44 3.4061519007970346e+44 5.1782572362852006e+44 1.1992204183431812e+45 3.0195893453869356e+45 3.757717561947593e+45 4.7953564391833496e+45 6.63926314351935e+45 6.821554661601729e+45 1.0741102666302962e+46 2.627060898388435e+46

Equation: (x2 ^ x3) + x4
Residuals:
6.080968934743513e+42 1.0206107253454467e+43 1.207989688163398e+43 2.1249231723336819e+43 2.8830214277028704e+43 5.085127605444154e+43 5.446613656598364e+43 6.243739877826701e+43 1.2709849973216121e+44 2.1673389662623024e+44 3.4061519007970346e+44 5.1782572362852006e+44 1.1992204183431812e+45 3.0195893453869356e+45 3.757717561947593e+45 4.7953564391833496e+45 6.63926314351935e+45 6.821554661601729e+45 1.0741102666302962e+46 2.627060898388435e+46

Equation: 959.6285308250386 + x2
Residuals:
22144374.920541074 22924190.578186415 23650435.73303653 23735877.10047494 23871223.811697125 24964131.537030432 25147989.251729403 25434231.658575814 25443764.30172009 25528782.94160573 25555548.486400552 25575536.844601303 25671744.732967485 25769670.6183306 25810079.59001922 25847392.880236965 25935607.90623072 26222531.47165312 26505773.886471726 26915103.367806755

Equation: 964.5044354602471 + sin(x4)
Residuals:
22144400.048207134 22924216.1101004 23650461.345098924 23735902.92042019 23871249.647084065 24964157.532298785 25148015.11113979 25434257.638273206 25443790.254473533 25528808.86162427 25555574.512366913 25575562.924625743 25671770.84899145 25769696.705025762 25810105.671527203 25847418.9327783 25935633.95420107 26222557.530125063 26505800.202445112 26915129.73161358

Equation: 963.8162824992448 + (x0 - x0)
Residuals:
22144399.93050975 22924215.925626505 23650461.14233963 23735902.624500312 23871249.33787949 24964157.22214203 25148014.96493641 25434257.50537322 25443790.153446157 25528808.810530405 25555574.46498127 25575562.92571994 25671770.8658659 25769696.7714492 25810105.787025787 25847419.238834646 25935634.29855116 26222557.8887353 26505800.569877908 26915130.10313718

Equation: 963.9558111537987 + -0.0037178287477212333
Residuals:
22144399.794698924 22924215.78981568 23650461.006528802 23735902.488689486 23871249.202068664 24964157.086331204 25148014.829125583 25434257.369562395 25443790.01763533 25528808.67471958 25555574.329170443 25575562.789909113 25671770.730055075 25769696.635638375 25810105.65121496 25847419.10302382 25935634.162740335 26222557.752924476 26505800.43406708 26915129.967326354

Equation: 964.0055273875678 + (-0.22784128952348806 / x2)
Residuals:
22144399.749068256 22924215.744095847 23650460.960792847 23735902.442923807 23871249.15630243 24964157.040524174 25148014.783311386 25434257.323714305 25443789.971785996 25528808.628865905 25555574.283289216 25575562.744002298 25671770.684135407 25769696.5897137 25810105.60527944 25847419.05704863 25935634.11675692 26222557.706935033 26505800.38801341 26915129.921260294

Equation: ((x2 + x2) - (-85.92775507139083 / cos(-1.3788701283743574))) * (x2 + ((x2 - 2.1196873255843625) / -0.9909560939180433))
Residuals:
22144410.859567948 22924227.16016282 23650472.433325075 23735914.020538002 23871260.73589696 24964168.766498815 25148026.535258878 25434269.199553743 25443801.852208737 25528820.52528907 25555586.281982742 25575574.83872446 25671782.827496063 25769708.752094414 25810117.80899459 25847431.41355883 25935646.50527438 26222570.118981015 26505813.054533917 26915142.63769629

Equation: x4
Residuals:
225235755.9402502 225466556.1081145 227600226.901758 231455686.17798334 231864061.06182042 232530365.51676366 232554561.60673934 232716419.99562126 233450920.58928674 234159097.45736203 234304013.40446976 234739322.6220045 235289575.34135625 235457680.5974231 237609739.77236408 239158000.7177386 239245390.8799551 241235260.44900098 242806513.17956677 244554482.56297088

Equation: x1 ^ x0
Residuals:
6.554073281711634e+76 1.185278111905148e+77 1.5031850015315784e+77 2.371018711545894e+77 3.8353158267705877e+77 8.90724330522663e+77 3.1021886447704816e+78 5.735916641928672e+78 8.396891496881516e+78 1.373368762561439e+79 2.7817018503648433e+79 4.402609239200656e+79 4.861504312243763e+79 5.8072378379850425e+79 1.1401395557128898e+80 1.4127363353988445e+80 2.043655884537915e+80 3.8912363976357665e+80 9.552504614911272e+80 1.0305081181244753e+81

Equation: x3 + (x1 ^ x0)
Residuals:
6.554073281711634e+76 1.185278111905148e+77 1.5031850015315784e+77 2.371018711545894e+77 3.8353158267705877e+77 8.90724330522663e+77 3.1021886447704816e+78 5.735916641928672e+78 8.396891496881516e+78 1.373368762561439e+79 2.7817018503648433e+79 4.402609239200656e+79 4.861504312243763e+79 5.8072378379850425e+79 1.1401395557128898e+80 1.4127363353988445e+80 2.043655884537915e+80 3.8912363976357665e+80 9.552504614911272e+80 1.0305081181244753e+81

Equation: x0 ^ (x4 - cos(x4))
Residuals:
2.0220676485784686e+78 8.391708888533657e+78 1.5649880436141778e+79 3.251351462127385e+79 3.765687805679028e+79 6.369610849931302e+79 1.1112044389377982e+80 1.505681063830708e+80 1.6135333214794983e+80 4.5467896624873566e+80 5.732512799681727e+80 6.203552070586026e+80 8.889734387598614e+80 1.0117468552960581e+81 1.781477588155212e+81 2.335969966641718e+81 4.045066926296116e+81 4.838335891706948e+81 6.406015913241552e+81 7.091997066831468e+81

Equation: (x3 ^ x0) + (x4 ^ x2)
Residuals:
2.1676211895669387e+77 3.840742147763762e+77 4.8247384591646e+77 7.665797160563384e+77 9.148095330406062e+77 3.3487931867919182e+78 1.151790667893421e+79 1.655493401802087e+79 2.8657828679876605e+79 3.9679188967458186e+79 6.076855704886592e+79 7.858628834991173e+79 9.581818479445159e+79 1.1562993024510237e+80 2.1142439742133642e+80 3.181793765592375e+80 4.972911814172392e+80 7.766114057639309e+80 1.3106725034851753e+81 1.600248987228478e+81

Equation: (1158.5588837195098 + x2) - sin(x0)
Residuals:
225234598.2243771 225465398.42480054 227599069.25223967 231454528.49307236 231862903.30007702 232529207.3351714 232553402.86876836 232715261.07764992 233449761.467285 234157938.42763785 234302854.1658395 234738163.30204767 235288416.0756568 235456521.29266188 237608580.41861516 239156841.36123672 239244231.65162835 241234101.0614618 242805353.70764238 244553323.12261125

Equation: (581.4858682405564 - -581.279927382455) + x0
Residuals:
225234593.36074904 225465393.62489566 227599064.47142637 231454523.74824786 231862898.53913677 232529202.95940933 232553398.77680582 232715257.04345015 233449757.60634333 234157934.580931 234302850.38226646 234738159.57409853 235288412.38351512 235456517.63560656 237608576.7749005 239156837.8274044 239244228.17217046 241234097.62449 242805350.21143183 244553319.66716874

Equation: x0 + ((578.7918662998538 - -583.6105303834051) - cos(x0))
Residuals:
225234593.157011 225465393.33148128 227599064.14318538 231454523.34258997 231862898.07280752 232529202.43409628 232553398.15231076 232715256.40685067 233449756.9703827 234157933.95583677 234302849.79500723 234738158.9990122 235288411.81275105 235456517.07756302 237608576.2977498 239156837.3529679 239244227.74691635 241234097.29498717 242805350.0441035 244553319.5139667

Equation: ((583.4764377831694 - -583.517582839842) - cos(x0)) + cos(x0)
Residuals:
225234635.2886431 225465435.666349 227599106.56005207 231454565.95048058 231862940.84262583 232529245.37880588 232553441.51671115 232715299.93733823 233449800.53779858 234157977.62844425 234302893.59337708 234738202.82234228 235288455.64407003 235456560.93029064 237608620.24306458 239156881.3005594 239244271.73001644 241234141.32544538 242805394.11843455 244553363.5907535

