Equation: x3
Residual Differences:
-47192096.136297636 -48177139.24530793 -48432348.61131619 -48568610.45570714 -49454094.64492484 -49662384.406827286 -49728308.34658987 -49883594.67539954 -50171524.650474876 -50459787.94443757 -51070580.230360575 -51240881.16929694 -51287361.56442239 -51326760.99035258 -51505719.61582384 -51675766.31568785 -51759908.12107785 -52050900.990732014 -52216246.420034386 -53030087.19761567

Equation: x3 ^ x3
Residual Differences:
-7.778100097715373e+51 -1.0472646450690488e+52 -1.5039896210033565e+52 -1.530315756462398e+52 -1.6043168026919722e+52 -2.2299491472095623e+52 -2.759672698324308e+52 -2.90927191751791e+52 -6.119534905508401e+52 -7.489514334939265e+52 -8.704146570423155e+52 -9.372059950696854e+52 -1.1471369103141156e+53 -3.0040797655929403e+53 -4.453894910805635e+53 -9.722892005291351e+53 -1.2563543585059533e+54 -6.328031743912295e+54 -2.1421215490187367e+55 -4.1398016195555924e+55

Equation: (x3 ^ x3) + x2
Residual Differences:
-7.778100097715373e+51 -1.0472646450690488e+52 -1.5039896210033565e+52 -1.530315756462398e+52 -1.6043168026919722e+52 -2.2299491472095623e+52 -2.759672698324308e+52 -2.90927191751791e+52 -6.119534905508401e+52 -7.489514334939265e+52 -8.704146570423155e+52 -9.372059950696854e+52 -1.1471369103141156e+53 -3.0040797655929403e+53 -4.453894910805635e+53 -9.722892005291351e+53 -1.2563543585059533e+54 -6.328031743912295e+54 -2.1421215490187367e+55 -4.1398016195555924e+55

Equation: x3 + 872.0541722393898
Residual Differences:
-47191207.396353155 -48176389.970363446 -48431707.46297171 -48568057.22716267 -49453740.87798037 -49662163.68268281 -49728223.632845394 -49883514.55465506 -50171524.65047487 -50459787.94443757 -51070580.23036058 -51240881.16929694 -51287361.56442239 -51326760.99035258 -51505719.61582384 -51675766.31568785 -51759908.12107785 -52050900.990732014 -52216246.42003439 -53030087.19761567

Equation: 875.3998822189951 - sin(x3)
Residual Differences:
-47191238.36050968 -48176420.946807906 -48431738.451901175 -48568088.228352726 -49453771.89963501 -49662194.71748815 -49728254.71914365 -49883545.656907305 -50171555.95891769 -50459819.23666974 -51070611.49214099 -51240912.421606384 -51287392.77332276 -51326792.17977751 -51505750.69901583 -51675797.38012441 -51759939.13835782 -52050931.94158612 -52216277.46643578 -53030118.28926383

Equation: 876.1232034890572 - (x0 - x0)
Residual Differences:
-47191236.49259685 -48176419.1433482 -48431736.7573116 -48568086.72813487 -49453770.537581354 -49662193.44788164 -49728253.63868107 -49883544.61813904 -50171555.00120051 -50459818.29458351 -51070610.54062012 -51240911.475043155 -51287391.82858495 -51326791.43037298 -51505749.97692586 -51675796.81069391 -51759938.60655081 -52050931.676666886 -52216277.354194984 -53030118.23486337

Equation: (-0.17928862338974194 / x0) + 876.1716862722777
Residual Differences:
-47191236.46055048 -48176419.11083692 -48431736.72297308 -48568086.69358709 -49453770.50170195 -49662193.411378935 -49728253.60062908 -49883544.576893784 -50171554.95690507 -50459818.251068056 -51070610.4980152 -51240911.43398113 -51287391.79002869 -51326791.39316463 -51505749.94078308 -51675796.77489782 -51759938.57195805 -52050931.64280901 -52216277.32310453 -53030118.20400194

Equation: (-0.019690232380309067 * sin(x0)) + 876.1135740789666
Residual Differences:
-47191236.526414685 -48176419.175862044 -48431736.784390755 -48568086.75426101 -49453770.56124572 -49662193.47015178 -49728253.657169096 -49883544.63180472 -50171555.00924734 -50459818.30250245 -51070610.54851398 -51240911.48224912 -51287391.83789385 -51326791.44017626 -51505749.98742298 -51675796.817547694 -51759938.61059137 -52050931.67888469 -52216277.35440602 -53030118.23476968

Equation: sin(-0.019690232380309067 * sin(x0)) + 876.1135740789666
Residual Differences:
-47191236.5264144 -48176419.17586181 -48431736.78439068 -48568086.75426096 -49453770.56124569 -49662193.47015177 -49728253.657169096 -49883544.6318048 -50171555.00924721 -50459818.302502275 -51070610.54851375 -51240911.48224877 -51287391.837893195 -51326791.440175444 -51505749.98742203 -51675796.81754689 -51759938.61059076 -52050931.67888431 -52216277.354405984 -53030118.234769695

Equation: (0.03158839778984229 * (x0 - cos(x0))) + 875.9825525337159
Residual Differences:
-47191235.55136951 -48176418.19863697 -48431735.799814425 -48568085.768562175 -49453769.57350591 -49662192.48130255 -49728252.66569605 -49883543.638878636 -50171554.0187596 -50459817.31141421 -51070609.55680962 -51240910.4894246 -51287390.843827456 -51326790.44529893 -51505748.991956815 -51675795.82217234 -51759937.615763254 -52050930.68489588 -52216276.36203691 -53030117.24271169

Equation: ((x0 - cos(x0)) * sin(0.03158839778984229)) + 875.9825525337159
Residual Differences:
-47191235.551572815 -48176418.19884085 -48431735.800020434 -48568085.76876852 -49453769.573713005 -49662192.48151007 -49728252.665904626 -49883543.639088266 -50171554.01892298 -50459817.31157771 -51070609.55697323 -51240910.48958851 -51287390.84399122 -51326790.44546274 -51505748.99212061 -51675795.82233673 -51759937.615928024 -52050930.68506081 -52216276.36220191 -53030117.242876686

Equation: (sin(sin(0.03158839778984229)) * (x0 - cos(x0))) + 875.9825525337159
Residual Differences:
-47191235.551776014 -48176418.19904463 -48431735.80022633 -48568085.76897477 -49453769.573920004 -49662192.48171748 -49728252.66611311 -49883543.63929778 -50171554.01908627 -50459817.31174112 -51070609.55713675 -51240910.48975234 -51287390.8441549 -51326790.445626475 -51505748.99228433 -51675795.82250103 -51759937.616092704 -52050930.68522565 -52216276.36236682 -53030117.24304159

Equation: (((x2 * x1) * cos(1.5721224235276932)) * sin(x0)) + 876.1127476371519
Residual Differences:
-47191237.436650135 -48176420.02340728 -48431737.36109267 -48568087.27720428 -49453771.00874085 -49662193.8659421 -49728253.90034734 -49883544.80786975 -50171554.92405308 -50459818.12521975 -51070610.274794 -51240910.99151692 -51287391.282665886 -51326790.814815864 -51505749.343100704 -51675795.84755771 -51759937.337540984 -52050930.22781965 -52216275.76940712 -53030116.634999566

Equation: (((-0.0018461312743131124 * x1) * cos(0.7694247951435436)) * (sin(x0) * x2)) + 876.1127476371533
Residual Differences:
-47191237.436650135 -48176420.02340728 -48431737.36109268 -48568087.27720428 -49453771.00874086 -49662193.8659421 -49728253.90034734 -49883544.80786975 -50171554.92405308 -50459818.12521975 -51070610.274794 -51240910.99151692 -51287391.282665886 -51326790.814815864 -51505749.3431007 -51675795.84755771 -51759937.337540984 -52050930.227819644 -52216275.769407116 -53030116.63499956

Equation: x3
Residual Differences:
-47192096.136297636 -48177139.24530793 -48432348.61131619 -48568610.45570714 -49454094.64492484 -49662384.406827286 -49728308.34658987 -49883594.67539954 -50171524.650474876 -50459787.94443757 -51070580.230360575 -51240881.16929694 -51287361.56442239 -51326760.99035258 -51505719.61582384 -51675766.31568785 -51759908.12107785 -52050900.990732014 -52216246.420034386 -53030087.19761567

Equation: x3 ^ x3
Residual Differences:
-7.778100097715373e+51 -1.0472646450690488e+52 -1.5039896210033565e+52 -1.530315756462398e+52 -1.6043168026919722e+52 -2.2299491472095623e+52 -2.759672698324308e+52 -2.90927191751791e+52 -6.119534905508401e+52 -7.489514334939265e+52 -8.704146570423155e+52 -9.372059950696854e+52 -1.1471369103141156e+53 -3.0040797655929403e+53 -4.453894910805635e+53 -9.722892005291351e+53 -1.2563543585059533e+54 -6.328031743912295e+54 -2.1421215490187367e+55 -4.1398016195555924e+55

Equation: (x3 ^ x3) + x2
Residual Differences:
-7.778100097715373e+51 -1.0472646450690488e+52 -1.5039896210033565e+52 -1.530315756462398e+52 -1.6043168026919722e+52 -2.2299491472095623e+52 -2.759672698324308e+52 -2.90927191751791e+52 -6.119534905508401e+52 -7.489514334939265e+52 -8.704146570423155e+52 -9.372059950696854e+52 -1.1471369103141156e+53 -3.0040797655929403e+53 -4.453894910805635e+53 -9.722892005291351e+53 -1.2563543585059533e+54 -6.328031743912295e+54 -2.1421215490187367e+55 -4.1398016195555924e+55

Equation: x3 + 872.0541722393898
Residual Differences:
-47191207.396353155 -48176389.970363446 -48431707.46297171 -48568057.22716267 -49453740.87798037 -49662163.68268281 -49728223.632845394 -49883514.55465506 -50171524.65047487 -50459787.94443757 -51070580.23036058 -51240881.16929694 -51287361.56442239 -51326760.99035258 -51505719.61582384 -51675766.31568785 -51759908.12107785 -52050900.990732014 -52216246.42003439 -53030087.19761567

Equation: 875.3998822189951 - sin(x3)
Residual Differences:
-47191238.36050968 -48176420.946807906 -48431738.451901175 -48568088.228352726 -49453771.89963501 -49662194.71748815 -49728254.71914365 -49883545.656907305 -50171555.95891769 -50459819.23666974 -51070611.49214099 -51240912.421606384 -51287392.77332276 -51326792.17977751 -51505750.69901583 -51675797.38012441 -51759939.13835782 -52050931.94158612 -52216277.46643578 -53030118.28926383

Equation: 876.1232034890572 - (x0 - x0)
Residual Differences:
-47191236.49259685 -48176419.1433482 -48431736.7573116 -48568086.72813487 -49453770.537581354 -49662193.44788164 -49728253.63868107 -49883544.61813904 -50171555.00120051 -50459818.29458351 -51070610.54062012 -51240911.475043155 -51287391.82858495 -51326791.43037298 -51505749.97692586 -51675796.81069391 -51759938.60655081 -52050931.676666886 -52216277.354194984 -53030118.23486337

Equation: (-0.17928862338974194 / x0) + 876.1716862722777
Residual Differences:
-47191236.46055048 -48176419.11083692 -48431736.72297308 -48568086.69358709 -49453770.50170195 -49662193.411378935 -49728253.60062908 -49883544.576893784 -50171554.95690507 -50459818.251068056 -51070610.4980152 -51240911.43398113 -51287391.79002869 -51326791.39316463 -51505749.94078308 -51675796.77489782 -51759938.57195805 -52050931.64280901 -52216277.32310453 -53030118.20400194

Equation: (-0.019690232380309067 * sin(x0)) + 876.1135740789666
Residual Differences:
-47191236.526414685 -48176419.175862044 -48431736.784390755 -48568086.75426101 -49453770.56124572 -49662193.47015178 -49728253.657169096 -49883544.63180472 -50171555.00924734 -50459818.30250245 -51070610.54851398 -51240911.48224912 -51287391.83789385 -51326791.44017626 -51505749.98742298 -51675796.817547694 -51759938.61059137 -52050931.67888469 -52216277.35440602 -53030118.23476968

Equation: sin(-0.019690232380309067 * sin(x0)) + 876.1135740789666
Residual Differences:
-47191236.5264144 -48176419.17586181 -48431736.78439068 -48568086.75426096 -49453770.56124569 -49662193.47015177 -49728253.657169096 -49883544.6318048 -50171555.00924721 -50459818.302502275 -51070610.54851375 -51240911.48224877 -51287391.837893195 -51326791.440175444 -51505749.98742203 -51675796.81754689 -51759938.61059076 -52050931.67888431 -52216277.354405984 -53030118.234769695

Equation: (0.03158839778984229 * (x0 - cos(x0))) + 875.9825525337159
Residual Differences:
-47191235.55136951 -48176418.19863697 -48431735.799814425 -48568085.768562175 -49453769.57350591 -49662192.48130255 -49728252.66569605 -49883543.638878636 -50171554.0187596 -50459817.31141421 -51070609.55680962 -51240910.4894246 -51287390.843827456 -51326790.44529893 -51505748.991956815 -51675795.82217234 -51759937.615763254 -52050930.68489588 -52216276.36203691 -53030117.24271169

Equation: ((x0 - cos(x0)) * sin(0.03158839778984229)) + 875.9825525337159
Residual Differences:
-47191235.551572815 -48176418.19884085 -48431735.800020434 -48568085.76876852 -49453769.573713005 -49662192.48151007 -49728252.665904626 -49883543.639088266 -50171554.01892298 -50459817.31157771 -51070609.55697323 -51240910.48958851 -51287390.84399122 -51326790.44546274 -51505748.99212061 -51675795.82233673 -51759937.615928024 -52050930.68506081 -52216276.36220191 -53030117.242876686

Equation: (sin(sin(0.03158839778984229)) * (x0 - cos(x0))) + 875.9825525337159
Residual Differences:
-47191235.551776014 -48176418.19904463 -48431735.80022633 -48568085.76897477 -49453769.573920004 -49662192.48171748 -49728252.66611311 -49883543.63929778 -50171554.01908627 -50459817.31174112 -51070609.55713675 -51240910.48975234 -51287390.8441549 -51326790.445626475 -51505748.99228433 -51675795.82250103 -51759937.616092704 -52050930.68522565 -52216276.36236682 -53030117.24304159

Equation: (((x2 * x1) * cos(1.5721224235276932)) * sin(x0)) + 876.1127476371519
Residual Differences:
-47191237.436650135 -48176420.02340728 -48431737.36109267 -48568087.27720428 -49453771.00874085 -49662193.8659421 -49728253.90034734 -49883544.80786975 -50171554.92405308 -50459818.12521975 -51070610.274794 -51240910.99151692 -51287391.282665886 -51326790.814815864 -51505749.343100704 -51675795.84755771 -51759937.337540984 -52050930.22781965 -52216275.76940712 -53030116.634999566

Equation: (((-0.0018461312743131124 * x1) * cos(0.7694247951435436)) * (sin(x0) * x2)) + 876.1127476371533
Residual Differences:
-47191237.436650135 -48176420.02340728 -48431737.36109268 -48568087.27720428 -49453771.00874086 -49662193.8659421 -49728253.90034734 -49883544.80786975 -50171554.92405308 -50459818.12521975 -51070610.274794 -51240910.99151692 -51287391.282665886 -51326790.814815864 -51505749.3431007 -51675795.84755771 -51759937.337540984 -52050930.227819644 -52216275.769407116 -53030116.63499956

Equation: x3
Residual Differences:
-47192096.136297636 -48177139.24530793 -48432348.61131619 -48568610.45570714 -49454094.64492484 -49662384.406827286 -49728308.34658987 -49883594.67539954 -50171524.650474876 -50459787.94443757 -51070580.230360575 -51240881.16929694 -51287361.56442239 -51326760.99035258 -51505719.61582384 -51675766.31568785 -51759908.12107785 -52050900.990732014 -52216246.420034386 -53030087.19761567

Equation: x3 ^ x3
Residual Differences:
-7.778100097715373e+51 -1.0472646450690488e+52 -1.5039896210033565e+52 -1.530315756462398e+52 -1.6043168026919722e+52 -2.2299491472095623e+52 -2.759672698324308e+52 -2.90927191751791e+52 -6.119534905508401e+52 -7.489514334939265e+52 -8.704146570423155e+52 -9.372059950696854e+52 -1.1471369103141156e+53 -3.0040797655929403e+53 -4.453894910805635e+53 -9.722892005291351e+53 -1.2563543585059533e+54 -6.328031743912295e+54 -2.1421215490187367e+55 -4.1398016195555924e+55

Equation: (x3 ^ x3) + x2
Residual Differences:
-7.778100097715373e+51 -1.0472646450690488e+52 -1.5039896210033565e+52 -1.530315756462398e+52 -1.6043168026919722e+52 -2.2299491472095623e+52 -2.759672698324308e+52 -2.90927191751791e+52 -6.119534905508401e+52 -7.489514334939265e+52 -8.704146570423155e+52 -9.372059950696854e+52 -1.1471369103141156e+53 -3.0040797655929403e+53 -4.453894910805635e+53 -9.722892005291351e+53 -1.2563543585059533e+54 -6.328031743912295e+54 -2.1421215490187367e+55 -4.1398016195555924e+55

Equation: x3 + 872.0541722393898
Residual Differences:
-47191207.396353155 -48176389.970363446 -48431707.46297171 -48568057.22716267 -49453740.87798037 -49662163.68268281 -49728223.632845394 -49883514.55465506 -50171524.65047487 -50459787.94443757 -51070580.23036058 -51240881.16929694 -51287361.56442239 -51326760.99035258 -51505719.61582384 -51675766.31568785 -51759908.12107785 -52050900.990732014 -52216246.42003439 -53030087.19761567

Equation: 875.3998822189951 - sin(x3)
Residual Differences:
-47191238.36050968 -48176420.946807906 -48431738.451901175 -48568088.228352726 -49453771.89963501 -49662194.71748815 -49728254.71914365 -49883545.656907305 -50171555.95891769 -50459819.23666974 -51070611.49214099 -51240912.421606384 -51287392.77332276 -51326792.17977751 -51505750.69901583 -51675797.38012441 -51759939.13835782 -52050931.94158612 -52216277.46643578 -53030118.28926383

Equation: 876.1232034890572 - (x0 - x0)
Residual Differences:
-47191236.49259685 -48176419.1433482 -48431736.7573116 -48568086.72813487 -49453770.537581354 -49662193.44788164 -49728253.63868107 -49883544.61813904 -50171555.00120051 -50459818.29458351 -51070610.54062012 -51240911.475043155 -51287391.82858495 -51326791.43037298 -51505749.97692586 -51675796.81069391 -51759938.60655081 -52050931.676666886 -52216277.354194984 -53030118.23486337

Equation: (-0.17928862338974194 / x0) + 876.1716862722777
Residual Differences:
-47191236.46055048 -48176419.11083692 -48431736.72297308 -48568086.69358709 -49453770.50170195 -49662193.411378935 -49728253.60062908 -49883544.576893784 -50171554.95690507 -50459818.251068056 -51070610.4980152 -51240911.43398113 -51287391.79002869 -51326791.39316463 -51505749.94078308 -51675796.77489782 -51759938.57195805 -52050931.64280901 -52216277.32310453 -53030118.20400194

Equation: (-0.019690232380309067 * sin(x0)) + 876.1135740789666
Residual Differences:
-47191236.526414685 -48176419.175862044 -48431736.784390755 -48568086.75426101 -49453770.56124572 -49662193.47015178 -49728253.657169096 -49883544.63180472 -50171555.00924734 -50459818.30250245 -51070610.54851398 -51240911.48224912 -51287391.83789385 -51326791.44017626 -51505749.98742298 -51675796.817547694 -51759938.61059137 -52050931.67888469 -52216277.35440602 -53030118.23476968

Equation: sin(-0.019690232380309067 * sin(x0)) + 876.1135740789666
Residual Differences:
-47191236.5264144 -48176419.17586181 -48431736.78439068 -48568086.75426096 -49453770.56124569 -49662193.47015177 -49728253.657169096 -49883544.6318048 -50171555.00924721 -50459818.302502275 -51070610.54851375 -51240911.48224877 -51287391.837893195 -51326791.440175444 -51505749.98742203 -51675796.81754689 -51759938.61059076 -52050931.67888431 -52216277.354405984 -53030118.234769695

Equation: (0.03158839778984229 * (x0 - cos(x0))) + 875.9825525337159
Residual Differences:
-47191235.55136951 -48176418.19863697 -48431735.799814425 -48568085.768562175 -49453769.57350591 -49662192.48130255 -49728252.66569605 -49883543.638878636 -50171554.0187596 -50459817.31141421 -51070609.55680962 -51240910.4894246 -51287390.843827456 -51326790.44529893 -51505748.991956815 -51675795.82217234 -51759937.615763254 -52050930.68489588 -52216276.36203691 -53030117.24271169

Equation: ((x0 - cos(x0)) * sin(0.03158839778984229)) + 875.9825525337159
Residual Differences:
-47191235.551572815 -48176418.19884085 -48431735.800020434 -48568085.76876852 -49453769.573713005 -49662192.48151007 -49728252.665904626 -49883543.639088266 -50171554.01892298 -50459817.31157771 -51070609.55697323 -51240910.48958851 -51287390.84399122 -51326790.44546274 -51505748.99212061 -51675795.82233673 -51759937.615928024 -52050930.68506081 -52216276.36220191 -53030117.242876686

Equation: (sin(sin(0.03158839778984229)) * (x0 - cos(x0))) + 875.9825525337159
Residual Differences:
-47191235.551776014 -48176418.19904463 -48431735.80022633 -48568085.76897477 -49453769.573920004 -49662192.48171748 -49728252.66611311 -49883543.63929778 -50171554.01908627 -50459817.31174112 -51070609.55713675 -51240910.48975234 -51287390.8441549 -51326790.445626475 -51505748.99228433 -51675795.82250103 -51759937.616092704 -52050930.68522565 -52216276.36236682 -53030117.24304159

Equation: (((x2 * x1) * cos(1.5721224235276932)) * sin(x0)) + 876.1127476371519
Residual Differences:
-47191237.436650135 -48176420.02340728 -48431737.36109267 -48568087.27720428 -49453771.00874085 -49662193.8659421 -49728253.90034734 -49883544.80786975 -50171554.92405308 -50459818.12521975 -51070610.274794 -51240910.99151692 -51287391.282665886 -51326790.814815864 -51505749.343100704 -51675795.84755771 -51759937.337540984 -52050930.22781965 -52216275.76940712 -53030116.634999566

Equation: (((-0.0018461312743131124 * x1) * cos(0.7694247951435436)) * (sin(x0) * x2)) + 876.1127476371533
Residual Differences:
-47191237.436650135 -48176420.02340728 -48431737.36109268 -48568087.27720428 -49453771.00874086 -49662193.8659421 -49728253.90034734 -49883544.80786975 -50171554.92405308 -50459818.12521975 -51070610.274794 -51240910.99151692 -51287391.282665886 -51326790.814815864 -51505749.3431007 -51675795.84755771 -51759937.337540984 -52050930.227819644 -52216275.769407116 -53030116.63499956

Equation: x2
Residual Differences:
-78264239.07278632 -78280621.10096869 -78442440.40115006 -79014660.97115242 -79443177.7078796 -79848006.54659241 -79913190.76711659 -81194822.84235281 -81298140.20340727 -81746477.68722944 -82143632.3137063 -82306427.79575926 -82520820.79672222 -82544174.15145543 -83414631.16397633 -83760505.99414414 -84849992.39332278 -85078312.71982208 -85643003.99138618 -89527642.06645231

Equation: x4 ^ x2
Residual Differences:
-5.663719149651349e+58 -8.343109145579183e+58 -1.0037568767725645e+59 -1.2630655391552722e+59 -1.6033342324376673e+59 -3.0717830385582024e+59 -4.145528853179792e+59 -6.339142091312182e+59 -8.971724454495435e+59 -1.0986101823245536e+60 -3.370068352115344e+60 -4.710614195554155e+60 -5.990893986802176e+60 -1.3923898297046e+61 -1.7987745760887186e+61 -1.9918932634161505e+61 -2.6511557347590294e+61 -6.036321775542598e+61 -1.071835395422893e+62 -3.8498969017694906e+62

Equation: (x4 ^ x2) + x3
Residual Differences:
-5.663719149651349e+58 -8.343109145579183e+58 -1.0037568767725645e+59 -1.2630655391552722e+59 -1.6033342324376673e+59 -3.0717830385582024e+59 -4.145528853179792e+59 -6.339142091312182e+59 -8.971724454495435e+59 -1.0986101823245536e+60 -3.370068352115344e+60 -4.710614195554155e+60 -5.990893986802176e+60 -1.3923898297046e+61 -1.7987745760887186e+61 -1.9918932634161505e+61 -2.6511557347590294e+61 -6.036321775542598e+61 -1.071835395422893e+62 -3.8498969017694906e+62

Equation: 1018.3440607695892 - x0
Residual Differences:
-78263312.14564441 -78280044.6960683 -78441905.50500186 -79014176.0351497 -79442795.04692748 -79847659.42874645 -79913082.7396735 -81194771.04534449 -81298208.13434803 -81746545.58878547 -82143700.27032167 -82306495.95469728 -82520889.05466454 -82544242.69785573 -83414699.49609564 -83760574.16686615 -84850060.53567606 -85078381.07636929 -85643072.41105059 -89527710.73424315

Equation: 1013.4519910921957 - sin(x2)
Residual Differences:
-78263281.1675169 -78280013.6114992 -78441874.17556088 -79014144.0060637 -79442762.7459267 -79847626.82771899 -79913050.02371217 -81194738.19750299 -81298175.0319372 -81746512.57120185 -82143667.76176877 -82306463.2441901 -82520856.22981477 -82544209.96644099 -83414666.9891336 -83760541.69826616 -84850028.02077869 -85078348.63330436 -85643039.88930708 -89527678.30048092

Equation: 1014.1875232695709 + (x4 - x4)
Residual Differences:
-78263280.08889449 -78280012.4618853 -78441873.09612453 -79014142.96227404 -79442761.8393136 -79847625.8454256 -79913049.01819198 -81194737.26174203 -81298173.89715455 -81746511.34802736 -82143666.25469312 -82306461.71570645 -82520854.64569794 -82544208.21805331 -83414665.20787536 -83760539.89363852 -84850026.20129183 -85078346.71861449 -85643037.97445539 -89527676.33713067

Equation: 507.10299384887446 - -507.0845294206965
Residual Differences:
-78263280.08889449 -78280012.4618853 -78441873.09612453 -79014142.96227404 -79442761.8393136 -79847625.8454256 -79913049.01819198 -81194737.26174203 -81298173.89715455 -81746511.34802736 -82143666.25469312 -82306461.71570645 -82520854.64569794 -82544208.21805331 -83414665.20787536 -83760539.89363852 -84850026.20129183 -85078346.71861449 -85643037.97445539 -89527676.33713067

Equation: (cos(x1) / (x4 ^ x0)) + 1014.19120046118
Residual Differences:
-78263280.11614832 -78280012.4822628 -78441873.11148573 -79014142.96563709 -79442761.84138072 -79847625.8455667 -79913049.01688883 -81194737.26003307 -81298173.8930595 -81746511.34543088 -82143666.25334074 -82306461.71474165 -82520854.64492446 -82544208.21741617 -83414665.20751978 -83760539.89354125 -84850026.20129992 -85078346.71862653 -85643037.9745374 -89527676.33723466

Equation: (1497.1754995547226 + (cos(x1) / (x4 ^ x0))) + -482.9842990935425
Residual Differences:
-78263280.11614832 -78280012.4822628 -78441873.11148573 -79014142.96563709 -79442761.84138072 -79847625.8455667 -79913049.01688883 -81194737.26003307 -81298173.8930595 -81746511.34543088 -82143666.25334074 -82306461.71474165 -82520854.64492446 -82544208.21741617 -83414665.20751978 -83760539.89354125 -84850026.20129992 -85078346.71862653 -85643037.9745374 -89527676.33723466

Equation: (((1.003169381887403 ^ x4) + 663.092916316988) + (cos(1.9634847279181782) / (x1 ^ x0))) / sin(sin(sin(0.9191770875293778)))
Residual Differences:
-78263279.93597962 -78280012.30345201 -78441872.93384534 -79014142.79209346 -79442761.66710208 -79847625.67091016 -79913048.84235772 -81194737.08563448 -81298173.71714748 -81746511.17004132 -82143666.07831767 -82306461.5387644 -82520854.4685329 -82544208.0416267 -83414665.03152244 -83760539.71787547 -84850026.02506761 -85078346.54277276 -85643037.7962603 -89527676.15883349

Equation: x4
Residual Differences:
-7717873384.466567 -7817625254.395448 -7829608651.53447 -7889258978.884477 -7897302277.932212 -7899981690.998621 -7935914984.392645 -7947082997.670567 -7950981784.960707 -7965230055.249722 -7969164229.153953 -7974445923.881966 -7993509985.645459 -7995718546.551551 -8025783928.70328 -8026069108.977741 -8028713377.585883 -8065169692.028961 -8092331381.88264 -8102175681.605315

Equation: x4 ^ x0
Residual Differences:
-1.5991408127345278e+187 -1.7355149578144879e+187 -2.5643190290441756e+187 -3.547332020998155e+187 -5.4067550894417594e+187 -6.0061556933739294e+187 -1.016905063147118e+188 -1.520069908908753e+188 -3.193626830390295e+188 -3.382206274729431e+188 -7.06120710745249e+188 -9.833626710610807e+188 -3.9374592452353365e+189 -5.172098260826596e+189 -6.047883790805937e+189 -8.637857817520921e+189 -9.782187294493134e+189 -6.729273842089878e+190 -1.0042730745163883e+191 -4.2166381848568844e+191

Equation: x3 * (x2 ^ x2)
Residual Differences:
-1.0280339355381017e+189 -1.136968221647141e+189 -2.8243227374032277e+189 -2.989962987826858e+189 -3.003412876714241e+189 -4.671932512047879e+189 -6.517236119944294e+189 -2.7013815758860557e+190 -7.127119876853758e+190 -2.0285818312981696e+191 -5.600175255571954e+191 -6.852007871445643e+191 -8.705812183677041e+191 -1.0835795308352694e+192 -1.881932276668375e+192 -3.52668594034687e+192 -7.979176364383556e+192 -1.4318430407912225e+193 -4.7699978950571264e+193 -5.049123952795987e+193

Equation: 805.6802968988292 + x4
Residual Differences:
-7717872682.851172 -7817624688.612655 -7829608365.886076 -7889258726.801282 -7897302054.222018 -7899981479.834827 -7935914775.16485 -7947082802.707373 -7950981710.756912 -7965230055.249722 -7969164229.153953 -7974445923.881966 -7993509985.645459 -7995718546.551551 -8025783928.70328 -8026069108.977741 -8028713377.585883 -8065169692.028961 -8092331381.88264 -8102175681.605315

Equation: 879.6926236814212 + cos(x0)
Residual Differences:
-7717872632.948748 -7817624638.927074 -7829608316.313995 -7889258677.385277 -7897302005.192681 -7899981430.841467 -7935914726.370789 -7947082754.110717 -7950981662.411177 -7965230043.57664 -7969164270.554142 -7974446014.55494 -7993510076.692927 -7995718637.668104 -8025784020.081925 -8026069200.448959 -8028713469.02507 -8065169783.998566 -8092331473.862299 -8102175774.2915535

Equation: sin(cos(x0)) + 875.1093820262455
Residual Differences:
-7717872642.074771 -7817624648.047739 -7829608325.428426 -7889258686.492986 -7897302014.298958 -7899981439.962333 -7935914735.473466 -7947082763.204594 -7950981671.488148 -7965230052.731443 -7969164279.707648 -7974446014.590779 -7993510076.707967 -7995718637.682687 -8025784020.086389 -8026069200.451244 -8028713469.026598 -8065169783.9890995 -8092331473.846443 -8102175774.237591

Equation: (876.2105097335668 - (x2 / x0)) + sin(cos(x2))
Residual Differences:
-7717872641.85458 -7817624647.784352 -7829608325.166498 -7889258686.32134 -7897302014.087107 -7899981439.764138 -7935914735.227799 -7947082763.047947 -7950981671.357247 -7965230052.852274 -7969164279.950343 -7974446014.924657 -7993510076.751536 -7995718637.741539 -8025784020.131831 -8026069200.516463 -8028713469.183017 -8065169783.77774 -8092331473.793049 -8102175773.783873

Equation: (436.5761061629496 - (x2 / x2)) + 438.97017675662454
Residual Differences:
-7717872643.143232 -7817624649.109165 -7829608326.475116 -7889258687.525435 -7897302015.319721 -7899981441.001033 -7935914736.460822 -7947082764.151975 -7950981672.34064 -7965230053.793744 -7969164280.733977 -7974446015.494446 -7993510077.258665 -7995718638.189365 -8025784020.4465 -8026069200.710604 -8028713469.2389965 -8065169783.6943445 -8092331473.411387 -8102175773.333352

Equation: (-1.8213088843822698 * -241.10349416145044) + 435.4223469477044
Residual Differences:
-7717872643.143232 -7817624649.109165 -7829608326.475116 -7889258687.525435 -7897302015.319721 -7899981441.001033 -7935914736.460822 -7947082764.151975 -7950981672.34064 -7965230053.793744 -7969164280.733977 -7974446015.494446 -7993510077.258665 -7995718638.189365 -8025784020.4465 -8026069200.710604 -8028713469.2389965 -8065169783.6943445 -8092331473.411387 -8102175773.333352

Equation: (875.5283045876339 - (x1 / x1)) + (sin(3389.773802173783) * x1)
Residual Differences:
-7717872642.722493 -7817624648.688036 -7829608326.05365 -7889258687.103374 -7897302014.897415 -7899981440.577918 -7935914736.036867 -7947082763.727044 -7950981671.914869 -7965230053.367395 -7969164280.306801 -7974446015.067484 -7993510076.83205 -7995718637.762302 -8025784020.019207 -8026069200.282987 -8028713468.811757 -8065169783.267295 -8092331472.982994 -8102175772.90483

Equation: (875.4653837857358 - (x1 / x1)) + (0.010199492698797942 * (x3 + x3))
Residual Differences:
-7717872641.311921 -7817624647.273443 -7829608324.637121 -7889258685.682821 -7897302013.472865 -7899981439.146763 -7935914734.605892 -7947082762.294659 -7950981670.474857 -7965230051.926412 -7969164278.859242 -7974446013.621954 -7993510075.384351 -7995718636.313329 -8025784018.577749 -8026069198.844303 -8028713467.372769 -8065169781.824935 -8092331471.54351 -8102175771.46448

Equation: x4 ^ x0
Residual Differences:
-1.1335932285265474e+97 -1.5260828904261796e+97 -2.729791582316824e+97 -3.4706967368810145e+97 -8.135434000124957e+97 -1.0106356130999812e+98 -2.3540131149732265e+98 -4.78486171645901e+98 -1.332532970701022e+99 -1.6416296837678145e+99 -2.1839076533055538e+99 -2.8357551075501842e+99 -5.815831345347207e+99 -9.064587218401405e+99 -1.357207918655662e+100 -1.8548166968956485e+100 -2.5478303683913376e+100 -2.789549609242732e+100 -1.3681289832800406e+101 -1.6036189869208428e+101

Equation: (x4 ^ x0) + x1
Residual Differences:
-1.1335932285265474e+97 -1.5260828904261796e+97 -2.729791582316824e+97 -3.4706967368810145e+97 -8.135434000124957e+97 -1.0106356130999812e+98 -2.3540131149732265e+98 -4.78486171645901e+98 -1.332532970701022e+99 -1.6416296837678145e+99 -2.1839076533055538e+99 -2.8357551075501842e+99 -5.815831345347207e+99 -9.064587218401405e+99 -1.357207918655662e+100 -1.8548166968956485e+100 -2.5478303683913376e+100 -2.789549609242732e+100 -1.3681289832800406e+101 -1.6036189869208428e+101

Equation: x3 / 0.00432086282392456
Residual Differences:
-559632542.9953284 -560512007.9373822 -561138898.2091748 -563144658.5146341 -565607995.4392757 -567602779.4395963 -568183156.7458353 -568977049.2160723 -571215007.6977133 -571486157.4823731 -572859035.8852979 -577330247.4524882 -578434894.7807808 -581834634.3253974 -585678834.4505049 -587647217.836058 -587928823.8882017 -591887969.5276201 -591974269.9814554 -595183178.0875355

Equation: (x3 / 0.00432086282392456) - cos(x0 + x2)
Residual Differences:
-559632543.6312346 -560512008.738362 -561138899.1457406 -563144659.7027692 -565607996.8314036 -567602780.8282701 -568183158.3009218 -568977049.3365463 -571215008.0638561 -571486157.9050497 -572859036.5149455 -577330248.4341176 -578434896.106779 -581834635.8463807 -585678836.005869 -587647219.3316429 -587928825.5054659 -591887971.1070735 -591974271.1189163 -595183179.0485133

Equation: (x3 / 0.004498204475713728) + (x2 * (x4 + x1))
Residual Differences:
-559626879.6356276 -560506326.1253223 -561133204.2265265 -563138941.250197 -565602261.7553684 -567597022.6817615 -568177352.500881 -568971216.7329314 -571209154.4198315 -571480285.955087 -572853158.7745086 -577324348.3220911 -578428984.0068032 -581828715.9763472 -585672904.5464592 -587641274.1260486 -587922866.9798229 -591881995.3536766 -591968265.072146 -595177137.3159405

Equation: (x3 - -191.57560494746772) * (x3 + 0.7805612114321451)
Residual Differences:
-559631439.4796256 -560510903.7013956 -561137793.8462759 -563143557.9417354 -565606895.9755476 -567601666.8788104 -568182017.2849542 -568975948.3859078 -571213905.243891 -571485037.5556103 -572857910.6890285 -577329114.575695 -578433758.0845599 -581833493.8308247 -585677675.880837 -587646039.1573389 -587927623.5635856 -591886768.8879806 -591973054.501888 -595181954.9791646

Equation: (sin(x3 + -0.5035931609121154) + x3) / 0.004498204475713728
Residual Differences:
-559633202.4215306 -560512673.7217098 -561139580.0425321 -563145371.6599845 -565608719.4223629 -567603494.9626586 -568183837.2149532 -568977680.0258405 -571215629.7411646 -571486721.1184994 -572859582.6682789 -577330756.4444054 -578435388.2514862 -581835116.7044065 -585679247.7689555 -587647550.7085376 -587929080.0004646 -591888224.1298335 -591974478.9366137 -595183359.8425807

Equation: ((x4 + x4) + (x2 + 921.174985689289)) + (x4 - sin(x3))
Residual Differences:
-559644072.0030618 -560523549.9776169 -561150466.3262763 -563156260.5760542 -565619609.4845915 -567614437.6132493 -568194909.5089351 -568988921.7061036 -571226991.6533872 -571498159.7373167 -572871046.8038746 -577342241.5379782 -578446888.3107351 -581846637.902633 -585690846.0782075 -587659221.6391194 -587940830.4771831 -591899974.3755056 -591986287.2732935 -595195144.5468334

Equation: ((x4 - -544.407724722125) + 178.25046585353786) - -177.73387663590069
Residual Differences:
-559644290.7395524 -560523768.9553076 -561150685.9919559 -563156481.3659855 -565619830.7815912 -567614659.0875863 -568195132.3266734 -568989144.9908831 -571227148.7172484 -571498316.3297102 -572871203.3481076 -577342398.2178745 -578447044.7334676 -581846794.0644524 -585691002.0031666 -587659377.3081394 -587940985.8825758 -591900129.5121448 -591986442.5810999 -595195300.2471318

Equation: ((x4 - sin(x3)) - (cos(x4) * x4)) + ((x4 + x2) + (886.1044855138138 + x4))
Residual Differences:
-559644172.1053592 -560523650.9140911 -561150572.7085447 -563156368.0257404 -565619722.9413544 -567614553.0279279 -568195031.3726546 -568989045.8370602 -571227050.0368502 -571498217.8443863 -572871105.0842701 -577342298.9927853 -578446944.9196429 -581846694.2445799 -585690900.3055772 -587659275.7662524 -587940879.7687931 -591900021.8572191 -591986324.8897817 -595195176.4825933

Equation: ((x3 + 58.460410717075675) + (58.944194620162165 - x3)) * (40.18564565424805 / 5.215346622269146)
Residual Differences:
-559644341.1163678 -560523819.3626592 -561150736.7003336 -563156532.4352998 -565619882.024358 -567614710.418745 -568195184.2459953 -568989197.1116366 -571227201.0091302 -571498368.5192207 -572871255.6053361 -577342450.601866 -578447097.0819098 -581846846.3507394 -585691054.3463167 -587659429.6408991 -587941038.349883 -591900181.8819702 -591986495.0399774 -595195352.8182144

Equation: x0
Residual Differences:
-4410380122.088508 -4419561717.348332 -4467075852.407968 -4494853182.754775 -4495962792.8110285 -4501129827.693593 -4522612336.663186 -4522670280.266681 -4526033747.318887 -4527893718.294497 -4544817568.488863 -4558043456.952568 -4563633493.62855 -4569425915.145662 -4613480468.186411 -4622126025.741683 -4623396604.465173 -4652581610.361979 -4676819567.525702 -4702346789.712257

Equation: x1 ^ x2
Residual Differences:
-4.5993797120595176e+162 -7.68673894530407e+162 -1.1401570080857989e+163 -1.293826263075007e+163 -1.6406635947994722e+163 -1.474384752913414e+164 -3.777225750672377e+164 -4.688909722030776e+164 -4.838771629140722e+164 -5.145916185522434e+164 -1.2817549021075934e+165 -1.591435868297388e+165 -1.845596364956215e+165 -2.7088481665205285e+165 -3.4916476220560868e+165 -6.286469559577647e+165 -1.3546825817984888e+166 -2.6580675560875364e+166 -3.905420289653432e+166 -1.410342489037071e+167

Equation: x0 + (x1 ^ x2)
Residual Differences:
-4.5993797120595176e+162 -7.68673894530407e+162 -1.1401570080857989e+163 -1.293826263075007e+163 -1.6406635947994722e+163 -1.474384752913414e+164 -3.777225750672377e+164 -4.688909722030776e+164 -4.838771629140722e+164 -5.145916185522434e+164 -1.2817549021075934e+165 -1.591435868297388e+165 -1.845596364956215e+165 -2.7088481665205285e+165 -3.4916476220560868e+165 -6.286469559577647e+165 -1.3546825817984888e+166 -2.6580675560875364e+166 -3.905420289653432e+166 -1.410342489037071e+167

Equation: 909.5380921743567 + x1
Residual Differences:
-4410379248.896324 -4419561404.310792 -4467075584.105058 -4494852921.606518 -4495962551.480722 -4501129677.322926 -4522612196.506348 -4522670206.677817 -4526033747.488721 -4527893718.591241 -4544817568.776368 -4558043457.044377 -4563633493.628071 -4569425915.198054 -4613480468.459397 -4622126025.843391 -4623396604.640014 -4652581610.525511 -4676819567.671423 -4702346790.066492

Equation: sin(x2) + 1003.9357411649618
Residual Differences:
-4410379147.456158 -4419561303.341762 -4467075483.3672 -4494852821.095147 -4495962451.238184 -4501129577.862432 -4522612097.647201 -4522670108.021258 -4526033667.021202 -4527893685.236202 -4544817568.799167 -4558043538.19181 -4563633574.641753 -4569425996.170942 -4613480549.436387 -4622126106.999481 -4623396685.77951 -4652581691.693942 -4676819648.891866 -4702346871.230241

Equation: (x3 / x3) + 1002.1890813167471
Residual Differences:
-4410379149.2426195 -4419561304.76237 -4467075484.699679 -4494852822.304843 -4495962452.301345 -4501129578.452159 -4522612098.081496 -4522670108.328034 -4526033667.20876 -4527893685.377147 -4544817568.753222 -4558043538.505229 -4563633574.96444 -4569425996.462688 -4613480549.687322 -4622126107.19495 -4623396685.888719 -4652581691.745071 -4676819648.911377 -4702346871.192542

Equation: 1003.1924825058247 + (sin(x2) / (x4 ^ x2))
Residual Differences:
-4410379149.238317 -4419561304.7631235 -4467075484.700561 -4494852822.306046 -4495962452.302277 -4501129578.452125 -4522612098.080686 -4522670108.326563 -4526033667.206774 -4527893685.374654 -4544817568.75006 -4558043538.502167 -4563633574.962363 -4569425996.46151 -4613480549.686295 -4622126107.19401 -4623396685.88816 -4652581691.744635 -4676819648.911021 -4702346871.192227

Equation: 1003.2251435198395 + sin(x0 * (-0.03271884990333852 / x4))
Residual Differences:
-4410379149.2358885 -4419561304.756798 -4467075484.695011 -4494852822.305114 -4495962452.301411 -4501129578.450738 -4522612098.079048 -4522670108.324799 -4526033667.2055435 -4527893685.374213 -4544817568.749446 -4558043538.501789 -4563633574.961317 -4569425996.461374 -4613480549.685135 -4622126107.192575 -4623396685.88894 -4652581691.745319 -4676819648.911938 -4702346871.193212

Equation: (cos(x4) / (x1 ^ x4)) + ((x1 / x1) + 1002.1964512990435)
Residual Differences:
-4410379149.257665 -4419561304.776868 -4467075484.71195 -4494852822.314136 -4495962452.30768 -4501129578.4521885 -4522612098.078809 -4522670108.32324 -4526033667.203436 -4527893685.370118 -4544817568.744804 -4558043538.500317 -4563633574.962095 -4569425996.461593 -4613480549.686355 -4622126107.194187 -4623396685.888716 -4652581691.74517 -4676819648.911479 -4702346871.192634

Equation: (-0.23226354317244266 / x4) + (941.3623413867986 - -61.889715998046164)
Residual Differences:
-4410379149.196752 -4419561304.716265 -4467075484.653402 -4494852822.257002 -4495962452.251717 -4501129578.399953 -4522612098.027 -4522670108.27186 -4526033667.152388 -4527893685.319994 -4544817568.6941595 -4558043538.445082 -4563633574.908338 -4569425996.409917 -4613480549.63489 -4622126107.143085 -4623396685.842087 -4652581691.700524 -4676819648.867422 -4702346871.148777

Equation: (5.3156678887025715 * 188.72337858009465) + (sin(sin(251.34151256522384)) * cos(-30.379906953341923 / x4))
Residual Differences:
-4410379149.236845 -4419561304.756863 -4467075484.694362 -4494852822.30099 -4495962452.298515 -4501129578.449472 -4522612098.077628 -4522670108.322567 -4526033667.203068 -4527893685.370495 -4544817568.743805 -4558043538.486931 -4563633574.953479 -4569425996.457396 -4613480549.682542 -4622126107.190988 -4623396685.889385 -4652581691.74586 -4676819648.912008 -4702346871.193104

Equation: (0.01566734815847326 * x4) + ((978.9991767657972 - (-39.208610203017045 - -43.75294926147791)) - -28.67439130357838)
Residual Differences:
-4410379147.99126 -4419561303.508533 -4467075483.445353 -4494852821.048435 -4495962451.043255 -4501129577.184949 -4522612096.810234 -4522670107.055243 -4526033665.935376 -4527893684.102623 -4544817567.476982 -4558043537.223794 -4563633573.685413 -4569425995.184442 -4613480548.406582 -4622126105.912058 -4623396684.611993 -4652581690.470123 -4676819647.636789 -4702346869.917935

Equation: x1
Residual Differences:
-22144731.161312412 -22924535.903153177 -23650727.450911947 -23736116.674673412 -23871453.381930273 -24964340.064071022 -25148170.99658839 -25434363.68892256 -25443856.57448395 -25528794.59926642 -25555554.248410054 -25575529.901738677 -25671731.599468287 -25769585.75394749 -25809982.39500187 -25847256.54777943 -25935360.27814612 -26222189.16068693 -26505298.80520634 -26914251.73533992

Equation: x2 ^ x3
Residual Differences:
-6.080968934743513e+42 -1.0206107253454467e+43 -1.207989688163398e+43 -2.1249231723336819e+43 -2.8830214277028704e+43 -5.085127605444154e+43 -5.446613656598364e+43 -6.243739877826701e+43 -1.2709849973216121e+44 -2.1673389662623024e+44 -3.4061519007970346e+44 -5.1782572362852006e+44 -1.1992204183431812e+45 -3.0195893453869356e+45 -3.757717561947593e+45 -4.7953564391833496e+45 -6.63926314351935e+45 -6.821554661601729e+45 -1.0741102666302962e+46 -2.627060898388435e+46

Equation: (x2 ^ x3) + x4
Residual Differences:
-6.080968934743513e+42 -1.0206107253454467e+43 -1.207989688163398e+43 -2.1249231723336819e+43 -2.8830214277028704e+43 -5.085127605444154e+43 -5.446613656598364e+43 -6.243739877826701e+43 -1.2709849973216121e+44 -2.1673389662623024e+44 -3.4061519007970346e+44 -5.1782572362852006e+44 -1.1992204183431812e+45 -3.0195893453869356e+45 -3.757717561947593e+45 -4.7953564391833496e+45 -6.63926314351935e+45 -6.821554661601729e+45 -1.0741102666302962e+46 -2.627060898388435e+46

Equation: 959.6285308250386 + x2
Residual Differences:
-22144018.579410248 -22923845.20605559 -23650143.881005704 -23735637.278644115 -23870993.841366302 -24963922.742599607 -25147807.05049858 -25434099.13244499 -25443671.538689267 -25528770.916874908 -25555542.446569726 -25575530.12293213 -25671731.79329831 -25769585.824861426 -25809982.464750044 -25847256.573067788 -25935360.196561545 -26222189.586783946 -26505298.76360255 -26914251.82133758

Equation: 964.5044354602471 + sin(x4)
Residual Differences:
-22144041.85501676 -22923869.332056373 -23650168.229350343 -23735662.021525953 -23871018.743558645 -24963947.894476335 -25147832.31439149 -25434124.806058742 -25443697.28234864 -25528796.756904613 -25555568.503198065 -25575556.021345187 -25671757.55476007 -25769611.467696812 -25810007.895418607 -25847281.839393485 -25935385.35260033 -26222214.625870883 -26505324.06245006 -26914277.193689633

Equation: 963.8162824992448 + (x0 - x0)
Residual Differences:
-22144042.53782725 -22923869.790044006 -23650168.66505713 -23735662.314017814 -23871018.89179699 -24963947.96635953 -25147832.54775391 -25434124.99559072 -25443697.462163657 -25528796.953147907 -25555568.65429877 -25575555.94210244 -25671757.5688484 -25769611.6113317 -25810008.127308287 -25847282.347917143 -25935386.00503366 -26222215.2940178 -26505324.73526041 -26914277.84031968

Equation: 963.9558111537987 + -0.0037178287477212333
Residual Differences:
-22144042.266205598 -22923869.518422354 -23650168.39343548 -23735662.04239616 -23871018.62017534 -24963947.694737878 -25147832.27613226 -25434124.72396907 -25443697.190542005 -25528796.681526255 -25555568.38267712 -25575555.94210244 -25671757.5688484 -25769611.6113317 -25810008.127308287 -25847282.347917143 -25935386.00503366 -26222215.2940178 -26505324.73526041 -26914277.84031968

Equation: 964.0055273875678 + (-0.22784128952348806 / x2)
Residual Differences:
-22144042.23978971 -22923869.48580506 -23650168.35822091 -23735662.004790127 -23871018.5823547 -24963947.65663925 -25147832.234248742 -25434124.67888194 -25443697.14474876 -25528796.63455449 -25555568.33494581 -25575555.898425944 -25671757.5262338 -25769611.568814456 -25810008.086557854 -25847282.307625566 -25935385.964734856 -26222215.25494141 -26505324.69613783 -26914277.801228333

Equation: ((x2 + x2) - (-85.92775507139083 / cos(-1.3788701283743574))) * (x2 + ((x2 - 2.1196873255843625) / -0.9909560939180433))
Residual Differences:
-22144053.363082234 -22923880.907207523 -23650179.833235882 -23735673.582562998 -23871030.161914647 -24963959.382369008 -25147843.98326672 -25434136.550869722 -25443709.021339796 -25528808.5274017 -25555580.33037921 -25575567.99619223 -25671769.67181829 -25769623.73332367 -25810020.290208306 -25847294.6632551 -25935398.352369916 -26222227.663661595 -26505337.35929174 -26914290.51419847

Equation: x4
Residual Differences:
-225234973.47285017 -225465707.7816145 -227599364.36575797 -231454774.59068334 -231863119.39092043 -232529423.00126365 -232553612.93533933 -232715466.53272125 -233449894.58118674 -234158064.11646202 -234302912.51426977 -234738205.3355045 -235288375.02555624 -235456465.9975231 -237608499.64056408 -239156585.0645386 -239243702.3380551 -241233546.110901 -242804783.58856678 -244552648.23627087

Equation: x1 ^ x0
Residual Differences:
-6.554073281711634e+76 -1.185278111905148e+77 -1.5031850015315784e+77 -2.371018711545894e+77 -3.8353158267705877e+77 -8.90724330522663e+77 -3.1021886447704816e+78 -5.735916641928672e+78 -8.396891496881516e+78 -1.373368762561439e+79 -2.7817018503648433e+79 -4.402609239200656e+79 -4.861504312243763e+79 -5.8072378379850425e+79 -1.1401395557128898e+80 -1.4127363353988445e+80 -2.043655884537915e+80 -3.8912363976357665e+80 -9.552504614911272e+80 -1.0305081181244753e+81

Equation: x3 + (x1 ^ x0)
Residual Differences:
-6.554073281711634e+76 -1.185278111905148e+77 -1.5031850015315784e+77 -2.371018711545894e+77 -3.8353158267705877e+77 -8.90724330522663e+77 -3.1021886447704816e+78 -5.735916641928672e+78 -8.396891496881516e+78 -1.373368762561439e+79 -2.7817018503648433e+79 -4.402609239200656e+79 -4.861504312243763e+79 -5.8072378379850425e+79 -1.1401395557128898e+80 -1.4127363353988445e+80 -2.043655884537915e+80 -3.8912363976357665e+80 -9.552504614911272e+80 -1.0305081181244753e+81

Equation: x0 ^ (x4 - cos(x4))
Residual Differences:
-2.0220676485784686e+78 -8.391708888533657e+78 -1.5649880436141778e+79 -3.251351462127385e+79 -3.765687805679028e+79 -6.369610849931302e+79 -1.1112044389377982e+80 -1.505681063830708e+80 -1.6135333214794983e+80 -4.5467896624873566e+80 -5.732512799681727e+80 -6.203552070586026e+80 -8.889734387598614e+80 -1.0117468552960581e+81 -1.781477588155212e+81 -2.335969966641718e+81 -4.045066926296116e+81 -4.838335891706948e+81 -6.406015913241552e+81 -7.091997066831468e+81

Equation: (x3 ^ x0) + (x4 ^ x2)
Residual Differences:
-2.1676211895669387e+77 -3.840742147763762e+77 -4.8247384591646e+77 -7.665797160563384e+77 -9.148095330406062e+77 -3.3487931867919182e+78 -1.151790667893421e+79 -1.655493401802087e+79 -2.8657828679876605e+79 -3.9679188967458186e+79 -6.076855704886592e+79 -7.858628834991173e+79 -9.581818479445159e+79 -1.1562993024510237e+80 -2.1142439742133642e+80 -3.181793765592375e+80 -4.972911814172392e+80 -7.766114057639309e+80 -1.3106725034851753e+81 -1.600248987228478e+81

Equation: (1158.5588837195098 + x2) - sin(x0)
Residual Differences:
-225234222.0622845 -225465088.15880844 -227598773.2380488 -231454281.39828512 -231862686.0810122 -232528990.47127476 -232553192.0507275 -232715055.1109933 -233449628.0701553 -234157812.42770615 -234302795.6597174 -234738121.36904228 -235288374.9766373 -235456466.04661283 -237608499.72440755 -239156585.19420838 -239243702.45775524 -241233546.00654182 -242804783.47355407 -244552648.17108342

Equation: (581.4858682405564 - -581.279927382455) + x0
Residual Differences:
-225234213.1275534 -225465079.37570003 -227598764.57633075 -231454272.78815225 -231862677.60554114 -232528982.5020137 -232553184.2685102 -232715047.39275452 -233449620.48604771 -234157804.88583538 -234302788.20407084 -234738113.9701029 -235288374.92211074 -235456465.85220218 -237608499.45989612 -239156585.04250002 -239243702.3823661 -241233546.00748563 -242804783.26832744 -244552648.06736436

Equation: x0 + ((578.7918662998538 - -583.6105303834051) - cos(x0))
Residual Differences:
-225234212.28743255 -225465078.44585374 -227598763.6115408 -231454271.75893945 -231862676.5667166 -232528981.6127932 -232553183.5430743 -232715046.66944358 -233449619.84201863 -234157804.27094045 -234302787.75555554 -234738113.54029423 -235288374.12183347 -235456465.0367492 -237608498.71080744 -239156584.2396464 -239243701.5208666 -241233545.1898982 -242804782.59121707 -244552647.32589203

Equation: ((583.4764377831694 - -583.517582839842) - cos(x0)) + cos(x0)
Residual Differences:
-225234253.94792247 -225465120.31212837 -227598805.58853143 -231454314.06545997 -231862719.1824052 -232529024.59118524 -232553227.00969052 -232715090.30391762 -233449663.52107796 -234157848.05652362 -234302831.67275646 -234738157.48262164 -235288417.83279064 -235456508.76891127 -237608542.5354852 -239156628.06648 -239243745.38313708 -241233589.099266 -242804826.54425517 -244552691.27997413

Equation: x3
Residual Differences:
-47192096.136297636 -48177139.24530793 -48432348.61131619 -48568610.45570714 -49454094.64492484 -49662384.406827286 -49728308.34658987 -49883594.67539954 -50171524.650474876 -50459787.94443757 -51070580.230360575 -51240881.16929694 -51287361.56442239 -51326760.99035258 -51505719.61582384 -51675766.31568785 -51759908.12107785 -52050900.990732014 -52216246.420034386 -53030087.19761567

Equation: x3 ^ x3
Residual Differences:
-7.778100097715373e+51 -1.0472646450690488e+52 -1.5039896210033565e+52 -1.530315756462398e+52 -1.6043168026919722e+52 -2.2299491472095623e+52 -2.759672698324308e+52 -2.90927191751791e+52 -6.119534905508401e+52 -7.489514334939265e+52 -8.704146570423155e+52 -9.372059950696854e+52 -1.1471369103141156e+53 -3.0040797655929403e+53 -4.453894910805635e+53 -9.722892005291351e+53 -1.2563543585059533e+54 -6.328031743912295e+54 -2.1421215490187367e+55 -4.1398016195555924e+55

Equation: (x3 ^ x3) + x2
Residual Differences:
-7.778100097715373e+51 -1.0472646450690488e+52 -1.5039896210033565e+52 -1.530315756462398e+52 -1.6043168026919722e+52 -2.2299491472095623e+52 -2.759672698324308e+52 -2.90927191751791e+52 -6.119534905508401e+52 -7.489514334939265e+52 -8.704146570423155e+52 -9.372059950696854e+52 -1.1471369103141156e+53 -3.0040797655929403e+53 -4.453894910805635e+53 -9.722892005291351e+53 -1.2563543585059533e+54 -6.328031743912295e+54 -2.1421215490187367e+55 -4.1398016195555924e+55

Equation: x3 + 872.0541722393898
Residual Differences:
-47191207.396353155 -48176389.970363446 -48431707.46297171 -48568057.22716267 -49453740.87798037 -49662163.68268281 -49728223.632845394 -49883514.55465506 -50171524.65047487 -50459787.94443757 -51070580.23036058 -51240881.16929694 -51287361.56442239 -51326760.99035258 -51505719.61582384 -51675766.31568785 -51759908.12107785 -52050900.990732014 -52216246.42003439 -53030087.19761567

Equation: 875.3998822189951 - sin(x3)
Residual Differences:
-47191238.36050968 -48176420.946807906 -48431738.451901175 -48568088.228352726 -49453771.89963501 -49662194.71748815 -49728254.71914365 -49883545.656907305 -50171555.95891769 -50459819.23666974 -51070611.49214099 -51240912.421606384 -51287392.77332276 -51326792.17977751 -51505750.69901583 -51675797.38012441 -51759939.13835782 -52050931.94158612 -52216277.46643578 -53030118.28926383

Equation: 876.1232034890572 - (x0 - x0)
Residual Differences:
-47191236.49259685 -48176419.1433482 -48431736.7573116 -48568086.72813487 -49453770.537581354 -49662193.44788164 -49728253.63868107 -49883544.61813904 -50171555.00120051 -50459818.29458351 -51070610.54062012 -51240911.475043155 -51287391.82858495 -51326791.43037298 -51505749.97692586 -51675796.81069391 -51759938.60655081 -52050931.676666886 -52216277.354194984 -53030118.23486337

Equation: (-0.17928862338974194 / x0) + 876.1716862722777
Residual Differences:
-47191236.46055048 -48176419.11083692 -48431736.72297308 -48568086.69358709 -49453770.50170195 -49662193.411378935 -49728253.60062908 -49883544.576893784 -50171554.95690507 -50459818.251068056 -51070610.4980152 -51240911.43398113 -51287391.79002869 -51326791.39316463 -51505749.94078308 -51675796.77489782 -51759938.57195805 -52050931.64280901 -52216277.32310453 -53030118.20400194

Equation: (-0.019690232380309067 * sin(x0)) + 876.1135740789666
Residual Differences:
-47191236.526414685 -48176419.175862044 -48431736.784390755 -48568086.75426101 -49453770.56124572 -49662193.47015178 -49728253.657169096 -49883544.63180472 -50171555.00924734 -50459818.30250245 -51070610.54851398 -51240911.48224912 -51287391.83789385 -51326791.44017626 -51505749.98742298 -51675796.817547694 -51759938.61059137 -52050931.67888469 -52216277.35440602 -53030118.23476968

Equation: sin(-0.019690232380309067 * sin(x0)) + 876.1135740789666
Residual Differences:
-47191236.5264144 -48176419.17586181 -48431736.78439068 -48568086.75426096 -49453770.56124569 -49662193.47015177 -49728253.657169096 -49883544.6318048 -50171555.00924721 -50459818.302502275 -51070610.54851375 -51240911.48224877 -51287391.837893195 -51326791.440175444 -51505749.98742203 -51675796.81754689 -51759938.61059076 -52050931.67888431 -52216277.354405984 -53030118.234769695

Equation: (0.03158839778984229 * (x0 - cos(x0))) + 875.9825525337159
Residual Differences:
-47191235.55136951 -48176418.19863697 -48431735.799814425 -48568085.768562175 -49453769.57350591 -49662192.48130255 -49728252.66569605 -49883543.638878636 -50171554.0187596 -50459817.31141421 -51070609.55680962 -51240910.4894246 -51287390.843827456 -51326790.44529893 -51505748.991956815 -51675795.82217234 -51759937.615763254 -52050930.68489588 -52216276.36203691 -53030117.24271169

Equation: ((x0 - cos(x0)) * sin(0.03158839778984229)) + 875.9825525337159
Residual Differences:
-47191235.551572815 -48176418.19884085 -48431735.800020434 -48568085.76876852 -49453769.573713005 -49662192.48151007 -49728252.665904626 -49883543.639088266 -50171554.01892298 -50459817.31157771 -51070609.55697323 -51240910.48958851 -51287390.84399122 -51326790.44546274 -51505748.99212061 -51675795.82233673 -51759937.615928024 -52050930.68506081 -52216276.36220191 -53030117.242876686

Equation: (sin(sin(0.03158839778984229)) * (x0 - cos(x0))) + 875.9825525337159
Residual Differences:
-47191235.551776014 -48176418.19904463 -48431735.80022633 -48568085.76897477 -49453769.573920004 -49662192.48171748 -49728252.66611311 -49883543.63929778 -50171554.01908627 -50459817.31174112 -51070609.55713675 -51240910.48975234 -51287390.8441549 -51326790.445626475 -51505748.99228433 -51675795.82250103 -51759937.616092704 -52050930.68522565 -52216276.36236682 -53030117.24304159

Equation: (((x2 * x1) * cos(1.5721224235276932)) * sin(x0)) + 876.1127476371519
Residual Differences:
-47191237.436650135 -48176420.02340728 -48431737.36109267 -48568087.27720428 -49453771.00874085 -49662193.8659421 -49728253.90034734 -49883544.80786975 -50171554.92405308 -50459818.12521975 -51070610.274794 -51240910.99151692 -51287391.282665886 -51326790.814815864 -51505749.343100704 -51675795.84755771 -51759937.337540984 -52050930.22781965 -52216275.76940712 -53030116.634999566

Equation: (((-0.0018461312743131124 * x1) * cos(0.7694247951435436)) * (sin(x0) * x2)) + 876.1127476371533
Residual Differences:
-47191237.436650135 -48176420.02340728 -48431737.36109268 -48568087.27720428 -49453771.00874086 -49662193.8659421 -49728253.90034734 -49883544.80786975 -50171554.92405308 -50459818.12521975 -51070610.274794 -51240910.99151692 -51287391.282665886 -51326790.814815864 -51505749.3431007 -51675795.84755771 -51759937.337540984 -52050930.227819644 -52216275.769407116 -53030116.63499956

Equation: x2
Residual Differences:
-78264239.07278632 -78280621.10096869 -78442440.40115006 -79014660.97115242 -79443177.7078796 -79848006.54659241 -79913190.76711659 -81194822.84235281 -81298140.20340727 -81746477.68722944 -82143632.3137063 -82306427.79575926 -82520820.79672222 -82544174.15145543 -83414631.16397633 -83760505.99414414 -84849992.39332278 -85078312.71982208 -85643003.99138618 -89527642.06645231

Equation: x4 ^ x2
Residual Differences:
-5.663719149651349e+58 -8.343109145579183e+58 -1.0037568767725645e+59 -1.2630655391552722e+59 -1.6033342324376673e+59 -3.0717830385582024e+59 -4.145528853179792e+59 -6.339142091312182e+59 -8.971724454495435e+59 -1.0986101823245536e+60 -3.370068352115344e+60 -4.710614195554155e+60 -5.990893986802176e+60 -1.3923898297046e+61 -1.7987745760887186e+61 -1.9918932634161505e+61 -2.6511557347590294e+61 -6.036321775542598e+61 -1.071835395422893e+62 -3.8498969017694906e+62

Equation: (x4 ^ x2) + x3
Residual Differences:
-5.663719149651349e+58 -8.343109145579183e+58 -1.0037568767725645e+59 -1.2630655391552722e+59 -1.6033342324376673e+59 -3.0717830385582024e+59 -4.145528853179792e+59 -6.339142091312182e+59 -8.971724454495435e+59 -1.0986101823245536e+60 -3.370068352115344e+60 -4.710614195554155e+60 -5.990893986802176e+60 -1.3923898297046e+61 -1.7987745760887186e+61 -1.9918932634161505e+61 -2.6511557347590294e+61 -6.036321775542598e+61 -1.071835395422893e+62 -3.8498969017694906e+62

Equation: 1018.3440607695892 - x0
Residual Differences:
-78263312.14564441 -78280044.6960683 -78441905.50500186 -79014176.0351497 -79442795.04692748 -79847659.42874645 -79913082.7396735 -81194771.04534449 -81298208.13434803 -81746545.58878547 -82143700.27032167 -82306495.95469728 -82520889.05466454 -82544242.69785573 -83414699.49609564 -83760574.16686615 -84850060.53567606 -85078381.07636929 -85643072.41105059 -89527710.73424315

Equation: 1013.4519910921957 - sin(x2)
Residual Differences:
-78263281.1675169 -78280013.6114992 -78441874.17556088 -79014144.0060637 -79442762.7459267 -79847626.82771899 -79913050.02371217 -81194738.19750299 -81298175.0319372 -81746512.57120185 -82143667.76176877 -82306463.2441901 -82520856.22981477 -82544209.96644099 -83414666.9891336 -83760541.69826616 -84850028.02077869 -85078348.63330436 -85643039.88930708 -89527678.30048092

Equation: 1014.1875232695709 + (x4 - x4)
Residual Differences:
-78263280.08889449 -78280012.4618853 -78441873.09612453 -79014142.96227404 -79442761.8393136 -79847625.8454256 -79913049.01819198 -81194737.26174203 -81298173.89715455 -81746511.34802736 -82143666.25469312 -82306461.71570645 -82520854.64569794 -82544208.21805331 -83414665.20787536 -83760539.89363852 -84850026.20129183 -85078346.71861449 -85643037.97445539 -89527676.33713067

Equation: 507.10299384887446 - -507.0845294206965
Residual Differences:
-78263280.08889449 -78280012.4618853 -78441873.09612453 -79014142.96227404 -79442761.8393136 -79847625.8454256 -79913049.01819198 -81194737.26174203 -81298173.89715455 -81746511.34802736 -82143666.25469312 -82306461.71570645 -82520854.64569794 -82544208.21805331 -83414665.20787536 -83760539.89363852 -84850026.20129183 -85078346.71861449 -85643037.97445539 -89527676.33713067

Equation: (cos(x1) / (x4 ^ x0)) + 1014.19120046118
Residual Differences:
-78263280.11614832 -78280012.4822628 -78441873.11148573 -79014142.96563709 -79442761.84138072 -79847625.8455667 -79913049.01688883 -81194737.26003307 -81298173.8930595 -81746511.34543088 -82143666.25334074 -82306461.71474165 -82520854.64492446 -82544208.21741617 -83414665.20751978 -83760539.89354125 -84850026.20129992 -85078346.71862653 -85643037.9745374 -89527676.33723466

Equation: (1497.1754995547226 + (cos(x1) / (x4 ^ x0))) + -482.9842990935425
Residual Differences:
-78263280.11614832 -78280012.4822628 -78441873.11148573 -79014142.96563709 -79442761.84138072 -79847625.8455667 -79913049.01688883 -81194737.26003307 -81298173.8930595 -81746511.34543088 -82143666.25334074 -82306461.71474165 -82520854.64492446 -82544208.21741617 -83414665.20751978 -83760539.89354125 -84850026.20129992 -85078346.71862653 -85643037.9745374 -89527676.33723466

Equation: (((1.003169381887403 ^ x4) + 663.092916316988) + (cos(1.9634847279181782) / (x1 ^ x0))) / sin(sin(sin(0.9191770875293778)))
Residual Differences:
-78263279.93597962 -78280012.30345201 -78441872.93384534 -79014142.79209346 -79442761.66710208 -79847625.67091016 -79913048.84235772 -81194737.08563448 -81298173.71714748 -81746511.17004132 -82143666.07831767 -82306461.5387644 -82520854.4685329 -82544208.0416267 -83414665.03152244 -83760539.71787547 -84850026.02506761 -85078346.54277276 -85643037.7962603 -89527676.15883349

Equation: x4
Residual Differences:
-7717873384.466567 -7817625254.395448 -7829608651.53447 -7889258978.884477 -7897302277.932212 -7899981690.998621 -7935914984.392645 -7947082997.670567 -7950981784.960707 -7965230055.249722 -7969164229.153953 -7974445923.881966 -7993509985.645459 -7995718546.551551 -8025783928.70328 -8026069108.977741 -8028713377.585883 -8065169692.028961 -8092331381.88264 -8102175681.605315

Equation: x4 ^ x0
Residual Differences:
-1.5991408127345278e+187 -1.7355149578144879e+187 -2.5643190290441756e+187 -3.547332020998155e+187 -5.4067550894417594e+187 -6.0061556933739294e+187 -1.016905063147118e+188 -1.520069908908753e+188 -3.193626830390295e+188 -3.382206274729431e+188 -7.06120710745249e+188 -9.833626710610807e+188 -3.9374592452353365e+189 -5.172098260826596e+189 -6.047883790805937e+189 -8.637857817520921e+189 -9.782187294493134e+189 -6.729273842089878e+190 -1.0042730745163883e+191 -4.2166381848568844e+191

Equation: x3 * (x2 ^ x2)
Residual Differences:
-1.0280339355381017e+189 -1.136968221647141e+189 -2.8243227374032277e+189 -2.989962987826858e+189 -3.003412876714241e+189 -4.671932512047879e+189 -6.517236119944294e+189 -2.7013815758860557e+190 -7.127119876853758e+190 -2.0285818312981696e+191 -5.600175255571954e+191 -6.852007871445643e+191 -8.705812183677041e+191 -1.0835795308352694e+192 -1.881932276668375e+192 -3.52668594034687e+192 -7.979176364383556e+192 -1.4318430407912225e+193 -4.7699978950571264e+193 -5.049123952795987e+193

Equation: 805.6802968988292 + x4
Residual Differences:
-7717872682.851172 -7817624688.612655 -7829608365.886076 -7889258726.801282 -7897302054.222018 -7899981479.834827 -7935914775.16485 -7947082802.707373 -7950981710.756912 -7965230055.249722 -7969164229.153953 -7974445923.881966 -7993509985.645459 -7995718546.551551 -8025783928.70328 -8026069108.977741 -8028713377.585883 -8065169692.028961 -8092331381.88264 -8102175681.605315

Equation: 879.6926236814212 + cos(x0)
Residual Differences:
-7717872632.948748 -7817624638.927074 -7829608316.313995 -7889258677.385277 -7897302005.192681 -7899981430.841467 -7935914726.370789 -7947082754.110717 -7950981662.411177 -7965230043.57664 -7969164270.554142 -7974446014.55494 -7993510076.692927 -7995718637.668104 -8025784020.081925 -8026069200.448959 -8028713469.02507 -8065169783.998566 -8092331473.862299 -8102175774.2915535

Equation: sin(cos(x0)) + 875.1093820262455
Residual Differences:
-7717872642.074771 -7817624648.047739 -7829608325.428426 -7889258686.492986 -7897302014.298958 -7899981439.962333 -7935914735.473466 -7947082763.204594 -7950981671.488148 -7965230052.731443 -7969164279.707648 -7974446014.590779 -7993510076.707967 -7995718637.682687 -8025784020.086389 -8026069200.451244 -8028713469.026598 -8065169783.9890995 -8092331473.846443 -8102175774.237591

Equation: (876.2105097335668 - (x2 / x0)) + sin(cos(x2))
Residual Differences:
-7717872641.85458 -7817624647.784352 -7829608325.166498 -7889258686.32134 -7897302014.087107 -7899981439.764138 -7935914735.227799 -7947082763.047947 -7950981671.357247 -7965230052.852274 -7969164279.950343 -7974446014.924657 -7993510076.751536 -7995718637.741539 -8025784020.131831 -8026069200.516463 -8028713469.183017 -8065169783.77774 -8092331473.793049 -8102175773.783873

Equation: (436.5761061629496 - (x2 / x2)) + 438.97017675662454
Residual Differences:
-7717872643.143232 -7817624649.109165 -7829608326.475116 -7889258687.525435 -7897302015.319721 -7899981441.001033 -7935914736.460822 -7947082764.151975 -7950981672.34064 -7965230053.793744 -7969164280.733977 -7974446015.494446 -7993510077.258665 -7995718638.189365 -8025784020.4465 -8026069200.710604 -8028713469.2389965 -8065169783.6943445 -8092331473.411387 -8102175773.333352

Equation: (-1.8213088843822698 * -241.10349416145044) + 435.4223469477044
Residual Differences:
-7717872643.143232 -7817624649.109165 -7829608326.475116 -7889258687.525435 -7897302015.319721 -7899981441.001033 -7935914736.460822 -7947082764.151975 -7950981672.34064 -7965230053.793744 -7969164280.733977 -7974446015.494446 -7993510077.258665 -7995718638.189365 -8025784020.4465 -8026069200.710604 -8028713469.2389965 -8065169783.6943445 -8092331473.411387 -8102175773.333352

Equation: (875.5283045876339 - (x1 / x1)) + (sin(3389.773802173783) * x1)
Residual Differences:
-7717872642.722493 -7817624648.688036 -7829608326.05365 -7889258687.103374 -7897302014.897415 -7899981440.577918 -7935914736.036867 -7947082763.727044 -7950981671.914869 -7965230053.367395 -7969164280.306801 -7974446015.067484 -7993510076.83205 -7995718637.762302 -8025784020.019207 -8026069200.282987 -8028713468.811757 -8065169783.267295 -8092331472.982994 -8102175772.90483

Equation: (875.4653837857358 - (x1 / x1)) + (0.010199492698797942 * (x3 + x3))
Residual Differences:
-7717872641.311921 -7817624647.273443 -7829608324.637121 -7889258685.682821 -7897302013.472865 -7899981439.146763 -7935914734.605892 -7947082762.294659 -7950981670.474857 -7965230051.926412 -7969164278.859242 -7974446013.621954 -7993510075.384351 -7995718636.313329 -8025784018.577749 -8026069198.844303 -8028713467.372769 -8065169781.824935 -8092331471.54351 -8102175771.46448

Equation: x4 ^ x0
Residual Differences:
-1.1335932285265474e+97 -1.5260828904261796e+97 -2.729791582316824e+97 -3.4706967368810145e+97 -8.135434000124957e+97 -1.0106356130999812e+98 -2.3540131149732265e+98 -4.78486171645901e+98 -1.332532970701022e+99 -1.6416296837678145e+99 -2.1839076533055538e+99 -2.8357551075501842e+99 -5.815831345347207e+99 -9.064587218401405e+99 -1.357207918655662e+100 -1.8548166968956485e+100 -2.5478303683913376e+100 -2.789549609242732e+100 -1.3681289832800406e+101 -1.6036189869208428e+101

Equation: (x4 ^ x0) + x1
Residual Differences:
-1.1335932285265474e+97 -1.5260828904261796e+97 -2.729791582316824e+97 -3.4706967368810145e+97 -8.135434000124957e+97 -1.0106356130999812e+98 -2.3540131149732265e+98 -4.78486171645901e+98 -1.332532970701022e+99 -1.6416296837678145e+99 -2.1839076533055538e+99 -2.8357551075501842e+99 -5.815831345347207e+99 -9.064587218401405e+99 -1.357207918655662e+100 -1.8548166968956485e+100 -2.5478303683913376e+100 -2.789549609242732e+100 -1.3681289832800406e+101 -1.6036189869208428e+101

Equation: x3 / 0.00432086282392456
Residual Differences:
-559632542.9953284 -560512007.9373822 -561138898.2091748 -563144658.5146341 -565607995.4392757 -567602779.4395963 -568183156.7458353 -568977049.2160723 -571215007.6977133 -571486157.4823731 -572859035.8852979 -577330247.4524882 -578434894.7807808 -581834634.3253974 -585678834.4505049 -587647217.836058 -587928823.8882017 -591887969.5276201 -591974269.9814554 -595183178.0875355

Equation: (x3 / 0.00432086282392456) - cos(x0 + x2)
Residual Differences:
-559632543.6312346 -560512008.738362 -561138899.1457406 -563144659.7027692 -565607996.8314036 -567602780.8282701 -568183158.3009218 -568977049.3365463 -571215008.0638561 -571486157.9050497 -572859036.5149455 -577330248.4341176 -578434896.106779 -581834635.8463807 -585678836.005869 -587647219.3316429 -587928825.5054659 -591887971.1070735 -591974271.1189163 -595183179.0485133

Equation: (x3 / 0.004498204475713728) + (x2 * (x4 + x1))
Residual Differences:
-559626879.6356276 -560506326.1253223 -561133204.2265265 -563138941.250197 -565602261.7553684 -567597022.6817615 -568177352.500881 -568971216.7329314 -571209154.4198315 -571480285.955087 -572853158.7745086 -577324348.3220911 -578428984.0068032 -581828715.9763472 -585672904.5464592 -587641274.1260486 -587922866.9798229 -591881995.3536766 -591968265.072146 -595177137.3159405

Equation: (x3 - -191.57560494746772) * (x3 + 0.7805612114321451)
Residual Differences:
-559631439.4796256 -560510903.7013956 -561137793.8462759 -563143557.9417354 -565606895.9755476 -567601666.8788104 -568182017.2849542 -568975948.3859078 -571213905.243891 -571485037.5556103 -572857910.6890285 -577329114.575695 -578433758.0845599 -581833493.8308247 -585677675.880837 -587646039.1573389 -587927623.5635856 -591886768.8879806 -591973054.501888 -595181954.9791646

Equation: (sin(x3 + -0.5035931609121154) + x3) / 0.004498204475713728
Residual Differences:
-559633202.4215306 -560512673.7217098 -561139580.0425321 -563145371.6599845 -565608719.4223629 -567603494.9626586 -568183837.2149532 -568977680.0258405 -571215629.7411646 -571486721.1184994 -572859582.6682789 -577330756.4444054 -578435388.2514862 -581835116.7044065 -585679247.7689555 -587647550.7085376 -587929080.0004646 -591888224.1298335 -591974478.9366137 -595183359.8425807

Equation: ((x4 + x4) + (x2 + 921.174985689289)) + (x4 - sin(x3))
Residual Differences:
-559644072.0030618 -560523549.9776169 -561150466.3262763 -563156260.5760542 -565619609.4845915 -567614437.6132493 -568194909.5089351 -568988921.7061036 -571226991.6533872 -571498159.7373167 -572871046.8038746 -577342241.5379782 -578446888.3107351 -581846637.902633 -585690846.0782075 -587659221.6391194 -587940830.4771831 -591899974.3755056 -591986287.2732935 -595195144.5468334

Equation: ((x4 - -544.407724722125) + 178.25046585353786) - -177.73387663590069
Residual Differences:
-559644290.7395524 -560523768.9553076 -561150685.9919559 -563156481.3659855 -565619830.7815912 -567614659.0875863 -568195132.3266734 -568989144.9908831 -571227148.7172484 -571498316.3297102 -572871203.3481076 -577342398.2178745 -578447044.7334676 -581846794.0644524 -585691002.0031666 -587659377.3081394 -587940985.8825758 -591900129.5121448 -591986442.5810999 -595195300.2471318

Equation: ((x4 - sin(x3)) - (cos(x4) * x4)) + ((x4 + x2) + (886.1044855138138 + x4))
Residual Differences:
-559644172.1053592 -560523650.9140911 -561150572.7085447 -563156368.0257404 -565619722.9413544 -567614553.0279279 -568195031.3726546 -568989045.8370602 -571227050.0368502 -571498217.8443863 -572871105.0842701 -577342298.9927853 -578446944.9196429 -581846694.2445799 -585690900.3055772 -587659275.7662524 -587940879.7687931 -591900021.8572191 -591986324.8897817 -595195176.4825933

Equation: ((x3 + 58.460410717075675) + (58.944194620162165 - x3)) * (40.18564565424805 / 5.215346622269146)
Residual Differences:
-559644341.1163678 -560523819.3626592 -561150736.7003336 -563156532.4352998 -565619882.024358 -567614710.418745 -568195184.2459953 -568989197.1116366 -571227201.0091302 -571498368.5192207 -572871255.6053361 -577342450.601866 -578447097.0819098 -581846846.3507394 -585691054.3463167 -587659429.6408991 -587941038.349883 -591900181.8819702 -591986495.0399774 -595195352.8182144

Equation: x0
Residual Differences:
-4410380122.088508 -4419561717.348332 -4467075852.407968 -4494853182.754775 -4495962792.8110285 -4501129827.693593 -4522612336.663186 -4522670280.266681 -4526033747.318887 -4527893718.294497 -4544817568.488863 -4558043456.952568 -4563633493.62855 -4569425915.145662 -4613480468.186411 -4622126025.741683 -4623396604.465173 -4652581610.361979 -4676819567.525702 -4702346789.712257

Equation: x1 ^ x2
Residual Differences:
-4.5993797120595176e+162 -7.68673894530407e+162 -1.1401570080857989e+163 -1.293826263075007e+163 -1.6406635947994722e+163 -1.474384752913414e+164 -3.777225750672377e+164 -4.688909722030776e+164 -4.838771629140722e+164 -5.145916185522434e+164 -1.2817549021075934e+165 -1.591435868297388e+165 -1.845596364956215e+165 -2.7088481665205285e+165 -3.4916476220560868e+165 -6.286469559577647e+165 -1.3546825817984888e+166 -2.6580675560875364e+166 -3.905420289653432e+166 -1.410342489037071e+167

Equation: x0 + (x1 ^ x2)
Residual Differences:
-4.5993797120595176e+162 -7.68673894530407e+162 -1.1401570080857989e+163 -1.293826263075007e+163 -1.6406635947994722e+163 -1.474384752913414e+164 -3.777225750672377e+164 -4.688909722030776e+164 -4.838771629140722e+164 -5.145916185522434e+164 -1.2817549021075934e+165 -1.591435868297388e+165 -1.845596364956215e+165 -2.7088481665205285e+165 -3.4916476220560868e+165 -6.286469559577647e+165 -1.3546825817984888e+166 -2.6580675560875364e+166 -3.905420289653432e+166 -1.410342489037071e+167

Equation: 909.5380921743567 + x1
Residual Differences:
-4410379248.896324 -4419561404.310792 -4467075584.105058 -4494852921.606518 -4495962551.480722 -4501129677.322926 -4522612196.506348 -4522670206.677817 -4526033747.488721 -4527893718.591241 -4544817568.776368 -4558043457.044377 -4563633493.628071 -4569425915.198054 -4613480468.459397 -4622126025.843391 -4623396604.640014 -4652581610.525511 -4676819567.671423 -4702346790.066492

Equation: sin(x2) + 1003.9357411649618
Residual Differences:
-4410379147.456158 -4419561303.341762 -4467075483.3672 -4494852821.095147 -4495962451.238184 -4501129577.862432 -4522612097.647201 -4522670108.021258 -4526033667.021202 -4527893685.236202 -4544817568.799167 -4558043538.19181 -4563633574.641753 -4569425996.170942 -4613480549.436387 -4622126106.999481 -4623396685.77951 -4652581691.693942 -4676819648.891866 -4702346871.230241

Equation: (x3 / x3) + 1002.1890813167471
Residual Differences:
-4410379149.2426195 -4419561304.76237 -4467075484.699679 -4494852822.304843 -4495962452.301345 -4501129578.452159 -4522612098.081496 -4522670108.328034 -4526033667.20876 -4527893685.377147 -4544817568.753222 -4558043538.505229 -4563633574.96444 -4569425996.462688 -4613480549.687322 -4622126107.19495 -4623396685.888719 -4652581691.745071 -4676819648.911377 -4702346871.192542

Equation: 1003.1924825058247 + (sin(x2) / (x4 ^ x2))
Residual Differences:
-4410379149.238317 -4419561304.7631235 -4467075484.700561 -4494852822.306046 -4495962452.302277 -4501129578.452125 -4522612098.080686 -4522670108.326563 -4526033667.206774 -4527893685.374654 -4544817568.75006 -4558043538.502167 -4563633574.962363 -4569425996.46151 -4613480549.686295 -4622126107.19401 -4623396685.88816 -4652581691.744635 -4676819648.911021 -4702346871.192227

Equation: 1003.2251435198395 + sin(x0 * (-0.03271884990333852 / x4))
Residual Differences:
-4410379149.2358885 -4419561304.756798 -4467075484.695011 -4494852822.305114 -4495962452.301411 -4501129578.450738 -4522612098.079048 -4522670108.324799 -4526033667.2055435 -4527893685.374213 -4544817568.749446 -4558043538.501789 -4563633574.961317 -4569425996.461374 -4613480549.685135 -4622126107.192575 -4623396685.88894 -4652581691.745319 -4676819648.911938 -4702346871.193212

Equation: (cos(x4) / (x1 ^ x4)) + ((x1 / x1) + 1002.1964512990435)
Residual Differences:
-4410379149.257665 -4419561304.776868 -4467075484.71195 -4494852822.314136 -4495962452.30768 -4501129578.4521885 -4522612098.078809 -4522670108.32324 -4526033667.203436 -4527893685.370118 -4544817568.744804 -4558043538.500317 -4563633574.962095 -4569425996.461593 -4613480549.686355 -4622126107.194187 -4623396685.888716 -4652581691.74517 -4676819648.911479 -4702346871.192634

Equation: (-0.23226354317244266 / x4) + (941.3623413867986 - -61.889715998046164)
Residual Differences:
-4410379149.196752 -4419561304.716265 -4467075484.653402 -4494852822.257002 -4495962452.251717 -4501129578.399953 -4522612098.027 -4522670108.27186 -4526033667.152388 -4527893685.319994 -4544817568.6941595 -4558043538.445082 -4563633574.908338 -4569425996.409917 -4613480549.63489 -4622126107.143085 -4623396685.842087 -4652581691.700524 -4676819648.867422 -4702346871.148777

Equation: (5.3156678887025715 * 188.72337858009465) + (sin(sin(251.34151256522384)) * cos(-30.379906953341923 / x4))
Residual Differences:
-4410379149.236845 -4419561304.756863 -4467075484.694362 -4494852822.30099 -4495962452.298515 -4501129578.449472 -4522612098.077628 -4522670108.322567 -4526033667.203068 -4527893685.370495 -4544817568.743805 -4558043538.486931 -4563633574.953479 -4569425996.457396 -4613480549.682542 -4622126107.190988 -4623396685.889385 -4652581691.74586 -4676819648.912008 -4702346871.193104

Equation: (0.01566734815847326 * x4) + ((978.9991767657972 - (-39.208610203017045 - -43.75294926147791)) - -28.67439130357838)
Residual Differences:
-4410379147.99126 -4419561303.508533 -4467075483.445353 -4494852821.048435 -4495962451.043255 -4501129577.184949 -4522612096.810234 -4522670107.055243 -4526033665.935376 -4527893684.102623 -4544817567.476982 -4558043537.223794 -4563633573.685413 -4569425995.184442 -4613480548.406582 -4622126105.912058 -4623396684.611993 -4652581690.470123 -4676819647.636789 -4702346869.917935

Equation: x1
Residual Differences:
-22144731.161312412 -22924535.903153177 -23650727.450911947 -23736116.674673412 -23871453.381930273 -24964340.064071022 -25148170.99658839 -25434363.68892256 -25443856.57448395 -25528794.59926642 -25555554.248410054 -25575529.901738677 -25671731.599468287 -25769585.75394749 -25809982.39500187 -25847256.54777943 -25935360.27814612 -26222189.16068693 -26505298.80520634 -26914251.73533992

Equation: x2 ^ x3
Residual Differences:
-6.080968934743513e+42 -1.0206107253454467e+43 -1.207989688163398e+43 -2.1249231723336819e+43 -2.8830214277028704e+43 -5.085127605444154e+43 -5.446613656598364e+43 -6.243739877826701e+43 -1.2709849973216121e+44 -2.1673389662623024e+44 -3.4061519007970346e+44 -5.1782572362852006e+44 -1.1992204183431812e+45 -3.0195893453869356e+45 -3.757717561947593e+45 -4.7953564391833496e+45 -6.63926314351935e+45 -6.821554661601729e+45 -1.0741102666302962e+46 -2.627060898388435e+46

Equation: (x2 ^ x3) + x4
Residual Differences:
-6.080968934743513e+42 -1.0206107253454467e+43 -1.207989688163398e+43 -2.1249231723336819e+43 -2.8830214277028704e+43 -5.085127605444154e+43 -5.446613656598364e+43 -6.243739877826701e+43 -1.2709849973216121e+44 -2.1673389662623024e+44 -3.4061519007970346e+44 -5.1782572362852006e+44 -1.1992204183431812e+45 -3.0195893453869356e+45 -3.757717561947593e+45 -4.7953564391833496e+45 -6.63926314351935e+45 -6.821554661601729e+45 -1.0741102666302962e+46 -2.627060898388435e+46

Equation: 959.6285308250386 + x2
Residual Differences:
-22144018.579410248 -22923845.20605559 -23650143.881005704 -23735637.278644115 -23870993.841366302 -24963922.742599607 -25147807.05049858 -25434099.13244499 -25443671.538689267 -25528770.916874908 -25555542.446569726 -25575530.12293213 -25671731.79329831 -25769585.824861426 -25809982.464750044 -25847256.573067788 -25935360.196561545 -26222189.586783946 -26505298.76360255 -26914251.82133758

Equation: 964.5044354602471 + sin(x4)
Residual Differences:
-22144041.85501676 -22923869.332056373 -23650168.229350343 -23735662.021525953 -23871018.743558645 -24963947.894476335 -25147832.31439149 -25434124.806058742 -25443697.28234864 -25528796.756904613 -25555568.503198065 -25575556.021345187 -25671757.55476007 -25769611.467696812 -25810007.895418607 -25847281.839393485 -25935385.35260033 -26222214.625870883 -26505324.06245006 -26914277.193689633

Equation: 963.8162824992448 + (x0 - x0)
Residual Differences:
-22144042.53782725 -22923869.790044006 -23650168.66505713 -23735662.314017814 -23871018.89179699 -24963947.96635953 -25147832.54775391 -25434124.99559072 -25443697.462163657 -25528796.953147907 -25555568.65429877 -25575555.94210244 -25671757.5688484 -25769611.6113317 -25810008.127308287 -25847282.347917143 -25935386.00503366 -26222215.2940178 -26505324.73526041 -26914277.84031968

Equation: 963.9558111537987 + -0.0037178287477212333
Residual Differences:
-22144042.266205598 -22923869.518422354 -23650168.39343548 -23735662.04239616 -23871018.62017534 -24963947.694737878 -25147832.27613226 -25434124.72396907 -25443697.190542005 -25528796.681526255 -25555568.38267712 -25575555.94210244 -25671757.5688484 -25769611.6113317 -25810008.127308287 -25847282.347917143 -25935386.00503366 -26222215.2940178 -26505324.73526041 -26914277.84031968

Equation: 964.0055273875678 + (-0.22784128952348806 / x2)
Residual Differences:
-22144042.23978971 -22923869.48580506 -23650168.35822091 -23735662.004790127 -23871018.5823547 -24963947.65663925 -25147832.234248742 -25434124.67888194 -25443697.14474876 -25528796.63455449 -25555568.33494581 -25575555.898425944 -25671757.5262338 -25769611.568814456 -25810008.086557854 -25847282.307625566 -25935385.964734856 -26222215.25494141 -26505324.69613783 -26914277.801228333

Equation: ((x2 + x2) - (-85.92775507139083 / cos(-1.3788701283743574))) * (x2 + ((x2 - 2.1196873255843625) / -0.9909560939180433))
Residual Differences:
-22144053.363082234 -22923880.907207523 -23650179.833235882 -23735673.582562998 -23871030.161914647 -24963959.382369008 -25147843.98326672 -25434136.550869722 -25443709.021339796 -25528808.5274017 -25555580.33037921 -25575567.99619223 -25671769.67181829 -25769623.73332367 -25810020.290208306 -25847294.6632551 -25935398.352369916 -26222227.663661595 -26505337.35929174 -26914290.51419847

Equation: x4
Residual Differences:
-225234973.47285017 -225465707.7816145 -227599364.36575797 -231454774.59068334 -231863119.39092043 -232529423.00126365 -232553612.93533933 -232715466.53272125 -233449894.58118674 -234158064.11646202 -234302912.51426977 -234738205.3355045 -235288375.02555624 -235456465.9975231 -237608499.64056408 -239156585.0645386 -239243702.3380551 -241233546.110901 -242804783.58856678 -244552648.23627087

Equation: x1 ^ x0
Residual Differences:
-6.554073281711634e+76 -1.185278111905148e+77 -1.5031850015315784e+77 -2.371018711545894e+77 -3.8353158267705877e+77 -8.90724330522663e+77 -3.1021886447704816e+78 -5.735916641928672e+78 -8.396891496881516e+78 -1.373368762561439e+79 -2.7817018503648433e+79 -4.402609239200656e+79 -4.861504312243763e+79 -5.8072378379850425e+79 -1.1401395557128898e+80 -1.4127363353988445e+80 -2.043655884537915e+80 -3.8912363976357665e+80 -9.552504614911272e+80 -1.0305081181244753e+81

Equation: x3 + (x1 ^ x0)
Residual Differences:
-6.554073281711634e+76 -1.185278111905148e+77 -1.5031850015315784e+77 -2.371018711545894e+77 -3.8353158267705877e+77 -8.90724330522663e+77 -3.1021886447704816e+78 -5.735916641928672e+78 -8.396891496881516e+78 -1.373368762561439e+79 -2.7817018503648433e+79 -4.402609239200656e+79 -4.861504312243763e+79 -5.8072378379850425e+79 -1.1401395557128898e+80 -1.4127363353988445e+80 -2.043655884537915e+80 -3.8912363976357665e+80 -9.552504614911272e+80 -1.0305081181244753e+81

Equation: x0 ^ (x4 - cos(x4))
Residual Differences:
-2.0220676485784686e+78 -8.391708888533657e+78 -1.5649880436141778e+79 -3.251351462127385e+79 -3.765687805679028e+79 -6.369610849931302e+79 -1.1112044389377982e+80 -1.505681063830708e+80 -1.6135333214794983e+80 -4.5467896624873566e+80 -5.732512799681727e+80 -6.203552070586026e+80 -8.889734387598614e+80 -1.0117468552960581e+81 -1.781477588155212e+81 -2.335969966641718e+81 -4.045066926296116e+81 -4.838335891706948e+81 -6.406015913241552e+81 -7.091997066831468e+81

Equation: (x3 ^ x0) + (x4 ^ x2)
Residual Differences:
-2.1676211895669387e+77 -3.840742147763762e+77 -4.8247384591646e+77 -7.665797160563384e+77 -9.148095330406062e+77 -3.3487931867919182e+78 -1.151790667893421e+79 -1.655493401802087e+79 -2.8657828679876605e+79 -3.9679188967458186e+79 -6.076855704886592e+79 -7.858628834991173e+79 -9.581818479445159e+79 -1.1562993024510237e+80 -2.1142439742133642e+80 -3.181793765592375e+80 -4.972911814172392e+80 -7.766114057639309e+80 -1.3106725034851753e+81 -1.600248987228478e+81

Equation: (1158.5588837195098 + x2) - sin(x0)
Residual Differences:
-225234222.0622845 -225465088.15880844 -227598773.2380488 -231454281.39828512 -231862686.0810122 -232528990.47127476 -232553192.0507275 -232715055.1109933 -233449628.0701553 -234157812.42770615 -234302795.6597174 -234738121.36904228 -235288374.9766373 -235456466.04661283 -237608499.72440755 -239156585.19420838 -239243702.45775524 -241233546.00654182 -242804783.47355407 -244552648.17108342

Equation: (581.4858682405564 - -581.279927382455) + x0
Residual Differences:
-225234213.1275534 -225465079.37570003 -227598764.57633075 -231454272.78815225 -231862677.60554114 -232528982.5020137 -232553184.2685102 -232715047.39275452 -233449620.48604771 -234157804.88583538 -234302788.20407084 -234738113.9701029 -235288374.92211074 -235456465.85220218 -237608499.45989612 -239156585.04250002 -239243702.3823661 -241233546.00748563 -242804783.26832744 -244552648.06736436

Equation: x0 + ((578.7918662998538 - -583.6105303834051) - cos(x0))
Residual Differences:
-225234212.28743255 -225465078.44585374 -227598763.6115408 -231454271.75893945 -231862676.5667166 -232528981.6127932 -232553183.5430743 -232715046.66944358 -233449619.84201863 -234157804.27094045 -234302787.75555554 -234738113.54029423 -235288374.12183347 -235456465.0367492 -237608498.71080744 -239156584.2396464 -239243701.5208666 -241233545.1898982 -242804782.59121707 -244552647.32589203

Equation: ((583.4764377831694 - -583.517582839842) - cos(x0)) + cos(x0)
Residual Differences:
-225234253.94792247 -225465120.31212837 -227598805.58853143 -231454314.06545997 -231862719.1824052 -232529024.59118524 -232553227.00969052 -232715090.30391762 -233449663.52107796 -234157848.05652362 -234302831.67275646 -234738157.48262164 -235288417.83279064 -235456508.76891127 -237608542.5354852 -239156628.06648 -239243745.38313708 -241233589.099266 -242804826.54425517 -244552691.27997413

Equation: x3
Residual Differences:
-47192096.136297636 -48177139.24530793 -48432348.61131619 -48568610.45570714 -49454094.64492484 -49662384.406827286 -49728308.34658987 -49883594.67539954 -50171524.650474876 -50459787.94443757 -51070580.230360575 -51240881.16929694 -51287361.56442239 -51326760.99035258 -51505719.61582384 -51675766.31568785 -51759908.12107785 -52050900.990732014 -52216246.420034386 -53030087.19761567

Equation: x3 ^ x3
Residual Differences:
-7.778100097715373e+51 -1.0472646450690488e+52 -1.5039896210033565e+52 -1.530315756462398e+52 -1.6043168026919722e+52 -2.2299491472095623e+52 -2.759672698324308e+52 -2.90927191751791e+52 -6.119534905508401e+52 -7.489514334939265e+52 -8.704146570423155e+52 -9.372059950696854e+52 -1.1471369103141156e+53 -3.0040797655929403e+53 -4.453894910805635e+53 -9.722892005291351e+53 -1.2563543585059533e+54 -6.328031743912295e+54 -2.1421215490187367e+55 -4.1398016195555924e+55

Equation: (x3 ^ x3) + x2
Residual Differences:
-7.778100097715373e+51 -1.0472646450690488e+52 -1.5039896210033565e+52 -1.530315756462398e+52 -1.6043168026919722e+52 -2.2299491472095623e+52 -2.759672698324308e+52 -2.90927191751791e+52 -6.119534905508401e+52 -7.489514334939265e+52 -8.704146570423155e+52 -9.372059950696854e+52 -1.1471369103141156e+53 -3.0040797655929403e+53 -4.453894910805635e+53 -9.722892005291351e+53 -1.2563543585059533e+54 -6.328031743912295e+54 -2.1421215490187367e+55 -4.1398016195555924e+55

Equation: x3 + 872.0541722393898
Residual Differences:
-47191207.396353155 -48176389.970363446 -48431707.46297171 -48568057.22716267 -49453740.87798037 -49662163.68268281 -49728223.632845394 -49883514.55465506 -50171524.65047487 -50459787.94443757 -51070580.23036058 -51240881.16929694 -51287361.56442239 -51326760.99035258 -51505719.61582384 -51675766.31568785 -51759908.12107785 -52050900.990732014 -52216246.42003439 -53030087.19761567

Equation: 875.3998822189951 - sin(x3)
Residual Differences:
-47191238.36050968 -48176420.946807906 -48431738.451901175 -48568088.228352726 -49453771.89963501 -49662194.71748815 -49728254.71914365 -49883545.656907305 -50171555.95891769 -50459819.23666974 -51070611.49214099 -51240912.421606384 -51287392.77332276 -51326792.17977751 -51505750.69901583 -51675797.38012441 -51759939.13835782 -52050931.94158612 -52216277.46643578 -53030118.28926383

Equation: 876.1232034890572 - (x0 - x0)
Residual Differences:
-47191236.49259685 -48176419.1433482 -48431736.7573116 -48568086.72813487 -49453770.537581354 -49662193.44788164 -49728253.63868107 -49883544.61813904 -50171555.00120051 -50459818.29458351 -51070610.54062012 -51240911.475043155 -51287391.82858495 -51326791.43037298 -51505749.97692586 -51675796.81069391 -51759938.60655081 -52050931.676666886 -52216277.354194984 -53030118.23486337

Equation: (-0.17928862338974194 / x0) + 876.1716862722777
Residual Differences:
-47191236.46055048 -48176419.11083692 -48431736.72297308 -48568086.69358709 -49453770.50170195 -49662193.411378935 -49728253.60062908 -49883544.576893784 -50171554.95690507 -50459818.251068056 -51070610.4980152 -51240911.43398113 -51287391.79002869 -51326791.39316463 -51505749.94078308 -51675796.77489782 -51759938.57195805 -52050931.64280901 -52216277.32310453 -53030118.20400194

Equation: (-0.019690232380309067 * sin(x0)) + 876.1135740789666
Residual Differences:
-47191236.526414685 -48176419.175862044 -48431736.784390755 -48568086.75426101 -49453770.56124572 -49662193.47015178 -49728253.657169096 -49883544.63180472 -50171555.00924734 -50459818.30250245 -51070610.54851398 -51240911.48224912 -51287391.83789385 -51326791.44017626 -51505749.98742298 -51675796.817547694 -51759938.61059137 -52050931.67888469 -52216277.35440602 -53030118.23476968

Equation: sin(-0.019690232380309067 * sin(x0)) + 876.1135740789666
Residual Differences:
-47191236.5264144 -48176419.17586181 -48431736.78439068 -48568086.75426096 -49453770.56124569 -49662193.47015177 -49728253.657169096 -49883544.6318048 -50171555.00924721 -50459818.302502275 -51070610.54851375 -51240911.48224877 -51287391.837893195 -51326791.440175444 -51505749.98742203 -51675796.81754689 -51759938.61059076 -52050931.67888431 -52216277.354405984 -53030118.234769695

Equation: (0.03158839778984229 * (x0 - cos(x0))) + 875.9825525337159
Residual Differences:
-47191235.55136951 -48176418.19863697 -48431735.799814425 -48568085.768562175 -49453769.57350591 -49662192.48130255 -49728252.66569605 -49883543.638878636 -50171554.0187596 -50459817.31141421 -51070609.55680962 -51240910.4894246 -51287390.843827456 -51326790.44529893 -51505748.991956815 -51675795.82217234 -51759937.615763254 -52050930.68489588 -52216276.36203691 -53030117.24271169

Equation: ((x0 - cos(x0)) * sin(0.03158839778984229)) + 875.9825525337159
Residual Differences:
-47191235.551572815 -48176418.19884085 -48431735.800020434 -48568085.76876852 -49453769.573713005 -49662192.48151007 -49728252.665904626 -49883543.639088266 -50171554.01892298 -50459817.31157771 -51070609.55697323 -51240910.48958851 -51287390.84399122 -51326790.44546274 -51505748.99212061 -51675795.82233673 -51759937.615928024 -52050930.68506081 -52216276.36220191 -53030117.242876686

Equation: (sin(sin(0.03158839778984229)) * (x0 - cos(x0))) + 875.9825525337159
Residual Differences:
-47191235.551776014 -48176418.19904463 -48431735.80022633 -48568085.76897477 -49453769.573920004 -49662192.48171748 -49728252.66611311 -49883543.63929778 -50171554.01908627 -50459817.31174112 -51070609.55713675 -51240910.48975234 -51287390.8441549 -51326790.445626475 -51505748.99228433 -51675795.82250103 -51759937.616092704 -52050930.68522565 -52216276.36236682 -53030117.24304159

Equation: (((x2 * x1) * cos(1.5721224235276932)) * sin(x0)) + 876.1127476371519
Residual Differences:
-47191237.436650135 -48176420.02340728 -48431737.36109267 -48568087.27720428 -49453771.00874085 -49662193.8659421 -49728253.90034734 -49883544.80786975 -50171554.92405308 -50459818.12521975 -51070610.274794 -51240910.99151692 -51287391.282665886 -51326790.814815864 -51505749.343100704 -51675795.84755771 -51759937.337540984 -52050930.22781965 -52216275.76940712 -53030116.634999566

Equation: (((-0.0018461312743131124 * x1) * cos(0.7694247951435436)) * (sin(x0) * x2)) + 876.1127476371533
Residual Differences:
-47191237.436650135 -48176420.02340728 -48431737.36109268 -48568087.27720428 -49453771.00874086 -49662193.8659421 -49728253.90034734 -49883544.80786975 -50171554.92405308 -50459818.12521975 -51070610.274794 -51240910.99151692 -51287391.282665886 -51326790.814815864 -51505749.3431007 -51675795.84755771 -51759937.337540984 -52050930.227819644 -52216275.769407116 -53030116.63499956

Equation: x2
Residual Differences:
-78264239.07278632 -78280621.10096869 -78442440.40115006 -79014660.97115242 -79443177.7078796 -79848006.54659241 -79913190.76711659 -81194822.84235281 -81298140.20340727 -81746477.68722944 -82143632.3137063 -82306427.79575926 -82520820.79672222 -82544174.15145543 -83414631.16397633 -83760505.99414414 -84849992.39332278 -85078312.71982208 -85643003.99138618 -89527642.06645231

Equation: x4 ^ x2
Residual Differences:
-5.663719149651349e+58 -8.343109145579183e+58 -1.0037568767725645e+59 -1.2630655391552722e+59 -1.6033342324376673e+59 -3.0717830385582024e+59 -4.145528853179792e+59 -6.339142091312182e+59 -8.971724454495435e+59 -1.0986101823245536e+60 -3.370068352115344e+60 -4.710614195554155e+60 -5.990893986802176e+60 -1.3923898297046e+61 -1.7987745760887186e+61 -1.9918932634161505e+61 -2.6511557347590294e+61 -6.036321775542598e+61 -1.071835395422893e+62 -3.8498969017694906e+62

Equation: (x4 ^ x2) + x3
Residual Differences:
-5.663719149651349e+58 -8.343109145579183e+58 -1.0037568767725645e+59 -1.2630655391552722e+59 -1.6033342324376673e+59 -3.0717830385582024e+59 -4.145528853179792e+59 -6.339142091312182e+59 -8.971724454495435e+59 -1.0986101823245536e+60 -3.370068352115344e+60 -4.710614195554155e+60 -5.990893986802176e+60 -1.3923898297046e+61 -1.7987745760887186e+61 -1.9918932634161505e+61 -2.6511557347590294e+61 -6.036321775542598e+61 -1.071835395422893e+62 -3.8498969017694906e+62

Equation: 1018.3440607695892 - x0
Residual Differences:
-78263312.14564441 -78280044.6960683 -78441905.50500186 -79014176.0351497 -79442795.04692748 -79847659.42874645 -79913082.7396735 -81194771.04534449 -81298208.13434803 -81746545.58878547 -82143700.27032167 -82306495.95469728 -82520889.05466454 -82544242.69785573 -83414699.49609564 -83760574.16686615 -84850060.53567606 -85078381.07636929 -85643072.41105059 -89527710.73424315

Equation: 1013.4519910921957 - sin(x2)
Residual Differences:
-78263281.1675169 -78280013.6114992 -78441874.17556088 -79014144.0060637 -79442762.7459267 -79847626.82771899 -79913050.02371217 -81194738.19750299 -81298175.0319372 -81746512.57120185 -82143667.76176877 -82306463.2441901 -82520856.22981477 -82544209.96644099 -83414666.9891336 -83760541.69826616 -84850028.02077869 -85078348.63330436 -85643039.88930708 -89527678.30048092

Equation: 1014.1875232695709 + (x4 - x4)
Residual Differences:
-78263280.08889449 -78280012.4618853 -78441873.09612453 -79014142.96227404 -79442761.8393136 -79847625.8454256 -79913049.01819198 -81194737.26174203 -81298173.89715455 -81746511.34802736 -82143666.25469312 -82306461.71570645 -82520854.64569794 -82544208.21805331 -83414665.20787536 -83760539.89363852 -84850026.20129183 -85078346.71861449 -85643037.97445539 -89527676.33713067

Equation: 507.10299384887446 - -507.0845294206965
Residual Differences:
-78263280.08889449 -78280012.4618853 -78441873.09612453 -79014142.96227404 -79442761.8393136 -79847625.8454256 -79913049.01819198 -81194737.26174203 -81298173.89715455 -81746511.34802736 -82143666.25469312 -82306461.71570645 -82520854.64569794 -82544208.21805331 -83414665.20787536 -83760539.89363852 -84850026.20129183 -85078346.71861449 -85643037.97445539 -89527676.33713067

Equation: (cos(x1) / (x4 ^ x0)) + 1014.19120046118
Residual Differences:
-78263280.11614832 -78280012.4822628 -78441873.11148573 -79014142.96563709 -79442761.84138072 -79847625.8455667 -79913049.01688883 -81194737.26003307 -81298173.8930595 -81746511.34543088 -82143666.25334074 -82306461.71474165 -82520854.64492446 -82544208.21741617 -83414665.20751978 -83760539.89354125 -84850026.20129992 -85078346.71862653 -85643037.9745374 -89527676.33723466

Equation: (1497.1754995547226 + (cos(x1) / (x4 ^ x0))) + -482.9842990935425
Residual Differences:
-78263280.11614832 -78280012.4822628 -78441873.11148573 -79014142.96563709 -79442761.84138072 -79847625.8455667 -79913049.01688883 -81194737.26003307 -81298173.8930595 -81746511.34543088 -82143666.25334074 -82306461.71474165 -82520854.64492446 -82544208.21741617 -83414665.20751978 -83760539.89354125 -84850026.20129992 -85078346.71862653 -85643037.9745374 -89527676.33723466

Equation: (((1.003169381887403 ^ x4) + 663.092916316988) + (cos(1.9634847279181782) / (x1 ^ x0))) / sin(sin(sin(0.9191770875293778)))
Residual Differences:
-78263279.93597962 -78280012.30345201 -78441872.93384534 -79014142.79209346 -79442761.66710208 -79847625.67091016 -79913048.84235772 -81194737.08563448 -81298173.71714748 -81746511.17004132 -82143666.07831767 -82306461.5387644 -82520854.4685329 -82544208.0416267 -83414665.03152244 -83760539.71787547 -84850026.02506761 -85078346.54277276 -85643037.7962603 -89527676.15883349

Equation: x4
Residual Differences:
-7717873384.466567 -7817625254.395448 -7829608651.53447 -7889258978.884477 -7897302277.932212 -7899981690.998621 -7935914984.392645 -7947082997.670567 -7950981784.960707 -7965230055.249722 -7969164229.153953 -7974445923.881966 -7993509985.645459 -7995718546.551551 -8025783928.70328 -8026069108.977741 -8028713377.585883 -8065169692.028961 -8092331381.88264 -8102175681.605315

Equation: x4 ^ x0
Residual Differences:
-1.5991408127345278e+187 -1.7355149578144879e+187 -2.5643190290441756e+187 -3.547332020998155e+187 -5.4067550894417594e+187 -6.0061556933739294e+187 -1.016905063147118e+188 -1.520069908908753e+188 -3.193626830390295e+188 -3.382206274729431e+188 -7.06120710745249e+188 -9.833626710610807e+188 -3.9374592452353365e+189 -5.172098260826596e+189 -6.047883790805937e+189 -8.637857817520921e+189 -9.782187294493134e+189 -6.729273842089878e+190 -1.0042730745163883e+191 -4.2166381848568844e+191

Equation: x3 * (x2 ^ x2)
Residual Differences:
-1.0280339355381017e+189 -1.136968221647141e+189 -2.8243227374032277e+189 -2.989962987826858e+189 -3.003412876714241e+189 -4.671932512047879e+189 -6.517236119944294e+189 -2.7013815758860557e+190 -7.127119876853758e+190 -2.0285818312981696e+191 -5.600175255571954e+191 -6.852007871445643e+191 -8.705812183677041e+191 -1.0835795308352694e+192 -1.881932276668375e+192 -3.52668594034687e+192 -7.979176364383556e+192 -1.4318430407912225e+193 -4.7699978950571264e+193 -5.049123952795987e+193

Equation: 805.6802968988292 + x4
Residual Differences:
-7717872682.851172 -7817624688.612655 -7829608365.886076 -7889258726.801282 -7897302054.222018 -7899981479.834827 -7935914775.16485 -7947082802.707373 -7950981710.756912 -7965230055.249722 -7969164229.153953 -7974445923.881966 -7993509985.645459 -7995718546.551551 -8025783928.70328 -8026069108.977741 -8028713377.585883 -8065169692.028961 -8092331381.88264 -8102175681.605315

Equation: 879.6926236814212 + cos(x0)
Residual Differences:
-7717872632.948748 -7817624638.927074 -7829608316.313995 -7889258677.385277 -7897302005.192681 -7899981430.841467 -7935914726.370789 -7947082754.110717 -7950981662.411177 -7965230043.57664 -7969164270.554142 -7974446014.55494 -7993510076.692927 -7995718637.668104 -8025784020.081925 -8026069200.448959 -8028713469.02507 -8065169783.998566 -8092331473.862299 -8102175774.2915535

Equation: sin(cos(x0)) + 875.1093820262455
Residual Differences:
-7717872642.074771 -7817624648.047739 -7829608325.428426 -7889258686.492986 -7897302014.298958 -7899981439.962333 -7935914735.473466 -7947082763.204594 -7950981671.488148 -7965230052.731443 -7969164279.707648 -7974446014.590779 -7993510076.707967 -7995718637.682687 -8025784020.086389 -8026069200.451244 -8028713469.026598 -8065169783.9890995 -8092331473.846443 -8102175774.237591

Equation: (876.2105097335668 - (x2 / x0)) + sin(cos(x2))
Residual Differences:
-7717872641.85458 -7817624647.784352 -7829608325.166498 -7889258686.32134 -7897302014.087107 -7899981439.764138 -7935914735.227799 -7947082763.047947 -7950981671.357247 -7965230052.852274 -7969164279.950343 -7974446014.924657 -7993510076.751536 -7995718637.741539 -8025784020.131831 -8026069200.516463 -8028713469.183017 -8065169783.77774 -8092331473.793049 -8102175773.783873

Equation: (436.5761061629496 - (x2 / x2)) + 438.97017675662454
Residual Differences:
-7717872643.143232 -7817624649.109165 -7829608326.475116 -7889258687.525435 -7897302015.319721 -7899981441.001033 -7935914736.460822 -7947082764.151975 -7950981672.34064 -7965230053.793744 -7969164280.733977 -7974446015.494446 -7993510077.258665 -7995718638.189365 -8025784020.4465 -8026069200.710604 -8028713469.2389965 -8065169783.6943445 -8092331473.411387 -8102175773.333352

Equation: (-1.8213088843822698 * -241.10349416145044) + 435.4223469477044
Residual Differences:
-7717872643.143232 -7817624649.109165 -7829608326.475116 -7889258687.525435 -7897302015.319721 -7899981441.001033 -7935914736.460822 -7947082764.151975 -7950981672.34064 -7965230053.793744 -7969164280.733977 -7974446015.494446 -7993510077.258665 -7995718638.189365 -8025784020.4465 -8026069200.710604 -8028713469.2389965 -8065169783.6943445 -8092331473.411387 -8102175773.333352

Equation: (875.5283045876339 - (x1 / x1)) + (sin(3389.773802173783) * x1)
Residual Differences:
-7717872642.722493 -7817624648.688036 -7829608326.05365 -7889258687.103374 -7897302014.897415 -7899981440.577918 -7935914736.036867 -7947082763.727044 -7950981671.914869 -7965230053.367395 -7969164280.306801 -7974446015.067484 -7993510076.83205 -7995718637.762302 -8025784020.019207 -8026069200.282987 -8028713468.811757 -8065169783.267295 -8092331472.982994 -8102175772.90483

Equation: (875.4653837857358 - (x1 / x1)) + (0.010199492698797942 * (x3 + x3))
Residual Differences:
-7717872641.311921 -7817624647.273443 -7829608324.637121 -7889258685.682821 -7897302013.472865 -7899981439.146763 -7935914734.605892 -7947082762.294659 -7950981670.474857 -7965230051.926412 -7969164278.859242 -7974446013.621954 -7993510075.384351 -7995718636.313329 -8025784018.577749 -8026069198.844303 -8028713467.372769 -8065169781.824935 -8092331471.54351 -8102175771.46448

Equation: x4 ^ x0
Residual Differences:
-1.1335932285265474e+97 -1.5260828904261796e+97 -2.729791582316824e+97 -3.4706967368810145e+97 -8.135434000124957e+97 -1.0106356130999812e+98 -2.3540131149732265e+98 -4.78486171645901e+98 -1.332532970701022e+99 -1.6416296837678145e+99 -2.1839076533055538e+99 -2.8357551075501842e+99 -5.815831345347207e+99 -9.064587218401405e+99 -1.357207918655662e+100 -1.8548166968956485e+100 -2.5478303683913376e+100 -2.789549609242732e+100 -1.3681289832800406e+101 -1.6036189869208428e+101

Equation: (x4 ^ x0) + x1
Residual Differences:
-1.1335932285265474e+97 -1.5260828904261796e+97 -2.729791582316824e+97 -3.4706967368810145e+97 -8.135434000124957e+97 -1.0106356130999812e+98 -2.3540131149732265e+98 -4.78486171645901e+98 -1.332532970701022e+99 -1.6416296837678145e+99 -2.1839076533055538e+99 -2.8357551075501842e+99 -5.815831345347207e+99 -9.064587218401405e+99 -1.357207918655662e+100 -1.8548166968956485e+100 -2.5478303683913376e+100 -2.789549609242732e+100 -1.3681289832800406e+101 -1.6036189869208428e+101

Equation: x3 / 0.00432086282392456
Residual Differences:
-559632542.9953284 -560512007.9373822 -561138898.2091748 -563144658.5146341 -565607995.4392757 -567602779.4395963 -568183156.7458353 -568977049.2160723 -571215007.6977133 -571486157.4823731 -572859035.8852979 -577330247.4524882 -578434894.7807808 -581834634.3253974 -585678834.4505049 -587647217.836058 -587928823.8882017 -591887969.5276201 -591974269.9814554 -595183178.0875355

Equation: (x3 / 0.00432086282392456) - cos(x0 + x2)
Residual Differences:
-559632543.6312346 -560512008.738362 -561138899.1457406 -563144659.7027692 -565607996.8314036 -567602780.8282701 -568183158.3009218 -568977049.3365463 -571215008.0638561 -571486157.9050497 -572859036.5149455 -577330248.4341176 -578434896.106779 -581834635.8463807 -585678836.005869 -587647219.3316429 -587928825.5054659 -591887971.1070735 -591974271.1189163 -595183179.0485133

Equation: (x3 / 0.004498204475713728) + (x2 * (x4 + x1))
Residual Differences:
-559626879.6356276 -560506326.1253223 -561133204.2265265 -563138941.250197 -565602261.7553684 -567597022.6817615 -568177352.500881 -568971216.7329314 -571209154.4198315 -571480285.955087 -572853158.7745086 -577324348.3220911 -578428984.0068032 -581828715.9763472 -585672904.5464592 -587641274.1260486 -587922866.9798229 -591881995.3536766 -591968265.072146 -595177137.3159405

Equation: (x3 - -191.57560494746772) * (x3 + 0.7805612114321451)
Residual Differences:
-559631439.4796256 -560510903.7013956 -561137793.8462759 -563143557.9417354 -565606895.9755476 -567601666.8788104 -568182017.2849542 -568975948.3859078 -571213905.243891 -571485037.5556103 -572857910.6890285 -577329114.575695 -578433758.0845599 -581833493.8308247 -585677675.880837 -587646039.1573389 -587927623.5635856 -591886768.8879806 -591973054.501888 -595181954.9791646

Equation: (sin(x3 + -0.5035931609121154) + x3) / 0.004498204475713728
Residual Differences:
-559633202.4215306 -560512673.7217098 -561139580.0425321 -563145371.6599845 -565608719.4223629 -567603494.9626586 -568183837.2149532 -568977680.0258405 -571215629.7411646 -571486721.1184994 -572859582.6682789 -577330756.4444054 -578435388.2514862 -581835116.7044065 -585679247.7689555 -587647550.7085376 -587929080.0004646 -591888224.1298335 -591974478.9366137 -595183359.8425807

Equation: ((x4 + x4) + (x2 + 921.174985689289)) + (x4 - sin(x3))
Residual Differences:
-559644072.0030618 -560523549.9776169 -561150466.3262763 -563156260.5760542 -565619609.4845915 -567614437.6132493 -568194909.5089351 -568988921.7061036 -571226991.6533872 -571498159.7373167 -572871046.8038746 -577342241.5379782 -578446888.3107351 -581846637.902633 -585690846.0782075 -587659221.6391194 -587940830.4771831 -591899974.3755056 -591986287.2732935 -595195144.5468334

Equation: ((x4 - -544.407724722125) + 178.25046585353786) - -177.73387663590069
Residual Differences:
-559644290.7395524 -560523768.9553076 -561150685.9919559 -563156481.3659855 -565619830.7815912 -567614659.0875863 -568195132.3266734 -568989144.9908831 -571227148.7172484 -571498316.3297102 -572871203.3481076 -577342398.2178745 -578447044.7334676 -581846794.0644524 -585691002.0031666 -587659377.3081394 -587940985.8825758 -591900129.5121448 -591986442.5810999 -595195300.2471318

Equation: ((x4 - sin(x3)) - (cos(x4) * x4)) + ((x4 + x2) + (886.1044855138138 + x4))
Residual Differences:
-559644172.1053592 -560523650.9140911 -561150572.7085447 -563156368.0257404 -565619722.9413544 -567614553.0279279 -568195031.3726546 -568989045.8370602 -571227050.0368502 -571498217.8443863 -572871105.0842701 -577342298.9927853 -578446944.9196429 -581846694.2445799 -585690900.3055772 -587659275.7662524 -587940879.7687931 -591900021.8572191 -591986324.8897817 -595195176.4825933

Equation: ((x3 + 58.460410717075675) + (58.944194620162165 - x3)) * (40.18564565424805 / 5.215346622269146)
Residual Differences:
-559644341.1163678 -560523819.3626592 -561150736.7003336 -563156532.4352998 -565619882.024358 -567614710.418745 -568195184.2459953 -568989197.1116366 -571227201.0091302 -571498368.5192207 -572871255.6053361 -577342450.601866 -578447097.0819098 -581846846.3507394 -585691054.3463167 -587659429.6408991 -587941038.349883 -591900181.8819702 -591986495.0399774 -595195352.8182144

Equation: x0
Residual Differences:
-4410380122.088508 -4419561717.348332 -4467075852.407968 -4494853182.754775 -4495962792.8110285 -4501129827.693593 -4522612336.663186 -4522670280.266681 -4526033747.318887 -4527893718.294497 -4544817568.488863 -4558043456.952568 -4563633493.62855 -4569425915.145662 -4613480468.186411 -4622126025.741683 -4623396604.465173 -4652581610.361979 -4676819567.525702 -4702346789.712257

Equation: x1 ^ x2
Residual Differences:
-4.5993797120595176e+162 -7.68673894530407e+162 -1.1401570080857989e+163 -1.293826263075007e+163 -1.6406635947994722e+163 -1.474384752913414e+164 -3.777225750672377e+164 -4.688909722030776e+164 -4.838771629140722e+164 -5.145916185522434e+164 -1.2817549021075934e+165 -1.591435868297388e+165 -1.845596364956215e+165 -2.7088481665205285e+165 -3.4916476220560868e+165 -6.286469559577647e+165 -1.3546825817984888e+166 -2.6580675560875364e+166 -3.905420289653432e+166 -1.410342489037071e+167

Equation: x0 + (x1 ^ x2)
Residual Differences:
-4.5993797120595176e+162 -7.68673894530407e+162 -1.1401570080857989e+163 -1.293826263075007e+163 -1.6406635947994722e+163 -1.474384752913414e+164 -3.777225750672377e+164 -4.688909722030776e+164 -4.838771629140722e+164 -5.145916185522434e+164 -1.2817549021075934e+165 -1.591435868297388e+165 -1.845596364956215e+165 -2.7088481665205285e+165 -3.4916476220560868e+165 -6.286469559577647e+165 -1.3546825817984888e+166 -2.6580675560875364e+166 -3.905420289653432e+166 -1.410342489037071e+167

Equation: 909.5380921743567 + x1
Residual Differences:
-4410379248.896324 -4419561404.310792 -4467075584.105058 -4494852921.606518 -4495962551.480722 -4501129677.322926 -4522612196.506348 -4522670206.677817 -4526033747.488721 -4527893718.591241 -4544817568.776368 -4558043457.044377 -4563633493.628071 -4569425915.198054 -4613480468.459397 -4622126025.843391 -4623396604.640014 -4652581610.525511 -4676819567.671423 -4702346790.066492

Equation: sin(x2) + 1003.9357411649618
Residual Differences:
-4410379147.456158 -4419561303.341762 -4467075483.3672 -4494852821.095147 -4495962451.238184 -4501129577.862432 -4522612097.647201 -4522670108.021258 -4526033667.021202 -4527893685.236202 -4544817568.799167 -4558043538.19181 -4563633574.641753 -4569425996.170942 -4613480549.436387 -4622126106.999481 -4623396685.77951 -4652581691.693942 -4676819648.891866 -4702346871.230241

Equation: (x3 / x3) + 1002.1890813167471
Residual Differences:
-4410379149.2426195 -4419561304.76237 -4467075484.699679 -4494852822.304843 -4495962452.301345 -4501129578.452159 -4522612098.081496 -4522670108.328034 -4526033667.20876 -4527893685.377147 -4544817568.753222 -4558043538.505229 -4563633574.96444 -4569425996.462688 -4613480549.687322 -4622126107.19495 -4623396685.888719 -4652581691.745071 -4676819648.911377 -4702346871.192542

Equation: 1003.1924825058247 + (sin(x2) / (x4 ^ x2))
Residual Differences:
-4410379149.238317 -4419561304.7631235 -4467075484.700561 -4494852822.306046 -4495962452.302277 -4501129578.452125 -4522612098.080686 -4522670108.326563 -4526033667.206774 -4527893685.374654 -4544817568.75006 -4558043538.502167 -4563633574.962363 -4569425996.46151 -4613480549.686295 -4622126107.19401 -4623396685.88816 -4652581691.744635 -4676819648.911021 -4702346871.192227

Equation: 1003.2251435198395 + sin(x0 * (-0.03271884990333852 / x4))
Residual Differences:
-4410379149.2358885 -4419561304.756798 -4467075484.695011 -4494852822.305114 -4495962452.301411 -4501129578.450738 -4522612098.079048 -4522670108.324799 -4526033667.2055435 -4527893685.374213 -4544817568.749446 -4558043538.501789 -4563633574.961317 -4569425996.461374 -4613480549.685135 -4622126107.192575 -4623396685.88894 -4652581691.745319 -4676819648.911938 -4702346871.193212

Equation: (cos(x4) / (x1 ^ x4)) + ((x1 / x1) + 1002.1964512990435)
Residual Differences:
-4410379149.257665 -4419561304.776868 -4467075484.71195 -4494852822.314136 -4495962452.30768 -4501129578.4521885 -4522612098.078809 -4522670108.32324 -4526033667.203436 -4527893685.370118 -4544817568.744804 -4558043538.500317 -4563633574.962095 -4569425996.461593 -4613480549.686355 -4622126107.194187 -4623396685.888716 -4652581691.74517 -4676819648.911479 -4702346871.192634

Equation: (-0.23226354317244266 / x4) + (941.3623413867986 - -61.889715998046164)
Residual Differences:
-4410379149.196752 -4419561304.716265 -4467075484.653402 -4494852822.257002 -4495962452.251717 -4501129578.399953 -4522612098.027 -4522670108.27186 -4526033667.152388 -4527893685.319994 -4544817568.6941595 -4558043538.445082 -4563633574.908338 -4569425996.409917 -4613480549.63489 -4622126107.143085 -4623396685.842087 -4652581691.700524 -4676819648.867422 -4702346871.148777

Equation: (5.3156678887025715 * 188.72337858009465) + (sin(sin(251.34151256522384)) * cos(-30.379906953341923 / x4))
Residual Differences:
-4410379149.236845 -4419561304.756863 -4467075484.694362 -4494852822.30099 -4495962452.298515 -4501129578.449472 -4522612098.077628 -4522670108.322567 -4526033667.203068 -4527893685.370495 -4544817568.743805 -4558043538.486931 -4563633574.953479 -4569425996.457396 -4613480549.682542 -4622126107.190988 -4623396685.889385 -4652581691.74586 -4676819648.912008 -4702346871.193104

Equation: (0.01566734815847326 * x4) + ((978.9991767657972 - (-39.208610203017045 - -43.75294926147791)) - -28.67439130357838)
Residual Differences:
-4410379147.99126 -4419561303.508533 -4467075483.445353 -4494852821.048435 -4495962451.043255 -4501129577.184949 -4522612096.810234 -4522670107.055243 -4526033665.935376 -4527893684.102623 -4544817567.476982 -4558043537.223794 -4563633573.685413 -4569425995.184442 -4613480548.406582 -4622126105.912058 -4623396684.611993 -4652581690.470123 -4676819647.636789 -4702346869.917935

Equation: x1
Residual Differences:
-22144731.161312412 -22924535.903153177 -23650727.450911947 -23736116.674673412 -23871453.381930273 -24964340.064071022 -25148170.99658839 -25434363.68892256 -25443856.57448395 -25528794.59926642 -25555554.248410054 -25575529.901738677 -25671731.599468287 -25769585.75394749 -25809982.39500187 -25847256.54777943 -25935360.27814612 -26222189.16068693 -26505298.80520634 -26914251.73533992

Equation: x2 ^ x3
Residual Differences:
-6.080968934743513e+42 -1.0206107253454467e+43 -1.207989688163398e+43 -2.1249231723336819e+43 -2.8830214277028704e+43 -5.085127605444154e+43 -5.446613656598364e+43 -6.243739877826701e+43 -1.2709849973216121e+44 -2.1673389662623024e+44 -3.4061519007970346e+44 -5.1782572362852006e+44 -1.1992204183431812e+45 -3.0195893453869356e+45 -3.757717561947593e+45 -4.7953564391833496e+45 -6.63926314351935e+45 -6.821554661601729e+45 -1.0741102666302962e+46 -2.627060898388435e+46

Equation: (x2 ^ x3) + x4
Residual Differences:
-6.080968934743513e+42 -1.0206107253454467e+43 -1.207989688163398e+43 -2.1249231723336819e+43 -2.8830214277028704e+43 -5.085127605444154e+43 -5.446613656598364e+43 -6.243739877826701e+43 -1.2709849973216121e+44 -2.1673389662623024e+44 -3.4061519007970346e+44 -5.1782572362852006e+44 -1.1992204183431812e+45 -3.0195893453869356e+45 -3.757717561947593e+45 -4.7953564391833496e+45 -6.63926314351935e+45 -6.821554661601729e+45 -1.0741102666302962e+46 -2.627060898388435e+46

Equation: 959.6285308250386 + x2
Residual Differences:
-22144018.579410248 -22923845.20605559 -23650143.881005704 -23735637.278644115 -23870993.841366302 -24963922.742599607 -25147807.05049858 -25434099.13244499 -25443671.538689267 -25528770.916874908 -25555542.446569726 -25575530.12293213 -25671731.79329831 -25769585.824861426 -25809982.464750044 -25847256.573067788 -25935360.196561545 -26222189.586783946 -26505298.76360255 -26914251.82133758

Equation: 964.5044354602471 + sin(x4)
Residual Differences:
-22144041.85501676 -22923869.332056373 -23650168.229350343 -23735662.021525953 -23871018.743558645 -24963947.894476335 -25147832.31439149 -25434124.806058742 -25443697.28234864 -25528796.756904613 -25555568.503198065 -25575556.021345187 -25671757.55476007 -25769611.467696812 -25810007.895418607 -25847281.839393485 -25935385.35260033 -26222214.625870883 -26505324.06245006 -26914277.193689633

Equation: 963.8162824992448 + (x0 - x0)
Residual Differences:
-22144042.53782725 -22923869.790044006 -23650168.66505713 -23735662.314017814 -23871018.89179699 -24963947.96635953 -25147832.54775391 -25434124.99559072 -25443697.462163657 -25528796.953147907 -25555568.65429877 -25575555.94210244 -25671757.5688484 -25769611.6113317 -25810008.127308287 -25847282.347917143 -25935386.00503366 -26222215.2940178 -26505324.73526041 -26914277.84031968

Equation: 963.9558111537987 + -0.0037178287477212333
Residual Differences:
-22144042.266205598 -22923869.518422354 -23650168.39343548 -23735662.04239616 -23871018.62017534 -24963947.694737878 -25147832.27613226 -25434124.72396907 -25443697.190542005 -25528796.681526255 -25555568.38267712 -25575555.94210244 -25671757.5688484 -25769611.6113317 -25810008.127308287 -25847282.347917143 -25935386.00503366 -26222215.2940178 -26505324.73526041 -26914277.84031968

Equation: 964.0055273875678 + (-0.22784128952348806 / x2)
Residual Differences:
-22144042.23978971 -22923869.48580506 -23650168.35822091 -23735662.004790127 -23871018.5823547 -24963947.65663925 -25147832.234248742 -25434124.67888194 -25443697.14474876 -25528796.63455449 -25555568.33494581 -25575555.898425944 -25671757.5262338 -25769611.568814456 -25810008.086557854 -25847282.307625566 -25935385.964734856 -26222215.25494141 -26505324.69613783 -26914277.801228333

Equation: ((x2 + x2) - (-85.92775507139083 / cos(-1.3788701283743574))) * (x2 + ((x2 - 2.1196873255843625) / -0.9909560939180433))
Residual Differences:
-22144053.363082234 -22923880.907207523 -23650179.833235882 -23735673.582562998 -23871030.161914647 -24963959.382369008 -25147843.98326672 -25434136.550869722 -25443709.021339796 -25528808.5274017 -25555580.33037921 -25575567.99619223 -25671769.67181829 -25769623.73332367 -25810020.290208306 -25847294.6632551 -25935398.352369916 -26222227.663661595 -26505337.35929174 -26914290.51419847

Equation: x4
Residual Differences:
-225234973.47285017 -225465707.7816145 -227599364.36575797 -231454774.59068334 -231863119.39092043 -232529423.00126365 -232553612.93533933 -232715466.53272125 -233449894.58118674 -234158064.11646202 -234302912.51426977 -234738205.3355045 -235288375.02555624 -235456465.9975231 -237608499.64056408 -239156585.0645386 -239243702.3380551 -241233546.110901 -242804783.58856678 -244552648.23627087

Equation: x1 ^ x0
Residual Differences:
-6.554073281711634e+76 -1.185278111905148e+77 -1.5031850015315784e+77 -2.371018711545894e+77 -3.8353158267705877e+77 -8.90724330522663e+77 -3.1021886447704816e+78 -5.735916641928672e+78 -8.396891496881516e+78 -1.373368762561439e+79 -2.7817018503648433e+79 -4.402609239200656e+79 -4.861504312243763e+79 -5.8072378379850425e+79 -1.1401395557128898e+80 -1.4127363353988445e+80 -2.043655884537915e+80 -3.8912363976357665e+80 -9.552504614911272e+80 -1.0305081181244753e+81

Equation: x3 + (x1 ^ x0)
Residual Differences:
-6.554073281711634e+76 -1.185278111905148e+77 -1.5031850015315784e+77 -2.371018711545894e+77 -3.8353158267705877e+77 -8.90724330522663e+77 -3.1021886447704816e+78 -5.735916641928672e+78 -8.396891496881516e+78 -1.373368762561439e+79 -2.7817018503648433e+79 -4.402609239200656e+79 -4.861504312243763e+79 -5.8072378379850425e+79 -1.1401395557128898e+80 -1.4127363353988445e+80 -2.043655884537915e+80 -3.8912363976357665e+80 -9.552504614911272e+80 -1.0305081181244753e+81

Equation: x0 ^ (x4 - cos(x4))
Residual Differences:
-2.0220676485784686e+78 -8.391708888533657e+78 -1.5649880436141778e+79 -3.251351462127385e+79 -3.765687805679028e+79 -6.369610849931302e+79 -1.1112044389377982e+80 -1.505681063830708e+80 -1.6135333214794983e+80 -4.5467896624873566e+80 -5.732512799681727e+80 -6.203552070586026e+80 -8.889734387598614e+80 -1.0117468552960581e+81 -1.781477588155212e+81 -2.335969966641718e+81 -4.045066926296116e+81 -4.838335891706948e+81 -6.406015913241552e+81 -7.091997066831468e+81

Equation: (x3 ^ x0) + (x4 ^ x2)
Residual Differences:
-2.1676211895669387e+77 -3.840742147763762e+77 -4.8247384591646e+77 -7.665797160563384e+77 -9.148095330406062e+77 -3.3487931867919182e+78 -1.151790667893421e+79 -1.655493401802087e+79 -2.8657828679876605e+79 -3.9679188967458186e+79 -6.076855704886592e+79 -7.858628834991173e+79 -9.581818479445159e+79 -1.1562993024510237e+80 -2.1142439742133642e+80 -3.181793765592375e+80 -4.972911814172392e+80 -7.766114057639309e+80 -1.3106725034851753e+81 -1.600248987228478e+81

Equation: (1158.5588837195098 + x2) - sin(x0)
Residual Differences:
-225234222.0622845 -225465088.15880844 -227598773.2380488 -231454281.39828512 -231862686.0810122 -232528990.47127476 -232553192.0507275 -232715055.1109933 -233449628.0701553 -234157812.42770615 -234302795.6597174 -234738121.36904228 -235288374.9766373 -235456466.04661283 -237608499.72440755 -239156585.19420838 -239243702.45775524 -241233546.00654182 -242804783.47355407 -244552648.17108342

Equation: (581.4858682405564 - -581.279927382455) + x0
Residual Differences:
-225234213.1275534 -225465079.37570003 -227598764.57633075 -231454272.78815225 -231862677.60554114 -232528982.5020137 -232553184.2685102 -232715047.39275452 -233449620.48604771 -234157804.88583538 -234302788.20407084 -234738113.9701029 -235288374.92211074 -235456465.85220218 -237608499.45989612 -239156585.04250002 -239243702.3823661 -241233546.00748563 -242804783.26832744 -244552648.06736436

Equation: x0 + ((578.7918662998538 - -583.6105303834051) - cos(x0))
Residual Differences:
-225234212.28743255 -225465078.44585374 -227598763.6115408 -231454271.75893945 -231862676.5667166 -232528981.6127932 -232553183.5430743 -232715046.66944358 -233449619.84201863 -234157804.27094045 -234302787.75555554 -234738113.54029423 -235288374.12183347 -235456465.0367492 -237608498.71080744 -239156584.2396464 -239243701.5208666 -241233545.1898982 -242804782.59121707 -244552647.32589203

Equation: ((583.4764377831694 - -583.517582839842) - cos(x0)) + cos(x0)
Residual Differences:
-225234253.94792247 -225465120.31212837 -227598805.58853143 -231454314.06545997 -231862719.1824052 -232529024.59118524 -232553227.00969052 -232715090.30391762 -233449663.52107796 -234157848.05652362 -234302831.67275646 -234738157.48262164 -235288417.83279064 -235456508.76891127 -237608542.5354852 -239156628.06648 -239243745.38313708 -241233589.099266 -242804826.54425517 -244552691.27997413

