Complexity,Loss,Equation
1,0.15044648999931878,"-0.38787432242726344"
2,8.449916630036986e-23,"cube(x4)"
4,8.312303480765195e-23,"cube(x4) - -1.173086310815227e-12"
