Complexity,Loss,Equation
1,0.2027866102724221,"x0"
3,0.04489741680369642,"1.7403091784367286 * x0"
5,0.02646916299653224,"(x0 - -0.07885434463738279) * 1.7247796065583463"
6,0.024261498675282538,"1.9043650997835835 * (sin(x0) - -0.07843656942913808)"
7,0.018511897673824114,"x0 * (1.6484337845710726 + (0.41108583143002025 * x0))"
8,0.0027805686767927774,"(2.338137354448982 * sin(x0 - -1.2525214720785791)) * x0"
9,0.0010122182359409559,"sin(x0) + sin((x0 - -1.0288135062116863) * x0)"
10,0.0010013144054617706,"sin(x0 * (x0 - -1.0749412298773453)) + (x0 / 1.1052663971789551)"
11,0.00040859149524053216,"sin((x0 + -0.028667374784405557) * (x0 - -1.0353684118314241)) + sin(x0)"
12,7.568255959482517e-5,"(x0 + -0.04811747549785101) + sin((x0 - -0.8524136267838914) * (x0 / 0.8448908173182411))"
14,7.169661465697572e-5,"sin((x0 - -0.8640888038490159) * (x0 / 0.8528678347441304)) + ((x0 + -0.04637467038523737) / 1.0076699245679341)"
16,5.926909106867816e-5,"((x0 + -0.04755510453245398) + (-0.0005729890633968822 / x0)) + sin((x0 / 0.8452142525088162) * (x0 - -0.8553751935462385))"
17,5.9205960397551416e-5,"((-0.047526286872750595 + x0) + (-0.00057338934304637 / sin(x0))) + sin((x0 - -0.8555331141317751) * (x0 / 0.8453246212714591))"
18,5.7669447797020296e-5,"sin((x0 / 0.8503304029016148) * (x0 - -0.8627308353484048)) + ((-0.0005390929529077732 / x0) + ((x0 + -0.046465599219790786) / 1.0049398133882679))"
19,5.7669230841499866e-5,"sin((x0 - -0.8627308317557717) * (x0 / 0.8503303603777778)) + (((x0 + -0.046465607702375934) / 1.0049397604729757) - sin(0.0005391119228867978 / x0))"
20,4.43427705759237e-5,"sin((x0 / 0.7417959948024911) * (x0 - -0.5974739839093002)) + (((x0 / 0.8492382946256088) + -0.04485672974971293) + (x0 * (x0 * -0.21221531535012142)))"
21,4.1981211967243776e-5,"(((x0 / 0.8227094593325589) + -0.043438771903513945) + (sin(x0) * (x0 * -0.29085686835679636))) + sin((x0 / 0.7142066953366832) * (x0 - -0.5474467811712795))"
24,3.041507229075383e-5,"(((-0.9237341837018493 - x0) * (x0 * x0)) * (sin(x0) * (0.8406147711755739 * x0))) + (-0.045702189938726955 - ((x0 - -1.653411370267133) * (-1.1910237279736897 * x0)))"
25,3.041427733570208e-5,"(((-0.9235161607129111 - x0) * (x0 * x0)) * (sin(x0) * (0.8405750024640042 * x0))) + (sin(-0.04573347213543718) - ((x0 - -1.6535465452569884) * (-1.1909168222049464 * x0)))"
