Complexity,Loss,Equation
1,5.8776965967409625e-12,"x4"
2,4.988580829827741e-25,"cube(x4)"
3,4.988580829827732e-25,"cube(sin(x4))"
6,4.988191805735897e-25,"0.035589208642566546 * (cube(x4) * x4)"
8,4.988191805651157e-25,"0.035589208642566546 * ((cube(x4) * x1) * x4)"
