Complexity,Loss,Equation
1,0.7875340236206793,"0.8874311373952075"
2,1.436705670191866e-24,"cube(x4)"
3,1.4365159534099552e-24,"square(square(x5))"
4,1.4365159526602602e-24,"cube(x4) * x4"
