Complexity,Loss,Equation
1,1.1106264675864564e-11,"x5"
2,3.305049342457738e-25,"cube(x5)"
3,3.3040892221677295e-25,"x1 - x1"
