Complexity,Loss,Equation
1,0.014245215223594936,"-0.11935332095807591"
2,2.8105607987803297e-25,"cube(x4)"
3,2.810293046067613e-25,"cube(square(x4))"
