Complexity,Loss,Equation
1,1.2495739662172176,"1.1178434444134844"
2,3.510699352120685e-22,"square(x4)"
3,3.5106993518685287e-22,"square(sin(x4))"
4,3.5836593683285646e-32,"cube(x4) + 4.404970367046629e-13"
