Complexity,Loss,Equation
1,1.5504355931906604,"x2"
2,5.5332521741329e-26,"cube(x5)"
3,5.531682962686815e-26,"cube(square(x5))"
4,5.53011412954901e-26,"cube(x5) / -0.9973520787132008"
