Complexity,Loss,Equation
1,3.734850963577883,"x3"
2,3.505333011217176e-22,"square(x5)"
3,1.2343344220637577e-24,"cube(square(x4))"
5,1.2343344212476182e-24,"sin(square(sin(square(x5))))"
8,1.2342775893195015e-24,"cube(x5) * cos(sin(1.5827635202839925) - x1)"
