Complexity,Loss,Equation
1,0.027262166523494044,"-0.16511258741497561"
2,3.594704422178426e-24,"cube(x5)"
3,3.5944357118288776e-24,"cube(sin(x4))"
