Complexity,Loss,Equation
1,4.360130542130006,"x3"
2,0.8042958403816204,"exp(x3)"
4,0.18539221683538687,"x4 + exp(x3)"
6,0.11726471367545357,"x0 + (exp(x1) + x2)"
7,0.061365349430559095,"(exp(x3) + cube(x4)) + x0"
11,0.051945994945019835,"exp(x3) + (((x1 + x0) * cube(x4)) + x0)"
12,0.0440432751611028,"(x2 + exp(x3)) + ((x0 * exp(x1)) * square(x4))"
13,0.042991769004814655,"(exp(x3) + cube(square(x1))) + ((square(x4) * x2) + x0)"
14,1.5175930037372693e-6,"(x0 + x4) + ((x2 + x1) - (0.0012319062479494447 - x3))"
15,3.495151979970916e-18,"((x2 + x1) - (cube(0.0012319062479494447) - x3)) + (x0 + x4)"
19,8.011868568650901e-32,"(((x1 + x3) + -0.025980147997237524) - (-0.025980147997237524 - x2)) + (x4 + x0)"
