Complexity,Loss,Equation
1,0.3178694817009908,"0.5637991501413747"
2,1.030680004637649e-31,"sin(-7.577713577066482e-13)"
