Complexity,Loss,Equation
1,3.999999944734698e-6,"x0"
2,6.377912969283946e-17,"cube(x0)"
3,1.908890645549692e-22,"cube(square(x0))"
5,1.9085546488717812e-22,"cube(square(x0)) / x1"
6,1.6107317913147206e-22,"cube((x0 + x1) * x0)"
