Complexity,Loss,Equation
2,1.2547765882530944e-21,"cube(-0.0002950588807682268)"
3,1.2547765090345897e-21,"cube(sin(-0.0002950588807682268))"
4,6.615243747357133e-23,"cube(x0 * 0.02925028959581509)"
