Complexity,Loss,Equation
1,1.7303468783147575,"-1.3154265005298602"
2,4.9581602895615187e-23,"log(x2)"
4,4.9580701601490195e-23,"cube(square(sin(x0)))"
8,4.957980209082721e-23,"square(square(cos(x1) * (-0.05323633809903933 * x0)))"
