Complexity,Loss,Equation
1,0.17545295586148707,"0.41887104922005325"
2,9.99968436154557e-13,"square(x0)"
3,2.490730156447912e-22,"x0 - x0"
6,2.1995315760202623e-22,"square(square(x0)) / exp(x1)"
