Complexity,Loss,Equation
1,0.13401883062912617,"1.38740634669495"
3,0.09850129696870637,"x0 * 0.5998553269829497"
4,0.011730517137634011,"log(x0 + 1.9642014478962389)"
5,0.0010498642229690215,"(0.3406775860569966 * x0) - -0.6807535154633986"
6,0.0005198055871163101,"log(x0 + 1.3583125254835682) * 1.1710629002106008"
8,0.00013613875557235078,"1.51745034540396 * (log(2.3034393924191567 + x0) - 0.532941903972286)"
9,6.000909992255272e-5,"1.9536558771757384 * (log(x0 + 3.5312567746144996) - cos(-0.09125881539221857))"
10,3.5016514312939925e-5,"(0.16129134098801748 / x0) + (1.2110841520283473 * log(0.9869679617012872 + x0))"
11,2.3361049203739392e-5,"(log(x0 + 0.35140742788219387) * 1.2418543602494887) - sin(-0.6821943069731383 / x0)"
12,1.0072814726311368e-5,"(log(x0 + 0.5129093312421168) * 1.2333237567738686) - sin(sin(-0.5390390840676613 / x0))"
13,4.783888054201168e-6,"(1.076648824987259 * log(x0 + 2.0519219074916477)) + ((-0.2363264909947435 * sin(x0)) / x0)"
14,1.9656905643756317e-7,"(cos(log(0.38287006735219425)) + sin(x0 * 0.30653903587362885)) + sin(sin(0.1275898109989517 * x0))"
24,1.345483241777238e-8,"(((0.20348468298562108 * x0) / 0.46323935976407893) + sin(log(2.1992974905285103))) - ((sin(x0) / (x0 / 0.13594395470097148)) + ((-0.09735448932244914 * x0) * (x0 * -0.32672793048073573)))"
