Complexity,Loss,Equation
1,0.2283509507160852,"0.4778608068429609"
2,3.9619334844034294e-22,"square(x5)"
4,6.678983230230516e-23,"cube(x5 * -0.4166500037275862)"
6,5.286832190815187e-23,"(x1 * x2) * square(x4)"
