Complexity,Loss,Equation
1,24.96821634716324,"2.263826299815034"
2,5.57083889026103,"square(-2.616861260226159)"
3,0.9259329809197494,"log(square(x0))"
4,0.7151063872073126,"log(x0) / 0.5326855353993567"
5,0.12346544000261028,"square(log(x0)) / 2.132734071442816"
7,0.012188333667106963,"square(log(3.4606024679244727 + x0)) / 2.2029900694756215"
8,1.1463882035363334e-16,"exp(log(x0) / 1.9999999976372724) + sin(-2.306497227900104e-8)"
