Complexity,Loss,Equation
1,1.1416513307599902e15,"x0"
2,1.1164078569548639e15,"cube(x0)"
3,1.4676163896247638e11,"square(square(x0))"
5,1.710245676422088e7,"square(square(-0.24915080008741164 - x0))"
6,590877.8357122539,"(x0 + 1.0118007023059656) * cube(x0)"
8,2716.465997756211,"cube(x0 + 0.3398686545990755) + square(square(x0))"
11,230.37920480408246,"square(square(x0)) + (cube(x0) + square(x0 + 0.36763914375769896))"
12,1.3493046864385295e-17,"((cube(x0) + square(square(x0))) + (x0 * x0)) + x0"
