Complexity,Loss,Equation
1,0.5014262637621958,"0.0021188603894839856"
3,0.5005513898900217,"0.14052488501287655 / x0"
4,0.4979178198033635,"0.8851413196579985 / exp(x0)"
5,0.0079889879741049,"sin(sin(x0 + x0))"
6,3.0292851771568284e-28,"sin(x0 + exp(log(x0)))"
