Complexity,Loss,Equation
1,4.388403550918423e-12,"x5"
2,1.3761909047040956e-24,"cube(x5)"
5,4.157703664916817e-26,"1.4024449762744562 * (x2 + -1.136209380488458)"
