Complexity,Loss,Equation
1,6.815518309030616e-12,"x5"
2,8.720760678345191e-23,"cube(x5)"
4,8.720535921727185e-23,"cube(x5) * x4"
6,8.720535921584388e-23,"cube(sin(square(x4 / x2)))"
9,8.720535921113292e-23,"cube(0.8245555900042904 - x4) * square(sin(square(x4)))"
