Equation: x4
Residuals:
1226413248.6435733 1243439669.2332957 1255840569.2724242 1263253377.1752024 1267877593.6446893 1269339416.2548616 1270454294.3107085 1270512444.444018 1273509938.2555203 1281781995.8665662 1283106187.9239917 1283952089.9393842 1284001316.397662 1294348876.2147148 1295293406.7943423 1299141195.6140523 1303549645.6439028 1318363438.9954686 1328225387.6230128 1332926374.5832033

Equation: x1 ^ x3
Residuals:
2.7160374526333373e+118 4.684800509989711e+118 7.343690578878377e+118 1.1590813015265904e+119 1.3320079897575447e+119 1.1364976787453682e+120 2.6991606152453894e+120 3.912099921588755e+120 4.443140014032762e+120 1.3549452473160665e+121 2.026829907144369e+121 2.3891860496524587e+121 7.759355981607927e+121 9.234760085524013e+121 1.1475932130202108e+122 1.5528942082851568e+122 1.983881964212531e+122 3.2433916779616478e+122 5.058016595110054e+122 6.136646574507951e+122

Equation: (x0 ^ x3) - x1
Residuals:
2.7180133149226533e+118 4.926469002464396e+118 7.14366793350916e+118 9.885186134411506e+118 1.2057645592561745e+119 1.1918838148359674e+120 2.7551485980078986e+120 3.952757618318499e+120 5.890942033980416e+120 2.083616096522456e+121 2.571288484128932e+121 3.019344691459472e+121 9.966033375493592e+121 1.2985752208621656e+122 1.732702688423779e+122 2.221709231415901e+122 2.653147961737459e+122 4.12590938708586e+122 5.364187613219285e+122 6.263432009599794e+122

Equation: 111.42783359435747 * x2
Residuals:
1226406002.8389258 1243432419.8598828 1255833315.5664058 1263246117.8677506 1267870333.2201705 1269332126.2655911 1270447001.022805 1270505150.4686482 1273502618.5696046 1281774669.6027272 1283098861.371857 1283944740.9832344 1283993965.4019263 1294341519.668937 1295286039.8301105 1299133827.093209 1303542268.9906638 1318356039.1153228 1328217975.211694 1332918950.8868065

Equation: (638.7137327465762 + x4) + sin(x4)
Residuals:
1226412609.8489769 1243439030.4489405 1255839930.5043452 1263252738.5362046 1267876955.0897515 1269338777.7476273 1270453655.8142774 1270511806.0209203 1273509299.8847628 1281781357.7440448 1283105549.8650458 1283951451.8840878 1284000678.4159143 1294348238.2480197 1295292768.871519 1299140557.7028852 1303549007.7845988 1318362801.2113848 1328224749.849758 1332925736.8118777

Equation: x1 - (x3 - (x3 - -900.7114146650036))
Residuals:
1226412348.5593696 1243438769.12874 1255839669.0394368 1263252476.931881 1267876693.4580543 1269338516.0596755 1270453394.0962646 1270511544.2596242 1273509038.064605 1281781095.956492 1283105287.8860075 1283951189.8455017 1284000416.2574978 1294347976.0244942 1295292506.6398973 1299140295.3610687 1303548745.3459818 1318362538.7262452 1328224487.0297074 1332925473.8394017

Equation: cos(x3) - (x3 - (x3 - -900.7114146650036))
Residuals:
1226412414.5835602 1243438835.257785 1255839735.3512833 1263252543.4179015 1267876759.9829817 1269338582.7210293 1270453460.7508085 1270511610.9350953 1273509104.796133 1281781162.5594337 1283105354.6698925 1283951256.6741836 1284000483.052985 1294348042.8725023 1295292573.4837303 1299140362.2847614 1303548812.3851342 1318362605.829926 1328224554.468522 1332925541.4262078

Equation: sin(cos(x4)) - (x3 - (x3 - -900.7114146650036))
Residuals:
1226412414.6643493 1243438835.2647648 1255839735.3207538 1263252543.3519948 1267876759.9007382 1269338582.5545187 1270453460.62011 1270511610.8183112 1273509104.6748052 1281781162.4830382 1283105354.5858042 1283951256.60372 1284000483.1107433 1294348042.937228 1295292573.543118 1299140362.3694701 1303548812.42689 1318362605.8111253 1328224554.4424279 1332925541.403257

Equation: -476.2483170785697 - (x3 - (x3 - -1376.9571277318112))
Residuals:
1226412413.8272564 1243438834.4272497 1255839734.4826863 1263252542.5146422 1267876759.0687945 1269338581.7274916 1270453459.7943928 1270511610.0035436 1273509103.8702378 1281781161.7637613 1283105353.9025273 1283951255.9227588 1284000482.4835281 1294348042.3229446 1295292572.9712713 1299140361.810271 1303548811.9329886 1318362605.4535627 1328224554.1116812 1332925541.0775945

Equation: (sin(cos(x4)) * 0.00026285930944666057) - (x3 - (x3 - -900.708943221304))
Residuals:
1226412413.8273444 1243438834.427338 1255839734.4827745 1263252542.5147305 1267876759.0688813 1269338581.727577 1270453459.794478 1270511610.0036259 1273509103.8703175 1281781161.7638183 1283105353.902575 1283951255.9228058 1284000482.483561 1294348042.3229742 1295292572.9712896 1299140361.810286 1303548811.9329865 1318362605.4535248 1328224554.1116362 1332925541.0775483

Equation: x4
Residuals:
1226413248.6435733 1243439669.2332957 1255840569.2724242 1263253377.1752024 1267877593.6446893 1269339416.2548616 1270454294.3107085 1270512444.444018 1273509938.2555203 1281781995.8665662 1283106187.9239917 1283952089.9393842 1284001316.397662 1294348876.2147148 1295293406.7943423 1299141195.6140523 1303549645.6439028 1318363438.9954686 1328225387.6230128 1332926374.5832033

Equation: x1 ^ x3
Residuals:
2.7160374526333373e+118 4.684800509989711e+118 7.343690578878377e+118 1.1590813015265904e+119 1.3320079897575447e+119 1.1364976787453682e+120 2.6991606152453894e+120 3.912099921588755e+120 4.443140014032762e+120 1.3549452473160665e+121 2.026829907144369e+121 2.3891860496524587e+121 7.759355981607927e+121 9.234760085524013e+121 1.1475932130202108e+122 1.5528942082851568e+122 1.983881964212531e+122 3.2433916779616478e+122 5.058016595110054e+122 6.136646574507951e+122

Equation: (x0 ^ x3) - x1
Residuals:
2.7180133149226533e+118 4.926469002464396e+118 7.14366793350916e+118 9.885186134411506e+118 1.2057645592561745e+119 1.1918838148359674e+120 2.7551485980078986e+120 3.952757618318499e+120 5.890942033980416e+120 2.083616096522456e+121 2.571288484128932e+121 3.019344691459472e+121 9.966033375493592e+121 1.2985752208621656e+122 1.732702688423779e+122 2.221709231415901e+122 2.653147961737459e+122 4.12590938708586e+122 5.364187613219285e+122 6.263432009599794e+122

Equation: 111.42783359435747 * x2
Residuals:
1226406002.8389258 1243432419.8598828 1255833315.5664058 1263246117.8677506 1267870333.2201705 1269332126.2655911 1270447001.022805 1270505150.4686482 1273502618.5696046 1281774669.6027272 1283098861.371857 1283944740.9832344 1283993965.4019263 1294341519.668937 1295286039.8301105 1299133827.093209 1303542268.9906638 1318356039.1153228 1328217975.211694 1332918950.8868065

Equation: (638.7137327465762 + x4) + sin(x4)
Residuals:
1226412609.8489769 1243439030.4489405 1255839930.5043452 1263252738.5362046 1267876955.0897515 1269338777.7476273 1270453655.8142774 1270511806.0209203 1273509299.8847628 1281781357.7440448 1283105549.8650458 1283951451.8840878 1284000678.4159143 1294348238.2480197 1295292768.871519 1299140557.7028852 1303549007.7845988 1318362801.2113848 1328224749.849758 1332925736.8118777

Equation: x1 - (x3 - (x3 - -900.7114146650036))
Residuals:
1226412348.5593696 1243438769.12874 1255839669.0394368 1263252476.931881 1267876693.4580543 1269338516.0596755 1270453394.0962646 1270511544.2596242 1273509038.064605 1281781095.956492 1283105287.8860075 1283951189.8455017 1284000416.2574978 1294347976.0244942 1295292506.6398973 1299140295.3610687 1303548745.3459818 1318362538.7262452 1328224487.0297074 1332925473.8394017

Equation: cos(x3) - (x3 - (x3 - -900.7114146650036))
Residuals:
1226412414.5835602 1243438835.257785 1255839735.3512833 1263252543.4179015 1267876759.9829817 1269338582.7210293 1270453460.7508085 1270511610.9350953 1273509104.796133 1281781162.5594337 1283105354.6698925 1283951256.6741836 1284000483.052985 1294348042.8725023 1295292573.4837303 1299140362.2847614 1303548812.3851342 1318362605.829926 1328224554.468522 1332925541.4262078

Equation: sin(cos(x4)) - (x3 - (x3 - -900.7114146650036))
Residuals:
1226412414.6643493 1243438835.2647648 1255839735.3207538 1263252543.3519948 1267876759.9007382 1269338582.5545187 1270453460.62011 1270511610.8183112 1273509104.6748052 1281781162.4830382 1283105354.5858042 1283951256.60372 1284000483.1107433 1294348042.937228 1295292573.543118 1299140362.3694701 1303548812.42689 1318362605.8111253 1328224554.4424279 1332925541.403257

Equation: -476.2483170785697 - (x3 - (x3 - -1376.9571277318112))
Residuals:
1226412413.8272564 1243438834.4272497 1255839734.4826863 1263252542.5146422 1267876759.0687945 1269338581.7274916 1270453459.7943928 1270511610.0035436 1273509103.8702378 1281781161.7637613 1283105353.9025273 1283951255.9227588 1284000482.4835281 1294348042.3229446 1295292572.9712713 1299140361.810271 1303548811.9329886 1318362605.4535627 1328224554.1116812 1332925541.0775945

Equation: (sin(cos(x4)) * 0.00026285930944666057) - (x3 - (x3 - -900.708943221304))
Residuals:
1226412413.8273444 1243438834.427338 1255839734.4827745 1263252542.5147305 1267876759.0688813 1269338581.727577 1270453459.794478 1270511610.0036259 1273509103.8703175 1281781161.7638183 1283105353.902575 1283951255.9228058 1284000482.483561 1294348042.3229742 1295292572.9712896 1299140361.810286 1303548811.9329865 1318362605.4535248 1328224554.1116362 1332925541.0775483

Equation: x4
Residuals:
1226413248.6435733 1243439669.2332957 1255840569.2724242 1263253377.1752024 1267877593.6446893 1269339416.2548616 1270454294.3107085 1270512444.444018 1273509938.2555203 1281781995.8665662 1283106187.9239917 1283952089.9393842 1284001316.397662 1294348876.2147148 1295293406.7943423 1299141195.6140523 1303549645.6439028 1318363438.9954686 1328225387.6230128 1332926374.5832033

Equation: x1 ^ x3
Residuals:
2.7160374526333373e+118 4.684800509989711e+118 7.343690578878377e+118 1.1590813015265904e+119 1.3320079897575447e+119 1.1364976787453682e+120 2.6991606152453894e+120 3.912099921588755e+120 4.443140014032762e+120 1.3549452473160665e+121 2.026829907144369e+121 2.3891860496524587e+121 7.759355981607927e+121 9.234760085524013e+121 1.1475932130202108e+122 1.5528942082851568e+122 1.983881964212531e+122 3.2433916779616478e+122 5.058016595110054e+122 6.136646574507951e+122

Equation: (x0 ^ x3) - x1
Residuals:
2.7180133149226533e+118 4.926469002464396e+118 7.14366793350916e+118 9.885186134411506e+118 1.2057645592561745e+119 1.1918838148359674e+120 2.7551485980078986e+120 3.952757618318499e+120 5.890942033980416e+120 2.083616096522456e+121 2.571288484128932e+121 3.019344691459472e+121 9.966033375493592e+121 1.2985752208621656e+122 1.732702688423779e+122 2.221709231415901e+122 2.653147961737459e+122 4.12590938708586e+122 5.364187613219285e+122 6.263432009599794e+122

Equation: 111.42783359435747 * x2
Residuals:
1226406002.8389258 1243432419.8598828 1255833315.5664058 1263246117.8677506 1267870333.2201705 1269332126.2655911 1270447001.022805 1270505150.4686482 1273502618.5696046 1281774669.6027272 1283098861.371857 1283944740.9832344 1283993965.4019263 1294341519.668937 1295286039.8301105 1299133827.093209 1303542268.9906638 1318356039.1153228 1328217975.211694 1332918950.8868065

Equation: (638.7137327465762 + x4) + sin(x4)
Residuals:
1226412609.8489769 1243439030.4489405 1255839930.5043452 1263252738.5362046 1267876955.0897515 1269338777.7476273 1270453655.8142774 1270511806.0209203 1273509299.8847628 1281781357.7440448 1283105549.8650458 1283951451.8840878 1284000678.4159143 1294348238.2480197 1295292768.871519 1299140557.7028852 1303549007.7845988 1318362801.2113848 1328224749.849758 1332925736.8118777

Equation: x1 - (x3 - (x3 - -900.7114146650036))
Residuals:
1226412348.5593696 1243438769.12874 1255839669.0394368 1263252476.931881 1267876693.4580543 1269338516.0596755 1270453394.0962646 1270511544.2596242 1273509038.064605 1281781095.956492 1283105287.8860075 1283951189.8455017 1284000416.2574978 1294347976.0244942 1295292506.6398973 1299140295.3610687 1303548745.3459818 1318362538.7262452 1328224487.0297074 1332925473.8394017

Equation: cos(x3) - (x3 - (x3 - -900.7114146650036))
Residuals:
1226412414.5835602 1243438835.257785 1255839735.3512833 1263252543.4179015 1267876759.9829817 1269338582.7210293 1270453460.7508085 1270511610.9350953 1273509104.796133 1281781162.5594337 1283105354.6698925 1283951256.6741836 1284000483.052985 1294348042.8725023 1295292573.4837303 1299140362.2847614 1303548812.3851342 1318362605.829926 1328224554.468522 1332925541.4262078

Equation: sin(cos(x4)) - (x3 - (x3 - -900.7114146650036))
Residuals:
1226412414.6643493 1243438835.2647648 1255839735.3207538 1263252543.3519948 1267876759.9007382 1269338582.5545187 1270453460.62011 1270511610.8183112 1273509104.6748052 1281781162.4830382 1283105354.5858042 1283951256.60372 1284000483.1107433 1294348042.937228 1295292573.543118 1299140362.3694701 1303548812.42689 1318362605.8111253 1328224554.4424279 1332925541.403257

Equation: -476.2483170785697 - (x3 - (x3 - -1376.9571277318112))
Residuals:
1226412413.8272564 1243438834.4272497 1255839734.4826863 1263252542.5146422 1267876759.0687945 1269338581.7274916 1270453459.7943928 1270511610.0035436 1273509103.8702378 1281781161.7637613 1283105353.9025273 1283951255.9227588 1284000482.4835281 1294348042.3229446 1295292572.9712713 1299140361.810271 1303548811.9329886 1318362605.4535627 1328224554.1116812 1332925541.0775945

Equation: (sin(cos(x4)) * 0.00026285930944666057) - (x3 - (x3 - -900.708943221304))
Residuals:
1226412413.8273444 1243438834.427338 1255839734.4827745 1263252542.5147305 1267876759.0688813 1269338581.727577 1270453459.794478 1270511610.0036259 1273509103.8703175 1281781161.7638183 1283105353.902575 1283951255.9228058 1284000482.483561 1294348042.3229742 1295292572.9712896 1299140361.810286 1303548811.9329865 1318362605.4535248 1328224554.1116362 1332925541.0775483

Equation: cos(x0)
Residuals:
134167.5614465041 151661.13960469232 152147.68519985623 156687.46577572776 169036.77973099233 174199.03741000735 175303.68605293927 176536.00535469723 179771.2392675965 180456.48520380366 181261.5045451708 182816.30188411832 184328.73572462008 187469.30611747233 189370.40410125448 197273.98261471099 200952.9463157781 206116.9881138754 219788.2260246714 242897.6739981541

Equation: x1 ^ x3
Residuals:
33145307337.450817 43909535116.99492 113550240908.14156 155757328195.5054 256208184690.18723 291183431408.096 561349023558.1882 654176606368.4884 742084736895.7888 1596156908894.52 2047194013538.4373 2264794691748.039 2791811951974.311 3494012658517.6626 3883036718025.6978 4039062026864.407 5204513072664.003 7519799923690.881 7960454927758.8 15273075638705.488

Equation: (x3 ^ x2) - cos(x2)
Residuals:
35815832768.504295 41484861780.19958 63741154902.590675 77521017633.27365 93183520754.21335 137064416360.8073 182148900544.45096 229618050856.05957 294825149071.09796 536126471844.5368 750056937233.6909 1448060631918.8284 1745109025090.0925 2136568570474.649 2276140717334.43 3185890626989.8257 3547212599798.8477 4583419264716.301 6714657553719.746 16445672092317.291

Equation: (x1 ^ x4) + (x3 ^ x1)
Residuals:
81883746974.39716 119794068527.73267 188685776709.89423 333493853700.7622 463580998751.6381 582587292060.4689 898647182409.9928 994054170420.1799 1192447263561.1682 2212016706727.539 2599146865029.804 2747248184324.092 4312719197663.341 5331228309412.154 5961271188640.297 6427582780423.426 8551225915711.862 15051104986803.18 17675462320437.004 22238549553930.414

Equation: (x4 * x3) * (x2 * (x0 + x1))
Residuals:
111334.05282126201 128279.54626976883 127492.5855610447 130697.18626833013 142220.37614590075 146512.42737676008 146055.9532722157 146795.04642694944 149220.46174593107 148129.8434004847 147870.90602458315 148157.21096562882 148877.4411671233 150715.79551625007 152300.53194484516 159572.32729719934 162600.52625626905 166071.1688154271 178857.1095249837 199869.4357790568

Equation: ((x3 + x3) * x4) * (x2 * (x0 + x1))
Residuals:
88501.23347960351 104898.59600279952 102838.03038866183 104707.37768989871 115404.28348035697 118826.01643616095 116808.28753836805 117054.11253881338 118669.64213324036 115803.15451445957 114480.04491891591 113497.66434237997 113425.67321127163 113961.57948868889 115229.91701692567 121869.914738391 124247.3196182036 126024.55665419821 137925.17083540192 156840.34867822204

Equation: x4 + (cos(cos(x3)) / (0.2500909918501632 * 0.004296393257002176))
Residuals:
133425.090962653 150897.5415097214 151249.32490306091 155771.54501081855 168097.65406494727 173258.80059345163 174381.29424468343 175624.52307458498 178870.5076936721 179636.7376759307 180478.07892251606 182049.83688151176 183563.00700396008 186739.64844688697 188650.84021572702 196557.9239291673 200261.46729446005 205468.26899772036 219140.01053513103 242334.4450740026

Equation: (2.551611501820042 / sin(cos(935.8238714195134))) * 294.32436319161224
Residuals:
133231.45235942985 150725.0767332475 151211.7209299369 155751.5750432709 168101.0490079539 173263.41851386856 174368.19920257272 175600.56051159487 178835.86155513112 179521.1124830192 180326.34732675971 181881.33778538703 183393.7893194843 186534.59174032058 188435.72706927397 196339.32005251703 200018.31309084385 205182.36117316538 218853.6284110748 241963.10307640093

Equation: x0
Residuals:
7186913578.796561 7303832520.695373 7324471233.549876 7334830072.697163 7342173335.371486 7354392112.30962 7366195491.276418 7379347769.86554 7379820935.385967 7391986952.973532 7410743725.404736 7415140931.940357 7434145482.997415 7448067850.644337 7455817650.79887 7460963147.914555 7494838044.986089 7512002027.736717 7573269627.297788 7573790864.159677

Equation: x3 ^ x0
Residuals:
1.0896631107958846e+184 1.582536221226806e+184 1.8510954927553792e+184 3.3526801733089284e+184 8.428726116605238e+184 1.390395209797461e+185 1.6195685621690172e+185 2.0209699684461493e+185 2.76975159645766e+185 7.071810329698751e+185 7.366886522242848e+185 2.075136786554525e+186 2.658415794723688e+186 4.9824299654026665e+186 8.155507480077172e+186 1.637901792164148e+187 2.073932428147473e+187 2.2355434307754487e+187 2.607993401562522e+187 7.395014690740507e+187

Equation: (x3 - cos(x0)) ^ x0
Residuals:
5.447744840126183e+183 7.774804428015658e+183 8.945399007950529e+183 1.4952800142427934e+184 3.3818023676584328e+184 5.35489370138301e+184 6.2433014295843416e+184 7.7081005877373e+184 1.0498201443751678e+185 2.5879805431360005e+185 2.6966837081867268e+185 7.649864484957339e+185 9.841471965083109e+185 1.8960382852686565e+186 3.2133711063338134e+186 6.757481265300894e+186 8.776482614115226e+186 9.515559049622788e+186 1.119937946660521e+187 3.575157345539727e+187

Equation: x3 / cos(1.5625249310732279)
Residuals:
7186902398.786759 7303821310.206612 7324460017.168883 7334818851.972267 7342162114.090297 7354380888.812747 7366184250.282478 7379336521.560243 7379809664.6054735 7391975680.354206 7410732448.63418 7415129638.373417 7434134169.409663 7448056532.405808 7455806331.793129 7460951801.676156 7494826698.571679 7511990678.160613 7573258267.473758 7573779483.263864

Equation: (x0 / x2) / 0.001034759170801291
Residuals:
7186912703.711429 7303831645.423236 7324470360.17981 7334829198.933762 7342172460.016026 7354391237.750407 7366194616.923779 7379346895.315046 7379820060.722334 7391986076.895049 7410742850.550834 7415140059.441018 7434144610.692436 7448066978.084706 7455816779.21075 7460962275.804192 7494837173.342198 7512001156.047785 7573268757.339425 7573789993.877717

Equation: (x4 + x3) / cos(1.5625249310732279)
Residuals:
7186891136.10147 7303810041.175248 7324448690.315747 7334807516.651595 7342150769.181177 7354369508.498151 7366172865.659174 7379325128.63676 7379798264.5581665 7391964271.015547 7410721033.411554 7415118220.787775 7434122742.03191 7448045101.266544 7455794893.971772 7460940347.859064 7494815242.426606 7511979216.497278 7573246788.268895 7573767994.964098

Equation: ((x0 / x0) / 0.001034759170801291) + x0
Residuals:
7186912612.388117 7303831554.286929 7324470267.141433 7334829106.288719 7342172368.963041 7354391145.901176 7366194524.867974 7379346803.457095 7379819968.977523 7391985986.565087 7410742758.996291 7415139965.531914 7434144516.588971 7448066884.235892 7455816684.390426 7460962181.506111 7494837078.577644 7512001061.328274 7573268660.889344 7573789897.751232

Equation: ((x0 / x0) / 0.001034759170801291) + (x3 + x0)
Residuals:
7186912519.142037 7303831460.788528 7324470173.594099 7334829012.70444 7342172275.372493 7354391052.291424 7366194431.113484 7379346709.641839 7379819874.976133 7391985892.546813 7410742664.943668 7415139871.338735 7434144422.230044 7448066789.837427 7455816589.984732 7460962086.874311 7494836983.943964 7512000966.668352 7573268566.144533 7573789802.830557

Equation: ((x0 / x0) / 0.0010252010692465383) + sin(0.397827987053105 * x3)
Residuals:
7186912697.382905 7303831639.222925 7324470352.0840435 7334829191.341 7342172454.21482 7354391231.252146 7366194610.168251 7379346888.770359 7379820054.24937 7391986072.033109 7410742844.452641 7415140051.131048 7434144602.141391 7448066969.902207 7455816770.160662 7460962267.290346 7494837164.412593 7512001147.163509 7573268746.706006 7573789983.688259

Equation: ((1.5774375952232946 / 45.75304187759015) / (64.28452896554639 + 63.72181294558856)) + 976.4106149439524
Residuals:
7186912695.823144 7303831637.748546 7324470350.626812 7334829189.8968315 7342172452.772879 7354391229.817042 7366194608.785485 7379346887.409963 7379820052.958774 7391986070.748931 7410742843.18156 7415140049.914079 7434144600.989118 7448066968.765481 7455816769.026782 7460962266.245965 7494837163.368959 7512001146.130303 7573268745.70656 7573789982.758736

Equation: x4
Residuals:
4955032.516711004 5069837.334846245 5077810.481347366 5127935.972755406 5195767.568528244 5211058.3778723385 5216685.552827536 5275472.67925763 5307467.931301284 5368167.969768171 5407522.259954108 5412712.373786172 5420144.924717963 5576091.240430851 5582824.935497838 5685808.091376856 5762873.329551862 5812703.544515524 5829993.6247729575 6044361.585801245

Equation: x3 ^ x4
Residuals:
1.9636514842691506e+28 2.431925673941697e+28 2.478069564280336e+28 3.1967004390034787e+28 6.103580768059176e+28 6.36705303952219e+28 1.422045949932449e+29 2.7575433053843093e+29 3.9661973402456126e+29 4.9603030343165795e+29 6.901716392866864e+29 7.22910734586159e+29 7.720045770477125e+29 9.53290865163076e+29 2.545335969404375e+30 2.848039311318125e+30 6.323400843766663e+30 6.608783492090299e+30 2.337887210820282e+31 3.6396835417710113e+31

Equation: x4 + (x3 ^ x4)
Residuals:
1.9636514842691506e+28 2.431925673941697e+28 2.478069564280336e+28 3.1967004390034787e+28 6.103580768059176e+28 6.36705303952219e+28 1.422045949932449e+29 2.7575433053843093e+29 3.9661973402456126e+29 4.9603030343165795e+29 6.901716392866864e+29 7.22910734586159e+29 7.720045770477125e+29 9.53290865163076e+29 2.545335969404375e+30 2.848039311318125e+30 6.323400843766663e+30 6.608783492090299e+30 2.337887210820282e+31 3.6396835417710113e+31

Equation: 1011.385564680283 + x2
Residuals:
4954021.175842113 5068825.97216054 5076798.957572737 5126924.414613644 5194756.139429835 5210046.819422467 5215674.001645379 5274461.244470446 5306456.430022017 5367156.447720726 5406510.726052788 5411700.8142985515 5419133.310269282 5575079.646105763 5581813.202027567 5684796.266951019 5761861.699555794 5811691.8655140335 5828982.222039695 6043350.287010904

Equation: 1014.7518158324722 - sin(x2)
Residuals:
4954039.743974597 5068844.553296141 5076817.563890187 5126943.025879095 5194774.751204378 5210065.439981998 5215692.626296341 5274479.869365951 5306475.055052645 5367175.073064289 5406529.351957899 5411719.44094041 5419151.939199022 5575098.275730675 5581831.896667062 5684814.998429587 5761880.4450868955 5811710.635101329 5829001.009420698 6043369.08875024

Equation: 1015.3963271803163 + (x2 - x2)
Residuals:
4954038.452073292 5068843.307744482 5076816.45480106 5126941.959545209 5194773.689885314 5210064.503019681 5215691.868078166 5274479.2022798555 5306474.503223248 5367174.566999831 5406528.8887163 5411719.013603028 5419151.580284709 5575097.931938919 5581831.937526759 5684815.119892422 5761880.590297511 5811710.814922865 5829001.210961498 6043369.305868227

Equation: (-0.18220920639509686 / x2) + 1015.4427086906264
Residuals:
4954038.414251431 5068843.269898821 5076816.416891248 5126941.921616648 5194773.651954588 5210064.465037091 5215691.830025382 5274479.16419243 5306474.465092485 5367174.528851889 5406528.850552248 5411718.9754254185 5419151.542081064 5575097.8937294725 5581831.89915576 5684815.081480277 5761880.5518722115 5811710.776477235 5829001.1725022355 6043369.267398667

Equation: 1015.3836131600473 + (-0.019726604214938423 * sin(x2))
Residuals:
4954038.477558117 5068843.332314986 5076816.476679622 5126941.980580355 5194773.7108215345 5210064.521502766 5215691.883035235 5274479.215439199 5306474.514108967 5367174.576982764 5406528.897854484 5411719.022032943 5419151.587364869 5575097.938720763 5581831.936720735 5684815.117496372 5761880.587432998 5811710.811375596 5829001.206985782 6043369.301585226

Equation: (cos(cos(x2)) * 0.040398178326124794) + 1015.3647394915076
Residuals:
4954038.454439079 5068843.311163855 5076816.460821653 5126941.966232884 5194773.69664674 5210064.511315276 5215691.877618613 5274479.212031652 5306474.5128375925 5367174.576433942 5406528.897916618 5411719.022558446 5419151.5886486545 5575097.94014983 5581831.938962154 5684815.119146309 5761880.5888533 5811710.8124146415 5829001.207756833 6043369.3021501815

Equation: ((sin(x2) * x3) * -0.0053784376862041515) + 1015.3829721813094
Residuals:
4954038.539246192 5068843.389951436 5076816.521418195 5126942.021746659 5194773.752033136 5210064.5506586 5215691.894897302 5274479.218310376 5306474.505487099 5367174.563677348 5406528.880003821 5411719.000505395 5419151.558826741 5575097.908473306 5581831.866920128 5684815.039287629 5761880.506473779 5811710.726777887 5829001.11888928 6043369.211753173

Equation: (sin(-0.005599590726110805) * (sin(x2) * x4)) + 1015.3819499112145
Residuals:
4954038.543780065 5068843.394041207 5076816.524770357 5126942.024429854 5194773.754483575 5210064.552640456 5215691.896279378 5274479.219427921 5306474.506199473 5367174.5643267725 5406528.880737418 5411719.0011826055 5419151.559396189 5575097.909122529 5581831.865944125 5684815.03808686 5761880.504483013 5811710.724672694 5829001.116458616 6043369.208714756

Equation: x4
Residuals:
135514068.5791759 137817158.77731583 138351115.99903396 138751956.41457066 140692267.96880484 141271401.0004901 142241786.06416228 142411508.2959659 143231496.7553201 143378361.14929637 144085323.70081273 144216858.8995985 144456707.77260852 146775724.187261 147340902.5532147 147619878.1598664 148184388.64163354 148476331.54940355 149162383.62272406 149585476.66196823

Equation: x0 ^ x4
Residuals:
9.707605629688604e+67 1.485814396067231e+68 3.723230148903087e+68 5.361018925451536e+68 1.1733707323740819e+69 1.9550585463948224e+69 3.1039703262331716e+69 3.527361980806956e+69 4.6972605292765905e+69 7.586344905194637e+69 8.088468073789852e+69 1.8395802638635262e+70 3.9062556097257014e+70 6.193476157743758e+70 1.1978175942659803e+71 1.6315677824704652e+71 1.7627890533591391e+71 1.8348334445698053e+71 2.1496088947415687e+71 2.809446615310504e+71

Equation: (x0 ^ x4) + x1
Residuals:
9.707605629688604e+67 1.485814396067231e+68 3.723230148903087e+68 5.361018925451536e+68 1.1733707323740819e+69 1.9550585463948224e+69 3.1039703262331716e+69 3.527361980806956e+69 4.6972605292765905e+69 7.586344905194637e+69 8.088468073789852e+69 1.8395802638635262e+70 3.9062556097257014e+70 6.193476157743758e+70 1.1978175942659803e+71 1.6315677824704652e+71 1.7627890533591391e+71 1.8348334445698053e+71 2.1496088947415687e+71 2.809446615310504e+71

Equation: (x0 ^ x4) + (x2 ^ x3)
Residuals:
1.9154006378137569e+68 2.749414033473772e+68 5.326633034638412e+68 8.03798282115574e+68 1.551788207667069e+69 2.9443007026003854e+69 4.7085409643966206e+69 5.300148334898161e+69 7.363793213015634e+69 1.1199180427671502e+70 1.7987804583114637e+70 3.1224340688207665e+70 5.30995949717513e+70 9.011451577967264e+70 1.6370736703331104e+71 2.2770038004041356e+71 2.5910412082787004e+71 3.425272529518899e+71 6.190536340428666e+71 1.2234778886647003e+72

Equation: ((x0 + x0) * (x2 * x4)) * x0
Residuals:
129323707.28750071 131597842.2001515 132034449.65400442 132415273.20154971 134260572.6119098 134800362.85111284 135713384.66341442 135840091.955141 136567912.7748081 136680520.56205454 137378863.1022691 137427709.93821776 137586058.28738612 139778782.2923616 140270412.52143043 140497568.99865824 141020476.88133213 141308441.48027644 141976623.33551586 142301806.91860923

Equation: (2.914048752221087 ^ x2) * (x4 + x4)
Residuals:
2.316297322223966e+21 2.3301819238004498e+21 2.5066838289853375e+21 2.5529453252261194e+21 2.652168621772487e+21 2.8488663365431014e+21 3.135881377726336e+21 3.3157623257148854e+21 4.940816763508386e+21 5.363132062214195e+21 5.464900956388157e+21 5.492403141249137e+21 5.545181316460618e+21 8.448427684460489e+21 1.0048623519613246e+22 1.1908360038314358e+22 1.397354221606622e+22 1.4120374940114839e+22 1.4964615532828485e+22 1.988732131430748e+22

Equation: (0.9039958511124823 / 0.004731836985588877) * x2
Residuals:
135506114.13897407 137809203.8046981 138343148.9940763 138743986.63544834 140684292.15763068 141263413.072102 142233781.49888325 142403493.79017308 143223411.28793252 143370261.6783654 144077220.94392645 144208756.13143477 144448604.08262736 146767545.70426103 147332693.89050525 147611639.52445915 148176121.47971797 148468062.5714496 149154104.4762867 149577146.88000995

Equation: ((x3 + x3) + x3) - (-886.0367656240246 - x0)
Residuals:
135513056.6537499 137816146.6771477 138350103.75283036 138750943.85082698 140691255.07814077 141270387.48411164 142240772.23422712 142410494.3210145 143230482.7241017 143377347.04928803 144084308.81079027 144215843.7978773 144455692.57836038 146774708.67683226 147339886.90407985 147618862.35486194 148183372.7164555 148475315.12072858 149161366.52775568 149584458.99078688

Equation: (x3 + (x4 * (x0 * x2))) - (-886.0367656240246 - x0)
Residuals:
135439483.94574076 137742309.51296788 138275462.730577 138676087.90425524 140615677.2188222 141194407.309538 142164288.26477894 142333707.1579857 143152768.579437 143299251.44031012 144006134.90432328 144137030.6677555 144376261.1939229 146694106.3383024 147258565.0253347 147537028.13820133 148101150.85507601 148393052.22726262 149078912.98320282 149501162.00858843

Equation: (x1 + x1) * (-30.63680942222831 / (x1 / -15.643003257074461))
Residuals:
135513151.9532119 137816242.25307998 138350199.66729894 138751040.17695424 140691351.8804281 141270485.03932202 142240870.2009958 142410592.43715715 143230580.95071426 143377445.46960214 144084408.03500128 144215943.4053265 144455792.43116722 146774808.92694214 147339987.44972333 147618963.12648714 148183473.61605173 148475416.5338311 149161468.64713064 149584561.7184949

Equation: sin(x2) + ((x2 + x3) - ((-958.6701664655285 - x4) - sin(x3)))
Residuals:
135513027.86726847 137816118.0208881 138350075.1818474 138750915.49632668 140691226.96508288 141270359.7270496 142240744.61175692 142410466.79003558 143230454.88573146 143377319.11729997 144084281.28030986 144215816.3719472 144455665.20258588 146774680.93322375 147339858.91071877 147618834.13652351 148183344.29535955 148475286.87562674 149161338.40149677 149584430.61787072

Equation: (cos(1663.4733090438108) + x2) * ((344.6296795507587 - -624.7625745289657) / x2)
Residuals:
135513141.06440088 137816231.36426896 138350188.7784879 138751029.2881432 140691340.99161702 141270474.1505109 142240859.31218463 142410581.54834595 143230570.06190285 143377434.5807907 144084397.1461898 144215932.51651502 144455781.54235575 146774798.03813046 147339976.56091157 147618952.23767528 148183462.72723982 148475405.64501917 149161457.7583187 149584550.8296828

Equation: x1
Residuals:
328674.3099917078 329420.35574308294 331646.77170576993 337476.8083426372 346952.6185206319 351189.657824791 374315.0699446354 375815.9109272372 381608.595045124 386590.4621026822 390568.9035836925 394523.0495375004 397403.9125603874 401462.8942975734 407199.7082212496 408639.21894197044 423216.97550546256 423298.1414392799 426426.0558026537 430252.0690247358

Equation: x1 ^ x4
Residuals:
16419207592081.377 21751556141757.887 45104399222880.234 68469314750928.52 83052823546778.69 153902948119994.12 207490923626955.78 398715931245944.94 481863012282550.8 581646316266355.6 689732724743210.5 869065728877080.5 1048542153799842.6 1578066525843907.5 2213060569006875.5 2598947365590356.5 3748136338521287.5 5088933234072608.0 1.0879179341716924e+16 1.1300036497732776e+16

Equation: (x1 ^ x4) + x2
Residuals:
16419207592093.49 21751556141770.094 45104399222892.484 68469314750940.95 83052823546791.25 153902948120006.78 207490923626968.53 398715931245957.75 481863012282563.7 581646316266368.6 689732724743223.5 869065728877094.0 1048542153799856.1 1578066525843921.0 2213060569006889.2 2598947365590370.5 3748136338521301.5 5088933234072622.0 1.0879179341716938e+16 1.130003649773279e+16

Equation: x3 - -950.6193474366139
Residuals:
327723.84353884426 328469.83448087453 330696.1732801228 336526.4461579888 346001.9621250029 350239.08677453396 373364.5334660524 374865.1629059751 380657.795031818 385639.6865321138 389618.2505248475 393572.4789671576 396453.42360258463 400512.4618342256 406249.32897745137 407688.846179357 422266.5074161467 422347.74363852723 425475.5639795118 429301.5892666606

Equation: cos(x3) - -955.1331653160811
Residuals:
327730.53153257706 328476.56606217247 330702.96358930477 336533.2801653095 346009.0718725201 350246.2456351076 373371.75186399446 374872.7143537842 380665.50791299273 385647.423004018 389626.00420891895 393580.23421228706 396461.2778170724 400520.33726384724 406257.3147225891 407696.8654228229 422274.8090710334 422356.24216596596 425484.78133337 429310.8245578268

Equation: 953.4791911866215 + (x4 / x4)
Residuals:
327732.0745748177 328478.1411543976 330704.56993650744 336534.90317235555 346010.7242987607 350247.89449366694 373373.3940021278 374874.2837281362 380667.0269931975 385648.9341337531 389627.5094510266 393581.7389168694 396462.74730659253 400521.7989301157 406258.7343086366 407698.2717999525 422276.0974722348 422357.4427050056 425485.6376022005 429311.671947555

Equation: (cos(x3) / (x3 ^ x3)) - -954.4883315697028
Residuals:
327732.0654344346 328478.1320140145 330704.56079612434 336534.89403197245 346010.7151583776 350247.88535328384 373373.3848617447 374874.2745877531 380667.0178528144 385648.92499337 389627.5003106435 393581.7297764863 396462.7381662094 400521.7897897326 406258.72516825347 407698.2626595694 422276.0883318517 422357.4335646225 425485.6284618174 429311.6628071719

Equation: (cos(-1.911896094724681) / x3) - -954.5675224651039
Residuals:
327732.01391098025 328478.0803185555 330704.5088988036 336534.8420009013 346010.6624706701 350247.8325702859 373373.3319690972 374874.2211677776 380666.9642140639 385648.8713241298 389627.4466193722 393581.67608322564 396462.6843496448 400521.73594741884 406258.671195548 407698.208648351 422276.0340127922 422357.3790455994 425485.57327957073 429311.60760932724

Equation: (sin(cos(x3)) / (2.7379187553447992 ^ x3)) - -954.495625903146
Residuals:
327732.05813610787 328478.12471588637 330704.5534982444 336534.8867342626 346010.7078615121 350247.8780565374 373373.3775651333 374874.26729175565 380667.01055705256 385648.9176976401 389627.49301493645 393581.7224807813 396462.73087063024 400521.7824941792 406258.71787282795 407698.2553641807 422276.0810367428 422357.42626967974 425485.62116732245 429311.6555126853

Equation: (cos(x3 / 0.36481695513850176) / ((x3 * x2) * x3)) - -954.4869688317054
Residuals:
327732.0668846856 328478.1335732167 330704.56246998557 336534.895765808 346010.71702023514 350247.8872021888 373373.38668604905 374874.2761915386 380667.01932454924 385648.9264449833 389627.501748116 393581.7312101901 396462.7395250652 400521.79113314615 406258.7264352344 407698.26390579983 422276.08942602715 422357.43459182704 425485.6294999116 429311.6638518589

Equation: (cos(x3 / 0.3554173094611882) / (x3 / 0.06432357292446114)) - -954.4819732523702
Residuals:
327732.0763593401 328478.14338101196 330704.57238869637 336534.90558808134 346010.72445730254 350247.8940876188 373373.3928984609 374874.27904375497 380667.02102077805 385648.928004046 389627.50321169203 393581.7326678071 396462.7405141435 400521.79204000416 406258.7270167923 407698.26442081813 422276.08995683055 422357.4356515344 425485.63451202476 429311.6689749842

Equation: (cos(x3 / 0.3551978202842328) / (x4 + (x3 / 0.06930980651914985))) - -954.4818204593608
Residuals:
327732.0766025676 328478.14360490197 330704.57258083124 336534.9057613171 346010.72453942726 350247.8941563821 373373.3929557426 374874.2790802524 380667.0210662523 385648.92805246485 389627.50326190965 393581.73271917313 396462.7405765899 400521.7921077543 406258.72710166645 407698.2645119142 422276.0900973062 422357.43582639034 425485.6347750068 429311.66923896887

Equation: x0
Residuals:
18150251.315059397 18516451.7470159 18752386.90451438 18855456.687822647 18876340.2540346 18892071.243082643 19216885.19911156 19317089.15756528 19605202.7220319 20057366.57816898 20063805.64050153 20089788.55995218 20090317.27889993 20236786.343166344 20286661.06929436 20373582.033152223 20423081.004091356 20730308.600655444 20882505.669951335 21271476.633087344

Equation: x3 ^ x4
Residuals:
1.6721771454640489e+40 2.1778846497656837e+40 3.215704697810399e+40 3.644505956033646e+40 5.460029883990469e+40 6.66986587805928e+40 2.28742976208236e+41 2.634704789655134e+41 6.467634766600669e+41 7.673019690767592e+41 1.2541106973646584e+42 2.158275232023228e+42 6.32288981961938e+42 1.0591059549788744e+43 1.366526209800073e+43 1.7902190285392134e+43 2.1170558616428363e+43 3.163765051225342e+43 4.673648078875258e+43 5.456588067273691e+43

Equation: x0 + (x3 ^ x4)
Residuals:
1.6721771454640489e+40 2.1778846497656837e+40 3.215704697810399e+40 3.644505956033646e+40 5.460029883990469e+40 6.66986587805928e+40 2.28742976208236e+41 2.634704789655134e+41 6.467634766600669e+41 7.673019690767592e+41 1.2541106973646584e+42 2.158275232023228e+42 6.32288981961938e+42 1.0591059549788744e+43 1.366526209800073e+43 1.7902190285392134e+43 2.1170558616428363e+43 3.163765051225342e+43 4.673648078875258e+43 5.456588067273691e+43

Equation: x1 + 926.0394961866476
Residuals:
18149325.337922014 18515525.57708786 18751460.679372113 18854530.368859835 18875414.040770333 18891145.096695572 19215959.0314952 19316162.994561985 19604276.540437013 20056440.062243853 20062879.26202919 20088862.36470677 20089391.079586234 20235860.168553103 20285734.81385382 20372655.75677438 20422155.114403754 20729382.772164032 20881579.785103817 21270550.705612358

Equation: 930.683052390201 + sin(x0)
Residuals:
18149348.113648843 18515548.549599238 18751483.805325907 18854553.746135227 18875437.527483746 18891168.93468767 19215982.895137694 19316187.044676103 19604300.61697452 20056464.7061213 20062904.18482312 20088887.51348349 20089416.23769316 20235885.372742753 20285760.146362092 20372681.143020853 20422180.793523114 20729408.55967144 20881605.64379174 21270576.685956396

Equation: 930.0531342273538 - (x0 - x0)
Residuals:
18149349.134554643 18515549.56859043 18751484.776965763 18854554.64093802 18875438.315981936 18891169.51445459 19215983.47269551 19316187.526950467 19604301.095355142 20056465.06933777 20062904.34767321 20088887.491388455 20089416.213330645 20235885.31821265 20285760.07195965 20372681.055077538 20422180.47465682 20729408.206808712 20881605.2886827 21270576.32125942

Equation: 930.0528482690924 - (sin(930.0528482690924) ^ x2)
Residuals:
18149349.134840604 18515549.56887639 18751484.777251724 18854554.641223982 18875438.316267896 18891169.51474055 19215983.47298147 19316187.527236428 19604301.095641103 20056465.06962373 20062904.347959172 20088887.491674416 20089416.213616606 20235885.31849861 20285760.07224561 20372681.0553635 20422180.47494278 20729408.207094673 20881605.28896866 21270576.32154538

Equation: (x4 - x4) + (930.0296838574359 + (0.006035315666368473 * x2))
Residuals:
18149348.989941087 18515549.423920173 18751484.630974088 18854554.493644167 18875438.168286253 18891169.3665899 19215983.32477796 19316187.378330685 19604300.946367636 20056464.919837195 20062904.197504196 20088887.341212105 20089416.06270313 20235885.16673254 20285759.918428417 20372680.901526373 20422180.320291273 20729408.052240074 20881605.13345781 21270576.165214323

Equation: 930.0910353585584 - (sin(-66.4398535753118) / (x1 + (x2 + x2)))
Residuals:
18149349.102038667 18515549.53606071 18751484.744401366 18854554.608335517 18875438.28337094 18891169.48183126 19215983.44006965 19316187.494304635 19604301.062700458 20056465.036645275 20062904.314962678 20088887.458675317 20089416.180608153 20235885.28547242 20285760.039173152 20372681.022288322 20422180.441848394 20729408.173992127 20881605.2558497 21270576.288404588

Equation: x4
Residuals:
1226413248.6435733 1243439669.2332957 1255840569.2724242 1263253377.1752024 1267877593.6446893 1269339416.2548616 1270454294.3107085 1270512444.444018 1273509938.2555203 1281781995.8665662 1283106187.9239917 1283952089.9393842 1284001316.397662 1294348876.2147148 1295293406.7943423 1299141195.6140523 1303549645.6439028 1318363438.9954686 1328225387.6230128 1332926374.5832033

Equation: x1 ^ x3
Residuals:
2.7160374526333373e+118 4.684800509989711e+118 7.343690578878377e+118 1.1590813015265904e+119 1.3320079897575447e+119 1.1364976787453682e+120 2.6991606152453894e+120 3.912099921588755e+120 4.443140014032762e+120 1.3549452473160665e+121 2.026829907144369e+121 2.3891860496524587e+121 7.759355981607927e+121 9.234760085524013e+121 1.1475932130202108e+122 1.5528942082851568e+122 1.983881964212531e+122 3.2433916779616478e+122 5.058016595110054e+122 6.136646574507951e+122

Equation: (x0 ^ x3) - x1
Residuals:
2.7180133149226533e+118 4.926469002464396e+118 7.14366793350916e+118 9.885186134411506e+118 1.2057645592561745e+119 1.1918838148359674e+120 2.7551485980078986e+120 3.952757618318499e+120 5.890942033980416e+120 2.083616096522456e+121 2.571288484128932e+121 3.019344691459472e+121 9.966033375493592e+121 1.2985752208621656e+122 1.732702688423779e+122 2.221709231415901e+122 2.653147961737459e+122 4.12590938708586e+122 5.364187613219285e+122 6.263432009599794e+122

Equation: 111.42783359435747 * x2
Residuals:
1226406002.8389258 1243432419.8598828 1255833315.5664058 1263246117.8677506 1267870333.2201705 1269332126.2655911 1270447001.022805 1270505150.4686482 1273502618.5696046 1281774669.6027272 1283098861.371857 1283944740.9832344 1283993965.4019263 1294341519.668937 1295286039.8301105 1299133827.093209 1303542268.9906638 1318356039.1153228 1328217975.211694 1332918950.8868065

Equation: (638.7137327465762 + x4) + sin(x4)
Residuals:
1226412609.8489769 1243439030.4489405 1255839930.5043452 1263252738.5362046 1267876955.0897515 1269338777.7476273 1270453655.8142774 1270511806.0209203 1273509299.8847628 1281781357.7440448 1283105549.8650458 1283951451.8840878 1284000678.4159143 1294348238.2480197 1295292768.871519 1299140557.7028852 1303549007.7845988 1318362801.2113848 1328224749.849758 1332925736.8118777

Equation: x1 - (x3 - (x3 - -900.7114146650036))
Residuals:
1226412348.5593696 1243438769.12874 1255839669.0394368 1263252476.931881 1267876693.4580543 1269338516.0596755 1270453394.0962646 1270511544.2596242 1273509038.064605 1281781095.956492 1283105287.8860075 1283951189.8455017 1284000416.2574978 1294347976.0244942 1295292506.6398973 1299140295.3610687 1303548745.3459818 1318362538.7262452 1328224487.0297074 1332925473.8394017

Equation: cos(x3) - (x3 - (x3 - -900.7114146650036))
Residuals:
1226412414.5835602 1243438835.257785 1255839735.3512833 1263252543.4179015 1267876759.9829817 1269338582.7210293 1270453460.7508085 1270511610.9350953 1273509104.796133 1281781162.5594337 1283105354.6698925 1283951256.6741836 1284000483.052985 1294348042.8725023 1295292573.4837303 1299140362.2847614 1303548812.3851342 1318362605.829926 1328224554.468522 1332925541.4262078

Equation: sin(cos(x4)) - (x3 - (x3 - -900.7114146650036))
Residuals:
1226412414.6643493 1243438835.2647648 1255839735.3207538 1263252543.3519948 1267876759.9007382 1269338582.5545187 1270453460.62011 1270511610.8183112 1273509104.6748052 1281781162.4830382 1283105354.5858042 1283951256.60372 1284000483.1107433 1294348042.937228 1295292573.543118 1299140362.3694701 1303548812.42689 1318362605.8111253 1328224554.4424279 1332925541.403257

Equation: -476.2483170785697 - (x3 - (x3 - -1376.9571277318112))
Residuals:
1226412413.8272564 1243438834.4272497 1255839734.4826863 1263252542.5146422 1267876759.0687945 1269338581.7274916 1270453459.7943928 1270511610.0035436 1273509103.8702378 1281781161.7637613 1283105353.9025273 1283951255.9227588 1284000482.4835281 1294348042.3229446 1295292572.9712713 1299140361.810271 1303548811.9329886 1318362605.4535627 1328224554.1116812 1332925541.0775945

Equation: (sin(cos(x4)) * 0.00026285930944666057) - (x3 - (x3 - -900.708943221304))
Residuals:
1226412413.8273444 1243438834.427338 1255839734.4827745 1263252542.5147305 1267876759.0688813 1269338581.727577 1270453459.794478 1270511610.0036259 1273509103.8703175 1281781161.7638183 1283105353.902575 1283951255.9228058 1284000482.483561 1294348042.3229742 1295292572.9712896 1299140361.810286 1303548811.9329865 1318362605.4535248 1328224554.1116362 1332925541.0775483

Equation: cos(x0)
Residuals:
134167.5614465041 151661.13960469232 152147.68519985623 156687.46577572776 169036.77973099233 174199.03741000735 175303.68605293927 176536.00535469723 179771.2392675965 180456.48520380366 181261.5045451708 182816.30188411832 184328.73572462008 187469.30611747233 189370.40410125448 197273.98261471099 200952.9463157781 206116.9881138754 219788.2260246714 242897.6739981541

Equation: x1 ^ x3
Residuals:
33145307337.450817 43909535116.99492 113550240908.14156 155757328195.5054 256208184690.18723 291183431408.096 561349023558.1882 654176606368.4884 742084736895.7888 1596156908894.52 2047194013538.4373 2264794691748.039 2791811951974.311 3494012658517.6626 3883036718025.6978 4039062026864.407 5204513072664.003 7519799923690.881 7960454927758.8 15273075638705.488

Equation: (x3 ^ x2) - cos(x2)
Residuals:
35815832768.504295 41484861780.19958 63741154902.590675 77521017633.27365 93183520754.21335 137064416360.8073 182148900544.45096 229618050856.05957 294825149071.09796 536126471844.5368 750056937233.6909 1448060631918.8284 1745109025090.0925 2136568570474.649 2276140717334.43 3185890626989.8257 3547212599798.8477 4583419264716.301 6714657553719.746 16445672092317.291

Equation: (x1 ^ x4) + (x3 ^ x1)
Residuals:
81883746974.39716 119794068527.73267 188685776709.89423 333493853700.7622 463580998751.6381 582587292060.4689 898647182409.9928 994054170420.1799 1192447263561.1682 2212016706727.539 2599146865029.804 2747248184324.092 4312719197663.341 5331228309412.154 5961271188640.297 6427582780423.426 8551225915711.862 15051104986803.18 17675462320437.004 22238549553930.414

Equation: (x4 * x3) * (x2 * (x0 + x1))
Residuals:
111334.05282126201 128279.54626976883 127492.5855610447 130697.18626833013 142220.37614590075 146512.42737676008 146055.9532722157 146795.04642694944 149220.46174593107 148129.8434004847 147870.90602458315 148157.21096562882 148877.4411671233 150715.79551625007 152300.53194484516 159572.32729719934 162600.52625626905 166071.1688154271 178857.1095249837 199869.4357790568

Equation: ((x3 + x3) * x4) * (x2 * (x0 + x1))
Residuals:
88501.23347960351 104898.59600279952 102838.03038866183 104707.37768989871 115404.28348035697 118826.01643616095 116808.28753836805 117054.11253881338 118669.64213324036 115803.15451445957 114480.04491891591 113497.66434237997 113425.67321127163 113961.57948868889 115229.91701692567 121869.914738391 124247.3196182036 126024.55665419821 137925.17083540192 156840.34867822204

Equation: x4 + (cos(cos(x3)) / (0.2500909918501632 * 0.004296393257002176))
Residuals:
133425.090962653 150897.5415097214 151249.32490306091 155771.54501081855 168097.65406494727 173258.80059345163 174381.29424468343 175624.52307458498 178870.5076936721 179636.7376759307 180478.07892251606 182049.83688151176 183563.00700396008 186739.64844688697 188650.84021572702 196557.9239291673 200261.46729446005 205468.26899772036 219140.01053513103 242334.4450740026

Equation: (2.551611501820042 / sin(cos(935.8238714195134))) * 294.32436319161224
Residuals:
133231.45235942985 150725.0767332475 151211.7209299369 155751.5750432709 168101.0490079539 173263.41851386856 174368.19920257272 175600.56051159487 178835.86155513112 179521.1124830192 180326.34732675971 181881.33778538703 183393.7893194843 186534.59174032058 188435.72706927397 196339.32005251703 200018.31309084385 205182.36117316538 218853.6284110748 241963.10307640093

Equation: x0
Residuals:
7186913578.796561 7303832520.695373 7324471233.549876 7334830072.697163 7342173335.371486 7354392112.30962 7366195491.276418 7379347769.86554 7379820935.385967 7391986952.973532 7410743725.404736 7415140931.940357 7434145482.997415 7448067850.644337 7455817650.79887 7460963147.914555 7494838044.986089 7512002027.736717 7573269627.297788 7573790864.159677

Equation: x3 ^ x0
Residuals:
1.0896631107958846e+184 1.582536221226806e+184 1.8510954927553792e+184 3.3526801733089284e+184 8.428726116605238e+184 1.390395209797461e+185 1.6195685621690172e+185 2.0209699684461493e+185 2.76975159645766e+185 7.071810329698751e+185 7.366886522242848e+185 2.075136786554525e+186 2.658415794723688e+186 4.9824299654026665e+186 8.155507480077172e+186 1.637901792164148e+187 2.073932428147473e+187 2.2355434307754487e+187 2.607993401562522e+187 7.395014690740507e+187

Equation: (x3 - cos(x0)) ^ x0
Residuals:
5.447744840126183e+183 7.774804428015658e+183 8.945399007950529e+183 1.4952800142427934e+184 3.3818023676584328e+184 5.35489370138301e+184 6.2433014295843416e+184 7.7081005877373e+184 1.0498201443751678e+185 2.5879805431360005e+185 2.6966837081867268e+185 7.649864484957339e+185 9.841471965083109e+185 1.8960382852686565e+186 3.2133711063338134e+186 6.757481265300894e+186 8.776482614115226e+186 9.515559049622788e+186 1.119937946660521e+187 3.575157345539727e+187

Equation: x3 / cos(1.5625249310732279)
Residuals:
7186902398.786759 7303821310.206612 7324460017.168883 7334818851.972267 7342162114.090297 7354380888.812747 7366184250.282478 7379336521.560243 7379809664.6054735 7391975680.354206 7410732448.63418 7415129638.373417 7434134169.409663 7448056532.405808 7455806331.793129 7460951801.676156 7494826698.571679 7511990678.160613 7573258267.473758 7573779483.263864

Equation: (x0 / x2) / 0.001034759170801291
Residuals:
7186912703.711429 7303831645.423236 7324470360.17981 7334829198.933762 7342172460.016026 7354391237.750407 7366194616.923779 7379346895.315046 7379820060.722334 7391986076.895049 7410742850.550834 7415140059.441018 7434144610.692436 7448066978.084706 7455816779.21075 7460962275.804192 7494837173.342198 7512001156.047785 7573268757.339425 7573789993.877717

Equation: (x4 + x3) / cos(1.5625249310732279)
Residuals:
7186891136.10147 7303810041.175248 7324448690.315747 7334807516.651595 7342150769.181177 7354369508.498151 7366172865.659174 7379325128.63676 7379798264.5581665 7391964271.015547 7410721033.411554 7415118220.787775 7434122742.03191 7448045101.266544 7455794893.971772 7460940347.859064 7494815242.426606 7511979216.497278 7573246788.268895 7573767994.964098

Equation: ((x0 / x0) / 0.001034759170801291) + x0
Residuals:
7186912612.388117 7303831554.286929 7324470267.141433 7334829106.288719 7342172368.963041 7354391145.901176 7366194524.867974 7379346803.457095 7379819968.977523 7391985986.565087 7410742758.996291 7415139965.531914 7434144516.588971 7448066884.235892 7455816684.390426 7460962181.506111 7494837078.577644 7512001061.328274 7573268660.889344 7573789897.751232

Equation: ((x0 / x0) / 0.001034759170801291) + (x3 + x0)
Residuals:
7186912519.142037 7303831460.788528 7324470173.594099 7334829012.70444 7342172275.372493 7354391052.291424 7366194431.113484 7379346709.641839 7379819874.976133 7391985892.546813 7410742664.943668 7415139871.338735 7434144422.230044 7448066789.837427 7455816589.984732 7460962086.874311 7494836983.943964 7512000966.668352 7573268566.144533 7573789802.830557

Equation: ((x0 / x0) / 0.0010252010692465383) + sin(0.397827987053105 * x3)
Residuals:
7186912697.382905 7303831639.222925 7324470352.0840435 7334829191.341 7342172454.21482 7354391231.252146 7366194610.168251 7379346888.770359 7379820054.24937 7391986072.033109 7410742844.452641 7415140051.131048 7434144602.141391 7448066969.902207 7455816770.160662 7460962267.290346 7494837164.412593 7512001147.163509 7573268746.706006 7573789983.688259

Equation: ((1.5774375952232946 / 45.75304187759015) / (64.28452896554639 + 63.72181294558856)) + 976.4106149439524
Residuals:
7186912695.823144 7303831637.748546 7324470350.626812 7334829189.8968315 7342172452.772879 7354391229.817042 7366194608.785485 7379346887.409963 7379820052.958774 7391986070.748931 7410742843.18156 7415140049.914079 7434144600.989118 7448066968.765481 7455816769.026782 7460962266.245965 7494837163.368959 7512001146.130303 7573268745.70656 7573789982.758736

Equation: x4
Residuals:
4955032.516711004 5069837.334846245 5077810.481347366 5127935.972755406 5195767.568528244 5211058.3778723385 5216685.552827536 5275472.67925763 5307467.931301284 5368167.969768171 5407522.259954108 5412712.373786172 5420144.924717963 5576091.240430851 5582824.935497838 5685808.091376856 5762873.329551862 5812703.544515524 5829993.6247729575 6044361.585801245

Equation: x3 ^ x4
Residuals:
1.9636514842691506e+28 2.431925673941697e+28 2.478069564280336e+28 3.1967004390034787e+28 6.103580768059176e+28 6.36705303952219e+28 1.422045949932449e+29 2.7575433053843093e+29 3.9661973402456126e+29 4.9603030343165795e+29 6.901716392866864e+29 7.22910734586159e+29 7.720045770477125e+29 9.53290865163076e+29 2.545335969404375e+30 2.848039311318125e+30 6.323400843766663e+30 6.608783492090299e+30 2.337887210820282e+31 3.6396835417710113e+31

Equation: x4 + (x3 ^ x4)
Residuals:
1.9636514842691506e+28 2.431925673941697e+28 2.478069564280336e+28 3.1967004390034787e+28 6.103580768059176e+28 6.36705303952219e+28 1.422045949932449e+29 2.7575433053843093e+29 3.9661973402456126e+29 4.9603030343165795e+29 6.901716392866864e+29 7.22910734586159e+29 7.720045770477125e+29 9.53290865163076e+29 2.545335969404375e+30 2.848039311318125e+30 6.323400843766663e+30 6.608783492090299e+30 2.337887210820282e+31 3.6396835417710113e+31

Equation: 1011.385564680283 + x2
Residuals:
4954021.175842113 5068825.97216054 5076798.957572737 5126924.414613644 5194756.139429835 5210046.819422467 5215674.001645379 5274461.244470446 5306456.430022017 5367156.447720726 5406510.726052788 5411700.8142985515 5419133.310269282 5575079.646105763 5581813.202027567 5684796.266951019 5761861.699555794 5811691.8655140335 5828982.222039695 6043350.287010904

Equation: 1014.7518158324722 - sin(x2)
Residuals:
4954039.743974597 5068844.553296141 5076817.563890187 5126943.025879095 5194774.751204378 5210065.439981998 5215692.626296341 5274479.869365951 5306475.055052645 5367175.073064289 5406529.351957899 5411719.44094041 5419151.939199022 5575098.275730675 5581831.896667062 5684814.998429587 5761880.4450868955 5811710.635101329 5829001.009420698 6043369.08875024

Equation: 1015.3963271803163 + (x2 - x2)
Residuals:
4954038.452073292 5068843.307744482 5076816.45480106 5126941.959545209 5194773.689885314 5210064.503019681 5215691.868078166 5274479.2022798555 5306474.503223248 5367174.566999831 5406528.8887163 5411719.013603028 5419151.580284709 5575097.931938919 5581831.937526759 5684815.119892422 5761880.590297511 5811710.814922865 5829001.210961498 6043369.305868227

Equation: (-0.18220920639509686 / x2) + 1015.4427086906264
Residuals:
4954038.414251431 5068843.269898821 5076816.416891248 5126941.921616648 5194773.651954588 5210064.465037091 5215691.830025382 5274479.16419243 5306474.465092485 5367174.528851889 5406528.850552248 5411718.9754254185 5419151.542081064 5575097.8937294725 5581831.89915576 5684815.081480277 5761880.5518722115 5811710.776477235 5829001.1725022355 6043369.267398667

Equation: 1015.3836131600473 + (-0.019726604214938423 * sin(x2))
Residuals:
4954038.477558117 5068843.332314986 5076816.476679622 5126941.980580355 5194773.7108215345 5210064.521502766 5215691.883035235 5274479.215439199 5306474.514108967 5367174.576982764 5406528.897854484 5411719.022032943 5419151.587364869 5575097.938720763 5581831.936720735 5684815.117496372 5761880.587432998 5811710.811375596 5829001.206985782 6043369.301585226

Equation: (cos(cos(x2)) * 0.040398178326124794) + 1015.3647394915076
Residuals:
4954038.454439079 5068843.311163855 5076816.460821653 5126941.966232884 5194773.69664674 5210064.511315276 5215691.877618613 5274479.212031652 5306474.5128375925 5367174.576433942 5406528.897916618 5411719.022558446 5419151.5886486545 5575097.94014983 5581831.938962154 5684815.119146309 5761880.5888533 5811710.8124146415 5829001.207756833 6043369.3021501815

Equation: ((sin(x2) * x3) * -0.0053784376862041515) + 1015.3829721813094
Residuals:
4954038.539246192 5068843.389951436 5076816.521418195 5126942.021746659 5194773.752033136 5210064.5506586 5215691.894897302 5274479.218310376 5306474.505487099 5367174.563677348 5406528.880003821 5411719.000505395 5419151.558826741 5575097.908473306 5581831.866920128 5684815.039287629 5761880.506473779 5811710.726777887 5829001.11888928 6043369.211753173

Equation: (sin(-0.005599590726110805) * (sin(x2) * x4)) + 1015.3819499112145
Residuals:
4954038.543780065 5068843.394041207 5076816.524770357 5126942.024429854 5194773.754483575 5210064.552640456 5215691.896279378 5274479.219427921 5306474.506199473 5367174.5643267725 5406528.880737418 5411719.0011826055 5419151.559396189 5575097.909122529 5581831.865944125 5684815.03808686 5761880.504483013 5811710.724672694 5829001.116458616 6043369.208714756

Equation: x4
Residuals:
135514068.5791759 137817158.77731583 138351115.99903396 138751956.41457066 140692267.96880484 141271401.0004901 142241786.06416228 142411508.2959659 143231496.7553201 143378361.14929637 144085323.70081273 144216858.8995985 144456707.77260852 146775724.187261 147340902.5532147 147619878.1598664 148184388.64163354 148476331.54940355 149162383.62272406 149585476.66196823

Equation: x0 ^ x4
Residuals:
9.707605629688604e+67 1.485814396067231e+68 3.723230148903087e+68 5.361018925451536e+68 1.1733707323740819e+69 1.9550585463948224e+69 3.1039703262331716e+69 3.527361980806956e+69 4.6972605292765905e+69 7.586344905194637e+69 8.088468073789852e+69 1.8395802638635262e+70 3.9062556097257014e+70 6.193476157743758e+70 1.1978175942659803e+71 1.6315677824704652e+71 1.7627890533591391e+71 1.8348334445698053e+71 2.1496088947415687e+71 2.809446615310504e+71

Equation: (x0 ^ x4) + x1
Residuals:
9.707605629688604e+67 1.485814396067231e+68 3.723230148903087e+68 5.361018925451536e+68 1.1733707323740819e+69 1.9550585463948224e+69 3.1039703262331716e+69 3.527361980806956e+69 4.6972605292765905e+69 7.586344905194637e+69 8.088468073789852e+69 1.8395802638635262e+70 3.9062556097257014e+70 6.193476157743758e+70 1.1978175942659803e+71 1.6315677824704652e+71 1.7627890533591391e+71 1.8348334445698053e+71 2.1496088947415687e+71 2.809446615310504e+71

Equation: (x0 ^ x4) + (x2 ^ x3)
Residuals:
1.9154006378137569e+68 2.749414033473772e+68 5.326633034638412e+68 8.03798282115574e+68 1.551788207667069e+69 2.9443007026003854e+69 4.7085409643966206e+69 5.300148334898161e+69 7.363793213015634e+69 1.1199180427671502e+70 1.7987804583114637e+70 3.1224340688207665e+70 5.30995949717513e+70 9.011451577967264e+70 1.6370736703331104e+71 2.2770038004041356e+71 2.5910412082787004e+71 3.425272529518899e+71 6.190536340428666e+71 1.2234778886647003e+72

Equation: ((x0 + x0) * (x2 * x4)) * x0
Residuals:
129323707.28750071 131597842.2001515 132034449.65400442 132415273.20154971 134260572.6119098 134800362.85111284 135713384.66341442 135840091.955141 136567912.7748081 136680520.56205454 137378863.1022691 137427709.93821776 137586058.28738612 139778782.2923616 140270412.52143043 140497568.99865824 141020476.88133213 141308441.48027644 141976623.33551586 142301806.91860923

Equation: (2.914048752221087 ^ x2) * (x4 + x4)
Residuals:
2.316297322223966e+21 2.3301819238004498e+21 2.5066838289853375e+21 2.5529453252261194e+21 2.652168621772487e+21 2.8488663365431014e+21 3.135881377726336e+21 3.3157623257148854e+21 4.940816763508386e+21 5.363132062214195e+21 5.464900956388157e+21 5.492403141249137e+21 5.545181316460618e+21 8.448427684460489e+21 1.0048623519613246e+22 1.1908360038314358e+22 1.397354221606622e+22 1.4120374940114839e+22 1.4964615532828485e+22 1.988732131430748e+22

Equation: (0.9039958511124823 / 0.004731836985588877) * x2
Residuals:
135506114.13897407 137809203.8046981 138343148.9940763 138743986.63544834 140684292.15763068 141263413.072102 142233781.49888325 142403493.79017308 143223411.28793252 143370261.6783654 144077220.94392645 144208756.13143477 144448604.08262736 146767545.70426103 147332693.89050525 147611639.52445915 148176121.47971797 148468062.5714496 149154104.4762867 149577146.88000995

Equation: ((x3 + x3) + x3) - (-886.0367656240246 - x0)
Residuals:
135513056.6537499 137816146.6771477 138350103.75283036 138750943.85082698 140691255.07814077 141270387.48411164 142240772.23422712 142410494.3210145 143230482.7241017 143377347.04928803 144084308.81079027 144215843.7978773 144455692.57836038 146774708.67683226 147339886.90407985 147618862.35486194 148183372.7164555 148475315.12072858 149161366.52775568 149584458.99078688

Equation: (x3 + (x4 * (x0 * x2))) - (-886.0367656240246 - x0)
Residuals:
135439483.94574076 137742309.51296788 138275462.730577 138676087.90425524 140615677.2188222 141194407.309538 142164288.26477894 142333707.1579857 143152768.579437 143299251.44031012 144006134.90432328 144137030.6677555 144376261.1939229 146694106.3383024 147258565.0253347 147537028.13820133 148101150.85507601 148393052.22726262 149078912.98320282 149501162.00858843

Equation: (x1 + x1) * (-30.63680942222831 / (x1 / -15.643003257074461))
Residuals:
135513151.9532119 137816242.25307998 138350199.66729894 138751040.17695424 140691351.8804281 141270485.03932202 142240870.2009958 142410592.43715715 143230580.95071426 143377445.46960214 144084408.03500128 144215943.4053265 144455792.43116722 146774808.92694214 147339987.44972333 147618963.12648714 148183473.61605173 148475416.5338311 149161468.64713064 149584561.7184949

Equation: sin(x2) + ((x2 + x3) - ((-958.6701664655285 - x4) - sin(x3)))
Residuals:
135513027.86726847 137816118.0208881 138350075.1818474 138750915.49632668 140691226.96508288 141270359.7270496 142240744.61175692 142410466.79003558 143230454.88573146 143377319.11729997 144084281.28030986 144215816.3719472 144455665.20258588 146774680.93322375 147339858.91071877 147618834.13652351 148183344.29535955 148475286.87562674 149161338.40149677 149584430.61787072

Equation: (cos(1663.4733090438108) + x2) * ((344.6296795507587 - -624.7625745289657) / x2)
Residuals:
135513141.06440088 137816231.36426896 138350188.7784879 138751029.2881432 140691340.99161702 141270474.1505109 142240859.31218463 142410581.54834595 143230570.06190285 143377434.5807907 144084397.1461898 144215932.51651502 144455781.54235575 146774798.03813046 147339976.56091157 147618952.23767528 148183462.72723982 148475405.64501917 149161457.7583187 149584550.8296828

Equation: x1
Residuals:
328674.3099917078 329420.35574308294 331646.77170576993 337476.8083426372 346952.6185206319 351189.657824791 374315.0699446354 375815.9109272372 381608.595045124 386590.4621026822 390568.9035836925 394523.0495375004 397403.9125603874 401462.8942975734 407199.7082212496 408639.21894197044 423216.97550546256 423298.1414392799 426426.0558026537 430252.0690247358

Equation: x1 ^ x4
Residuals:
16419207592081.377 21751556141757.887 45104399222880.234 68469314750928.52 83052823546778.69 153902948119994.12 207490923626955.78 398715931245944.94 481863012282550.8 581646316266355.6 689732724743210.5 869065728877080.5 1048542153799842.6 1578066525843907.5 2213060569006875.5 2598947365590356.5 3748136338521287.5 5088933234072608.0 1.0879179341716924e+16 1.1300036497732776e+16

Equation: (x1 ^ x4) + x2
Residuals:
16419207592093.49 21751556141770.094 45104399222892.484 68469314750940.95 83052823546791.25 153902948120006.78 207490923626968.53 398715931245957.75 481863012282563.7 581646316266368.6 689732724743223.5 869065728877094.0 1048542153799856.1 1578066525843921.0 2213060569006889.2 2598947365590370.5 3748136338521301.5 5088933234072622.0 1.0879179341716938e+16 1.130003649773279e+16

Equation: x3 - -950.6193474366139
Residuals:
327723.84353884426 328469.83448087453 330696.1732801228 336526.4461579888 346001.9621250029 350239.08677453396 373364.5334660524 374865.1629059751 380657.795031818 385639.6865321138 389618.2505248475 393572.4789671576 396453.42360258463 400512.4618342256 406249.32897745137 407688.846179357 422266.5074161467 422347.74363852723 425475.5639795118 429301.5892666606

Equation: cos(x3) - -955.1331653160811
Residuals:
327730.53153257706 328476.56606217247 330702.96358930477 336533.2801653095 346009.0718725201 350246.2456351076 373371.75186399446 374872.7143537842 380665.50791299273 385647.423004018 389626.00420891895 393580.23421228706 396461.2778170724 400520.33726384724 406257.3147225891 407696.8654228229 422274.8090710334 422356.24216596596 425484.78133337 429310.8245578268

Equation: 953.4791911866215 + (x4 / x4)
Residuals:
327732.0745748177 328478.1411543976 330704.56993650744 336534.90317235555 346010.7242987607 350247.89449366694 373373.3940021278 374874.2837281362 380667.0269931975 385648.9341337531 389627.5094510266 393581.7389168694 396462.74730659253 400521.7989301157 406258.7343086366 407698.2717999525 422276.0974722348 422357.4427050056 425485.6376022005 429311.671947555

Equation: (cos(x3) / (x3 ^ x3)) - -954.4883315697028
Residuals:
327732.0654344346 328478.1320140145 330704.56079612434 336534.89403197245 346010.7151583776 350247.88535328384 373373.3848617447 374874.2745877531 380667.0178528144 385648.92499337 389627.5003106435 393581.7297764863 396462.7381662094 400521.7897897326 406258.72516825347 407698.2626595694 422276.0883318517 422357.4335646225 425485.6284618174 429311.6628071719

Equation: (cos(-1.911896094724681) / x3) - -954.5675224651039
Residuals:
327732.01391098025 328478.0803185555 330704.5088988036 336534.8420009013 346010.6624706701 350247.8325702859 373373.3319690972 374874.2211677776 380666.9642140639 385648.8713241298 389627.4466193722 393581.67608322564 396462.6843496448 400521.73594741884 406258.671195548 407698.208648351 422276.0340127922 422357.3790455994 425485.57327957073 429311.60760932724

Equation: (sin(cos(x3)) / (2.7379187553447992 ^ x3)) - -954.495625903146
Residuals:
327732.05813610787 328478.12471588637 330704.5534982444 336534.8867342626 346010.7078615121 350247.8780565374 373373.3775651333 374874.26729175565 380667.01055705256 385648.9176976401 389627.49301493645 393581.7224807813 396462.73087063024 400521.7824941792 406258.71787282795 407698.2553641807 422276.0810367428 422357.42626967974 425485.62116732245 429311.6555126853

Equation: (cos(x3 / 0.36481695513850176) / ((x3 * x2) * x3)) - -954.4869688317054
Residuals:
327732.0668846856 328478.1335732167 330704.56246998557 336534.895765808 346010.71702023514 350247.8872021888 373373.38668604905 374874.2761915386 380667.01932454924 385648.9264449833 389627.501748116 393581.7312101901 396462.7395250652 400521.79113314615 406258.7264352344 407698.26390579983 422276.08942602715 422357.43459182704 425485.6294999116 429311.6638518589

Equation: (cos(x3 / 0.3554173094611882) / (x3 / 0.06432357292446114)) - -954.4819732523702
Residuals:
327732.0763593401 328478.14338101196 330704.57238869637 336534.90558808134 346010.72445730254 350247.8940876188 373373.3928984609 374874.27904375497 380667.02102077805 385648.928004046 389627.50321169203 393581.7326678071 396462.7405141435 400521.79204000416 406258.7270167923 407698.26442081813 422276.08995683055 422357.4356515344 425485.63451202476 429311.6689749842

Equation: (cos(x3 / 0.3551978202842328) / (x4 + (x3 / 0.06930980651914985))) - -954.4818204593608
Residuals:
327732.0766025676 328478.14360490197 330704.57258083124 336534.9057613171 346010.72453942726 350247.8941563821 373373.3929557426 374874.2790802524 380667.0210662523 385648.92805246485 389627.50326190965 393581.73271917313 396462.7405765899 400521.7921077543 406258.72710166645 407698.2645119142 422276.0900973062 422357.43582639034 425485.6347750068 429311.66923896887

Equation: x0
Residuals:
18150251.315059397 18516451.7470159 18752386.90451438 18855456.687822647 18876340.2540346 18892071.243082643 19216885.19911156 19317089.15756528 19605202.7220319 20057366.57816898 20063805.64050153 20089788.55995218 20090317.27889993 20236786.343166344 20286661.06929436 20373582.033152223 20423081.004091356 20730308.600655444 20882505.669951335 21271476.633087344

Equation: x3 ^ x4
Residuals:
1.6721771454640489e+40 2.1778846497656837e+40 3.215704697810399e+40 3.644505956033646e+40 5.460029883990469e+40 6.66986587805928e+40 2.28742976208236e+41 2.634704789655134e+41 6.467634766600669e+41 7.673019690767592e+41 1.2541106973646584e+42 2.158275232023228e+42 6.32288981961938e+42 1.0591059549788744e+43 1.366526209800073e+43 1.7902190285392134e+43 2.1170558616428363e+43 3.163765051225342e+43 4.673648078875258e+43 5.456588067273691e+43

Equation: x0 + (x3 ^ x4)
Residuals:
1.6721771454640489e+40 2.1778846497656837e+40 3.215704697810399e+40 3.644505956033646e+40 5.460029883990469e+40 6.66986587805928e+40 2.28742976208236e+41 2.634704789655134e+41 6.467634766600669e+41 7.673019690767592e+41 1.2541106973646584e+42 2.158275232023228e+42 6.32288981961938e+42 1.0591059549788744e+43 1.366526209800073e+43 1.7902190285392134e+43 2.1170558616428363e+43 3.163765051225342e+43 4.673648078875258e+43 5.456588067273691e+43

Equation: x1 + 926.0394961866476
Residuals:
18149325.337922014 18515525.57708786 18751460.679372113 18854530.368859835 18875414.040770333 18891145.096695572 19215959.0314952 19316162.994561985 19604276.540437013 20056440.062243853 20062879.26202919 20088862.36470677 20089391.079586234 20235860.168553103 20285734.81385382 20372655.75677438 20422155.114403754 20729382.772164032 20881579.785103817 21270550.705612358

Equation: 930.683052390201 + sin(x0)
Residuals:
18149348.113648843 18515548.549599238 18751483.805325907 18854553.746135227 18875437.527483746 18891168.93468767 19215982.895137694 19316187.044676103 19604300.61697452 20056464.7061213 20062904.18482312 20088887.51348349 20089416.23769316 20235885.372742753 20285760.146362092 20372681.143020853 20422180.793523114 20729408.55967144 20881605.64379174 21270576.685956396

Equation: 930.0531342273538 - (x0 - x0)
Residuals:
18149349.134554643 18515549.56859043 18751484.776965763 18854554.64093802 18875438.315981936 18891169.51445459 19215983.47269551 19316187.526950467 19604301.095355142 20056465.06933777 20062904.34767321 20088887.491388455 20089416.213330645 20235885.31821265 20285760.07195965 20372681.055077538 20422180.47465682 20729408.206808712 20881605.2886827 21270576.32125942

Equation: 930.0528482690924 - (sin(930.0528482690924) ^ x2)
Residuals:
18149349.134840604 18515549.56887639 18751484.777251724 18854554.641223982 18875438.316267896 18891169.51474055 19215983.47298147 19316187.527236428 19604301.095641103 20056465.06962373 20062904.347959172 20088887.491674416 20089416.213616606 20235885.31849861 20285760.07224561 20372681.0553635 20422180.47494278 20729408.207094673 20881605.28896866 21270576.32154538

Equation: (x4 - x4) + (930.0296838574359 + (0.006035315666368473 * x2))
Residuals:
18149348.989941087 18515549.423920173 18751484.630974088 18854554.493644167 18875438.168286253 18891169.3665899 19215983.32477796 19316187.378330685 19604300.946367636 20056464.919837195 20062904.197504196 20088887.341212105 20089416.06270313 20235885.16673254 20285759.918428417 20372680.901526373 20422180.320291273 20729408.052240074 20881605.13345781 21270576.165214323

Equation: 930.0910353585584 - (sin(-66.4398535753118) / (x1 + (x2 + x2)))
Residuals:
18149349.102038667 18515549.53606071 18751484.744401366 18854554.608335517 18875438.28337094 18891169.48183126 19215983.44006965 19316187.494304635 19604301.062700458 20056465.036645275 20062904.314962678 20088887.458675317 20089416.180608153 20235885.28547242 20285760.039173152 20372681.022288322 20422180.441848394 20729408.173992127 20881605.2558497 21270576.288404588

Equation: x4
Residuals:
1226413248.6435733 1243439669.2332957 1255840569.2724242 1263253377.1752024 1267877593.6446893 1269339416.2548616 1270454294.3107085 1270512444.444018 1273509938.2555203 1281781995.8665662 1283106187.9239917 1283952089.9393842 1284001316.397662 1294348876.2147148 1295293406.7943423 1299141195.6140523 1303549645.6439028 1318363438.9954686 1328225387.6230128 1332926374.5832033

Equation: x1 ^ x3
Residuals:
2.7160374526333373e+118 4.684800509989711e+118 7.343690578878377e+118 1.1590813015265904e+119 1.3320079897575447e+119 1.1364976787453682e+120 2.6991606152453894e+120 3.912099921588755e+120 4.443140014032762e+120 1.3549452473160665e+121 2.026829907144369e+121 2.3891860496524587e+121 7.759355981607927e+121 9.234760085524013e+121 1.1475932130202108e+122 1.5528942082851568e+122 1.983881964212531e+122 3.2433916779616478e+122 5.058016595110054e+122 6.136646574507951e+122

Equation: (x0 ^ x3) - x1
Residuals:
2.7180133149226533e+118 4.926469002464396e+118 7.14366793350916e+118 9.885186134411506e+118 1.2057645592561745e+119 1.1918838148359674e+120 2.7551485980078986e+120 3.952757618318499e+120 5.890942033980416e+120 2.083616096522456e+121 2.571288484128932e+121 3.019344691459472e+121 9.966033375493592e+121 1.2985752208621656e+122 1.732702688423779e+122 2.221709231415901e+122 2.653147961737459e+122 4.12590938708586e+122 5.364187613219285e+122 6.263432009599794e+122

Equation: 111.42783359435747 * x2
Residuals:
1226406002.8389258 1243432419.8598828 1255833315.5664058 1263246117.8677506 1267870333.2201705 1269332126.2655911 1270447001.022805 1270505150.4686482 1273502618.5696046 1281774669.6027272 1283098861.371857 1283944740.9832344 1283993965.4019263 1294341519.668937 1295286039.8301105 1299133827.093209 1303542268.9906638 1318356039.1153228 1328217975.211694 1332918950.8868065

Equation: (638.7137327465762 + x4) + sin(x4)
Residuals:
1226412609.8489769 1243439030.4489405 1255839930.5043452 1263252738.5362046 1267876955.0897515 1269338777.7476273 1270453655.8142774 1270511806.0209203 1273509299.8847628 1281781357.7440448 1283105549.8650458 1283951451.8840878 1284000678.4159143 1294348238.2480197 1295292768.871519 1299140557.7028852 1303549007.7845988 1318362801.2113848 1328224749.849758 1332925736.8118777

Equation: x1 - (x3 - (x3 - -900.7114146650036))
Residuals:
1226412348.5593696 1243438769.12874 1255839669.0394368 1263252476.931881 1267876693.4580543 1269338516.0596755 1270453394.0962646 1270511544.2596242 1273509038.064605 1281781095.956492 1283105287.8860075 1283951189.8455017 1284000416.2574978 1294347976.0244942 1295292506.6398973 1299140295.3610687 1303548745.3459818 1318362538.7262452 1328224487.0297074 1332925473.8394017

Equation: cos(x3) - (x3 - (x3 - -900.7114146650036))
Residuals:
1226412414.5835602 1243438835.257785 1255839735.3512833 1263252543.4179015 1267876759.9829817 1269338582.7210293 1270453460.7508085 1270511610.9350953 1273509104.796133 1281781162.5594337 1283105354.6698925 1283951256.6741836 1284000483.052985 1294348042.8725023 1295292573.4837303 1299140362.2847614 1303548812.3851342 1318362605.829926 1328224554.468522 1332925541.4262078

Equation: sin(cos(x4)) - (x3 - (x3 - -900.7114146650036))
Residuals:
1226412414.6643493 1243438835.2647648 1255839735.3207538 1263252543.3519948 1267876759.9007382 1269338582.5545187 1270453460.62011 1270511610.8183112 1273509104.6748052 1281781162.4830382 1283105354.5858042 1283951256.60372 1284000483.1107433 1294348042.937228 1295292573.543118 1299140362.3694701 1303548812.42689 1318362605.8111253 1328224554.4424279 1332925541.403257

Equation: -476.2483170785697 - (x3 - (x3 - -1376.9571277318112))
Residuals:
1226412413.8272564 1243438834.4272497 1255839734.4826863 1263252542.5146422 1267876759.0687945 1269338581.7274916 1270453459.7943928 1270511610.0035436 1273509103.8702378 1281781161.7637613 1283105353.9025273 1283951255.9227588 1284000482.4835281 1294348042.3229446 1295292572.9712713 1299140361.810271 1303548811.9329886 1318362605.4535627 1328224554.1116812 1332925541.0775945

Equation: (sin(cos(x4)) * 0.00026285930944666057) - (x3 - (x3 - -900.708943221304))
Residuals:
1226412413.8273444 1243438834.427338 1255839734.4827745 1263252542.5147305 1267876759.0688813 1269338581.727577 1270453459.794478 1270511610.0036259 1273509103.8703175 1281781161.7638183 1283105353.902575 1283951255.9228058 1284000482.483561 1294348042.3229742 1295292572.9712896 1299140361.810286 1303548811.9329865 1318362605.4535248 1328224554.1116362 1332925541.0775483

Equation: cos(x0)
Residuals:
134167.5614465041 151661.13960469232 152147.68519985623 156687.46577572776 169036.77973099233 174199.03741000735 175303.68605293927 176536.00535469723 179771.2392675965 180456.48520380366 181261.5045451708 182816.30188411832 184328.73572462008 187469.30611747233 189370.40410125448 197273.98261471099 200952.9463157781 206116.9881138754 219788.2260246714 242897.6739981541

Equation: x1 ^ x3
Residuals:
33145307337.450817 43909535116.99492 113550240908.14156 155757328195.5054 256208184690.18723 291183431408.096 561349023558.1882 654176606368.4884 742084736895.7888 1596156908894.52 2047194013538.4373 2264794691748.039 2791811951974.311 3494012658517.6626 3883036718025.6978 4039062026864.407 5204513072664.003 7519799923690.881 7960454927758.8 15273075638705.488

Equation: (x3 ^ x2) - cos(x2)
Residuals:
35815832768.504295 41484861780.19958 63741154902.590675 77521017633.27365 93183520754.21335 137064416360.8073 182148900544.45096 229618050856.05957 294825149071.09796 536126471844.5368 750056937233.6909 1448060631918.8284 1745109025090.0925 2136568570474.649 2276140717334.43 3185890626989.8257 3547212599798.8477 4583419264716.301 6714657553719.746 16445672092317.291

Equation: (x1 ^ x4) + (x3 ^ x1)
Residuals:
81883746974.39716 119794068527.73267 188685776709.89423 333493853700.7622 463580998751.6381 582587292060.4689 898647182409.9928 994054170420.1799 1192447263561.1682 2212016706727.539 2599146865029.804 2747248184324.092 4312719197663.341 5331228309412.154 5961271188640.297 6427582780423.426 8551225915711.862 15051104986803.18 17675462320437.004 22238549553930.414

Equation: (x4 * x3) * (x2 * (x0 + x1))
Residuals:
111334.05282126201 128279.54626976883 127492.5855610447 130697.18626833013 142220.37614590075 146512.42737676008 146055.9532722157 146795.04642694944 149220.46174593107 148129.8434004847 147870.90602458315 148157.21096562882 148877.4411671233 150715.79551625007 152300.53194484516 159572.32729719934 162600.52625626905 166071.1688154271 178857.1095249837 199869.4357790568

Equation: ((x3 + x3) * x4) * (x2 * (x0 + x1))
Residuals:
88501.23347960351 104898.59600279952 102838.03038866183 104707.37768989871 115404.28348035697 118826.01643616095 116808.28753836805 117054.11253881338 118669.64213324036 115803.15451445957 114480.04491891591 113497.66434237997 113425.67321127163 113961.57948868889 115229.91701692567 121869.914738391 124247.3196182036 126024.55665419821 137925.17083540192 156840.34867822204

Equation: x4 + (cos(cos(x3)) / (0.2500909918501632 * 0.004296393257002176))
Residuals:
133425.090962653 150897.5415097214 151249.32490306091 155771.54501081855 168097.65406494727 173258.80059345163 174381.29424468343 175624.52307458498 178870.5076936721 179636.7376759307 180478.07892251606 182049.83688151176 183563.00700396008 186739.64844688697 188650.84021572702 196557.9239291673 200261.46729446005 205468.26899772036 219140.01053513103 242334.4450740026

Equation: (2.551611501820042 / sin(cos(935.8238714195134))) * 294.32436319161224
Residuals:
133231.45235942985 150725.0767332475 151211.7209299369 155751.5750432709 168101.0490079539 173263.41851386856 174368.19920257272 175600.56051159487 178835.86155513112 179521.1124830192 180326.34732675971 181881.33778538703 183393.7893194843 186534.59174032058 188435.72706927397 196339.32005251703 200018.31309084385 205182.36117316538 218853.6284110748 241963.10307640093

Equation: x0
Residuals:
7186913578.796561 7303832520.695373 7324471233.549876 7334830072.697163 7342173335.371486 7354392112.30962 7366195491.276418 7379347769.86554 7379820935.385967 7391986952.973532 7410743725.404736 7415140931.940357 7434145482.997415 7448067850.644337 7455817650.79887 7460963147.914555 7494838044.986089 7512002027.736717 7573269627.297788 7573790864.159677

Equation: x3 ^ x0
Residuals:
1.0896631107958846e+184 1.582536221226806e+184 1.8510954927553792e+184 3.3526801733089284e+184 8.428726116605238e+184 1.390395209797461e+185 1.6195685621690172e+185 2.0209699684461493e+185 2.76975159645766e+185 7.071810329698751e+185 7.366886522242848e+185 2.075136786554525e+186 2.658415794723688e+186 4.9824299654026665e+186 8.155507480077172e+186 1.637901792164148e+187 2.073932428147473e+187 2.2355434307754487e+187 2.607993401562522e+187 7.395014690740507e+187

Equation: (x3 - cos(x0)) ^ x0
Residuals:
5.447744840126183e+183 7.774804428015658e+183 8.945399007950529e+183 1.4952800142427934e+184 3.3818023676584328e+184 5.35489370138301e+184 6.2433014295843416e+184 7.7081005877373e+184 1.0498201443751678e+185 2.5879805431360005e+185 2.6966837081867268e+185 7.649864484957339e+185 9.841471965083109e+185 1.8960382852686565e+186 3.2133711063338134e+186 6.757481265300894e+186 8.776482614115226e+186 9.515559049622788e+186 1.119937946660521e+187 3.575157345539727e+187

Equation: x3 / cos(1.5625249310732279)
Residuals:
7186902398.786759 7303821310.206612 7324460017.168883 7334818851.972267 7342162114.090297 7354380888.812747 7366184250.282478 7379336521.560243 7379809664.6054735 7391975680.354206 7410732448.63418 7415129638.373417 7434134169.409663 7448056532.405808 7455806331.793129 7460951801.676156 7494826698.571679 7511990678.160613 7573258267.473758 7573779483.263864

Equation: (x0 / x2) / 0.001034759170801291
Residuals:
7186912703.711429 7303831645.423236 7324470360.17981 7334829198.933762 7342172460.016026 7354391237.750407 7366194616.923779 7379346895.315046 7379820060.722334 7391986076.895049 7410742850.550834 7415140059.441018 7434144610.692436 7448066978.084706 7455816779.21075 7460962275.804192 7494837173.342198 7512001156.047785 7573268757.339425 7573789993.877717

Equation: (x4 + x3) / cos(1.5625249310732279)
Residuals:
7186891136.10147 7303810041.175248 7324448690.315747 7334807516.651595 7342150769.181177 7354369508.498151 7366172865.659174 7379325128.63676 7379798264.5581665 7391964271.015547 7410721033.411554 7415118220.787775 7434122742.03191 7448045101.266544 7455794893.971772 7460940347.859064 7494815242.426606 7511979216.497278 7573246788.268895 7573767994.964098

Equation: ((x0 / x0) / 0.001034759170801291) + x0
Residuals:
7186912612.388117 7303831554.286929 7324470267.141433 7334829106.288719 7342172368.963041 7354391145.901176 7366194524.867974 7379346803.457095 7379819968.977523 7391985986.565087 7410742758.996291 7415139965.531914 7434144516.588971 7448066884.235892 7455816684.390426 7460962181.506111 7494837078.577644 7512001061.328274 7573268660.889344 7573789897.751232

Equation: ((x0 / x0) / 0.001034759170801291) + (x3 + x0)
Residuals:
7186912519.142037 7303831460.788528 7324470173.594099 7334829012.70444 7342172275.372493 7354391052.291424 7366194431.113484 7379346709.641839 7379819874.976133 7391985892.546813 7410742664.943668 7415139871.338735 7434144422.230044 7448066789.837427 7455816589.984732 7460962086.874311 7494836983.943964 7512000966.668352 7573268566.144533 7573789802.830557

Equation: ((x0 / x0) / 0.0010252010692465383) + sin(0.397827987053105 * x3)
Residuals:
7186912697.382905 7303831639.222925 7324470352.0840435 7334829191.341 7342172454.21482 7354391231.252146 7366194610.168251 7379346888.770359 7379820054.24937 7391986072.033109 7410742844.452641 7415140051.131048 7434144602.141391 7448066969.902207 7455816770.160662 7460962267.290346 7494837164.412593 7512001147.163509 7573268746.706006 7573789983.688259

Equation: ((1.5774375952232946 / 45.75304187759015) / (64.28452896554639 + 63.72181294558856)) + 976.4106149439524
Residuals:
7186912695.823144 7303831637.748546 7324470350.626812 7334829189.8968315 7342172452.772879 7354391229.817042 7366194608.785485 7379346887.409963 7379820052.958774 7391986070.748931 7410742843.18156 7415140049.914079 7434144600.989118 7448066968.765481 7455816769.026782 7460962266.245965 7494837163.368959 7512001146.130303 7573268745.70656 7573789982.758736

Equation: x4
Residuals:
4955032.516711004 5069837.334846245 5077810.481347366 5127935.972755406 5195767.568528244 5211058.3778723385 5216685.552827536 5275472.67925763 5307467.931301284 5368167.969768171 5407522.259954108 5412712.373786172 5420144.924717963 5576091.240430851 5582824.935497838 5685808.091376856 5762873.329551862 5812703.544515524 5829993.6247729575 6044361.585801245

Equation: x3 ^ x4
Residuals:
1.9636514842691506e+28 2.431925673941697e+28 2.478069564280336e+28 3.1967004390034787e+28 6.103580768059176e+28 6.36705303952219e+28 1.422045949932449e+29 2.7575433053843093e+29 3.9661973402456126e+29 4.9603030343165795e+29 6.901716392866864e+29 7.22910734586159e+29 7.720045770477125e+29 9.53290865163076e+29 2.545335969404375e+30 2.848039311318125e+30 6.323400843766663e+30 6.608783492090299e+30 2.337887210820282e+31 3.6396835417710113e+31

Equation: x4 + (x3 ^ x4)
Residuals:
1.9636514842691506e+28 2.431925673941697e+28 2.478069564280336e+28 3.1967004390034787e+28 6.103580768059176e+28 6.36705303952219e+28 1.422045949932449e+29 2.7575433053843093e+29 3.9661973402456126e+29 4.9603030343165795e+29 6.901716392866864e+29 7.22910734586159e+29 7.720045770477125e+29 9.53290865163076e+29 2.545335969404375e+30 2.848039311318125e+30 6.323400843766663e+30 6.608783492090299e+30 2.337887210820282e+31 3.6396835417710113e+31

Equation: 1011.385564680283 + x2
Residuals:
4954021.175842113 5068825.97216054 5076798.957572737 5126924.414613644 5194756.139429835 5210046.819422467 5215674.001645379 5274461.244470446 5306456.430022017 5367156.447720726 5406510.726052788 5411700.8142985515 5419133.310269282 5575079.646105763 5581813.202027567 5684796.266951019 5761861.699555794 5811691.8655140335 5828982.222039695 6043350.287010904

Equation: 1014.7518158324722 - sin(x2)
Residuals:
4954039.743974597 5068844.553296141 5076817.563890187 5126943.025879095 5194774.751204378 5210065.439981998 5215692.626296341 5274479.869365951 5306475.055052645 5367175.073064289 5406529.351957899 5411719.44094041 5419151.939199022 5575098.275730675 5581831.896667062 5684814.998429587 5761880.4450868955 5811710.635101329 5829001.009420698 6043369.08875024

Equation: 1015.3963271803163 + (x2 - x2)
Residuals:
4954038.452073292 5068843.307744482 5076816.45480106 5126941.959545209 5194773.689885314 5210064.503019681 5215691.868078166 5274479.2022798555 5306474.503223248 5367174.566999831 5406528.8887163 5411719.013603028 5419151.580284709 5575097.931938919 5581831.937526759 5684815.119892422 5761880.590297511 5811710.814922865 5829001.210961498 6043369.305868227

Equation: (-0.18220920639509686 / x2) + 1015.4427086906264
Residuals:
4954038.414251431 5068843.269898821 5076816.416891248 5126941.921616648 5194773.651954588 5210064.465037091 5215691.830025382 5274479.16419243 5306474.465092485 5367174.528851889 5406528.850552248 5411718.9754254185 5419151.542081064 5575097.8937294725 5581831.89915576 5684815.081480277 5761880.5518722115 5811710.776477235 5829001.1725022355 6043369.267398667

Equation: 1015.3836131600473 + (-0.019726604214938423 * sin(x2))
Residuals:
4954038.477558117 5068843.332314986 5076816.476679622 5126941.980580355 5194773.7108215345 5210064.521502766 5215691.883035235 5274479.215439199 5306474.514108967 5367174.576982764 5406528.897854484 5411719.022032943 5419151.587364869 5575097.938720763 5581831.936720735 5684815.117496372 5761880.587432998 5811710.811375596 5829001.206985782 6043369.301585226

Equation: (cos(cos(x2)) * 0.040398178326124794) + 1015.3647394915076
Residuals:
4954038.454439079 5068843.311163855 5076816.460821653 5126941.966232884 5194773.69664674 5210064.511315276 5215691.877618613 5274479.212031652 5306474.5128375925 5367174.576433942 5406528.897916618 5411719.022558446 5419151.5886486545 5575097.94014983 5581831.938962154 5684815.119146309 5761880.5888533 5811710.8124146415 5829001.207756833 6043369.3021501815

Equation: ((sin(x2) * x3) * -0.0053784376862041515) + 1015.3829721813094
Residuals:
4954038.539246192 5068843.389951436 5076816.521418195 5126942.021746659 5194773.752033136 5210064.5506586 5215691.894897302 5274479.218310376 5306474.505487099 5367174.563677348 5406528.880003821 5411719.000505395 5419151.558826741 5575097.908473306 5581831.866920128 5684815.039287629 5761880.506473779 5811710.726777887 5829001.11888928 6043369.211753173

Equation: (sin(-0.005599590726110805) * (sin(x2) * x4)) + 1015.3819499112145
Residuals:
4954038.543780065 5068843.394041207 5076816.524770357 5126942.024429854 5194773.754483575 5210064.552640456 5215691.896279378 5274479.219427921 5306474.506199473 5367174.5643267725 5406528.880737418 5411719.0011826055 5419151.559396189 5575097.909122529 5581831.865944125 5684815.03808686 5761880.504483013 5811710.724672694 5829001.116458616 6043369.208714756

Equation: x4
Residuals:
135514068.5791759 137817158.77731583 138351115.99903396 138751956.41457066 140692267.96880484 141271401.0004901 142241786.06416228 142411508.2959659 143231496.7553201 143378361.14929637 144085323.70081273 144216858.8995985 144456707.77260852 146775724.187261 147340902.5532147 147619878.1598664 148184388.64163354 148476331.54940355 149162383.62272406 149585476.66196823

Equation: x0 ^ x4
Residuals:
9.707605629688604e+67 1.485814396067231e+68 3.723230148903087e+68 5.361018925451536e+68 1.1733707323740819e+69 1.9550585463948224e+69 3.1039703262331716e+69 3.527361980806956e+69 4.6972605292765905e+69 7.586344905194637e+69 8.088468073789852e+69 1.8395802638635262e+70 3.9062556097257014e+70 6.193476157743758e+70 1.1978175942659803e+71 1.6315677824704652e+71 1.7627890533591391e+71 1.8348334445698053e+71 2.1496088947415687e+71 2.809446615310504e+71

Equation: (x0 ^ x4) + x1
Residuals:
9.707605629688604e+67 1.485814396067231e+68 3.723230148903087e+68 5.361018925451536e+68 1.1733707323740819e+69 1.9550585463948224e+69 3.1039703262331716e+69 3.527361980806956e+69 4.6972605292765905e+69 7.586344905194637e+69 8.088468073789852e+69 1.8395802638635262e+70 3.9062556097257014e+70 6.193476157743758e+70 1.1978175942659803e+71 1.6315677824704652e+71 1.7627890533591391e+71 1.8348334445698053e+71 2.1496088947415687e+71 2.809446615310504e+71

Equation: (x0 ^ x4) + (x2 ^ x3)
Residuals:
1.9154006378137569e+68 2.749414033473772e+68 5.326633034638412e+68 8.03798282115574e+68 1.551788207667069e+69 2.9443007026003854e+69 4.7085409643966206e+69 5.300148334898161e+69 7.363793213015634e+69 1.1199180427671502e+70 1.7987804583114637e+70 3.1224340688207665e+70 5.30995949717513e+70 9.011451577967264e+70 1.6370736703331104e+71 2.2770038004041356e+71 2.5910412082787004e+71 3.425272529518899e+71 6.190536340428666e+71 1.2234778886647003e+72

Equation: ((x0 + x0) * (x2 * x4)) * x0
Residuals:
129323707.28750071 131597842.2001515 132034449.65400442 132415273.20154971 134260572.6119098 134800362.85111284 135713384.66341442 135840091.955141 136567912.7748081 136680520.56205454 137378863.1022691 137427709.93821776 137586058.28738612 139778782.2923616 140270412.52143043 140497568.99865824 141020476.88133213 141308441.48027644 141976623.33551586 142301806.91860923

Equation: (2.914048752221087 ^ x2) * (x4 + x4)
Residuals:
2.316297322223966e+21 2.3301819238004498e+21 2.5066838289853375e+21 2.5529453252261194e+21 2.652168621772487e+21 2.8488663365431014e+21 3.135881377726336e+21 3.3157623257148854e+21 4.940816763508386e+21 5.363132062214195e+21 5.464900956388157e+21 5.492403141249137e+21 5.545181316460618e+21 8.448427684460489e+21 1.0048623519613246e+22 1.1908360038314358e+22 1.397354221606622e+22 1.4120374940114839e+22 1.4964615532828485e+22 1.988732131430748e+22

Equation: (0.9039958511124823 / 0.004731836985588877) * x2
Residuals:
135506114.13897407 137809203.8046981 138343148.9940763 138743986.63544834 140684292.15763068 141263413.072102 142233781.49888325 142403493.79017308 143223411.28793252 143370261.6783654 144077220.94392645 144208756.13143477 144448604.08262736 146767545.70426103 147332693.89050525 147611639.52445915 148176121.47971797 148468062.5714496 149154104.4762867 149577146.88000995

Equation: ((x3 + x3) + x3) - (-886.0367656240246 - x0)
Residuals:
135513056.6537499 137816146.6771477 138350103.75283036 138750943.85082698 140691255.07814077 141270387.48411164 142240772.23422712 142410494.3210145 143230482.7241017 143377347.04928803 144084308.81079027 144215843.7978773 144455692.57836038 146774708.67683226 147339886.90407985 147618862.35486194 148183372.7164555 148475315.12072858 149161366.52775568 149584458.99078688

Equation: (x3 + (x4 * (x0 * x2))) - (-886.0367656240246 - x0)
Residuals:
135439483.94574076 137742309.51296788 138275462.730577 138676087.90425524 140615677.2188222 141194407.309538 142164288.26477894 142333707.1579857 143152768.579437 143299251.44031012 144006134.90432328 144137030.6677555 144376261.1939229 146694106.3383024 147258565.0253347 147537028.13820133 148101150.85507601 148393052.22726262 149078912.98320282 149501162.00858843

Equation: (x1 + x1) * (-30.63680942222831 / (x1 / -15.643003257074461))
Residuals:
135513151.9532119 137816242.25307998 138350199.66729894 138751040.17695424 140691351.8804281 141270485.03932202 142240870.2009958 142410592.43715715 143230580.95071426 143377445.46960214 144084408.03500128 144215943.4053265 144455792.43116722 146774808.92694214 147339987.44972333 147618963.12648714 148183473.61605173 148475416.5338311 149161468.64713064 149584561.7184949

Equation: sin(x2) + ((x2 + x3) - ((-958.6701664655285 - x4) - sin(x3)))
Residuals:
135513027.86726847 137816118.0208881 138350075.1818474 138750915.49632668 140691226.96508288 141270359.7270496 142240744.61175692 142410466.79003558 143230454.88573146 143377319.11729997 144084281.28030986 144215816.3719472 144455665.20258588 146774680.93322375 147339858.91071877 147618834.13652351 148183344.29535955 148475286.87562674 149161338.40149677 149584430.61787072

Equation: (cos(1663.4733090438108) + x2) * ((344.6296795507587 - -624.7625745289657) / x2)
Residuals:
135513141.06440088 137816231.36426896 138350188.7784879 138751029.2881432 140691340.99161702 141270474.1505109 142240859.31218463 142410581.54834595 143230570.06190285 143377434.5807907 144084397.1461898 144215932.51651502 144455781.54235575 146774798.03813046 147339976.56091157 147618952.23767528 148183462.72723982 148475405.64501917 149161457.7583187 149584550.8296828

Equation: x1
Residuals:
328674.3099917078 329420.35574308294 331646.77170576993 337476.8083426372 346952.6185206319 351189.657824791 374315.0699446354 375815.9109272372 381608.595045124 386590.4621026822 390568.9035836925 394523.0495375004 397403.9125603874 401462.8942975734 407199.7082212496 408639.21894197044 423216.97550546256 423298.1414392799 426426.0558026537 430252.0690247358

Equation: x1 ^ x4
Residuals:
16419207592081.377 21751556141757.887 45104399222880.234 68469314750928.52 83052823546778.69 153902948119994.12 207490923626955.78 398715931245944.94 481863012282550.8 581646316266355.6 689732724743210.5 869065728877080.5 1048542153799842.6 1578066525843907.5 2213060569006875.5 2598947365590356.5 3748136338521287.5 5088933234072608.0 1.0879179341716924e+16 1.1300036497732776e+16

Equation: (x1 ^ x4) + x2
Residuals:
16419207592093.49 21751556141770.094 45104399222892.484 68469314750940.95 83052823546791.25 153902948120006.78 207490923626968.53 398715931245957.75 481863012282563.7 581646316266368.6 689732724743223.5 869065728877094.0 1048542153799856.1 1578066525843921.0 2213060569006889.2 2598947365590370.5 3748136338521301.5 5088933234072622.0 1.0879179341716938e+16 1.130003649773279e+16

Equation: x3 - -950.6193474366139
Residuals:
327723.84353884426 328469.83448087453 330696.1732801228 336526.4461579888 346001.9621250029 350239.08677453396 373364.5334660524 374865.1629059751 380657.795031818 385639.6865321138 389618.2505248475 393572.4789671576 396453.42360258463 400512.4618342256 406249.32897745137 407688.846179357 422266.5074161467 422347.74363852723 425475.5639795118 429301.5892666606

Equation: cos(x3) - -955.1331653160811
Residuals:
327730.53153257706 328476.56606217247 330702.96358930477 336533.2801653095 346009.0718725201 350246.2456351076 373371.75186399446 374872.7143537842 380665.50791299273 385647.423004018 389626.00420891895 393580.23421228706 396461.2778170724 400520.33726384724 406257.3147225891 407696.8654228229 422274.8090710334 422356.24216596596 425484.78133337 429310.8245578268

Equation: 953.4791911866215 + (x4 / x4)
Residuals:
327732.0745748177 328478.1411543976 330704.56993650744 336534.90317235555 346010.7242987607 350247.89449366694 373373.3940021278 374874.2837281362 380667.0269931975 385648.9341337531 389627.5094510266 393581.7389168694 396462.74730659253 400521.7989301157 406258.7343086366 407698.2717999525 422276.0974722348 422357.4427050056 425485.6376022005 429311.671947555

Equation: (cos(x3) / (x3 ^ x3)) - -954.4883315697028
Residuals:
327732.0654344346 328478.1320140145 330704.56079612434 336534.89403197245 346010.7151583776 350247.88535328384 373373.3848617447 374874.2745877531 380667.0178528144 385648.92499337 389627.5003106435 393581.7297764863 396462.7381662094 400521.7897897326 406258.72516825347 407698.2626595694 422276.0883318517 422357.4335646225 425485.6284618174 429311.6628071719

Equation: (cos(-1.911896094724681) / x3) - -954.5675224651039
Residuals:
327732.01391098025 328478.0803185555 330704.5088988036 336534.8420009013 346010.6624706701 350247.8325702859 373373.3319690972 374874.2211677776 380666.9642140639 385648.8713241298 389627.4466193722 393581.67608322564 396462.6843496448 400521.73594741884 406258.671195548 407698.208648351 422276.0340127922 422357.3790455994 425485.57327957073 429311.60760932724

Equation: (sin(cos(x3)) / (2.7379187553447992 ^ x3)) - -954.495625903146
Residuals:
327732.05813610787 328478.12471588637 330704.5534982444 336534.8867342626 346010.7078615121 350247.8780565374 373373.3775651333 374874.26729175565 380667.01055705256 385648.9176976401 389627.49301493645 393581.7224807813 396462.73087063024 400521.7824941792 406258.71787282795 407698.2553641807 422276.0810367428 422357.42626967974 425485.62116732245 429311.6555126853

Equation: (cos(x3 / 0.36481695513850176) / ((x3 * x2) * x3)) - -954.4869688317054
Residuals:
327732.0668846856 328478.1335732167 330704.56246998557 336534.895765808 346010.71702023514 350247.8872021888 373373.38668604905 374874.2761915386 380667.01932454924 385648.9264449833 389627.501748116 393581.7312101901 396462.7395250652 400521.79113314615 406258.7264352344 407698.26390579983 422276.08942602715 422357.43459182704 425485.6294999116 429311.6638518589

Equation: (cos(x3 / 0.3554173094611882) / (x3 / 0.06432357292446114)) - -954.4819732523702
Residuals:
327732.0763593401 328478.14338101196 330704.57238869637 336534.90558808134 346010.72445730254 350247.8940876188 373373.3928984609 374874.27904375497 380667.02102077805 385648.928004046 389627.50321169203 393581.7326678071 396462.7405141435 400521.79204000416 406258.7270167923 407698.26442081813 422276.08995683055 422357.4356515344 425485.63451202476 429311.6689749842

Equation: (cos(x3 / 0.3551978202842328) / (x4 + (x3 / 0.06930980651914985))) - -954.4818204593608
Residuals:
327732.0766025676 328478.14360490197 330704.57258083124 336534.9057613171 346010.72453942726 350247.8941563821 373373.3929557426 374874.2790802524 380667.0210662523 385648.92805246485 389627.50326190965 393581.73271917313 396462.7405765899 400521.7921077543 406258.72710166645 407698.2645119142 422276.0900973062 422357.43582639034 425485.6347750068 429311.66923896887

Equation: x0
Residuals:
18150251.315059397 18516451.7470159 18752386.90451438 18855456.687822647 18876340.2540346 18892071.243082643 19216885.19911156 19317089.15756528 19605202.7220319 20057366.57816898 20063805.64050153 20089788.55995218 20090317.27889993 20236786.343166344 20286661.06929436 20373582.033152223 20423081.004091356 20730308.600655444 20882505.669951335 21271476.633087344

Equation: x3 ^ x4
Residuals:
1.6721771454640489e+40 2.1778846497656837e+40 3.215704697810399e+40 3.644505956033646e+40 5.460029883990469e+40 6.66986587805928e+40 2.28742976208236e+41 2.634704789655134e+41 6.467634766600669e+41 7.673019690767592e+41 1.2541106973646584e+42 2.158275232023228e+42 6.32288981961938e+42 1.0591059549788744e+43 1.366526209800073e+43 1.7902190285392134e+43 2.1170558616428363e+43 3.163765051225342e+43 4.673648078875258e+43 5.456588067273691e+43

Equation: x0 + (x3 ^ x4)
Residuals:
1.6721771454640489e+40 2.1778846497656837e+40 3.215704697810399e+40 3.644505956033646e+40 5.460029883990469e+40 6.66986587805928e+40 2.28742976208236e+41 2.634704789655134e+41 6.467634766600669e+41 7.673019690767592e+41 1.2541106973646584e+42 2.158275232023228e+42 6.32288981961938e+42 1.0591059549788744e+43 1.366526209800073e+43 1.7902190285392134e+43 2.1170558616428363e+43 3.163765051225342e+43 4.673648078875258e+43 5.456588067273691e+43

Equation: x1 + 926.0394961866476
Residuals:
18149325.337922014 18515525.57708786 18751460.679372113 18854530.368859835 18875414.040770333 18891145.096695572 19215959.0314952 19316162.994561985 19604276.540437013 20056440.062243853 20062879.26202919 20088862.36470677 20089391.079586234 20235860.168553103 20285734.81385382 20372655.75677438 20422155.114403754 20729382.772164032 20881579.785103817 21270550.705612358

Equation: 930.683052390201 + sin(x0)
Residuals:
18149348.113648843 18515548.549599238 18751483.805325907 18854553.746135227 18875437.527483746 18891168.93468767 19215982.895137694 19316187.044676103 19604300.61697452 20056464.7061213 20062904.18482312 20088887.51348349 20089416.23769316 20235885.372742753 20285760.146362092 20372681.143020853 20422180.793523114 20729408.55967144 20881605.64379174 21270576.685956396

Equation: 930.0531342273538 - (x0 - x0)
Residuals:
18149349.134554643 18515549.56859043 18751484.776965763 18854554.64093802 18875438.315981936 18891169.51445459 19215983.47269551 19316187.526950467 19604301.095355142 20056465.06933777 20062904.34767321 20088887.491388455 20089416.213330645 20235885.31821265 20285760.07195965 20372681.055077538 20422180.47465682 20729408.206808712 20881605.2886827 21270576.32125942

Equation: 930.0528482690924 - (sin(930.0528482690924) ^ x2)
Residuals:
18149349.134840604 18515549.56887639 18751484.777251724 18854554.641223982 18875438.316267896 18891169.51474055 19215983.47298147 19316187.527236428 19604301.095641103 20056465.06962373 20062904.347959172 20088887.491674416 20089416.213616606 20235885.31849861 20285760.07224561 20372681.0553635 20422180.47494278 20729408.207094673 20881605.28896866 21270576.32154538

Equation: (x4 - x4) + (930.0296838574359 + (0.006035315666368473 * x2))
Residuals:
18149348.989941087 18515549.423920173 18751484.630974088 18854554.493644167 18875438.168286253 18891169.3665899 19215983.32477796 19316187.378330685 19604300.946367636 20056464.919837195 20062904.197504196 20088887.341212105 20089416.06270313 20235885.16673254 20285759.918428417 20372680.901526373 20422180.320291273 20729408.052240074 20881605.13345781 21270576.165214323

Equation: 930.0910353585584 - (sin(-66.4398535753118) / (x1 + (x2 + x2)))
Residuals:
18149349.102038667 18515549.53606071 18751484.744401366 18854554.608335517 18875438.28337094 18891169.48183126 19215983.44006965 19316187.494304635 19604301.062700458 20056465.036645275 20062904.314962678 20088887.458675317 20089416.180608153 20235885.28547242 20285760.039173152 20372681.022288322 20422180.441848394 20729408.173992127 20881605.2558497 21270576.288404588

