Equation: x4
Residual Differences:
-1226412769.8919733 -1243439168.1138957 -1255839983.3386242 -1263252785.3827024 -1267876845.2089894 -1269338598.3909616 -1270453413.3435085 -1270511479.0128179 -1273508966.9732203 -1281781018.8121662 -1283105194.8494916 -1283951000.8091843 -1284000214.392462 -1294347769.1424148 -1295292253.2935424 -1299140029.8985522 -1303548322.8551028 -1318361968.4933686 -1328223680.0133128 -1332924320.4246032

Equation: x1 ^ x3
Residual Differences:
-2.7160374526333373e+118 -4.684800509989711e+118 -7.343690578878377e+118 -1.1590813015265904e+119 -1.3320079897575447e+119 -1.1364976787453682e+120 -2.6991606152453894e+120 -3.912099921588755e+120 -4.443140014032762e+120 -1.3549452473160665e+121 -2.026829907144369e+121 -2.3891860496524587e+121 -7.759355981607927e+121 -9.234760085524013e+121 -1.1475932130202108e+122 -1.5528942082851568e+122 -1.983881964212531e+122 -3.2433916779616478e+122 -5.058016595110054e+122 -6.136646574507951e+122

Equation: (x0 ^ x3) - x1
Residual Differences:
-2.7180133149226533e+118 -4.926469002464396e+118 -7.14366793350916e+118 -9.885186134411506e+118 -1.2057645592561745e+119 -1.1918838148359674e+120 -2.7551485980078986e+120 -3.952757618318499e+120 -5.890942033980416e+120 -2.083616096522456e+121 -2.571288484128932e+121 -3.019344691459472e+121 -9.966033375493592e+121 -1.2985752208621656e+122 -1.732702688423779e+122 -2.221709231415901e+122 -2.653147961737459e+122 -4.12590938708586e+122 -5.364187613219285e+122 -6.263432009599794e+122

Equation: 111.42783359435747 * x2
Residual Differences:
-1226405857.5061266 -1243432262.497086 -1255833092.9310927 -1263245893.3905818 -1267869961.897065 -1269331704.728572 -1270446526.9452438 -1270504600.937041 -1273502075.2721736 -1281774133.3424683 -1283098318.212851 -1283944110.7786398 -1283993329.1562283 -1294340893.3245249 -1295285375.7180119 -1299133163.3923979 -1303541457.6903317 -1318355098.384955 -1328216807.9134843 -1332917447.9257524

Equation: (638.7137327465762 + x4) + sin(x4)
Residual Differences:
-1226412449.7719061 -1243438892.820122 -1255839877.859208 -1263252691.832135 -1267876845.0885396 -1269338598.2169874 -1270453413.1088984 -1270511478.7700596 -1273508966.662765 -1281781018.713292 -1283105194.7210093 -1283951000.6358402 -1284000214.232557 -1294347768.9540813 -1295292253.1135406 -1299140029.7186053 -1303548322.7110984 -1318361968.423101 -1328223679.9603398 -1332924320.4005718

Equation: x1 - (x3 - (x3 - -900.7114146650036))
Residual Differences:
-1226411926.5349548 -1243438369.4489255 -1255839354.3167222 -1263252168.0372663 -1267876541.1577396 -1269338433.1475608 -1270453374.27175 -1270511479.587739 -1273508967.5218196 -1281781019.6452067 -1283105195.5805223 -1283951001.4029164 -1284000214.9944124 -1294347769.6264088 -1295292253.8058121 -1299140030.3656833 -1303548323.2777965 -1318361969.0026598 -1328223680.1292222 -1332924320.3918164

Equation: cos(x3) - (x3 - (x3 - -900.7114146650036))
Residual Differences:
-1226411996.6492 -1243438439.772118 -1255839424.8475127 -1263252238.8461819 -1267876612.0689535 -1269338504.3239615 -1270453445.490225 -1270511541.7088993 -1273509029.6293867 -1281781081.6169775 -1283105257.6165204 -1283951063.5685995 -1284000277.0833063 -1294347831.8324304 -1295292315.940008 -1299140092.6220868 -1303548385.5657647 -1318362031.3745146 -1328223742.9262128 -1332924383.2503595

Equation: sin(cos(x4)) - (x3 - (x3 - -900.7114146650036))
Residual Differences:
-1226411996.5688064 -1243438439.6209996 -1255839424.656444 -1263252238.6219184 -1267876611.8689413 -1269338504.0373998 -1270453445.2647636 -1270511541.6457794 -1273509029.5634859 -1281781081.5746703 -1283105257.5988152 -1283951063.5340023 -1284000277.1368654 -1294347831.879102 -1295292316.045974 -1299140092.6551628 -1303548385.6371741 -1318362031.3080502 -1328223742.831255 -1332924383.237953

Equation: -476.2483170785697 - (x3 - (x3 - -1376.9571277318112))
Residual Differences:
-1226411994.8964458 -1243438437.944939 -1255839422.9844756 -1263252236.9588315 -1267876610.2202837 -1269338502.414481 -1270453443.6632822 -1270511541.5769544 -1273509029.4430485 -1281781081.514972 -1283105257.495338 -1283951063.3774695 -1284000276.9440389 -1294347831.6085553 -1295292315.7086818 -1299140092.2784817 -1303548385.1965992 -1318362030.9349735 -1328223742.3838918 -1332924382.655605

Equation: (sin(cos(x4)) * 0.00026285930944666057) - (x3 - (x3 - -900.708943221304))
Residual Differences:
-1226411994.8966215 -1243438437.9451158 -1255839422.984651 -1263252236.9590049 -1267876610.2204535 -1269338502.4146435 -1270453443.6634393 -1270511541.5769722 -1273509029.4430802 -1281781081.5149875 -1283105257.4953651 -1283951063.3775105 -1284000276.9440894 -1294347831.6086264 -1295292315.7087705 -1299140092.2785807 -1303548385.196715 -1318362030.9350715 -1328223742.3840094 -1332924382.6557584

Equation: x4
Residual Differences:
-1226412769.8919733 -1243439168.1138957 -1255839983.3386242 -1263252785.3827024 -1267876845.2089894 -1269338598.3909616 -1270453413.3435085 -1270511479.0128179 -1273508966.9732203 -1281781018.8121662 -1283105194.8494916 -1283951000.8091843 -1284000214.392462 -1294347769.1424148 -1295292253.2935424 -1299140029.8985522 -1303548322.8551028 -1318361968.4933686 -1328223680.0133128 -1332924320.4246032

Equation: x1 ^ x3
Residual Differences:
-2.7160374526333373e+118 -4.684800509989711e+118 -7.343690578878377e+118 -1.1590813015265904e+119 -1.3320079897575447e+119 -1.1364976787453682e+120 -2.6991606152453894e+120 -3.912099921588755e+120 -4.443140014032762e+120 -1.3549452473160665e+121 -2.026829907144369e+121 -2.3891860496524587e+121 -7.759355981607927e+121 -9.234760085524013e+121 -1.1475932130202108e+122 -1.5528942082851568e+122 -1.983881964212531e+122 -3.2433916779616478e+122 -5.058016595110054e+122 -6.136646574507951e+122

Equation: (x0 ^ x3) - x1
Residual Differences:
-2.7180133149226533e+118 -4.926469002464396e+118 -7.14366793350916e+118 -9.885186134411506e+118 -1.2057645592561745e+119 -1.1918838148359674e+120 -2.7551485980078986e+120 -3.952757618318499e+120 -5.890942033980416e+120 -2.083616096522456e+121 -2.571288484128932e+121 -3.019344691459472e+121 -9.966033375493592e+121 -1.2985752208621656e+122 -1.732702688423779e+122 -2.221709231415901e+122 -2.653147961737459e+122 -4.12590938708586e+122 -5.364187613219285e+122 -6.263432009599794e+122

Equation: 111.42783359435747 * x2
Residual Differences:
-1226405857.5061266 -1243432262.497086 -1255833092.9310927 -1263245893.3905818 -1267869961.897065 -1269331704.728572 -1270446526.9452438 -1270504600.937041 -1273502075.2721736 -1281774133.3424683 -1283098318.212851 -1283944110.7786398 -1283993329.1562283 -1294340893.3245249 -1295285375.7180119 -1299133163.3923979 -1303541457.6903317 -1318355098.384955 -1328216807.9134843 -1332917447.9257524

Equation: (638.7137327465762 + x4) + sin(x4)
Residual Differences:
-1226412449.7719061 -1243438892.820122 -1255839877.859208 -1263252691.832135 -1267876845.0885396 -1269338598.2169874 -1270453413.1088984 -1270511478.7700596 -1273508966.662765 -1281781018.713292 -1283105194.7210093 -1283951000.6358402 -1284000214.232557 -1294347768.9540813 -1295292253.1135406 -1299140029.7186053 -1303548322.7110984 -1318361968.423101 -1328223679.9603398 -1332924320.4005718

Equation: x1 - (x3 - (x3 - -900.7114146650036))
Residual Differences:
-1226411926.5349548 -1243438369.4489255 -1255839354.3167222 -1263252168.0372663 -1267876541.1577396 -1269338433.1475608 -1270453374.27175 -1270511479.587739 -1273508967.5218196 -1281781019.6452067 -1283105195.5805223 -1283951001.4029164 -1284000214.9944124 -1294347769.6264088 -1295292253.8058121 -1299140030.3656833 -1303548323.2777965 -1318361969.0026598 -1328223680.1292222 -1332924320.3918164

Equation: cos(x3) - (x3 - (x3 - -900.7114146650036))
Residual Differences:
-1226411996.6492 -1243438439.772118 -1255839424.8475127 -1263252238.8461819 -1267876612.0689535 -1269338504.3239615 -1270453445.490225 -1270511541.7088993 -1273509029.6293867 -1281781081.6169775 -1283105257.6165204 -1283951063.5685995 -1284000277.0833063 -1294347831.8324304 -1295292315.940008 -1299140092.6220868 -1303548385.5657647 -1318362031.3745146 -1328223742.9262128 -1332924383.2503595

Equation: sin(cos(x4)) - (x3 - (x3 - -900.7114146650036))
Residual Differences:
-1226411996.5688064 -1243438439.6209996 -1255839424.656444 -1263252238.6219184 -1267876611.8689413 -1269338504.0373998 -1270453445.2647636 -1270511541.6457794 -1273509029.5634859 -1281781081.5746703 -1283105257.5988152 -1283951063.5340023 -1284000277.1368654 -1294347831.879102 -1295292316.045974 -1299140092.6551628 -1303548385.6371741 -1318362031.3080502 -1328223742.831255 -1332924383.237953

Equation: -476.2483170785697 - (x3 - (x3 - -1376.9571277318112))
Residual Differences:
-1226411994.8964458 -1243438437.944939 -1255839422.9844756 -1263252236.9588315 -1267876610.2202837 -1269338502.414481 -1270453443.6632822 -1270511541.5769544 -1273509029.4430485 -1281781081.514972 -1283105257.495338 -1283951063.3774695 -1284000276.9440389 -1294347831.6085553 -1295292315.7086818 -1299140092.2784817 -1303548385.1965992 -1318362030.9349735 -1328223742.3838918 -1332924382.655605

Equation: (sin(cos(x4)) * 0.00026285930944666057) - (x3 - (x3 - -900.708943221304))
Residual Differences:
-1226411994.8966215 -1243438437.9451158 -1255839422.984651 -1263252236.9590049 -1267876610.2204535 -1269338502.4146435 -1270453443.6634393 -1270511541.5769722 -1273509029.4430802 -1281781081.5149875 -1283105257.4953651 -1283951063.3775105 -1284000276.9440894 -1294347831.6086264 -1295292315.7087705 -1299140092.2785807 -1303548385.196715 -1318362030.9350715 -1328223742.3840094 -1332924382.6557584

Equation: x4
Residual Differences:
-1226412769.8919733 -1243439168.1138957 -1255839983.3386242 -1263252785.3827024 -1267876845.2089894 -1269338598.3909616 -1270453413.3435085 -1270511479.0128179 -1273508966.9732203 -1281781018.8121662 -1283105194.8494916 -1283951000.8091843 -1284000214.392462 -1294347769.1424148 -1295292253.2935424 -1299140029.8985522 -1303548322.8551028 -1318361968.4933686 -1328223680.0133128 -1332924320.4246032

Equation: x1 ^ x3
Residual Differences:
-2.7160374526333373e+118 -4.684800509989711e+118 -7.343690578878377e+118 -1.1590813015265904e+119 -1.3320079897575447e+119 -1.1364976787453682e+120 -2.6991606152453894e+120 -3.912099921588755e+120 -4.443140014032762e+120 -1.3549452473160665e+121 -2.026829907144369e+121 -2.3891860496524587e+121 -7.759355981607927e+121 -9.234760085524013e+121 -1.1475932130202108e+122 -1.5528942082851568e+122 -1.983881964212531e+122 -3.2433916779616478e+122 -5.058016595110054e+122 -6.136646574507951e+122

Equation: (x0 ^ x3) - x1
Residual Differences:
-2.7180133149226533e+118 -4.926469002464396e+118 -7.14366793350916e+118 -9.885186134411506e+118 -1.2057645592561745e+119 -1.1918838148359674e+120 -2.7551485980078986e+120 -3.952757618318499e+120 -5.890942033980416e+120 -2.083616096522456e+121 -2.571288484128932e+121 -3.019344691459472e+121 -9.966033375493592e+121 -1.2985752208621656e+122 -1.732702688423779e+122 -2.221709231415901e+122 -2.653147961737459e+122 -4.12590938708586e+122 -5.364187613219285e+122 -6.263432009599794e+122

Equation: 111.42783359435747 * x2
Residual Differences:
-1226405857.5061266 -1243432262.497086 -1255833092.9310927 -1263245893.3905818 -1267869961.897065 -1269331704.728572 -1270446526.9452438 -1270504600.937041 -1273502075.2721736 -1281774133.3424683 -1283098318.212851 -1283944110.7786398 -1283993329.1562283 -1294340893.3245249 -1295285375.7180119 -1299133163.3923979 -1303541457.6903317 -1318355098.384955 -1328216807.9134843 -1332917447.9257524

Equation: (638.7137327465762 + x4) + sin(x4)
Residual Differences:
-1226412449.7719061 -1243438892.820122 -1255839877.859208 -1263252691.832135 -1267876845.0885396 -1269338598.2169874 -1270453413.1088984 -1270511478.7700596 -1273508966.662765 -1281781018.713292 -1283105194.7210093 -1283951000.6358402 -1284000214.232557 -1294347768.9540813 -1295292253.1135406 -1299140029.7186053 -1303548322.7110984 -1318361968.423101 -1328223679.9603398 -1332924320.4005718

Equation: x1 - (x3 - (x3 - -900.7114146650036))
Residual Differences:
-1226411926.5349548 -1243438369.4489255 -1255839354.3167222 -1263252168.0372663 -1267876541.1577396 -1269338433.1475608 -1270453374.27175 -1270511479.587739 -1273508967.5218196 -1281781019.6452067 -1283105195.5805223 -1283951001.4029164 -1284000214.9944124 -1294347769.6264088 -1295292253.8058121 -1299140030.3656833 -1303548323.2777965 -1318361969.0026598 -1328223680.1292222 -1332924320.3918164

Equation: cos(x3) - (x3 - (x3 - -900.7114146650036))
Residual Differences:
-1226411996.6492 -1243438439.772118 -1255839424.8475127 -1263252238.8461819 -1267876612.0689535 -1269338504.3239615 -1270453445.490225 -1270511541.7088993 -1273509029.6293867 -1281781081.6169775 -1283105257.6165204 -1283951063.5685995 -1284000277.0833063 -1294347831.8324304 -1295292315.940008 -1299140092.6220868 -1303548385.5657647 -1318362031.3745146 -1328223742.9262128 -1332924383.2503595

Equation: sin(cos(x4)) - (x3 - (x3 - -900.7114146650036))
Residual Differences:
-1226411996.5688064 -1243438439.6209996 -1255839424.656444 -1263252238.6219184 -1267876611.8689413 -1269338504.0373998 -1270453445.2647636 -1270511541.6457794 -1273509029.5634859 -1281781081.5746703 -1283105257.5988152 -1283951063.5340023 -1284000277.1368654 -1294347831.879102 -1295292316.045974 -1299140092.6551628 -1303548385.6371741 -1318362031.3080502 -1328223742.831255 -1332924383.237953

Equation: -476.2483170785697 - (x3 - (x3 - -1376.9571277318112))
Residual Differences:
-1226411994.8964458 -1243438437.944939 -1255839422.9844756 -1263252236.9588315 -1267876610.2202837 -1269338502.414481 -1270453443.6632822 -1270511541.5769544 -1273509029.4430485 -1281781081.514972 -1283105257.495338 -1283951063.3774695 -1284000276.9440389 -1294347831.6085553 -1295292315.7086818 -1299140092.2784817 -1303548385.1965992 -1318362030.9349735 -1328223742.3838918 -1332924382.655605

Equation: (sin(cos(x4)) * 0.00026285930944666057) - (x3 - (x3 - -900.708943221304))
Residual Differences:
-1226411994.8966215 -1243438437.9451158 -1255839422.984651 -1263252236.9590049 -1267876610.2204535 -1269338502.4146435 -1270453443.6634393 -1270511541.5769722 -1273509029.4430802 -1281781081.5149875 -1283105257.4953651 -1283951063.3775105 -1284000276.9440894 -1294347831.6086264 -1295292315.7087705 -1299140092.2785807 -1303548385.196715 -1318362030.9350715 -1328223742.3840094 -1332924382.6557584

Equation: cos(x0)
Residual Differences:
-133744.77325854843 -150999.49461858426 -151455.38277279594 -155983.19026555232 -168260.7777583587 -173405.79374708555 -174462.3939415905 -175692.31074056606 -178789.26034156934 -179449.95912869327 -180238.20293230467 -181777.80820530397 -183231.34197402128 -186362.8649099652 -188240.36366815135 -195981.29979733936 -199620.75702746626 -204564.02232488952 -218210.89950720695 -241240.4480043186

Equation: x1 ^ x3
Residual Differences:
-33145306944.791756 -43909534491.83385 -113550240262.34274 -155757327548.8568 -256208183991.48285 -291183430710.38184 -561349022825.9185 -654176605668.6647 -742084736103.164 -1596156908133.5012 -2047194012821.1633 -2264794691099.605 -2791811951342.837 -3494012658052.326 -3883036717745.6533 -4039062026510.356 -5204513072522.819 -7519799923631.271 -7960454927298.32 -15273075637457.498

Equation: (x3 ^ x2) - cos(x2)
Residual Differences:
-35815832376.64275 -41484861157.85602 -63741154256.73153 -77521016987.39539 -93183520052.24994 -137064415658.72934 -182148899810.15845 -229618050163.97723 -294825148268.49 -536126471062.1715 -750056936512.0063 -1448060631240.2727 -1745109024435.6975 -2136568569983.46 -2276140716983.0933 -3185890626677.8604 -3547212599795.3896 -4583419264682.283 -6714657553128.28 -16445672091068.473

Equation: (x1 ^ x4) + (x3 ^ x1)
Residual Differences:
-81883746611.30605 -119794067939.56764 -188685776112.1523 -333493853112.22394 -463580998125.8823 -582587291458.8073 -898647181791.2139 -994054169857.8325 -1192447262952.8928 -2212016706196.3906 -2599146864590.133 -2747248184052.014 -4312719197571.792 -5331228309331.536 -5961271188106.183 -6427582779783.776 -8551225914577.487 -15051104984883.96 -17675462317585.062 -22238549549952.848

Equation: (x4 * x3) * (x2 * (x0 + x1))
Residual Differences:
-111082.75898913365 -127816.53232730672 -127025.39821586924 -130244.24091761281 -141726.82994758556 -146041.51936541195 -145564.37922167085 -146354.39891405386 -148683.7813276586 -147610.829679727 -147392.01382193662 -147715.68639729873 -148434.72526643513 -150319.50380307948 -151965.15806654294 -159133.1950608966 -162217.53499827403 -165529.11729710668 -178395.25019762397 -199436.1625090056

Equation: ((x3 + x3) * x4) * (x2 * (x0 + x1))
Residual Differences:
-88420.4410153468 -104633.2132178753 -102594.9654983109 -104504.77528846408 -115192.22628372662 -118676.5252134647 -116665.54673727836 -117015.7135130222 -118577.5113966954 -115770.97857294416 -114415.104824209 -113342.72307904015 -113214.15851264798 -113648.12021503007 -114770.89337353011 -121455.63741099648 -123681.12873419367 -125555.69069083907 -137271.4378901214 -156049.3989183244

Equation: x4 + (cos(cos(x3)) / (0.2500909918501632 * 0.004296393257002176))
Residual Differences:
-133337.5755744292 -150742.96113801084 -151068.47710696657 -155591.48028344385 -167868.79278709987 -173041.4348447042 -174134.8470719374 -175430.96257560488 -178585.20844836012 -179363.48970097967 -180234.7507539344 -181827.61274359774 -183295.84054954853 -186523.70849858166 -188434.76862075276 -196181.90416929947 -199862.1142454766 -204850.74509559484 -218494.1624298945 -241576.11051687336

Equation: (2.551611501820042 / sin(cos(935.8238714195134))) * 294.32436319161224
Residual Differences:
-132717.8277559392 -150450.30202975683 -150967.61092644624 -155519.44353978022 -167940.66440446326 -173120.3235103779 -174273.18669908206 -175508.03670810422 -178790.0512586218 -179450.68078650988 -180239.04263025036 -181778.76718887768 -183232.26262297496 -186363.96884381125 -188241.37547276463 -195982.19805600768 -199621.5594943345 -204564.81197665603 -218211.59661456547 -241241.0265798916

Equation: x0
Residual Differences:
-7186913064.925761 -7303831947.975573 -7324470493.612376 -7334829287.079062 -7342172516.409986 -7354391287.44322 -7366194666.155818 -7379346877.88054 -7379820032.070567 -7391986001.888832 -7410742721.393036 -7415139858.3752575 -7434144339.229714 -7448066695.750736 -7455816481.46197 -7460961891.474054 -7494836787.092989 -7512000762.809717 -7573268155.597088 -7573789298.086677

Equation: x3 ^ x0
Residual Differences:
-1.0896631107958846e+184 -1.582536221226806e+184 -1.8510954927553792e+184 -3.3526801733089284e+184 -8.428726116605238e+184 -1.390395209797461e+185 -1.6195685621690172e+185 -2.0209699684461493e+185 -2.76975159645766e+185 -7.071810329698751e+185 -7.366886522242848e+185 -2.075136786554525e+186 -2.658415794723688e+186 -4.9824299654026665e+186 -8.155507480077172e+186 -1.637901792164148e+187 -2.073932428147473e+187 -2.2355434307754487e+187 -2.607993401562522e+187 -7.395014690740507e+187

Equation: (x3 - cos(x0)) ^ x0
Residual Differences:
-5.447744840126183e+183 -7.774804428015658e+183 -8.945399007950529e+183 -1.4952800142427934e+184 -3.3818023676584328e+184 -5.35489370138301e+184 -6.2433014295843416e+184 -7.7081005877373e+184 -1.0498201443751678e+185 -2.5879805431360005e+185 -2.6966837081867268e+185 -7.649864484957339e+185 -9.841471965083109e+185 -1.8960382852686565e+186 -3.2133711063338134e+186 -6.757481265300894e+186 -8.776482614115226e+186 -9.515559049622788e+186 -1.119937946660521e+187 -3.575157345539727e+187

Equation: x3 / cos(1.5625249310732279)
Residual Differences:
-7186902252.803913 -7303821120.91565 -7324459661.114342 -7334818472.191238 -7342161712.576644 -7354380488.508282 -7366183863.961648 -7379336083.041187 -7379809225.017804 -7391975198.334275 -7410731928.715144 -7415129065.949735 -7434133540.982596 -7448055893.990861 -7455805689.989998 -7460951089.75392 -7494826000.223827 -7511989983.376878 -7573257373.977329 -7573778508.288211

Equation: (x0 / x2) / 0.001034759170801291
Residual Differences:
-7186912245.201914 -7303831263.108086 -7324470125.19438 -7334829014.491561 -7342172330.472458 -7354391090.620333 -7366194483.579194 -7379346817.063238 -7379820008.644476 -7391986056.558654 -7410742817.807822 -7415139945.033399 -7434144431.323626 -7448066780.095575 -7455816569.882497 -7460961976.298404 -7494836866.535791 -7512000858.576972 -7573268238.695262 -7573789397.439341

Equation: (x4 + x3) / cos(1.5625249310732279)
Residual Differences:
-7186890916.470751 -7303809844.493091 -7324448656.637181 -7334807486.642214 -7342150756.926811 -7354369477.129313 -7366172813.729743 -7379325110.5892105 -7379798243.710432 -7391964266.308654 -7410721002.762562 -7415118150.751782 -7434122632.035957 -7448044993.457336 -7455794790.185549 -7460940188.08694 -7494815106.807613 -7511979100.848526 -7573246476.615609 -7573767614.1633835

Equation: ((x0 / x0) / 0.001034759170801291) + x0
Residual Differences:
-7186912159.850473 -7303831160.598286 -7324470040.670489 -7334828925.498375 -7342172221.516097 -7354391004.359133 -7366194383.580131 -7379346729.033651 -7379819905.884479 -7391985971.2413435 -7410742721.393035 -7415139858.3752575 -7434144339.229715 -7448066695.750736 -7455816481.461969 -7460961891.474055 -7494836787.092988 -7512000762.809717 -7573268155.597088 -7573789298.086676

Equation: ((x0 / x0) / 0.001034759170801291) + (x3 + x0)
Residual Differences:
-7186912063.536194 -7303831063.902585 -7324469943.921055 -7334828828.529197 -7342172124.444449 -7354390907.20818 -7366194286.16584 -7379346631.436396 -7379819808.015989 -7391985873.3103695 -7410742631.378112 -7415139768.361178 -7434144249.168688 -7448066605.659971 -7455816391.456776 -7460961801.383756 -7494836697.125908 -7512000672.905196 -7573268065.674577 -7573789208.0965

Equation: ((x0 / x0) / 0.0010252010692465383) + sin(0.397827987053105 * x3)
Residual Differences:
-7186912237.953281 -7303831238.693228 -7324470118.897686 -7334829003.962912 -7342172300.19214 -7354391083.2822275 -7366194462.546924 -7379346808.1168375 -7379819984.95138 -7391986050.6799965 -7410742812.793623 -7415139949.868553 -7434144430.507154 -7448066787.094724 -7455816572.739546 -7460961982.691654 -7494836878.250869 -7512000853.819431 -7573268246.552295 -7573789388.958417

Equation: ((1.5774375952232946 / 45.75304187759015) / (64.28452896554639 + 63.72181294558856)) + 976.4106149439524
Residual Differences:
-7186912236.34036 -7303831237.182061 -7324470117.404227 -7334829002.501247 -7342172298.740495 -7354391081.841558 -7366194461.165101 -7379346806.761779 -7379819983.667789 -7391986049.403247 -7410742811.515644 -7415139948.648263 -7434144429.357002 -7448066785.960666 -7455816571.614266 -7460961981.667449 -7494836877.240244 -7512000852.829787 -7573268245.6051445 -7573789388.09672

Equation: x4
Residual Differences:
-4954509.467511004 -5069242.044246245 -5077125.414247367 -5127248.054355406 -5195013.698728244 -5210256.627972338 -5215843.741327536 -5274583.13705763 -5306574.710501283 -5367271.071968171 -5406586.3018541075 -5411740.983786172 -5419144.717417963 -5575083.67753085 -5581679.503897838 -5684589.105276856 -5761540.859651862 -5811190.795515524 -5828118.893772958 -6042396.691401245

Equation: x3 ^ x4
Residual Differences:
-1.9636514842691506e+28 -2.431925673941697e+28 -2.478069564280336e+28 -3.1967004390034787e+28 -6.103580768059176e+28 -6.36705303952219e+28 -1.422045949932449e+29 -2.7575433053843093e+29 -3.9661973402456126e+29 -4.9603030343165795e+29 -6.901716392866864e+29 -7.22910734586159e+29 -7.720045770477125e+29 -9.53290865163076e+29 -2.545335969404375e+30 -2.848039311318125e+30 -6.323400843766663e+30 -6.608783492090299e+30 -2.337887210820282e+31 -3.6396835417710113e+31

Equation: x4 + (x3 ^ x4)
Residual Differences:
-1.9636514842691506e+28 -2.431925673941697e+28 -2.478069564280336e+28 -3.1967004390034787e+28 -6.103580768059176e+28 -6.36705303952219e+28 -1.422045949932449e+29 -2.7575433053843093e+29 -3.9661973402456126e+29 -4.9603030343165795e+29 -6.901716392866864e+29 -7.22910734586159e+29 -7.720045770477125e+29 -9.53290865163076e+29 -2.545335969404375e+30 -2.848039311318125e+30 -6.323400843766663e+30 -6.608783492090299e+30 -2.337887210820282e+31 -3.6396835417710113e+31

Equation: 1011.385564680283 + x2
Residual Differences:
-4953532.832277433 -5068409.86269586 -5076472.702608056 -5126600.913548963 -5194498.567265155 -5209837.1021577865 -5215504.416780698 -5274339.353605766 -5306338.250457337 -5367041.9647560455 -5406435.366688108 -5411660.867833871 -5419122.161804602 -5575075.821041082 -5581679.187492247 -5684588.689315699 -5761540.544520474 -5811190.463678714 -5828118.850304375 -6042396.778975585

Equation: 1014.7518158324722 - sin(x2)
Residual Differences:
-4953551.175717899 -5068428.219187557 -5076491.08431965 -5126619.302062371 -5194516.961465663 -5209855.512407729 -5215522.839933674 -5274357.799375299 -5306356.705840973 -5367060.45849084 -5406453.877162225 -5411679.422713815 -5419140.769667957 -5575094.475139426 -5581697.7434998015 -5684607.23081339 -5761559.043843923 -5811208.864057001 -5828137.150722554 -6042415.000054746

Equation: 1015.3963271803163 + (x2 - x2)
Residual Differences:
-4953549.180746112 -5068426.373517301 -5076489.39877388 -5126617.814818028 -5194515.598258133 -5209854.359592501 -5215521.934350985 -5274357.095752675 -5306356.151196067 -5367060.047872651 -5406453.54008912 -5411679.1855758475 -5419140.653057529 -5575094.407511739 -5581697.456353939 -5684607.011319603 -5761558.839124691 -5811208.688650045 -5828137.005488679 -6042414.884095407

Equation: (-0.18220920639509686 / x2) + 1015.4427086906264
Residual Differences:
-4953549.155644007 -5068426.346480716 -5076489.371250856 -5126617.784622539 -5194515.566135398 -5209854.326059513 -5215521.899674797 -5274357.05929544 -5306356.114155124 -5367060.009186606 -5406453.500852324 -5411679.145143728 -5419140.611527478 -5575094.365182972 -5581697.423669135 -5684606.979169804 -5761558.807529532 -5811208.658106199 -5828136.975799365 -6042414.8550068075

Equation: 1015.3836131600473 + (-0.019726604214938423 * sin(x2))
Residual Differences:
-4953549.22010013 -5068426.409926107 -5076489.432023974 -5126617.844156309 -5194515.625149588 -5209854.382333631 -5215521.952215056 -5274357.10963276 -5306356.162137327 -5367060.055972752 -5406453.546738427 -5411679.190253774 -5419140.655357856 -5575094.408845803 -5581697.462018352 -5684607.015649469 -5761558.843163107 -5811208.692110227 -5828137.008353649 -6042414.886382891

Equation: (cos(cos(x2)) * 0.040398178326124794) + 1015.3647394915076
Residual Differences:
-4953549.192814056 -5068426.3866636325 -5076489.4144761795 -5126617.830412553 -5194515.612763697 -5209854.374473726 -5215521.94935732 -5274357.1087718485 -5306356.163310437 -5367060.057296162 -5406453.548407036 -5411679.191693066 -5419140.656848452 -5575094.409950753 -5581697.465509752 -5684607.018802577 -5761558.8462672345 -5811208.694941803 -5828137.010744515 -6042414.8882959215

Equation: ((sin(x2) * x3) * -0.0053784376862041515) + 1015.3829721813094
Residual Differences:
-4953549.282244266 -5068426.468322183 -5076489.477572895 -5126617.886402934 -5194515.667492384 -5209854.412432282 -5215521.964680454 -5274357.112861477 -5306356.153415164 -5367060.042319014 -5406453.528052359 -5411679.1673852075 -5419140.624919517 -5575094.375786538 -5581697.3957527885 -5684606.941322897 -5761558.767012962 -5811208.6127302535 -5828136.925814011 -6042414.802427972

Equation: (sin(-0.005599590726110805) * (sin(x2) * x4)) + 1015.3819499112145
Residual Differences:
-4953549.287838725 -5068426.473402924 -5076489.481873106 -5126617.889906554 -5194515.670643678 -5209854.415182296 -5215521.966765519 -5274357.114519709 -5306356.154810903 -5367060.043088463 -5406453.528838964 -5411679.168003261 -5419140.625383131 -5575094.376858092 -5581697.3946049325 -5684606.940072361 -5761558.764979835 -5811208.610745718 -5828136.923645203 -6042414.799517335

Equation: x4
Residual Differences:
-135513495.74037588 -137816567.96611583 -138350489.51753396 -138751269.21857065 -140691540.50280485 -141270633.4957901 -142240997.9512623 -142410676.26566592 -143230578.3260201 -143377389.68469638 -144084300.91041273 -144215824.0625985 -144455629.3503085 -146774605.004161 -147339637.3745147 -147618539.80776638 -148182975.14853355 -148474910.80710354 -149160928.25072405 -149583802.57686824

Equation: x0 ^ x4
Residual Differences:
-9.707605629688604e+67 -1.485814396067231e+68 -3.723230148903087e+68 -5.361018925451536e+68 -1.1733707323740819e+69 -1.9550585463948224e+69 -3.1039703262331716e+69 -3.527361980806956e+69 -4.6972605292765905e+69 -7.586344905194637e+69 -8.088468073789852e+69 -1.8395802638635262e+70 -3.9062556097257014e+70 -6.193476157743758e+70 -1.1978175942659803e+71 -1.6315677824704652e+71 -1.7627890533591391e+71 -1.8348334445698053e+71 -2.1496088947415687e+71 -2.809446615310504e+71

Equation: (x0 ^ x4) + x1
Residual Differences:
-9.707605629688604e+67 -1.485814396067231e+68 -3.723230148903087e+68 -5.361018925451536e+68 -1.1733707323740819e+69 -1.9550585463948224e+69 -3.1039703262331716e+69 -3.527361980806956e+69 -4.6972605292765905e+69 -7.586344905194637e+69 -8.088468073789852e+69 -1.8395802638635262e+70 -3.9062556097257014e+70 -6.193476157743758e+70 -1.1978175942659803e+71 -1.6315677824704652e+71 -1.7627890533591391e+71 -1.8348334445698053e+71 -2.1496088947415687e+71 -2.809446615310504e+71

Equation: (x0 ^ x4) + (x2 ^ x3)
Residual Differences:
-1.9154006378137569e+68 -2.749414033473772e+68 -5.326633034638412e+68 -8.03798282115574e+68 -1.551788207667069e+69 -2.9443007026003854e+69 -4.7085409643966206e+69 -5.300148334898161e+69 -7.363793213015634e+69 -1.1199180427671502e+70 -1.7987804583114637e+70 -3.1224340688207665e+70 -5.30995949717513e+70 -9.011451577967264e+70 -1.6370736703331104e+71 -2.2770038004041356e+71 -2.5910412082787004e+71 -3.425272529518899e+71 -6.190536340428666e+71 -1.2234778886647003e+72

Equation: ((x0 + x0) * (x2 * x4)) * x0
Residual Differences:
-129323309.79881302 -131597450.89444949 -132034054.84506053 -132414827.44639823 -134260129.49483833 -134799920.0234786 -135712943.9010043 -135839635.75725508 -136567419.32708576 -136680037.85699734 -137378365.84471807 -137427253.02995807 -137585616.1007747 -139778366.09644276 -140269934.44348058 -140497088.0096017 -141019983.1723172 -141308045.58602837 -141976263.53974378 -142301349.38769728

Equation: (2.914048752221087 ^ x2) * (x4 + x4)
Residual Differences:
-2.316297322223966e+21 -2.3301819238004498e+21 -2.5066838289853375e+21 -2.5529453252261194e+21 -2.652168621772487e+21 -2.8488663365431014e+21 -3.135881377726336e+21 -3.3157623257148854e+21 -4.940816763508386e+21 -5.363132062214195e+21 -5.464900956388157e+21 -5.492403141249137e+21 -5.545181316460618e+21 -8.448427684460489e+21 -1.0048623519613246e+22 -1.1908360038314358e+22 -1.397354221606622e+22 -1.4120374940114839e+22 -1.4964615532828485e+22 -1.988732131430748e+22

Equation: (0.9039958511124823 / 0.004731836985588877) * x2
Residual Differences:
-135506104.26586396 -137809188.36617234 -138343148.81336182 -138743932.45918941 -140684215.17825168 -141263329.31625128 -142233690.7900083 -142403367.0553882 -143223226.2984719 -143370050.28726557 -144076959.97565824 -144208502.64163718 -144448325.12595963 -146767253.08847675 -147332271.17822835 -147611170.35635665 -148175583.14144665 -148467540.2569394 -149153564.10584748 -149576416.84850395

Equation: ((x3 + x3) + x3) - (-886.0367656240246 - x0)
Residual Differences:
-135512734.3605843 -137815842.07138208 -138349834.31116474 -138750734.91656137 -140691085.98837513 -141270258.170246 -142240663.3411615 -142410429.17404887 -143230461.97476733 -143377273.53055367 -144084184.2722559 -144215707.38064295 -144455512.90232602 -146774488.4306979 -147339520.96054548 -147618423.66462758 -148182859.12552112 -148474794.74029422 -149160811.5958213 -149583685.9123525

Equation: (x3 + (x4 * (x0 * x2))) - (-886.0367656240246 - x0)
Residual Differences:
-135439138.7257659 -137741979.2479174 -138275164.17482007 -138675848.75582904 -140615473.8312849 -141194239.4504678 -142164138.18507624 -142333598.30633655 -143152740.72913817 -143299232.40205032 -144006067.57815015 -144136956.34608498 -144376148.49567187 -146693959.5700835 -147258279.07064894 -147536675.3620395 -148100727.29553005 -148392629.73124212 -149078461.94453 -149500501.68685776

Equation: (x1 + x1) * (-30.63680942222831 / (x1 / -15.643003257074461))
Residual Differences:
-135512769.36019275 -137815877.70786083 -138349870.9363798 -138750772.2221351 -140691124.30490896 -141270297.57770285 -142240703.46677664 -142410469.676338 -143230544.7192951 -143377428.55302128 -144084339.72632045 -144215862.93564564 -144455668.28798637 -146774643.8624613 -147339676.2791425 -147618578.6964063 -148183013.9978709 -148474949.55545026 -149160966.9154498 -149583841.17221406

Equation: sin(x2) + ((x2 + x3) - ((-958.6701664655285 - x4) - sin(x3)))
Residual Differences:
-135512635.75302145 -137815743.87872022 -138349736.70875674 -138750637.73563457 -140690989.46648988 -141270162.24924245 -142240567.72291657 -142410333.80595964 -143230408.23251212 -143377312.79980886 -144084223.67223096 -144215746.78546217 -144455552.1262594 -146774527.23476377 -147339559.3312387 -147618461.60693884 -148182896.7006707 -148474832.28920674 -149160849.3305193 -149583723.22600046

Equation: (cos(1663.4733090438108) + x2) * ((344.6296795507587 - -624.7625745289657) / x2)
Residual Differences:
-135512747.58287308 -137815855.9305285 -138349849.1590372 -138750750.44478944 -140691102.5275552 -141270275.8003349 -142240681.68940318 -142410447.89896142 -143230522.941908 -143377428.55279464 -144084339.72609434 -144215862.9354258 -144455668.28777203 -146774643.86225453 -147339676.27894 -147618578.69621062 -148183013.99767667 -148474949.55526164 -149160966.915265 -149583841.1720355

Equation: x1
Residual Differences:
-328226.6062917078 -328860.61074308294 -331047.1144057699 -336771.42044263723 -346213.1611206319 -350449.212224791 -373572.7536446354 -375054.9918272372 -380778.519845124 -385704.13160268223 -389623.2230836925 -393410.3571375004 -396148.7720603874 -400159.6021975734 -405866.7256212496 -407276.87014197046 -421826.05270546256 -421802.5450392799 -424788.7783026537 -428455.30952473584

Equation: x1 ^ x4
Residual Differences:
-16419207591659.207 -21751556141231.844 -45104399222321.31 -68469314750281.45 -83052823546107.62 -153902948119339.2 -207490923626324.0 -398715931245314.2 -481863012281890.94 -581646316265686.4 -689732724742538.9 -869065728876329.0 -1048542153799051.5 -1578066525843233.0 -2213060569006242.8 -2598947365590035.5 -3748136338521201.0 -5088933234072528.0 -1.0879179341716542e+16 -1.1300036497731944e+16

Equation: (x1 ^ x4) + x2
Residual Differences:
-16419207591674.336 -21751556141247.168 -45104399222336.8 -68469314750297.27 -83052823546123.67 -153902948119355.4 -207490923626340.34 -398715931245330.75 -481863012281907.6 -581646316265703.4 -689732724742556.0 -869065728876346.8 -1048542153799069.4 -1578066525843251.0 -2213060569006260.8 -2598947365590054.0 -3748136338521219.5 -5088933234072537.0 -1.087917934171655e+16 -1.1300036497731952e+16

Equation: x3 - -950.6193474366139
Residual Differences:
-327220.87289140763 -328078.9715334379 -330345.24773268617 -336281.2099105522 -345790.87637756625 -350028.8619270974 -373156.2107186158 -374675.49185853853 -380537.20268438134 -385575.3489846772 -389613.2549774109 -393410.4299145942 -396148.86215002125 -400159.7711816622 -405866.996824888 -407277.0865267936 -421826.2157635833 -421802.73598596384 -424788.88912694843 -428455.4282140972

Equation: cos(x3) - -955.1331653160811
Residual Differences:
-327227.11835665087 -328085.31242955045 -330351.7442796335 -336287.8745149076 -345797.84870176256 -350035.99216840777 -373163.43181139784 -374683.0790886848 -380545.0162684844 -385583.21961768286 -389621.1649230854 -393418.01212516427 -396156.53734324616 -400167.45719044434 -405874.7876156557 -407284.90842296387 -421834.3189378587 -421811.03594231774 -424797.9075283532 -428464.4637619891

Equation: 953.4791911866215 + (x4 / x4)
Residual Differences:
-327228.3176836311 -328086.541663211 -330353.0079453208 -336289.17758116894 -345799.19170757406 -350037.38940248033 -373164.8479109412 -374684.4560369496 -380546.4397020109 -385584.7141425665 -389622.72895984 -393419.375008056 -396157.82479777915 -400168.63672130235 -405875.8288998232 -407285.8540911391 -421835.0348634214 -421811.5870961922 -424797.9783933871 -428464.4666387416

Equation: (cos(x3) / (x3 ^ x3)) - -954.4883315697028
Residual Differences:
-327228.3310374736 -328086.55189921666 -330353.01257561205 -336289.175515788 -345799.18802200747 -350037.3805499356 -373164.8376758608 -374684.444393932 -380546.42545408447 -385584.6986262189 -389622.7126221166 -393419.3736944203 -396157.82371606183 -400168.63607137796 -405875.82852530415 -407285.85387870925 -421835.03479602607 -421811.5870930717 -424797.9784563871 -428464.46671697847

Equation: (cos(-1.911896094724681) / x3) - -954.5675224651039
Residual Differences:
-327228.2775262629 -328086.4996019405 -330352.96235610574 -336289.12732890394 -345799.13956276746 -350037.33260063716 -373164.7895372004 -374684.3954789973 -380546.3751458956 -385584.6471077897 -389622.65989062755 -393419.3203744953 -396157.7709179931 -400168.5848376492 -405875.77865756745 -407285.8052267466 -421834.9874963998 -421811.54071073374 -424797.9333454937 -428464.4224187254

Equation: (sin(cos(x3)) / (2.7379187553447992 ^ x3)) - -954.495625903146
Residual Differences:
-327228.3228236605 -328086.544997343 -330353.00774027675 -336289.17245612957 -345799.1852291409 -350037.3779137428 -373164.8348194894 -374684.4411366718 -380546.4207239796 -385584.69258538 -389622.70534139324 -393419.3676928536 -396157.8183201183 -400168.6320892742 -405875.8257672538 -407285.85206135357 -421835.0340951756 -421811.58705554926 -424797.97938975407 -428464.4679943969

Equation: (cos(x3 / 0.36481695513850176) / ((x3 * x2) * x3)) - -954.4869688317054
Residual Differences:
-327228.3211831895 -328086.5476791456 -330353.01745294983 -336289.1879009392 -345799.20122622437 -350037.39457397023 -373164.85078669817 -374684.4552761586 -380546.43107958947 -385584.70015400206 -389622.7109247598 -393419.38102428574 -396157.8319261322 -400168.6462057007 -405875.83923322754 -407285.86456524685 -421835.0445458438 -421811.59564293316 -424797.9847147159 -428464.4716965642

Equation: (cos(x3 / 0.3554173094611882) / (x3 / 0.06432357292446114)) - -954.4819732523702
Residual Differences:
-327228.3316092446 -328086.55766256276 -330353.02632331394 -336289.19626653113 -345799.2076328455 -350037.40055471 -373164.85626148904 -374684.45803531393 -380546.43296162266 -385584.7020937483 -389622.7127959653 -393419.3820475088 -396157.8325360693 -400168.64640678494 -405875.8388366054 -407285.86358181376 -421835.0425591513 -421811.5934534886 -424797.98453917133 -428464.47081023717

Equation: (cos(x3 / 0.3551978202842328) / (x4 + (x3 / 0.06930980651914985))) - -954.4818204593608
Residual Differences:
-327228.3322113074 -328086.5582215453 -330353.0268588235 -336289.19672233803 -345799.20798702573 -350037.40082321025 -373164.85647326696 -374684.45820008946 -380546.4330638593 -385584.7021586811 -389622.71284053597 -393419.3821136377 -396157.8326034856 -400168.64645712345 -405875.83889147185 -407285.86359686515 -421835.04258114187 -421811.5934820578 -424797.98460270633 -428464.47084643

Equation: x0
Residual Differences:
-18149591.254459396 -18515756.4341159 -18751685.46771438 -18854745.74602265 -18875596.7641346 -18891298.684082642 -19216112.488911558 -19316191.18226528 -19604283.277631897 -20056436.43136898 -20062835.53660153 -20088762.20475218 -20089271.895199932 -20235712.058766343 -20285549.85709436 -20372299.017552223 -20421772.586291354 -20728929.306555443 -20881053.295351334 -21269956.676787343

Equation: x3 ^ x4
Residual Differences:
-1.6721771454640489e+40 -2.1778846497656837e+40 -3.215704697810399e+40 -3.644505956033646e+40 -5.460029883990469e+40 -6.66986587805928e+40 -2.28742976208236e+41 -2.634704789655134e+41 -6.467634766600669e+41 -7.673019690767592e+41 -1.2541106973646584e+42 -2.158275232023228e+42 -6.32288981961938e+42 -1.0591059549788744e+43 -1.366526209800073e+43 -1.7902190285392134e+43 -2.1170558616428363e+43 -3.163765051225342e+43 -4.673648078875258e+43 -5.456588067273691e+43

Equation: x0 + (x3 ^ x4)
Residual Differences:
-1.6721771454640489e+40 -2.1778846497656837e+40 -3.215704697810399e+40 -3.644505956033646e+40 -5.460029883990469e+40 -6.66986587805928e+40 -2.28742976208236e+41 -2.634704789655134e+41 -6.467634766600669e+41 -7.673019690767592e+41 -1.2541106973646584e+42 -2.158275232023228e+42 -6.32288981961938e+42 -1.0591059549788744e+43 -1.366526209800073e+43 -1.7902190285392134e+43 -2.1170558616428363e+43 -3.163765051225342e+43 -4.673648078875258e+43 -5.456588067273691e+43

Equation: x1 + 926.0394961866476
Residual Differences:
-18149059.362825826 -18515294.884991676 -18751236.096275926 -18854315.33586365 -18875231.454274148 -18890991.570999384 -19215805.71859901 -19316134.9665658 -19604269.926040825 -20056435.98444004 -20062835.203925375 -20088761.982902955 -20089271.70928242 -20235711.95984929 -20285549.641550004 -20372298.722970568 -20421772.70909994 -20728929.594560217 -20881053.464 -21269956.813108545

Equation: 930.683052390201 + sin(x0)
Residual Differences:
-18149080.43117488 -18515316.36105286 -18751257.925044924 -18854337.595978662 -18875254.055610765 -18891014.66451639 -19215829.136764046 -19316158.725267723 -19604293.817153428 -20056460.5355181 -20062859.994956814 -20088786.80094533 -20089296.35689674 -20235736.472844288 -20285574.1972907 -20372323.23967675 -20421797.38240163 -20728954.247284207 -20881078.08534211 -21269981.52765804

Equation: 930.0531342273538 - (x0 - x0)
Residual Differences:
-18149082.182720415 -18515317.9899562 -18751259.414531536 -18854338.896903794 -18875255.18624771 -18891015.52192036 -19215829.821461283 -19316159.23601624 -19604294.301720913 -20056461.005671997 -20062860.289507437 -20088787.010122683 -20089296.60826487 -20235736.72694688 -20285574.459593877 -20372323.513011765 -20421797.432991046 -20728954.26444294 -20881078.086116925 -21269981.514893647

Equation: 930.0528482690924 - (sin(930.0528482690924) ^ x2)
Residual Differences:
-18149082.185806602 -18515317.9927574 -18751259.41679693 -18854338.898974 -18875255.188006543 -18891015.523357745 -19215829.822837517 -19316159.23725744 -19604294.3028314 -20056461.005229346 -20062860.289122805 -20088787.00982831 -20089296.608006414 -20235736.726730414 -20285574.45942044 -20372323.512886163 -20421797.432879947 -20728954.26435232 -20881078.08603683 -21269981.5148376

Equation: (x4 - x4) + (930.0296838574359 + (0.006035315666368473 * x2))
Residual Differences:
-18149082.04311934 -18515317.849927858 -18751259.27233502 -18854338.75302789 -18875255.04125238 -18891015.37578313 -19215829.67504547 -19316159.088332083 -19604294.152999718 -20056460.85650925 -20062860.140108984 -20088786.861540712 -20089296.459632482 -20235736.578008085 -20285574.30928656 -20372323.36367853 -20421797.28322124 -20728954.115097716 -20881077.936495677 -21269981.365551826

Equation: 930.0910353585584 - (sin(-66.4398535753118) / (x1 + (x2 + x2)))
Residual Differences:
-18149082.1614654 -18515317.967568677 -18751259.39019799 -18854338.871635117 -18875255.15919727 -18891015.493244573 -19215829.7920059 -19316159.20557744 -19604294.270209376 -20056460.973036684 -20062860.25734945 -20088786.97908262 -20089296.57798141 -20235736.69754195 -20285574.43088038 -20372323.485277973 -20421797.405834705 -20728954.238038123 -20881078.06022192 -21269981.489800286

Equation: x4
Residual Differences:
-1226412769.8919733 -1243439168.1138957 -1255839983.3386242 -1263252785.3827024 -1267876845.2089894 -1269338598.3909616 -1270453413.3435085 -1270511479.0128179 -1273508966.9732203 -1281781018.8121662 -1283105194.8494916 -1283951000.8091843 -1284000214.392462 -1294347769.1424148 -1295292253.2935424 -1299140029.8985522 -1303548322.8551028 -1318361968.4933686 -1328223680.0133128 -1332924320.4246032

Equation: x1 ^ x3
Residual Differences:
-2.7160374526333373e+118 -4.684800509989711e+118 -7.343690578878377e+118 -1.1590813015265904e+119 -1.3320079897575447e+119 -1.1364976787453682e+120 -2.6991606152453894e+120 -3.912099921588755e+120 -4.443140014032762e+120 -1.3549452473160665e+121 -2.026829907144369e+121 -2.3891860496524587e+121 -7.759355981607927e+121 -9.234760085524013e+121 -1.1475932130202108e+122 -1.5528942082851568e+122 -1.983881964212531e+122 -3.2433916779616478e+122 -5.058016595110054e+122 -6.136646574507951e+122

Equation: (x0 ^ x3) - x1
Residual Differences:
-2.7180133149226533e+118 -4.926469002464396e+118 -7.14366793350916e+118 -9.885186134411506e+118 -1.2057645592561745e+119 -1.1918838148359674e+120 -2.7551485980078986e+120 -3.952757618318499e+120 -5.890942033980416e+120 -2.083616096522456e+121 -2.571288484128932e+121 -3.019344691459472e+121 -9.966033375493592e+121 -1.2985752208621656e+122 -1.732702688423779e+122 -2.221709231415901e+122 -2.653147961737459e+122 -4.12590938708586e+122 -5.364187613219285e+122 -6.263432009599794e+122

Equation: 111.42783359435747 * x2
Residual Differences:
-1226405857.5061266 -1243432262.497086 -1255833092.9310927 -1263245893.3905818 -1267869961.897065 -1269331704.728572 -1270446526.9452438 -1270504600.937041 -1273502075.2721736 -1281774133.3424683 -1283098318.212851 -1283944110.7786398 -1283993329.1562283 -1294340893.3245249 -1295285375.7180119 -1299133163.3923979 -1303541457.6903317 -1318355098.384955 -1328216807.9134843 -1332917447.9257524

Equation: (638.7137327465762 + x4) + sin(x4)
Residual Differences:
-1226412449.7719061 -1243438892.820122 -1255839877.859208 -1263252691.832135 -1267876845.0885396 -1269338598.2169874 -1270453413.1088984 -1270511478.7700596 -1273508966.662765 -1281781018.713292 -1283105194.7210093 -1283951000.6358402 -1284000214.232557 -1294347768.9540813 -1295292253.1135406 -1299140029.7186053 -1303548322.7110984 -1318361968.423101 -1328223679.9603398 -1332924320.4005718

Equation: x1 - (x3 - (x3 - -900.7114146650036))
Residual Differences:
-1226411926.5349548 -1243438369.4489255 -1255839354.3167222 -1263252168.0372663 -1267876541.1577396 -1269338433.1475608 -1270453374.27175 -1270511479.587739 -1273508967.5218196 -1281781019.6452067 -1283105195.5805223 -1283951001.4029164 -1284000214.9944124 -1294347769.6264088 -1295292253.8058121 -1299140030.3656833 -1303548323.2777965 -1318361969.0026598 -1328223680.1292222 -1332924320.3918164

Equation: cos(x3) - (x3 - (x3 - -900.7114146650036))
Residual Differences:
-1226411996.6492 -1243438439.772118 -1255839424.8475127 -1263252238.8461819 -1267876612.0689535 -1269338504.3239615 -1270453445.490225 -1270511541.7088993 -1273509029.6293867 -1281781081.6169775 -1283105257.6165204 -1283951063.5685995 -1284000277.0833063 -1294347831.8324304 -1295292315.940008 -1299140092.6220868 -1303548385.5657647 -1318362031.3745146 -1328223742.9262128 -1332924383.2503595

Equation: sin(cos(x4)) - (x3 - (x3 - -900.7114146650036))
Residual Differences:
-1226411996.5688064 -1243438439.6209996 -1255839424.656444 -1263252238.6219184 -1267876611.8689413 -1269338504.0373998 -1270453445.2647636 -1270511541.6457794 -1273509029.5634859 -1281781081.5746703 -1283105257.5988152 -1283951063.5340023 -1284000277.1368654 -1294347831.879102 -1295292316.045974 -1299140092.6551628 -1303548385.6371741 -1318362031.3080502 -1328223742.831255 -1332924383.237953

Equation: -476.2483170785697 - (x3 - (x3 - -1376.9571277318112))
Residual Differences:
-1226411994.8964458 -1243438437.944939 -1255839422.9844756 -1263252236.9588315 -1267876610.2202837 -1269338502.414481 -1270453443.6632822 -1270511541.5769544 -1273509029.4430485 -1281781081.514972 -1283105257.495338 -1283951063.3774695 -1284000276.9440389 -1294347831.6085553 -1295292315.7086818 -1299140092.2784817 -1303548385.1965992 -1318362030.9349735 -1328223742.3838918 -1332924382.655605

Equation: (sin(cos(x4)) * 0.00026285930944666057) - (x3 - (x3 - -900.708943221304))
Residual Differences:
-1226411994.8966215 -1243438437.9451158 -1255839422.984651 -1263252236.9590049 -1267876610.2204535 -1269338502.4146435 -1270453443.6634393 -1270511541.5769722 -1273509029.4430802 -1281781081.5149875 -1283105257.4953651 -1283951063.3775105 -1284000276.9440894 -1294347831.6086264 -1295292315.7087705 -1299140092.2785807 -1303548385.196715 -1318362030.9350715 -1328223742.3840094 -1332924382.6557584

Equation: cos(x0)
Residual Differences:
-133744.77325854843 -150999.49461858426 -151455.38277279594 -155983.19026555232 -168260.7777583587 -173405.79374708555 -174462.3939415905 -175692.31074056606 -178789.26034156934 -179449.95912869327 -180238.20293230467 -181777.80820530397 -183231.34197402128 -186362.8649099652 -188240.36366815135 -195981.29979733936 -199620.75702746626 -204564.02232488952 -218210.89950720695 -241240.4480043186

Equation: x1 ^ x3
Residual Differences:
-33145306944.791756 -43909534491.83385 -113550240262.34274 -155757327548.8568 -256208183991.48285 -291183430710.38184 -561349022825.9185 -654176605668.6647 -742084736103.164 -1596156908133.5012 -2047194012821.1633 -2264794691099.605 -2791811951342.837 -3494012658052.326 -3883036717745.6533 -4039062026510.356 -5204513072522.819 -7519799923631.271 -7960454927298.32 -15273075637457.498

Equation: (x3 ^ x2) - cos(x2)
Residual Differences:
-35815832376.64275 -41484861157.85602 -63741154256.73153 -77521016987.39539 -93183520052.24994 -137064415658.72934 -182148899810.15845 -229618050163.97723 -294825148268.49 -536126471062.1715 -750056936512.0063 -1448060631240.2727 -1745109024435.6975 -2136568569983.46 -2276140716983.0933 -3185890626677.8604 -3547212599795.3896 -4583419264682.283 -6714657553128.28 -16445672091068.473

Equation: (x1 ^ x4) + (x3 ^ x1)
Residual Differences:
-81883746611.30605 -119794067939.56764 -188685776112.1523 -333493853112.22394 -463580998125.8823 -582587291458.8073 -898647181791.2139 -994054169857.8325 -1192447262952.8928 -2212016706196.3906 -2599146864590.133 -2747248184052.014 -4312719197571.792 -5331228309331.536 -5961271188106.183 -6427582779783.776 -8551225914577.487 -15051104984883.96 -17675462317585.062 -22238549549952.848

Equation: (x4 * x3) * (x2 * (x0 + x1))
Residual Differences:
-111082.75898913365 -127816.53232730672 -127025.39821586924 -130244.24091761281 -141726.82994758556 -146041.51936541195 -145564.37922167085 -146354.39891405386 -148683.7813276586 -147610.829679727 -147392.01382193662 -147715.68639729873 -148434.72526643513 -150319.50380307948 -151965.15806654294 -159133.1950608966 -162217.53499827403 -165529.11729710668 -178395.25019762397 -199436.1625090056

Equation: ((x3 + x3) * x4) * (x2 * (x0 + x1))
Residual Differences:
-88420.4410153468 -104633.2132178753 -102594.9654983109 -104504.77528846408 -115192.22628372662 -118676.5252134647 -116665.54673727836 -117015.7135130222 -118577.5113966954 -115770.97857294416 -114415.104824209 -113342.72307904015 -113214.15851264798 -113648.12021503007 -114770.89337353011 -121455.63741099648 -123681.12873419367 -125555.69069083907 -137271.4378901214 -156049.3989183244

Equation: x4 + (cos(cos(x3)) / (0.2500909918501632 * 0.004296393257002176))
Residual Differences:
-133337.5755744292 -150742.96113801084 -151068.47710696657 -155591.48028344385 -167868.79278709987 -173041.4348447042 -174134.8470719374 -175430.96257560488 -178585.20844836012 -179363.48970097967 -180234.7507539344 -181827.61274359774 -183295.84054954853 -186523.70849858166 -188434.76862075276 -196181.90416929947 -199862.1142454766 -204850.74509559484 -218494.1624298945 -241576.11051687336

Equation: (2.551611501820042 / sin(cos(935.8238714195134))) * 294.32436319161224
Residual Differences:
-132717.8277559392 -150450.30202975683 -150967.61092644624 -155519.44353978022 -167940.66440446326 -173120.3235103779 -174273.18669908206 -175508.03670810422 -178790.0512586218 -179450.68078650988 -180239.04263025036 -181778.76718887768 -183232.26262297496 -186363.96884381125 -188241.37547276463 -195982.19805600768 -199621.5594943345 -204564.81197665603 -218211.59661456547 -241241.0265798916

Equation: x0
Residual Differences:
-7186913064.925761 -7303831947.975573 -7324470493.612376 -7334829287.079062 -7342172516.409986 -7354391287.44322 -7366194666.155818 -7379346877.88054 -7379820032.070567 -7391986001.888832 -7410742721.393036 -7415139858.3752575 -7434144339.229714 -7448066695.750736 -7455816481.46197 -7460961891.474054 -7494836787.092989 -7512000762.809717 -7573268155.597088 -7573789298.086677

Equation: x3 ^ x0
Residual Differences:
-1.0896631107958846e+184 -1.582536221226806e+184 -1.8510954927553792e+184 -3.3526801733089284e+184 -8.428726116605238e+184 -1.390395209797461e+185 -1.6195685621690172e+185 -2.0209699684461493e+185 -2.76975159645766e+185 -7.071810329698751e+185 -7.366886522242848e+185 -2.075136786554525e+186 -2.658415794723688e+186 -4.9824299654026665e+186 -8.155507480077172e+186 -1.637901792164148e+187 -2.073932428147473e+187 -2.2355434307754487e+187 -2.607993401562522e+187 -7.395014690740507e+187

Equation: (x3 - cos(x0)) ^ x0
Residual Differences:
-5.447744840126183e+183 -7.774804428015658e+183 -8.945399007950529e+183 -1.4952800142427934e+184 -3.3818023676584328e+184 -5.35489370138301e+184 -6.2433014295843416e+184 -7.7081005877373e+184 -1.0498201443751678e+185 -2.5879805431360005e+185 -2.6966837081867268e+185 -7.649864484957339e+185 -9.841471965083109e+185 -1.8960382852686565e+186 -3.2133711063338134e+186 -6.757481265300894e+186 -8.776482614115226e+186 -9.515559049622788e+186 -1.119937946660521e+187 -3.575157345539727e+187

Equation: x3 / cos(1.5625249310732279)
Residual Differences:
-7186902252.803913 -7303821120.91565 -7324459661.114342 -7334818472.191238 -7342161712.576644 -7354380488.508282 -7366183863.961648 -7379336083.041187 -7379809225.017804 -7391975198.334275 -7410731928.715144 -7415129065.949735 -7434133540.982596 -7448055893.990861 -7455805689.989998 -7460951089.75392 -7494826000.223827 -7511989983.376878 -7573257373.977329 -7573778508.288211

Equation: (x0 / x2) / 0.001034759170801291
Residual Differences:
-7186912245.201914 -7303831263.108086 -7324470125.19438 -7334829014.491561 -7342172330.472458 -7354391090.620333 -7366194483.579194 -7379346817.063238 -7379820008.644476 -7391986056.558654 -7410742817.807822 -7415139945.033399 -7434144431.323626 -7448066780.095575 -7455816569.882497 -7460961976.298404 -7494836866.535791 -7512000858.576972 -7573268238.695262 -7573789397.439341

Equation: (x4 + x3) / cos(1.5625249310732279)
Residual Differences:
-7186890916.470751 -7303809844.493091 -7324448656.637181 -7334807486.642214 -7342150756.926811 -7354369477.129313 -7366172813.729743 -7379325110.5892105 -7379798243.710432 -7391964266.308654 -7410721002.762562 -7415118150.751782 -7434122632.035957 -7448044993.457336 -7455794790.185549 -7460940188.08694 -7494815106.807613 -7511979100.848526 -7573246476.615609 -7573767614.1633835

Equation: ((x0 / x0) / 0.001034759170801291) + x0
Residual Differences:
-7186912159.850473 -7303831160.598286 -7324470040.670489 -7334828925.498375 -7342172221.516097 -7354391004.359133 -7366194383.580131 -7379346729.033651 -7379819905.884479 -7391985971.2413435 -7410742721.393035 -7415139858.3752575 -7434144339.229715 -7448066695.750736 -7455816481.461969 -7460961891.474055 -7494836787.092988 -7512000762.809717 -7573268155.597088 -7573789298.086676

Equation: ((x0 / x0) / 0.001034759170801291) + (x3 + x0)
Residual Differences:
-7186912063.536194 -7303831063.902585 -7324469943.921055 -7334828828.529197 -7342172124.444449 -7354390907.20818 -7366194286.16584 -7379346631.436396 -7379819808.015989 -7391985873.3103695 -7410742631.378112 -7415139768.361178 -7434144249.168688 -7448066605.659971 -7455816391.456776 -7460961801.383756 -7494836697.125908 -7512000672.905196 -7573268065.674577 -7573789208.0965

Equation: ((x0 / x0) / 0.0010252010692465383) + sin(0.397827987053105 * x3)
Residual Differences:
-7186912237.953281 -7303831238.693228 -7324470118.897686 -7334829003.962912 -7342172300.19214 -7354391083.2822275 -7366194462.546924 -7379346808.1168375 -7379819984.95138 -7391986050.6799965 -7410742812.793623 -7415139949.868553 -7434144430.507154 -7448066787.094724 -7455816572.739546 -7460961982.691654 -7494836878.250869 -7512000853.819431 -7573268246.552295 -7573789388.958417

Equation: ((1.5774375952232946 / 45.75304187759015) / (64.28452896554639 + 63.72181294558856)) + 976.4106149439524
Residual Differences:
-7186912236.34036 -7303831237.182061 -7324470117.404227 -7334829002.501247 -7342172298.740495 -7354391081.841558 -7366194461.165101 -7379346806.761779 -7379819983.667789 -7391986049.403247 -7410742811.515644 -7415139948.648263 -7434144429.357002 -7448066785.960666 -7455816571.614266 -7460961981.667449 -7494836877.240244 -7512000852.829787 -7573268245.6051445 -7573789388.09672

Equation: x4
Residual Differences:
-4954509.467511004 -5069242.044246245 -5077125.414247367 -5127248.054355406 -5195013.698728244 -5210256.627972338 -5215843.741327536 -5274583.13705763 -5306574.710501283 -5367271.071968171 -5406586.3018541075 -5411740.983786172 -5419144.717417963 -5575083.67753085 -5581679.503897838 -5684589.105276856 -5761540.859651862 -5811190.795515524 -5828118.893772958 -6042396.691401245

Equation: x3 ^ x4
Residual Differences:
-1.9636514842691506e+28 -2.431925673941697e+28 -2.478069564280336e+28 -3.1967004390034787e+28 -6.103580768059176e+28 -6.36705303952219e+28 -1.422045949932449e+29 -2.7575433053843093e+29 -3.9661973402456126e+29 -4.9603030343165795e+29 -6.901716392866864e+29 -7.22910734586159e+29 -7.720045770477125e+29 -9.53290865163076e+29 -2.545335969404375e+30 -2.848039311318125e+30 -6.323400843766663e+30 -6.608783492090299e+30 -2.337887210820282e+31 -3.6396835417710113e+31

Equation: x4 + (x3 ^ x4)
Residual Differences:
-1.9636514842691506e+28 -2.431925673941697e+28 -2.478069564280336e+28 -3.1967004390034787e+28 -6.103580768059176e+28 -6.36705303952219e+28 -1.422045949932449e+29 -2.7575433053843093e+29 -3.9661973402456126e+29 -4.9603030343165795e+29 -6.901716392866864e+29 -7.22910734586159e+29 -7.720045770477125e+29 -9.53290865163076e+29 -2.545335969404375e+30 -2.848039311318125e+30 -6.323400843766663e+30 -6.608783492090299e+30 -2.337887210820282e+31 -3.6396835417710113e+31

Equation: 1011.385564680283 + x2
Residual Differences:
-4953532.832277433 -5068409.86269586 -5076472.702608056 -5126600.913548963 -5194498.567265155 -5209837.1021577865 -5215504.416780698 -5274339.353605766 -5306338.250457337 -5367041.9647560455 -5406435.366688108 -5411660.867833871 -5419122.161804602 -5575075.821041082 -5581679.187492247 -5684588.689315699 -5761540.544520474 -5811190.463678714 -5828118.850304375 -6042396.778975585

Equation: 1014.7518158324722 - sin(x2)
Residual Differences:
-4953551.175717899 -5068428.219187557 -5076491.08431965 -5126619.302062371 -5194516.961465663 -5209855.512407729 -5215522.839933674 -5274357.799375299 -5306356.705840973 -5367060.45849084 -5406453.877162225 -5411679.422713815 -5419140.769667957 -5575094.475139426 -5581697.7434998015 -5684607.23081339 -5761559.043843923 -5811208.864057001 -5828137.150722554 -6042415.000054746

Equation: 1015.3963271803163 + (x2 - x2)
Residual Differences:
-4953549.180746112 -5068426.373517301 -5076489.39877388 -5126617.814818028 -5194515.598258133 -5209854.359592501 -5215521.934350985 -5274357.095752675 -5306356.151196067 -5367060.047872651 -5406453.54008912 -5411679.1855758475 -5419140.653057529 -5575094.407511739 -5581697.456353939 -5684607.011319603 -5761558.839124691 -5811208.688650045 -5828137.005488679 -6042414.884095407

Equation: (-0.18220920639509686 / x2) + 1015.4427086906264
Residual Differences:
-4953549.155644007 -5068426.346480716 -5076489.371250856 -5126617.784622539 -5194515.566135398 -5209854.326059513 -5215521.899674797 -5274357.05929544 -5306356.114155124 -5367060.009186606 -5406453.500852324 -5411679.145143728 -5419140.611527478 -5575094.365182972 -5581697.423669135 -5684606.979169804 -5761558.807529532 -5811208.658106199 -5828136.975799365 -6042414.8550068075

Equation: 1015.3836131600473 + (-0.019726604214938423 * sin(x2))
Residual Differences:
-4953549.22010013 -5068426.409926107 -5076489.432023974 -5126617.844156309 -5194515.625149588 -5209854.382333631 -5215521.952215056 -5274357.10963276 -5306356.162137327 -5367060.055972752 -5406453.546738427 -5411679.190253774 -5419140.655357856 -5575094.408845803 -5581697.462018352 -5684607.015649469 -5761558.843163107 -5811208.692110227 -5828137.008353649 -6042414.886382891

Equation: (cos(cos(x2)) * 0.040398178326124794) + 1015.3647394915076
Residual Differences:
-4953549.192814056 -5068426.3866636325 -5076489.4144761795 -5126617.830412553 -5194515.612763697 -5209854.374473726 -5215521.94935732 -5274357.1087718485 -5306356.163310437 -5367060.057296162 -5406453.548407036 -5411679.191693066 -5419140.656848452 -5575094.409950753 -5581697.465509752 -5684607.018802577 -5761558.8462672345 -5811208.694941803 -5828137.010744515 -6042414.8882959215

Equation: ((sin(x2) * x3) * -0.0053784376862041515) + 1015.3829721813094
Residual Differences:
-4953549.282244266 -5068426.468322183 -5076489.477572895 -5126617.886402934 -5194515.667492384 -5209854.412432282 -5215521.964680454 -5274357.112861477 -5306356.153415164 -5367060.042319014 -5406453.528052359 -5411679.1673852075 -5419140.624919517 -5575094.375786538 -5581697.3957527885 -5684606.941322897 -5761558.767012962 -5811208.6127302535 -5828136.925814011 -6042414.802427972

Equation: (sin(-0.005599590726110805) * (sin(x2) * x4)) + 1015.3819499112145
Residual Differences:
-4953549.287838725 -5068426.473402924 -5076489.481873106 -5126617.889906554 -5194515.670643678 -5209854.415182296 -5215521.966765519 -5274357.114519709 -5306356.154810903 -5367060.043088463 -5406453.528838964 -5411679.168003261 -5419140.625383131 -5575094.376858092 -5581697.3946049325 -5684606.940072361 -5761558.764979835 -5811208.610745718 -5828136.923645203 -6042414.799517335

Equation: x4
Residual Differences:
-135513495.74037588 -137816567.96611583 -138350489.51753396 -138751269.21857065 -140691540.50280485 -141270633.4957901 -142240997.9512623 -142410676.26566592 -143230578.3260201 -143377389.68469638 -144084300.91041273 -144215824.0625985 -144455629.3503085 -146774605.004161 -147339637.3745147 -147618539.80776638 -148182975.14853355 -148474910.80710354 -149160928.25072405 -149583802.57686824

Equation: x0 ^ x4
Residual Differences:
-9.707605629688604e+67 -1.485814396067231e+68 -3.723230148903087e+68 -5.361018925451536e+68 -1.1733707323740819e+69 -1.9550585463948224e+69 -3.1039703262331716e+69 -3.527361980806956e+69 -4.6972605292765905e+69 -7.586344905194637e+69 -8.088468073789852e+69 -1.8395802638635262e+70 -3.9062556097257014e+70 -6.193476157743758e+70 -1.1978175942659803e+71 -1.6315677824704652e+71 -1.7627890533591391e+71 -1.8348334445698053e+71 -2.1496088947415687e+71 -2.809446615310504e+71

Equation: (x0 ^ x4) + x1
Residual Differences:
-9.707605629688604e+67 -1.485814396067231e+68 -3.723230148903087e+68 -5.361018925451536e+68 -1.1733707323740819e+69 -1.9550585463948224e+69 -3.1039703262331716e+69 -3.527361980806956e+69 -4.6972605292765905e+69 -7.586344905194637e+69 -8.088468073789852e+69 -1.8395802638635262e+70 -3.9062556097257014e+70 -6.193476157743758e+70 -1.1978175942659803e+71 -1.6315677824704652e+71 -1.7627890533591391e+71 -1.8348334445698053e+71 -2.1496088947415687e+71 -2.809446615310504e+71

Equation: (x0 ^ x4) + (x2 ^ x3)
Residual Differences:
-1.9154006378137569e+68 -2.749414033473772e+68 -5.326633034638412e+68 -8.03798282115574e+68 -1.551788207667069e+69 -2.9443007026003854e+69 -4.7085409643966206e+69 -5.300148334898161e+69 -7.363793213015634e+69 -1.1199180427671502e+70 -1.7987804583114637e+70 -3.1224340688207665e+70 -5.30995949717513e+70 -9.011451577967264e+70 -1.6370736703331104e+71 -2.2770038004041356e+71 -2.5910412082787004e+71 -3.425272529518899e+71 -6.190536340428666e+71 -1.2234778886647003e+72

Equation: ((x0 + x0) * (x2 * x4)) * x0
Residual Differences:
-129323309.79881302 -131597450.89444949 -132034054.84506053 -132414827.44639823 -134260129.49483833 -134799920.0234786 -135712943.9010043 -135839635.75725508 -136567419.32708576 -136680037.85699734 -137378365.84471807 -137427253.02995807 -137585616.1007747 -139778366.09644276 -140269934.44348058 -140497088.0096017 -141019983.1723172 -141308045.58602837 -141976263.53974378 -142301349.38769728

Equation: (2.914048752221087 ^ x2) * (x4 + x4)
Residual Differences:
-2.316297322223966e+21 -2.3301819238004498e+21 -2.5066838289853375e+21 -2.5529453252261194e+21 -2.652168621772487e+21 -2.8488663365431014e+21 -3.135881377726336e+21 -3.3157623257148854e+21 -4.940816763508386e+21 -5.363132062214195e+21 -5.464900956388157e+21 -5.492403141249137e+21 -5.545181316460618e+21 -8.448427684460489e+21 -1.0048623519613246e+22 -1.1908360038314358e+22 -1.397354221606622e+22 -1.4120374940114839e+22 -1.4964615532828485e+22 -1.988732131430748e+22

Equation: (0.9039958511124823 / 0.004731836985588877) * x2
Residual Differences:
-135506104.26586396 -137809188.36617234 -138343148.81336182 -138743932.45918941 -140684215.17825168 -141263329.31625128 -142233690.7900083 -142403367.0553882 -143223226.2984719 -143370050.28726557 -144076959.97565824 -144208502.64163718 -144448325.12595963 -146767253.08847675 -147332271.17822835 -147611170.35635665 -148175583.14144665 -148467540.2569394 -149153564.10584748 -149576416.84850395

Equation: ((x3 + x3) + x3) - (-886.0367656240246 - x0)
Residual Differences:
-135512734.3605843 -137815842.07138208 -138349834.31116474 -138750734.91656137 -140691085.98837513 -141270258.170246 -142240663.3411615 -142410429.17404887 -143230461.97476733 -143377273.53055367 -144084184.2722559 -144215707.38064295 -144455512.90232602 -146774488.4306979 -147339520.96054548 -147618423.66462758 -148182859.12552112 -148474794.74029422 -149160811.5958213 -149583685.9123525

Equation: (x3 + (x4 * (x0 * x2))) - (-886.0367656240246 - x0)
Residual Differences:
-135439138.7257659 -137741979.2479174 -138275164.17482007 -138675848.75582904 -140615473.8312849 -141194239.4504678 -142164138.18507624 -142333598.30633655 -143152740.72913817 -143299232.40205032 -144006067.57815015 -144136956.34608498 -144376148.49567187 -146693959.5700835 -147258279.07064894 -147536675.3620395 -148100727.29553005 -148392629.73124212 -149078461.94453 -149500501.68685776

Equation: (x1 + x1) * (-30.63680942222831 / (x1 / -15.643003257074461))
Residual Differences:
-135512769.36019275 -137815877.70786083 -138349870.9363798 -138750772.2221351 -140691124.30490896 -141270297.57770285 -142240703.46677664 -142410469.676338 -143230544.7192951 -143377428.55302128 -144084339.72632045 -144215862.93564564 -144455668.28798637 -146774643.8624613 -147339676.2791425 -147618578.6964063 -148183013.9978709 -148474949.55545026 -149160966.9154498 -149583841.17221406

Equation: sin(x2) + ((x2 + x3) - ((-958.6701664655285 - x4) - sin(x3)))
Residual Differences:
-135512635.75302145 -137815743.87872022 -138349736.70875674 -138750637.73563457 -140690989.46648988 -141270162.24924245 -142240567.72291657 -142410333.80595964 -143230408.23251212 -143377312.79980886 -144084223.67223096 -144215746.78546217 -144455552.1262594 -146774527.23476377 -147339559.3312387 -147618461.60693884 -148182896.7006707 -148474832.28920674 -149160849.3305193 -149583723.22600046

Equation: (cos(1663.4733090438108) + x2) * ((344.6296795507587 - -624.7625745289657) / x2)
Residual Differences:
-135512747.58287308 -137815855.9305285 -138349849.1590372 -138750750.44478944 -140691102.5275552 -141270275.8003349 -142240681.68940318 -142410447.89896142 -143230522.941908 -143377428.55279464 -144084339.72609434 -144215862.9354258 -144455668.28777203 -146774643.86225453 -147339676.27894 -147618578.69621062 -148183013.99767667 -148474949.55526164 -149160966.915265 -149583841.1720355

Equation: x1
Residual Differences:
-328226.6062917078 -328860.61074308294 -331047.1144057699 -336771.42044263723 -346213.1611206319 -350449.212224791 -373572.7536446354 -375054.9918272372 -380778.519845124 -385704.13160268223 -389623.2230836925 -393410.3571375004 -396148.7720603874 -400159.6021975734 -405866.7256212496 -407276.87014197046 -421826.05270546256 -421802.5450392799 -424788.7783026537 -428455.30952473584

Equation: x1 ^ x4
Residual Differences:
-16419207591659.207 -21751556141231.844 -45104399222321.31 -68469314750281.45 -83052823546107.62 -153902948119339.2 -207490923626324.0 -398715931245314.2 -481863012281890.94 -581646316265686.4 -689732724742538.9 -869065728876329.0 -1048542153799051.5 -1578066525843233.0 -2213060569006242.8 -2598947365590035.5 -3748136338521201.0 -5088933234072528.0 -1.0879179341716542e+16 -1.1300036497731944e+16

Equation: (x1 ^ x4) + x2
Residual Differences:
-16419207591674.336 -21751556141247.168 -45104399222336.8 -68469314750297.27 -83052823546123.67 -153902948119355.4 -207490923626340.34 -398715931245330.75 -481863012281907.6 -581646316265703.4 -689732724742556.0 -869065728876346.8 -1048542153799069.4 -1578066525843251.0 -2213060569006260.8 -2598947365590054.0 -3748136338521219.5 -5088933234072537.0 -1.087917934171655e+16 -1.1300036497731952e+16

Equation: x3 - -950.6193474366139
Residual Differences:
-327220.87289140763 -328078.9715334379 -330345.24773268617 -336281.2099105522 -345790.87637756625 -350028.8619270974 -373156.2107186158 -374675.49185853853 -380537.20268438134 -385575.3489846772 -389613.2549774109 -393410.4299145942 -396148.86215002125 -400159.7711816622 -405866.996824888 -407277.0865267936 -421826.2157635833 -421802.73598596384 -424788.88912694843 -428455.4282140972

Equation: cos(x3) - -955.1331653160811
Residual Differences:
-327227.11835665087 -328085.31242955045 -330351.7442796335 -336287.8745149076 -345797.84870176256 -350035.99216840777 -373163.43181139784 -374683.0790886848 -380545.0162684844 -385583.21961768286 -389621.1649230854 -393418.01212516427 -396156.53734324616 -400167.45719044434 -405874.7876156557 -407284.90842296387 -421834.3189378587 -421811.03594231774 -424797.9075283532 -428464.4637619891

Equation: 953.4791911866215 + (x4 / x4)
Residual Differences:
-327228.3176836311 -328086.541663211 -330353.0079453208 -336289.17758116894 -345799.19170757406 -350037.38940248033 -373164.8479109412 -374684.4560369496 -380546.4397020109 -385584.7141425665 -389622.72895984 -393419.375008056 -396157.82479777915 -400168.63672130235 -405875.8288998232 -407285.8540911391 -421835.0348634214 -421811.5870961922 -424797.9783933871 -428464.4666387416

Equation: (cos(x3) / (x3 ^ x3)) - -954.4883315697028
Residual Differences:
-327228.3310374736 -328086.55189921666 -330353.01257561205 -336289.175515788 -345799.18802200747 -350037.3805499356 -373164.8376758608 -374684.444393932 -380546.42545408447 -385584.6986262189 -389622.7126221166 -393419.3736944203 -396157.82371606183 -400168.63607137796 -405875.82852530415 -407285.85387870925 -421835.03479602607 -421811.5870930717 -424797.9784563871 -428464.46671697847

Equation: (cos(-1.911896094724681) / x3) - -954.5675224651039
Residual Differences:
-327228.2775262629 -328086.4996019405 -330352.96235610574 -336289.12732890394 -345799.13956276746 -350037.33260063716 -373164.7895372004 -374684.3954789973 -380546.3751458956 -385584.6471077897 -389622.65989062755 -393419.3203744953 -396157.7709179931 -400168.5848376492 -405875.77865756745 -407285.8052267466 -421834.9874963998 -421811.54071073374 -424797.9333454937 -428464.4224187254

Equation: (sin(cos(x3)) / (2.7379187553447992 ^ x3)) - -954.495625903146
Residual Differences:
-327228.3228236605 -328086.544997343 -330353.00774027675 -336289.17245612957 -345799.1852291409 -350037.3779137428 -373164.8348194894 -374684.4411366718 -380546.4207239796 -385584.69258538 -389622.70534139324 -393419.3676928536 -396157.8183201183 -400168.6320892742 -405875.8257672538 -407285.85206135357 -421835.0340951756 -421811.58705554926 -424797.97938975407 -428464.4679943969

Equation: (cos(x3 / 0.36481695513850176) / ((x3 * x2) * x3)) - -954.4869688317054
Residual Differences:
-327228.3211831895 -328086.5476791456 -330353.01745294983 -336289.1879009392 -345799.20122622437 -350037.39457397023 -373164.85078669817 -374684.4552761586 -380546.43107958947 -385584.70015400206 -389622.7109247598 -393419.38102428574 -396157.8319261322 -400168.6462057007 -405875.83923322754 -407285.86456524685 -421835.0445458438 -421811.59564293316 -424797.9847147159 -428464.4716965642

Equation: (cos(x3 / 0.3554173094611882) / (x3 / 0.06432357292446114)) - -954.4819732523702
Residual Differences:
-327228.3316092446 -328086.55766256276 -330353.02632331394 -336289.19626653113 -345799.2076328455 -350037.40055471 -373164.85626148904 -374684.45803531393 -380546.43296162266 -385584.7020937483 -389622.7127959653 -393419.3820475088 -396157.8325360693 -400168.64640678494 -405875.8388366054 -407285.86358181376 -421835.0425591513 -421811.5934534886 -424797.98453917133 -428464.47081023717

Equation: (cos(x3 / 0.3551978202842328) / (x4 + (x3 / 0.06930980651914985))) - -954.4818204593608
Residual Differences:
-327228.3322113074 -328086.5582215453 -330353.0268588235 -336289.19672233803 -345799.20798702573 -350037.40082321025 -373164.85647326696 -374684.45820008946 -380546.4330638593 -385584.7021586811 -389622.71284053597 -393419.3821136377 -396157.8326034856 -400168.64645712345 -405875.83889147185 -407285.86359686515 -421835.04258114187 -421811.5934820578 -424797.98460270633 -428464.47084643

Equation: x0
Residual Differences:
-18149591.254459396 -18515756.4341159 -18751685.46771438 -18854745.74602265 -18875596.7641346 -18891298.684082642 -19216112.488911558 -19316191.18226528 -19604283.277631897 -20056436.43136898 -20062835.53660153 -20088762.20475218 -20089271.895199932 -20235712.058766343 -20285549.85709436 -20372299.017552223 -20421772.586291354 -20728929.306555443 -20881053.295351334 -21269956.676787343

Equation: x3 ^ x4
Residual Differences:
-1.6721771454640489e+40 -2.1778846497656837e+40 -3.215704697810399e+40 -3.644505956033646e+40 -5.460029883990469e+40 -6.66986587805928e+40 -2.28742976208236e+41 -2.634704789655134e+41 -6.467634766600669e+41 -7.673019690767592e+41 -1.2541106973646584e+42 -2.158275232023228e+42 -6.32288981961938e+42 -1.0591059549788744e+43 -1.366526209800073e+43 -1.7902190285392134e+43 -2.1170558616428363e+43 -3.163765051225342e+43 -4.673648078875258e+43 -5.456588067273691e+43

Equation: x0 + (x3 ^ x4)
Residual Differences:
-1.6721771454640489e+40 -2.1778846497656837e+40 -3.215704697810399e+40 -3.644505956033646e+40 -5.460029883990469e+40 -6.66986587805928e+40 -2.28742976208236e+41 -2.634704789655134e+41 -6.467634766600669e+41 -7.673019690767592e+41 -1.2541106973646584e+42 -2.158275232023228e+42 -6.32288981961938e+42 -1.0591059549788744e+43 -1.366526209800073e+43 -1.7902190285392134e+43 -2.1170558616428363e+43 -3.163765051225342e+43 -4.673648078875258e+43 -5.456588067273691e+43

Equation: x1 + 926.0394961866476
Residual Differences:
-18149059.362825826 -18515294.884991676 -18751236.096275926 -18854315.33586365 -18875231.454274148 -18890991.570999384 -19215805.71859901 -19316134.9665658 -19604269.926040825 -20056435.98444004 -20062835.203925375 -20088761.982902955 -20089271.70928242 -20235711.95984929 -20285549.641550004 -20372298.722970568 -20421772.70909994 -20728929.594560217 -20881053.464 -21269956.813108545

Equation: 930.683052390201 + sin(x0)
Residual Differences:
-18149080.43117488 -18515316.36105286 -18751257.925044924 -18854337.595978662 -18875254.055610765 -18891014.66451639 -19215829.136764046 -19316158.725267723 -19604293.817153428 -20056460.5355181 -20062859.994956814 -20088786.80094533 -20089296.35689674 -20235736.472844288 -20285574.1972907 -20372323.23967675 -20421797.38240163 -20728954.247284207 -20881078.08534211 -21269981.52765804

Equation: 930.0531342273538 - (x0 - x0)
Residual Differences:
-18149082.182720415 -18515317.9899562 -18751259.414531536 -18854338.896903794 -18875255.18624771 -18891015.52192036 -19215829.821461283 -19316159.23601624 -19604294.301720913 -20056461.005671997 -20062860.289507437 -20088787.010122683 -20089296.60826487 -20235736.72694688 -20285574.459593877 -20372323.513011765 -20421797.432991046 -20728954.26444294 -20881078.086116925 -21269981.514893647

Equation: 930.0528482690924 - (sin(930.0528482690924) ^ x2)
Residual Differences:
-18149082.185806602 -18515317.9927574 -18751259.41679693 -18854338.898974 -18875255.188006543 -18891015.523357745 -19215829.822837517 -19316159.23725744 -19604294.3028314 -20056461.005229346 -20062860.289122805 -20088787.00982831 -20089296.608006414 -20235736.726730414 -20285574.45942044 -20372323.512886163 -20421797.432879947 -20728954.26435232 -20881078.08603683 -21269981.5148376

Equation: (x4 - x4) + (930.0296838574359 + (0.006035315666368473 * x2))
Residual Differences:
-18149082.04311934 -18515317.849927858 -18751259.27233502 -18854338.75302789 -18875255.04125238 -18891015.37578313 -19215829.67504547 -19316159.088332083 -19604294.152999718 -20056460.85650925 -20062860.140108984 -20088786.861540712 -20089296.459632482 -20235736.578008085 -20285574.30928656 -20372323.36367853 -20421797.28322124 -20728954.115097716 -20881077.936495677 -21269981.365551826

Equation: 930.0910353585584 - (sin(-66.4398535753118) / (x1 + (x2 + x2)))
Residual Differences:
-18149082.1614654 -18515317.967568677 -18751259.39019799 -18854338.871635117 -18875255.15919727 -18891015.493244573 -19215829.7920059 -19316159.20557744 -19604294.270209376 -20056460.973036684 -20062860.25734945 -20088786.97908262 -20089296.57798141 -20235736.69754195 -20285574.43088038 -20372323.485277973 -20421797.405834705 -20728954.238038123 -20881078.06022192 -21269981.489800286

Equation: x4
Residual Differences:
-1226412769.8919733 -1243439168.1138957 -1255839983.3386242 -1263252785.3827024 -1267876845.2089894 -1269338598.3909616 -1270453413.3435085 -1270511479.0128179 -1273508966.9732203 -1281781018.8121662 -1283105194.8494916 -1283951000.8091843 -1284000214.392462 -1294347769.1424148 -1295292253.2935424 -1299140029.8985522 -1303548322.8551028 -1318361968.4933686 -1328223680.0133128 -1332924320.4246032

Equation: x1 ^ x3
Residual Differences:
-2.7160374526333373e+118 -4.684800509989711e+118 -7.343690578878377e+118 -1.1590813015265904e+119 -1.3320079897575447e+119 -1.1364976787453682e+120 -2.6991606152453894e+120 -3.912099921588755e+120 -4.443140014032762e+120 -1.3549452473160665e+121 -2.026829907144369e+121 -2.3891860496524587e+121 -7.759355981607927e+121 -9.234760085524013e+121 -1.1475932130202108e+122 -1.5528942082851568e+122 -1.983881964212531e+122 -3.2433916779616478e+122 -5.058016595110054e+122 -6.136646574507951e+122

Equation: (x0 ^ x3) - x1
Residual Differences:
-2.7180133149226533e+118 -4.926469002464396e+118 -7.14366793350916e+118 -9.885186134411506e+118 -1.2057645592561745e+119 -1.1918838148359674e+120 -2.7551485980078986e+120 -3.952757618318499e+120 -5.890942033980416e+120 -2.083616096522456e+121 -2.571288484128932e+121 -3.019344691459472e+121 -9.966033375493592e+121 -1.2985752208621656e+122 -1.732702688423779e+122 -2.221709231415901e+122 -2.653147961737459e+122 -4.12590938708586e+122 -5.364187613219285e+122 -6.263432009599794e+122

Equation: 111.42783359435747 * x2
Residual Differences:
-1226405857.5061266 -1243432262.497086 -1255833092.9310927 -1263245893.3905818 -1267869961.897065 -1269331704.728572 -1270446526.9452438 -1270504600.937041 -1273502075.2721736 -1281774133.3424683 -1283098318.212851 -1283944110.7786398 -1283993329.1562283 -1294340893.3245249 -1295285375.7180119 -1299133163.3923979 -1303541457.6903317 -1318355098.384955 -1328216807.9134843 -1332917447.9257524

Equation: (638.7137327465762 + x4) + sin(x4)
Residual Differences:
-1226412449.7719061 -1243438892.820122 -1255839877.859208 -1263252691.832135 -1267876845.0885396 -1269338598.2169874 -1270453413.1088984 -1270511478.7700596 -1273508966.662765 -1281781018.713292 -1283105194.7210093 -1283951000.6358402 -1284000214.232557 -1294347768.9540813 -1295292253.1135406 -1299140029.7186053 -1303548322.7110984 -1318361968.423101 -1328223679.9603398 -1332924320.4005718

Equation: x1 - (x3 - (x3 - -900.7114146650036))
Residual Differences:
-1226411926.5349548 -1243438369.4489255 -1255839354.3167222 -1263252168.0372663 -1267876541.1577396 -1269338433.1475608 -1270453374.27175 -1270511479.587739 -1273508967.5218196 -1281781019.6452067 -1283105195.5805223 -1283951001.4029164 -1284000214.9944124 -1294347769.6264088 -1295292253.8058121 -1299140030.3656833 -1303548323.2777965 -1318361969.0026598 -1328223680.1292222 -1332924320.3918164

Equation: cos(x3) - (x3 - (x3 - -900.7114146650036))
Residual Differences:
-1226411996.6492 -1243438439.772118 -1255839424.8475127 -1263252238.8461819 -1267876612.0689535 -1269338504.3239615 -1270453445.490225 -1270511541.7088993 -1273509029.6293867 -1281781081.6169775 -1283105257.6165204 -1283951063.5685995 -1284000277.0833063 -1294347831.8324304 -1295292315.940008 -1299140092.6220868 -1303548385.5657647 -1318362031.3745146 -1328223742.9262128 -1332924383.2503595

Equation: sin(cos(x4)) - (x3 - (x3 - -900.7114146650036))
Residual Differences:
-1226411996.5688064 -1243438439.6209996 -1255839424.656444 -1263252238.6219184 -1267876611.8689413 -1269338504.0373998 -1270453445.2647636 -1270511541.6457794 -1273509029.5634859 -1281781081.5746703 -1283105257.5988152 -1283951063.5340023 -1284000277.1368654 -1294347831.879102 -1295292316.045974 -1299140092.6551628 -1303548385.6371741 -1318362031.3080502 -1328223742.831255 -1332924383.237953

Equation: -476.2483170785697 - (x3 - (x3 - -1376.9571277318112))
Residual Differences:
-1226411994.8964458 -1243438437.944939 -1255839422.9844756 -1263252236.9588315 -1267876610.2202837 -1269338502.414481 -1270453443.6632822 -1270511541.5769544 -1273509029.4430485 -1281781081.514972 -1283105257.495338 -1283951063.3774695 -1284000276.9440389 -1294347831.6085553 -1295292315.7086818 -1299140092.2784817 -1303548385.1965992 -1318362030.9349735 -1328223742.3838918 -1332924382.655605

Equation: (sin(cos(x4)) * 0.00026285930944666057) - (x3 - (x3 - -900.708943221304))
Residual Differences:
-1226411994.8966215 -1243438437.9451158 -1255839422.984651 -1263252236.9590049 -1267876610.2204535 -1269338502.4146435 -1270453443.6634393 -1270511541.5769722 -1273509029.4430802 -1281781081.5149875 -1283105257.4953651 -1283951063.3775105 -1284000276.9440894 -1294347831.6086264 -1295292315.7087705 -1299140092.2785807 -1303548385.196715 -1318362030.9350715 -1328223742.3840094 -1332924382.6557584

Equation: cos(x0)
Residual Differences:
-133744.77325854843 -150999.49461858426 -151455.38277279594 -155983.19026555232 -168260.7777583587 -173405.79374708555 -174462.3939415905 -175692.31074056606 -178789.26034156934 -179449.95912869327 -180238.20293230467 -181777.80820530397 -183231.34197402128 -186362.8649099652 -188240.36366815135 -195981.29979733936 -199620.75702746626 -204564.02232488952 -218210.89950720695 -241240.4480043186

Equation: x1 ^ x3
Residual Differences:
-33145306944.791756 -43909534491.83385 -113550240262.34274 -155757327548.8568 -256208183991.48285 -291183430710.38184 -561349022825.9185 -654176605668.6647 -742084736103.164 -1596156908133.5012 -2047194012821.1633 -2264794691099.605 -2791811951342.837 -3494012658052.326 -3883036717745.6533 -4039062026510.356 -5204513072522.819 -7519799923631.271 -7960454927298.32 -15273075637457.498

Equation: (x3 ^ x2) - cos(x2)
Residual Differences:
-35815832376.64275 -41484861157.85602 -63741154256.73153 -77521016987.39539 -93183520052.24994 -137064415658.72934 -182148899810.15845 -229618050163.97723 -294825148268.49 -536126471062.1715 -750056936512.0063 -1448060631240.2727 -1745109024435.6975 -2136568569983.46 -2276140716983.0933 -3185890626677.8604 -3547212599795.3896 -4583419264682.283 -6714657553128.28 -16445672091068.473

Equation: (x1 ^ x4) + (x3 ^ x1)
Residual Differences:
-81883746611.30605 -119794067939.56764 -188685776112.1523 -333493853112.22394 -463580998125.8823 -582587291458.8073 -898647181791.2139 -994054169857.8325 -1192447262952.8928 -2212016706196.3906 -2599146864590.133 -2747248184052.014 -4312719197571.792 -5331228309331.536 -5961271188106.183 -6427582779783.776 -8551225914577.487 -15051104984883.96 -17675462317585.062 -22238549549952.848

Equation: (x4 * x3) * (x2 * (x0 + x1))
Residual Differences:
-111082.75898913365 -127816.53232730672 -127025.39821586924 -130244.24091761281 -141726.82994758556 -146041.51936541195 -145564.37922167085 -146354.39891405386 -148683.7813276586 -147610.829679727 -147392.01382193662 -147715.68639729873 -148434.72526643513 -150319.50380307948 -151965.15806654294 -159133.1950608966 -162217.53499827403 -165529.11729710668 -178395.25019762397 -199436.1625090056

Equation: ((x3 + x3) * x4) * (x2 * (x0 + x1))
Residual Differences:
-88420.4410153468 -104633.2132178753 -102594.9654983109 -104504.77528846408 -115192.22628372662 -118676.5252134647 -116665.54673727836 -117015.7135130222 -118577.5113966954 -115770.97857294416 -114415.104824209 -113342.72307904015 -113214.15851264798 -113648.12021503007 -114770.89337353011 -121455.63741099648 -123681.12873419367 -125555.69069083907 -137271.4378901214 -156049.3989183244

Equation: x4 + (cos(cos(x3)) / (0.2500909918501632 * 0.004296393257002176))
Residual Differences:
-133337.5755744292 -150742.96113801084 -151068.47710696657 -155591.48028344385 -167868.79278709987 -173041.4348447042 -174134.8470719374 -175430.96257560488 -178585.20844836012 -179363.48970097967 -180234.7507539344 -181827.61274359774 -183295.84054954853 -186523.70849858166 -188434.76862075276 -196181.90416929947 -199862.1142454766 -204850.74509559484 -218494.1624298945 -241576.11051687336

Equation: (2.551611501820042 / sin(cos(935.8238714195134))) * 294.32436319161224
Residual Differences:
-132717.8277559392 -150450.30202975683 -150967.61092644624 -155519.44353978022 -167940.66440446326 -173120.3235103779 -174273.18669908206 -175508.03670810422 -178790.0512586218 -179450.68078650988 -180239.04263025036 -181778.76718887768 -183232.26262297496 -186363.96884381125 -188241.37547276463 -195982.19805600768 -199621.5594943345 -204564.81197665603 -218211.59661456547 -241241.0265798916

Equation: x0
Residual Differences:
-7186913064.925761 -7303831947.975573 -7324470493.612376 -7334829287.079062 -7342172516.409986 -7354391287.44322 -7366194666.155818 -7379346877.88054 -7379820032.070567 -7391986001.888832 -7410742721.393036 -7415139858.3752575 -7434144339.229714 -7448066695.750736 -7455816481.46197 -7460961891.474054 -7494836787.092989 -7512000762.809717 -7573268155.597088 -7573789298.086677

Equation: x3 ^ x0
Residual Differences:
-1.0896631107958846e+184 -1.582536221226806e+184 -1.8510954927553792e+184 -3.3526801733089284e+184 -8.428726116605238e+184 -1.390395209797461e+185 -1.6195685621690172e+185 -2.0209699684461493e+185 -2.76975159645766e+185 -7.071810329698751e+185 -7.366886522242848e+185 -2.075136786554525e+186 -2.658415794723688e+186 -4.9824299654026665e+186 -8.155507480077172e+186 -1.637901792164148e+187 -2.073932428147473e+187 -2.2355434307754487e+187 -2.607993401562522e+187 -7.395014690740507e+187

Equation: (x3 - cos(x0)) ^ x0
Residual Differences:
-5.447744840126183e+183 -7.774804428015658e+183 -8.945399007950529e+183 -1.4952800142427934e+184 -3.3818023676584328e+184 -5.35489370138301e+184 -6.2433014295843416e+184 -7.7081005877373e+184 -1.0498201443751678e+185 -2.5879805431360005e+185 -2.6966837081867268e+185 -7.649864484957339e+185 -9.841471965083109e+185 -1.8960382852686565e+186 -3.2133711063338134e+186 -6.757481265300894e+186 -8.776482614115226e+186 -9.515559049622788e+186 -1.119937946660521e+187 -3.575157345539727e+187

Equation: x3 / cos(1.5625249310732279)
Residual Differences:
-7186902252.803913 -7303821120.91565 -7324459661.114342 -7334818472.191238 -7342161712.576644 -7354380488.508282 -7366183863.961648 -7379336083.041187 -7379809225.017804 -7391975198.334275 -7410731928.715144 -7415129065.949735 -7434133540.982596 -7448055893.990861 -7455805689.989998 -7460951089.75392 -7494826000.223827 -7511989983.376878 -7573257373.977329 -7573778508.288211

Equation: (x0 / x2) / 0.001034759170801291
Residual Differences:
-7186912245.201914 -7303831263.108086 -7324470125.19438 -7334829014.491561 -7342172330.472458 -7354391090.620333 -7366194483.579194 -7379346817.063238 -7379820008.644476 -7391986056.558654 -7410742817.807822 -7415139945.033399 -7434144431.323626 -7448066780.095575 -7455816569.882497 -7460961976.298404 -7494836866.535791 -7512000858.576972 -7573268238.695262 -7573789397.439341

Equation: (x4 + x3) / cos(1.5625249310732279)
Residual Differences:
-7186890916.470751 -7303809844.493091 -7324448656.637181 -7334807486.642214 -7342150756.926811 -7354369477.129313 -7366172813.729743 -7379325110.5892105 -7379798243.710432 -7391964266.308654 -7410721002.762562 -7415118150.751782 -7434122632.035957 -7448044993.457336 -7455794790.185549 -7460940188.08694 -7494815106.807613 -7511979100.848526 -7573246476.615609 -7573767614.1633835

Equation: ((x0 / x0) / 0.001034759170801291) + x0
Residual Differences:
-7186912159.850473 -7303831160.598286 -7324470040.670489 -7334828925.498375 -7342172221.516097 -7354391004.359133 -7366194383.580131 -7379346729.033651 -7379819905.884479 -7391985971.2413435 -7410742721.393035 -7415139858.3752575 -7434144339.229715 -7448066695.750736 -7455816481.461969 -7460961891.474055 -7494836787.092988 -7512000762.809717 -7573268155.597088 -7573789298.086676

Equation: ((x0 / x0) / 0.001034759170801291) + (x3 + x0)
Residual Differences:
-7186912063.536194 -7303831063.902585 -7324469943.921055 -7334828828.529197 -7342172124.444449 -7354390907.20818 -7366194286.16584 -7379346631.436396 -7379819808.015989 -7391985873.3103695 -7410742631.378112 -7415139768.361178 -7434144249.168688 -7448066605.659971 -7455816391.456776 -7460961801.383756 -7494836697.125908 -7512000672.905196 -7573268065.674577 -7573789208.0965

Equation: ((x0 / x0) / 0.0010252010692465383) + sin(0.397827987053105 * x3)
Residual Differences:
-7186912237.953281 -7303831238.693228 -7324470118.897686 -7334829003.962912 -7342172300.19214 -7354391083.2822275 -7366194462.546924 -7379346808.1168375 -7379819984.95138 -7391986050.6799965 -7410742812.793623 -7415139949.868553 -7434144430.507154 -7448066787.094724 -7455816572.739546 -7460961982.691654 -7494836878.250869 -7512000853.819431 -7573268246.552295 -7573789388.958417

Equation: ((1.5774375952232946 / 45.75304187759015) / (64.28452896554639 + 63.72181294558856)) + 976.4106149439524
Residual Differences:
-7186912236.34036 -7303831237.182061 -7324470117.404227 -7334829002.501247 -7342172298.740495 -7354391081.841558 -7366194461.165101 -7379346806.761779 -7379819983.667789 -7391986049.403247 -7410742811.515644 -7415139948.648263 -7434144429.357002 -7448066785.960666 -7455816571.614266 -7460961981.667449 -7494836877.240244 -7512000852.829787 -7573268245.6051445 -7573789388.09672

Equation: x4
Residual Differences:
-4954509.467511004 -5069242.044246245 -5077125.414247367 -5127248.054355406 -5195013.698728244 -5210256.627972338 -5215843.741327536 -5274583.13705763 -5306574.710501283 -5367271.071968171 -5406586.3018541075 -5411740.983786172 -5419144.717417963 -5575083.67753085 -5581679.503897838 -5684589.105276856 -5761540.859651862 -5811190.795515524 -5828118.893772958 -6042396.691401245

Equation: x3 ^ x4
Residual Differences:
-1.9636514842691506e+28 -2.431925673941697e+28 -2.478069564280336e+28 -3.1967004390034787e+28 -6.103580768059176e+28 -6.36705303952219e+28 -1.422045949932449e+29 -2.7575433053843093e+29 -3.9661973402456126e+29 -4.9603030343165795e+29 -6.901716392866864e+29 -7.22910734586159e+29 -7.720045770477125e+29 -9.53290865163076e+29 -2.545335969404375e+30 -2.848039311318125e+30 -6.323400843766663e+30 -6.608783492090299e+30 -2.337887210820282e+31 -3.6396835417710113e+31

Equation: x4 + (x3 ^ x4)
Residual Differences:
-1.9636514842691506e+28 -2.431925673941697e+28 -2.478069564280336e+28 -3.1967004390034787e+28 -6.103580768059176e+28 -6.36705303952219e+28 -1.422045949932449e+29 -2.7575433053843093e+29 -3.9661973402456126e+29 -4.9603030343165795e+29 -6.901716392866864e+29 -7.22910734586159e+29 -7.720045770477125e+29 -9.53290865163076e+29 -2.545335969404375e+30 -2.848039311318125e+30 -6.323400843766663e+30 -6.608783492090299e+30 -2.337887210820282e+31 -3.6396835417710113e+31

Equation: 1011.385564680283 + x2
Residual Differences:
-4953532.832277433 -5068409.86269586 -5076472.702608056 -5126600.913548963 -5194498.567265155 -5209837.1021577865 -5215504.416780698 -5274339.353605766 -5306338.250457337 -5367041.9647560455 -5406435.366688108 -5411660.867833871 -5419122.161804602 -5575075.821041082 -5581679.187492247 -5684588.689315699 -5761540.544520474 -5811190.463678714 -5828118.850304375 -6042396.778975585

Equation: 1014.7518158324722 - sin(x2)
Residual Differences:
-4953551.175717899 -5068428.219187557 -5076491.08431965 -5126619.302062371 -5194516.961465663 -5209855.512407729 -5215522.839933674 -5274357.799375299 -5306356.705840973 -5367060.45849084 -5406453.877162225 -5411679.422713815 -5419140.769667957 -5575094.475139426 -5581697.7434998015 -5684607.23081339 -5761559.043843923 -5811208.864057001 -5828137.150722554 -6042415.000054746

Equation: 1015.3963271803163 + (x2 - x2)
Residual Differences:
-4953549.180746112 -5068426.373517301 -5076489.39877388 -5126617.814818028 -5194515.598258133 -5209854.359592501 -5215521.934350985 -5274357.095752675 -5306356.151196067 -5367060.047872651 -5406453.54008912 -5411679.1855758475 -5419140.653057529 -5575094.407511739 -5581697.456353939 -5684607.011319603 -5761558.839124691 -5811208.688650045 -5828137.005488679 -6042414.884095407

Equation: (-0.18220920639509686 / x2) + 1015.4427086906264
Residual Differences:
-4953549.155644007 -5068426.346480716 -5076489.371250856 -5126617.784622539 -5194515.566135398 -5209854.326059513 -5215521.899674797 -5274357.05929544 -5306356.114155124 -5367060.009186606 -5406453.500852324 -5411679.145143728 -5419140.611527478 -5575094.365182972 -5581697.423669135 -5684606.979169804 -5761558.807529532 -5811208.658106199 -5828136.975799365 -6042414.8550068075

Equation: 1015.3836131600473 + (-0.019726604214938423 * sin(x2))
Residual Differences:
-4953549.22010013 -5068426.409926107 -5076489.432023974 -5126617.844156309 -5194515.625149588 -5209854.382333631 -5215521.952215056 -5274357.10963276 -5306356.162137327 -5367060.055972752 -5406453.546738427 -5411679.190253774 -5419140.655357856 -5575094.408845803 -5581697.462018352 -5684607.015649469 -5761558.843163107 -5811208.692110227 -5828137.008353649 -6042414.886382891

Equation: (cos(cos(x2)) * 0.040398178326124794) + 1015.3647394915076
Residual Differences:
-4953549.192814056 -5068426.3866636325 -5076489.4144761795 -5126617.830412553 -5194515.612763697 -5209854.374473726 -5215521.94935732 -5274357.1087718485 -5306356.163310437 -5367060.057296162 -5406453.548407036 -5411679.191693066 -5419140.656848452 -5575094.409950753 -5581697.465509752 -5684607.018802577 -5761558.8462672345 -5811208.694941803 -5828137.010744515 -6042414.8882959215

Equation: ((sin(x2) * x3) * -0.0053784376862041515) + 1015.3829721813094
Residual Differences:
-4953549.282244266 -5068426.468322183 -5076489.477572895 -5126617.886402934 -5194515.667492384 -5209854.412432282 -5215521.964680454 -5274357.112861477 -5306356.153415164 -5367060.042319014 -5406453.528052359 -5411679.1673852075 -5419140.624919517 -5575094.375786538 -5581697.3957527885 -5684606.941322897 -5761558.767012962 -5811208.6127302535 -5828136.925814011 -6042414.802427972

Equation: (sin(-0.005599590726110805) * (sin(x2) * x4)) + 1015.3819499112145
Residual Differences:
-4953549.287838725 -5068426.473402924 -5076489.481873106 -5126617.889906554 -5194515.670643678 -5209854.415182296 -5215521.966765519 -5274357.114519709 -5306356.154810903 -5367060.043088463 -5406453.528838964 -5411679.168003261 -5419140.625383131 -5575094.376858092 -5581697.3946049325 -5684606.940072361 -5761558.764979835 -5811208.610745718 -5828136.923645203 -6042414.799517335

Equation: x4
Residual Differences:
-135513495.74037588 -137816567.96611583 -138350489.51753396 -138751269.21857065 -140691540.50280485 -141270633.4957901 -142240997.9512623 -142410676.26566592 -143230578.3260201 -143377389.68469638 -144084300.91041273 -144215824.0625985 -144455629.3503085 -146774605.004161 -147339637.3745147 -147618539.80776638 -148182975.14853355 -148474910.80710354 -149160928.25072405 -149583802.57686824

Equation: x0 ^ x4
Residual Differences:
-9.707605629688604e+67 -1.485814396067231e+68 -3.723230148903087e+68 -5.361018925451536e+68 -1.1733707323740819e+69 -1.9550585463948224e+69 -3.1039703262331716e+69 -3.527361980806956e+69 -4.6972605292765905e+69 -7.586344905194637e+69 -8.088468073789852e+69 -1.8395802638635262e+70 -3.9062556097257014e+70 -6.193476157743758e+70 -1.1978175942659803e+71 -1.6315677824704652e+71 -1.7627890533591391e+71 -1.8348334445698053e+71 -2.1496088947415687e+71 -2.809446615310504e+71

Equation: (x0 ^ x4) + x1
Residual Differences:
-9.707605629688604e+67 -1.485814396067231e+68 -3.723230148903087e+68 -5.361018925451536e+68 -1.1733707323740819e+69 -1.9550585463948224e+69 -3.1039703262331716e+69 -3.527361980806956e+69 -4.6972605292765905e+69 -7.586344905194637e+69 -8.088468073789852e+69 -1.8395802638635262e+70 -3.9062556097257014e+70 -6.193476157743758e+70 -1.1978175942659803e+71 -1.6315677824704652e+71 -1.7627890533591391e+71 -1.8348334445698053e+71 -2.1496088947415687e+71 -2.809446615310504e+71

Equation: (x0 ^ x4) + (x2 ^ x3)
Residual Differences:
-1.9154006378137569e+68 -2.749414033473772e+68 -5.326633034638412e+68 -8.03798282115574e+68 -1.551788207667069e+69 -2.9443007026003854e+69 -4.7085409643966206e+69 -5.300148334898161e+69 -7.363793213015634e+69 -1.1199180427671502e+70 -1.7987804583114637e+70 -3.1224340688207665e+70 -5.30995949717513e+70 -9.011451577967264e+70 -1.6370736703331104e+71 -2.2770038004041356e+71 -2.5910412082787004e+71 -3.425272529518899e+71 -6.190536340428666e+71 -1.2234778886647003e+72

Equation: ((x0 + x0) * (x2 * x4)) * x0
Residual Differences:
-129323309.79881302 -131597450.89444949 -132034054.84506053 -132414827.44639823 -134260129.49483833 -134799920.0234786 -135712943.9010043 -135839635.75725508 -136567419.32708576 -136680037.85699734 -137378365.84471807 -137427253.02995807 -137585616.1007747 -139778366.09644276 -140269934.44348058 -140497088.0096017 -141019983.1723172 -141308045.58602837 -141976263.53974378 -142301349.38769728

Equation: (2.914048752221087 ^ x2) * (x4 + x4)
Residual Differences:
-2.316297322223966e+21 -2.3301819238004498e+21 -2.5066838289853375e+21 -2.5529453252261194e+21 -2.652168621772487e+21 -2.8488663365431014e+21 -3.135881377726336e+21 -3.3157623257148854e+21 -4.940816763508386e+21 -5.363132062214195e+21 -5.464900956388157e+21 -5.492403141249137e+21 -5.545181316460618e+21 -8.448427684460489e+21 -1.0048623519613246e+22 -1.1908360038314358e+22 -1.397354221606622e+22 -1.4120374940114839e+22 -1.4964615532828485e+22 -1.988732131430748e+22

Equation: (0.9039958511124823 / 0.004731836985588877) * x2
Residual Differences:
-135506104.26586396 -137809188.36617234 -138343148.81336182 -138743932.45918941 -140684215.17825168 -141263329.31625128 -142233690.7900083 -142403367.0553882 -143223226.2984719 -143370050.28726557 -144076959.97565824 -144208502.64163718 -144448325.12595963 -146767253.08847675 -147332271.17822835 -147611170.35635665 -148175583.14144665 -148467540.2569394 -149153564.10584748 -149576416.84850395

Equation: ((x3 + x3) + x3) - (-886.0367656240246 - x0)
Residual Differences:
-135512734.3605843 -137815842.07138208 -138349834.31116474 -138750734.91656137 -140691085.98837513 -141270258.170246 -142240663.3411615 -142410429.17404887 -143230461.97476733 -143377273.53055367 -144084184.2722559 -144215707.38064295 -144455512.90232602 -146774488.4306979 -147339520.96054548 -147618423.66462758 -148182859.12552112 -148474794.74029422 -149160811.5958213 -149583685.9123525

Equation: (x3 + (x4 * (x0 * x2))) - (-886.0367656240246 - x0)
Residual Differences:
-135439138.7257659 -137741979.2479174 -138275164.17482007 -138675848.75582904 -140615473.8312849 -141194239.4504678 -142164138.18507624 -142333598.30633655 -143152740.72913817 -143299232.40205032 -144006067.57815015 -144136956.34608498 -144376148.49567187 -146693959.5700835 -147258279.07064894 -147536675.3620395 -148100727.29553005 -148392629.73124212 -149078461.94453 -149500501.68685776

Equation: (x1 + x1) * (-30.63680942222831 / (x1 / -15.643003257074461))
Residual Differences:
-135512769.36019275 -137815877.70786083 -138349870.9363798 -138750772.2221351 -140691124.30490896 -141270297.57770285 -142240703.46677664 -142410469.676338 -143230544.7192951 -143377428.55302128 -144084339.72632045 -144215862.93564564 -144455668.28798637 -146774643.8624613 -147339676.2791425 -147618578.6964063 -148183013.9978709 -148474949.55545026 -149160966.9154498 -149583841.17221406

Equation: sin(x2) + ((x2 + x3) - ((-958.6701664655285 - x4) - sin(x3)))
Residual Differences:
-135512635.75302145 -137815743.87872022 -138349736.70875674 -138750637.73563457 -140690989.46648988 -141270162.24924245 -142240567.72291657 -142410333.80595964 -143230408.23251212 -143377312.79980886 -144084223.67223096 -144215746.78546217 -144455552.1262594 -146774527.23476377 -147339559.3312387 -147618461.60693884 -148182896.7006707 -148474832.28920674 -149160849.3305193 -149583723.22600046

Equation: (cos(1663.4733090438108) + x2) * ((344.6296795507587 - -624.7625745289657) / x2)
Residual Differences:
-135512747.58287308 -137815855.9305285 -138349849.1590372 -138750750.44478944 -140691102.5275552 -141270275.8003349 -142240681.68940318 -142410447.89896142 -143230522.941908 -143377428.55279464 -144084339.72609434 -144215862.9354258 -144455668.28777203 -146774643.86225453 -147339676.27894 -147618578.69621062 -148183013.99767667 -148474949.55526164 -149160966.915265 -149583841.1720355

Equation: x1
Residual Differences:
-328226.6062917078 -328860.61074308294 -331047.1144057699 -336771.42044263723 -346213.1611206319 -350449.212224791 -373572.7536446354 -375054.9918272372 -380778.519845124 -385704.13160268223 -389623.2230836925 -393410.3571375004 -396148.7720603874 -400159.6021975734 -405866.7256212496 -407276.87014197046 -421826.05270546256 -421802.5450392799 -424788.7783026537 -428455.30952473584

Equation: x1 ^ x4
Residual Differences:
-16419207591659.207 -21751556141231.844 -45104399222321.31 -68469314750281.45 -83052823546107.62 -153902948119339.2 -207490923626324.0 -398715931245314.2 -481863012281890.94 -581646316265686.4 -689732724742538.9 -869065728876329.0 -1048542153799051.5 -1578066525843233.0 -2213060569006242.8 -2598947365590035.5 -3748136338521201.0 -5088933234072528.0 -1.0879179341716542e+16 -1.1300036497731944e+16

Equation: (x1 ^ x4) + x2
Residual Differences:
-16419207591674.336 -21751556141247.168 -45104399222336.8 -68469314750297.27 -83052823546123.67 -153902948119355.4 -207490923626340.34 -398715931245330.75 -481863012281907.6 -581646316265703.4 -689732724742556.0 -869065728876346.8 -1048542153799069.4 -1578066525843251.0 -2213060569006260.8 -2598947365590054.0 -3748136338521219.5 -5088933234072537.0 -1.087917934171655e+16 -1.1300036497731952e+16

Equation: x3 - -950.6193474366139
Residual Differences:
-327220.87289140763 -328078.9715334379 -330345.24773268617 -336281.2099105522 -345790.87637756625 -350028.8619270974 -373156.2107186158 -374675.49185853853 -380537.20268438134 -385575.3489846772 -389613.2549774109 -393410.4299145942 -396148.86215002125 -400159.7711816622 -405866.996824888 -407277.0865267936 -421826.2157635833 -421802.73598596384 -424788.88912694843 -428455.4282140972

Equation: cos(x3) - -955.1331653160811
Residual Differences:
-327227.11835665087 -328085.31242955045 -330351.7442796335 -336287.8745149076 -345797.84870176256 -350035.99216840777 -373163.43181139784 -374683.0790886848 -380545.0162684844 -385583.21961768286 -389621.1649230854 -393418.01212516427 -396156.53734324616 -400167.45719044434 -405874.7876156557 -407284.90842296387 -421834.3189378587 -421811.03594231774 -424797.9075283532 -428464.4637619891

Equation: 953.4791911866215 + (x4 / x4)
Residual Differences:
-327228.3176836311 -328086.541663211 -330353.0079453208 -336289.17758116894 -345799.19170757406 -350037.38940248033 -373164.8479109412 -374684.4560369496 -380546.4397020109 -385584.7141425665 -389622.72895984 -393419.375008056 -396157.82479777915 -400168.63672130235 -405875.8288998232 -407285.8540911391 -421835.0348634214 -421811.5870961922 -424797.9783933871 -428464.4666387416

Equation: (cos(x3) / (x3 ^ x3)) - -954.4883315697028
Residual Differences:
-327228.3310374736 -328086.55189921666 -330353.01257561205 -336289.175515788 -345799.18802200747 -350037.3805499356 -373164.8376758608 -374684.444393932 -380546.42545408447 -385584.6986262189 -389622.7126221166 -393419.3736944203 -396157.82371606183 -400168.63607137796 -405875.82852530415 -407285.85387870925 -421835.03479602607 -421811.5870930717 -424797.9784563871 -428464.46671697847

Equation: (cos(-1.911896094724681) / x3) - -954.5675224651039
Residual Differences:
-327228.2775262629 -328086.4996019405 -330352.96235610574 -336289.12732890394 -345799.13956276746 -350037.33260063716 -373164.7895372004 -374684.3954789973 -380546.3751458956 -385584.6471077897 -389622.65989062755 -393419.3203744953 -396157.7709179931 -400168.5848376492 -405875.77865756745 -407285.8052267466 -421834.9874963998 -421811.54071073374 -424797.9333454937 -428464.4224187254

Equation: (sin(cos(x3)) / (2.7379187553447992 ^ x3)) - -954.495625903146
Residual Differences:
-327228.3228236605 -328086.544997343 -330353.00774027675 -336289.17245612957 -345799.1852291409 -350037.3779137428 -373164.8348194894 -374684.4411366718 -380546.4207239796 -385584.69258538 -389622.70534139324 -393419.3676928536 -396157.8183201183 -400168.6320892742 -405875.8257672538 -407285.85206135357 -421835.0340951756 -421811.58705554926 -424797.97938975407 -428464.4679943969

Equation: (cos(x3 / 0.36481695513850176) / ((x3 * x2) * x3)) - -954.4869688317054
Residual Differences:
-327228.3211831895 -328086.5476791456 -330353.01745294983 -336289.1879009392 -345799.20122622437 -350037.39457397023 -373164.85078669817 -374684.4552761586 -380546.43107958947 -385584.70015400206 -389622.7109247598 -393419.38102428574 -396157.8319261322 -400168.6462057007 -405875.83923322754 -407285.86456524685 -421835.0445458438 -421811.59564293316 -424797.9847147159 -428464.4716965642

Equation: (cos(x3 / 0.3554173094611882) / (x3 / 0.06432357292446114)) - -954.4819732523702
Residual Differences:
-327228.3316092446 -328086.55766256276 -330353.02632331394 -336289.19626653113 -345799.2076328455 -350037.40055471 -373164.85626148904 -374684.45803531393 -380546.43296162266 -385584.7020937483 -389622.7127959653 -393419.3820475088 -396157.8325360693 -400168.64640678494 -405875.8388366054 -407285.86358181376 -421835.0425591513 -421811.5934534886 -424797.98453917133 -428464.47081023717

Equation: (cos(x3 / 0.3551978202842328) / (x4 + (x3 / 0.06930980651914985))) - -954.4818204593608
Residual Differences:
-327228.3322113074 -328086.5582215453 -330353.0268588235 -336289.19672233803 -345799.20798702573 -350037.40082321025 -373164.85647326696 -374684.45820008946 -380546.4330638593 -385584.7021586811 -389622.71284053597 -393419.3821136377 -396157.8326034856 -400168.64645712345 -405875.83889147185 -407285.86359686515 -421835.04258114187 -421811.5934820578 -424797.98460270633 -428464.47084643

Equation: x0
Residual Differences:
-18149591.254459396 -18515756.4341159 -18751685.46771438 -18854745.74602265 -18875596.7641346 -18891298.684082642 -19216112.488911558 -19316191.18226528 -19604283.277631897 -20056436.43136898 -20062835.53660153 -20088762.20475218 -20089271.895199932 -20235712.058766343 -20285549.85709436 -20372299.017552223 -20421772.586291354 -20728929.306555443 -20881053.295351334 -21269956.676787343

Equation: x3 ^ x4
Residual Differences:
-1.6721771454640489e+40 -2.1778846497656837e+40 -3.215704697810399e+40 -3.644505956033646e+40 -5.460029883990469e+40 -6.66986587805928e+40 -2.28742976208236e+41 -2.634704789655134e+41 -6.467634766600669e+41 -7.673019690767592e+41 -1.2541106973646584e+42 -2.158275232023228e+42 -6.32288981961938e+42 -1.0591059549788744e+43 -1.366526209800073e+43 -1.7902190285392134e+43 -2.1170558616428363e+43 -3.163765051225342e+43 -4.673648078875258e+43 -5.456588067273691e+43

Equation: x0 + (x3 ^ x4)
Residual Differences:
-1.6721771454640489e+40 -2.1778846497656837e+40 -3.215704697810399e+40 -3.644505956033646e+40 -5.460029883990469e+40 -6.66986587805928e+40 -2.28742976208236e+41 -2.634704789655134e+41 -6.467634766600669e+41 -7.673019690767592e+41 -1.2541106973646584e+42 -2.158275232023228e+42 -6.32288981961938e+42 -1.0591059549788744e+43 -1.366526209800073e+43 -1.7902190285392134e+43 -2.1170558616428363e+43 -3.163765051225342e+43 -4.673648078875258e+43 -5.456588067273691e+43

Equation: x1 + 926.0394961866476
Residual Differences:
-18149059.362825826 -18515294.884991676 -18751236.096275926 -18854315.33586365 -18875231.454274148 -18890991.570999384 -19215805.71859901 -19316134.9665658 -19604269.926040825 -20056435.98444004 -20062835.203925375 -20088761.982902955 -20089271.70928242 -20235711.95984929 -20285549.641550004 -20372298.722970568 -20421772.70909994 -20728929.594560217 -20881053.464 -21269956.813108545

Equation: 930.683052390201 + sin(x0)
Residual Differences:
-18149080.43117488 -18515316.36105286 -18751257.925044924 -18854337.595978662 -18875254.055610765 -18891014.66451639 -19215829.136764046 -19316158.725267723 -19604293.817153428 -20056460.5355181 -20062859.994956814 -20088786.80094533 -20089296.35689674 -20235736.472844288 -20285574.1972907 -20372323.23967675 -20421797.38240163 -20728954.247284207 -20881078.08534211 -21269981.52765804

Equation: 930.0531342273538 - (x0 - x0)
Residual Differences:
-18149082.182720415 -18515317.9899562 -18751259.414531536 -18854338.896903794 -18875255.18624771 -18891015.52192036 -19215829.821461283 -19316159.23601624 -19604294.301720913 -20056461.005671997 -20062860.289507437 -20088787.010122683 -20089296.60826487 -20235736.72694688 -20285574.459593877 -20372323.513011765 -20421797.432991046 -20728954.26444294 -20881078.086116925 -21269981.514893647

Equation: 930.0528482690924 - (sin(930.0528482690924) ^ x2)
Residual Differences:
-18149082.185806602 -18515317.9927574 -18751259.41679693 -18854338.898974 -18875255.188006543 -18891015.523357745 -19215829.822837517 -19316159.23725744 -19604294.3028314 -20056461.005229346 -20062860.289122805 -20088787.00982831 -20089296.608006414 -20235736.726730414 -20285574.45942044 -20372323.512886163 -20421797.432879947 -20728954.26435232 -20881078.08603683 -21269981.5148376

Equation: (x4 - x4) + (930.0296838574359 + (0.006035315666368473 * x2))
Residual Differences:
-18149082.04311934 -18515317.849927858 -18751259.27233502 -18854338.75302789 -18875255.04125238 -18891015.37578313 -19215829.67504547 -19316159.088332083 -19604294.152999718 -20056460.85650925 -20062860.140108984 -20088786.861540712 -20089296.459632482 -20235736.578008085 -20285574.30928656 -20372323.36367853 -20421797.28322124 -20728954.115097716 -20881077.936495677 -21269981.365551826

Equation: 930.0910353585584 - (sin(-66.4398535753118) / (x1 + (x2 + x2)))
Residual Differences:
-18149082.1614654 -18515317.967568677 -18751259.39019799 -18854338.871635117 -18875255.15919727 -18891015.493244573 -19215829.7920059 -19316159.20557744 -19604294.270209376 -20056460.973036684 -20062860.25734945 -20088786.97908262 -20089296.57798141 -20235736.69754195 -20285574.43088038 -20372323.485277973 -20421797.405834705 -20728954.238038123 -20881078.06022192 -21269981.489800286

