Complexity,Loss,Equation
1,7.553187635084335,"10.909832721217157"
3,0.1392217025326082,"log(cube(x0))"
5,0.004546430292653583,"log(cube(0.6365150485804864 + x0))"
7,6.28243119044525e-5,"log(cube(x0 - -0.392322501336674) + 1.1115821230223768)"
8,6.277665418733047e-5,"log(cube(x0 + square(0.6248670851218002)) - -1.1195211972186734)"
9,3.389861666781439e-5,"log((cube(x0 - -0.2883507637630756) + x0) - -0.9579763108967393)"
10,4.286352797430114e-21,"log(((x0 + square(x0)) + 0.9999999988843348) + cube(x0))"
12,8.645068112046759e-31,"log(((cube(x0) + square(x0)) + x0) + (x0 / x0))"
15,8.622881399087419e-31,"log((cube(x0) + (exp(square(cube(x0 - x0))) + x0)) + square(x0))"
