Complexity,Loss,Equation
1,0.5014262637621957,"0.0021188609471126663"
3,0.5001199416585592,"0.08929515275022695 / x0"
4,4.043216310175904e-33,"sin(x0 + x0)"
