Complexity,Loss,Equation
1,0.2601920749329729,"-0.9989532330144051"
5,0.2601374440458988,"(0.057925019499917726 / x0) - 1.0"
6,0.26002693156550577,"(cube(0.32480460454526294) / x0) - 1.0"
7,0.25200949763426866,"sin(square(x0) + x0) - 1.0"
8,3.944304526105059e-33,"(cos(x0) * sin(square(x0))) - 1.0"
