Complexity,Loss,Equation
1,0.21859430341097935,"x0"
3,0.00128331239140153,"1.3773182882321453 * x0"
5,0.0008927174466059178,"(x0 * 1.404289749302358) + -0.038742526747017"
8,0.00014347229666305714,"x0 + (1.3247166324814839 / exp(1.2145332035020973 / x0))"
9,5.979233390985171e-5,"(square(x0) / (square(x0) + 1.568273723183809)) + x0"
11,5.716949200301384e-6,"(square(x0 * -1.236714770921918) / (exp(x0) + 1.2894285162600465)) + x0"
12,3.4848995066369743e-6,"(square(x0 * -1.236714770921918) / (exp(x0) + square(1.1273541417299522))) + x0"
14,2.9168124291124046e-7,"(x0 - 0.004478057433424224) + (square(-1.235131354728908 * x0) / (square(1.0990329012827889) + exp(x0)))"
22,2.866557295111199e-7,"(square(x0 * -1.2355948632315312) / (exp(x0) + cube(1.0693186457605226))) + ((x0 + square(0.0011290150113111)) + (sin(-0.07110618502023924) * (0.15544412519635117 / 3.1445003172831045)))"
