Complexity,Loss,Equation
1,0.28841181887717676,"x2"
2,0.16152053654689533,"square(x4)"
3,0.054316783624321546,"cube(square(x4))"
4,0.010994112901755617,"cube(cube(square(x4)))"
5,0.001836664924736228,"square(-0.09603673979393111)"
6,0.0016667055523477581,"square(square(-0.4506671684296734))"
7,0.0012496018691007876,"x3 * (x1 * (x2 * x0))"
8,0.00014820046589999767,"(x1 * (x4 * x0)) * square(x3)"
9,2.0133874587723833e-33,"x3 * (x1 * (x2 * (x0 * x4)))"
13,1.8806499019935613e-33,"(x3 / x3) * ((x2 * (x0 * x4)) * (x1 * x3))"
