Equation: x1
Residuals:
1751509.4856415223 1756093.0095753209 1804251.7747540583 1980670.6851912593 1989054.5949372076 2002166.9483796582 2150694.413145813 2161774.359148864 2210074.9921057746 2254272.5799688087 2304198.306668162 2356570.044407524 2369791.3517475016 2405904.799024927 2502991.5470364518 2560896.033957827 2597954.502842683 2699249.6487878747 2731218.8134803977 2743953.2050101645

Equation: x4 ^ x1
Residuals:
2.7386996428381854e+21 3.048972610719802e+21 4.100404519194814e+21 1.03572580137802e+22 1.3252786155840273e+22 2.0720700840583476e+22 4.061087827846997e+22 9.62340435776878e+22 1.1602288570897702e+23 1.7648627047111384e+23 2.6094722633970553e+23 3.728041969768903e+23 4.035119110959749e+23 4.636564433202445e+23 5.969208523234558e+23 8.313199240733638e+23 9.813112617770347e+23 1.446610180798292e+24 1.73619186176552e+24 3.692637148827055e+24

Equation: x4 * (x1 ^ x3)
Residuals:
3.7003680735347553e+22 7.3144537603700565e+22 9.407465100336636e+22 1.476244063133272e+23 2.6154151748769628e+23 3.3607159629399634e+23 4.015440897726905e+23 8.392309193468181e+23 1.4544220047527885e+24 1.7764501056276878e+24 3.6147985443414917e+24 5.845963489061242e+24 6.106550404864951e+24 9.032106388231848e+24 1.0526997016059005e+25 1.3911327184976529e+25 1.8037737242144418e+25 2.252377775840247e+25 2.411043487084233e+25 4.7079593201067764e+25

Equation: x4 - -1536.0543772077333
Residuals:
1749973.2169793816 1754556.7552486893 1802715.4507358216 1979134.270011048 1987518.2355893112 2000630.6390893306 2149157.9607084733 2160238.1994923367 2208538.8258207235 2252736.405719981 2302662.202586437 2355033.9340591393 2368255.228398288 2404368.625573467 2501455.3157686475 2559359.7821215703 2596418.235707256 2697713.2699125595 2729682.425747828 2742417.067311625

Equation: cos(x3) - -1540.6195702317407
Residuals:
1749986.160275926 1754569.4892226097 1802728.250331167 1979147.305667934 1987531.1364263168 2000643.5824753125 2149171.1768207555 2160251.294589038 2208551.8525005463 2252749.526428226 2302675.2630904643 2355047.0394862564 2368268.3609681143 2404381.7992802025 2501468.591155626 2559373.148763765 2596431.651719369 2697726.868503201 2729696.0775582218 2742430.7379900515

Equation: (x3 / x3) - -1539.0505272076966
Residuals:
1749986.6913631125 1754570.2468588962 1802729.0711065107 1979148.198409058 1987532.1860502285 2000644.6675781251 2149172.2694885978 2160252.5112414444 2208553.1904248134 2252750.883622303 2302676.7281116443 2355048.5552910003 2368269.8795109135 2404383.349499624 2501470.147269291 2559374.713330508 2596433.22056021 2697728.437148923 2729697.645975301 2742432.2914883113

Equation: (0.01623453570080852 / x3) - -1540.046317305051
Residuals:
1749986.6946313803 1754570.2501394378 1802729.0743904838 1979148.2016969835 1987532.1893470567 2000644.6708770504 2149172.272787975 2160252.5145485858 2208553.1937405393 2252750.886939539 2302676.7314387257 2355048.5586243924 2368269.882844713 2404383.352839286 2501470.1506105056 2559374.7166747954 2596433.223907924 2697728.440498843 2729697.649325548 2742432.294844937

Equation: 1540.0730666415325 - (x2 / (43.92361270047381 * x4))
Residuals:
1749986.6913887216 1754570.2471461284 1802729.0713690552 1979148.1985901366 1987532.1862795232 2000644.6677628516 2149172.2693522726 2160252.5111928782 2208553.1903534792 2252750.883449203 2302676.7281350335 2355048.555233816 2368269.879420758 2404383.349323903 2501470.147026645 2559374.7130465712 2596433.2202303316 2697728.4366640793 2729697.6457664664 2742432.2917196862

Equation: ((x3 / x3) + (-0.2016531924690498 / x4)) - -1539.1022263324744
Residuals:
1749986.6512064624 1754570.206690876 1802729.0308542089 1979148.1579600463 1987532.1455873866 2000644.6270666418 2149172.228805805 2160252.4705568654 2208553.1497085267 2252750.842838661 2302676.687299936 2355048.514423323 2368269.8386258795 2404383.308572528 2501470.1062806468 2559374.672285442 2596433.1794850333 2697728.395972635 2729697.6047699954 2742432.2502808496

Equation: ((x3 / x3) + sin(-0.20165320646408663 / x4)) - -1539.1022263360624
Residuals:
1749986.6512062035 1754570.2066906178 1802729.0308539562 1979148.1579598063 1987532.1455871472 2000644.6270664055 2149172.2288055792 2160252.4705566396 2208553.149708303 2252750.842838441 2302676.687299718 2355048.514423108 2368269.8386256658 2404383.3085723165 2501470.106280439 2559374.6722852373 2596433.1794848302 2697728.395972438 2729697.6047698 2742432.250280654

Equation: ((-0.06104962015398297 / x3) + (-0.2233193180857314 / x4)) - -1540.1236122641862
Residuals:
1749986.6346016813 1754570.1900387178 1802729.0141800907 1979148.1412499298 1987532.1288423063 2000644.61030845 2149172.212027506 2160252.4537491775 2208553.1328651505 2252750.8259823695 2302676.6704036044 2355048.4974972475 2368269.821696407 2404383.2916164915 2501470.0893121576 2559374.6552993376 2596433.162482807 2697728.37895125 2729697.5877442607 2742432.233230897

Equation: ((0.008612693504231418 * x4) + 1540.0315757713536) - (0.22980527055946218 / (x2 * x4))
Residuals:
1749986.5606058463 1754570.1159430784 1802728.9390716022 1979148.0636985726 1987532.051146447 2000644.531997537 2149172.1314822566 2160252.3732065875 2208553.051931442 2252750.744147787 2302676.5882175085 2355048.414568038 2368269.7385294307 2404383.2078883615 2501470.004725896 2559374.569922616 2596433.0766879437 2697728.291697965 2729697.500056449 2742432.145522924

Equation: x0
Residuals:
450174432.66459507 451480604.08572453 464434864.07292986 465966780.78015625 472045075.2696476 473295211.5306556 473968795.1181822 483479984.3468671 486768268.5801755 488830752.05689174 498333610.6023526 501877813.8766673 505462438.79494804 507885895.1363154 509284366.17370045 512474840.2584463 517549208.1475551 530789586.3756913 534435721.9273493 534751295.0470504

Equation: x2 ^ x2
Residuals:
3.673312878537987e+93 5.622338227825127e+93 1.0315349970209789e+94 1.5565223158736752e+94 1.7630598671686033e+94 2.5729779038583142e+94 3.2060731655865446e+94 6.927692559147857e+94 2.2657774659789894e+95 2.9460582382836154e+95 3.3227151878398665e+95 4.646468726424752e+95 7.129079662565155e+95 9.378499685673374e+95 1.7515878885457526e+96 1.8496692545786437e+96 2.6695499845843353e+96 3.128087339335551e+96 6.247054585519268e+96 7.423059302683278e+96

Equation: x0 + (x3 ^ x3)
Residuals:
6.076226543751692e+92 6.301203999351031e+92 6.77505489475298e+92 1.098121647259626e+93 1.3885437349085758e+94 1.8603172491997706e+94 1.9659126061046803e+94 2.1184459635204964e+94 2.2122120514574965e+94 2.4129275719677387e+94 5.730645790415782e+94 6.196817070017843e+94 1.0022716265531452e+95 1.928572435958747e+95 3.2698074711549405e+95 3.355321337845852e+95 4.325108229032502e+95 4.8491467133790526e+95 1.9921404560640557e+96 4.122846130499081e+96

Equation: (x0 - cos(x2)) ^ x3
Residuals:
1.3815668467890734e+93 1.37403452376136e+93 1.3679323458148387e+93 2.0362991388931499e+93 1.635314133914648e+94 2.018194113689985e+94 2.1895373652095273e+94 2.2012258645056725e+94 1.8650200942922994e+94 2.085277458422575e+94 4.3088453940636945e+94 5.27697503719883e+94 8.410906421617731e+94 1.4368088773889587e+95 1.9557768451300333e+95 2.677624743946998e+95 3.72706971109503e+95 4.7187154619364436e+95 1.41865640840334e+96 2.671659732228135e+96

Equation: 1391.1749074788172 - cos(x3)
Residuals:
450173094.16712 451479265.60597146 464433525.61584514 465965442.4251088 472043737.27459526 473293873.6192076 473967457.29030293 483478646.6145726 486766930.8829794 488829414.4681952 498332273.2231359 501876476.71831775 505461101.89361024 507884558.4285942 509283029.5802107 512473503.97213256 517547872.1088507 530788250.53358376 534434386.458423 534749959.79471886

Equation: 1.849430778784291e6 * 0.0007549813178441614
Residuals:
450173090.0278382 451479261.4649341 464433521.47115266 465965438.250901 472043732.8112281 473293869.1101238 473967452.77235466 483478642.0845117 486766926.3458389 488829409.91672957 498332268.5205546 501876472.0014064 505461097.0866325 507884553.49472225 509283024.5417196 512473498.9284966 517547867.0145492 530788245.41644114 534434381.0632061 534749954.2638939

Equation: (cos(x4) / (x3 ^ x4)) + 1396.2908038971427
Residuals:
450173090.0227209 451479261.4598168 464433521.46603537 465965438.2457837 472043732.8061108 473293869.1050065 473967452.76723737 483478642.0793944 486766926.3407216 488829409.9116123 498332268.5154373 501876471.9962891 505461097.0815152 507884553.48960495 509283024.5366023 512473498.9233793 517547867.0094319 530788245.41132385 534434381.0580888 534749954.2587766

Equation: ((x4 + 50440.590119538225) / 2.9505563846262866e6) * (81670.94097849927 + sin(x4))
Residuals:
450173088.6457872 451479260.0825737 464433520.0852432 465965436.8645268 472043731.42276937 473293867.72135895 473967451.3833274 483478640.69183767 486766924.9516018 488829408.5215832 498332267.12128204 501876470.60044104 505461095.68354386 507884552.0900986 509283023.13597554 512473497.5210552 517547865.6036045 530788243.99656 534434379.6410691 534749952.8410673

Equation: (-0.9789337033326957 * cos(x4)) + (cos(x4) - (-740.8035512181063 - 655.492950233608))
Residuals:
450173090.0378013 451479261.4747897 464433521.4788362 465965438.25820655 472043732.81669277 473293869.115304 473967452.77728903 483478642.0859403 486766926.3457636 488829409.9157891 498332268.5158243 501876471.9951983 505461097.07863957 507884553.4854874 509283024.5316039 512473498.9170873 517547867.00062263 530788245.39697254 534434381.0425254 534749954.2428569

Equation: (((39823.4258027292 + 26888.71783096072) + cos(x4)) / 3.5354197905761604e6) * 73997.04915668847
Residuals:
450173090.03554934 451479261.4725384 464433521.4765989 465965438.2559717 472043732.8144699 473293869.11308295 473967452.77506953 483478642.08374345 486766926.34357655 488829409.9136076 498332268.5136673 501876471.9930508 505461097.07650363 507884553.48335946 509283024.5294816 512473498.91497344 517547866.99852496 530788245.39491075 534434381.0404714 534749954.2408052

Equation: sin(0.018842025332663614 * cos(x4)) + (cos(x4 - x4) - (-740.3039647097945 - 654.9933637253014))
Residuals:
450173090.0347794 451479261.47177917 464433521.47605526 465965438.2554656 472043732.8141464 473293869.1127877 473967452.7747987 483478642.0838204 486766926.3438026 488829409.91391945 498332268.5143549 501876471.9938849 505461097.07751465 507884553.4844936 509283024.53070307 512473498.91632307 517547867.0001242 530788245.3970594 534434381.0427402 534749954.24310935

Equation: x3
Residuals:
515413.6135944127 553572.3886188437 553687.2134450423 562372.3702025112 612728.6368493288 627873.3052210473 661560.5767603979 663712.2944738326 744955.391732609 761816.5423308515 811858.5407356432 860282.7813583518 861543.0448938691 864537.5131113671 881806.4710393685 885692.7249610357 891342.2137763376 931418.7151922664 975328.0423111161 982374.6485916498

Equation: x3 ^ x3
Residuals:
3275674695153159.5 3600591906358484.0 4630797419517502.0 1.198367718400559e+16 2.175503398293777e+16 2.332143969143727e+16 4.061016418206123e+16 5.069195906640811e+16 5.63087461915031e+16 5.7156746076018344e+16 7.009868958144013e+16 8.951203516430626e+16 1.226448656665749e+17 1.4020197838591373e+17 1.5426741841990742e+17 3.0378753066848934e+17 4.120764616602935e+17 1.4367863325802765e+18 1.7068149407264814e+18 4.3352271262554895e+18

Equation: (x3 ^ x0) * x1
Residuals:
4.1206023861113416e+16 4.490426470456411e+16 7.609748234006954e+16 1.0500294517750293e+17 3.160855648944296e+17 3.2562491855306976e+17 5.0761541186860384e+17 6.335779520931575e+17 7.342286473228056e+17 1.1478050670646751e+18 1.8198223051790584e+18 2.2566525281524977e+18 2.6015475224449874e+18 3.953181689001022e+18 5.921308065812337e+18 7.496490360525788e+18 1.1671935419194995e+19 1.971515229607071e+19 2.795040888209615e+19 4.074210183871653e+19

Equation: x0 - -1549.6901968255277
Residuals:
513863.95389683754 552022.7358927034 552137.4573941951 560822.8555875905 611178.931711243 626323.6164724538 660010.9411525654 662162.6633483366 743405.7461512823 760266.7392736811 810308.6461800225 858732.8988785573 859993.2292266876 862987.5919537346 880256.4354236105 884142.8549548857 889792.2937179998 929869.0649337486 973778.3293322729 980825.1378472028

Equation: sin(x2) - -1554.265868730633
Residuals:
513872.0777313569 552030.8258348093 552145.7190349046 560831.1333066504 611187.5553469299 626332.2428220491 660019.6667904855 662171.5062397587 743414.7497075989 760276.0149203709 810318.138969263 858742.5311265767 860002.9000307113 862997.4843667927 880266.4727729124 884152.9729809354 889802.5761939281 929879.5014208996 973788.9186686442 980835.8582824877

Equation: (x4 - x4) - -1553.656121825557
Residuals:
513873.6206858785 552032.4218671642 552147.3162208754 560832.7348288893 611189.1650091283 626333.8524149633 660021.2755467319 662173.0537449121 743416.1796420885 760277.3343127649 810319.3882948367 858743.6954091196 860004.0444763774 862998.5489903347 880267.5328398934 884153.9701421928 889803.5412640485 929880.3785937048 973789.7518763313 980836.6073799528

Equation: (x4 / 135.40396298163185) - -1553.6264892426511
Residuals:
513873.5493517041 552032.3494799909 552147.2433658765 560832.6619519088 611189.0908049367 626333.7769189066 660021.198831308 662172.9770149995 743416.100097231 760277.2545278674 810319.3069998795 858743.6130003127 860003.9617582058 862998.4662222331 880267.4498135187 884153.8868609662 889803.4579148571 929880.294098653 973789.666264988 980836.5216652375

Equation: (x4 / (x3 + (71.41616772308204 + x4))) - -1553.6056475644664
Residuals:
513873.5327175581 552032.3326936222 552147.2265951477 560832.6455467666 611189.0744051236 626333.7603332015 660021.182267421 662172.9605355887 743416.0832306215 760277.2376318293 810319.2899673661 858743.5959103692 860003.9447527211 862998.4492637807 880267.4328586255 884153.8701439437 889803.4413107062 929880.2778449357 973789.6499427179 980836.5057007957

Equation: ((x4 + x4) / (144.34931179653202 + sin(x4))) - -1553.6001805618223
Residuals:
513873.4883726558 552032.2876622996 552147.1811680051 560832.5997360545 611189.0274826812 626333.7124791224 660021.1332986404 662172.9114691218 743416.0318868385 760277.1860815557 810319.2370407942 858743.5418964763 860003.8903325661 862998.3947445102 880267.3780657614 884153.8148457622 889803.3858281695 929880.2207976802 973789.5917677121 980836.4470566827

Equation: (sin(x4 / 219.54803661736938) * 3.085684994276629) - -1553.5996520972765
Residuals:
513873.48513355304 552032.284314839 552147.177780018 560832.5963462831 611189.0240058658 626333.7089583015 660021.129774469 662172.9079451354 743416.0284971205 760277.1827120229 810319.2338269858 858743.5388265499 860003.8873064758 862998.3917256412 880267.3750848728 884153.8119033457 889803.3828961737 929880.21805053 973789.5892140939 980836.4445214891

Equation: x3
Residuals:
19522059.687195763 20070968.831663672 20410839.414581515 20610240.01917514 20636836.496996935 20780989.044244282 20787235.843327273 20929807.873510852 20990007.955490433 21197284.209504824 21279978.716583777 22667404.862858765 22891349.214191016 22898606.434355892 23840826.658009354 24223079.762700267 24997513.3573951 25022588.511262227 25048407.608101293 25577491.42377615

Equation: x2 ^ x2
Residuals:
2.0214854727620888e+41 2.6511681811089244e+41 2.701576652404463e+41 4.661500355326159e+41 6.8274603588048455e+41 6.995211209468782e+41 1.9903744521963027e+42 2.3113847697002753e+42 5.495716267366652e+42 1.0358959276407777e+43 2.7203647062297814e+43 2.783296196637353e+43 4.363429893791055e+43 6.613447614016733e+43 7.916272683309293e+43 1.0842854950689074e+44 1.956851633317489e+44 2.311787316195162e+44 6.708385199038249e+44 7.84350737585564e+44

Equation: x4 + (x2 ^ x2)
Residuals:
2.0214854727620888e+41 2.6511681811089244e+41 2.701576652404463e+41 4.661500355326159e+41 6.8274603588048455e+41 6.995211209468782e+41 1.9903744521963027e+42 2.3113847697002753e+42 5.495716267366652e+42 1.0358959276407777e+43 2.7203647062297814e+43 2.783296196637353e+43 4.363429893791055e+43 6.613447614016733e+43 7.916272683309293e+43 1.0842854950689074e+44 1.956851633317489e+44 2.311787316195162e+44 6.708385199038249e+44 7.84350737585564e+44

Equation: 1420.542879700665 + x4
Residuals:
19520639.101491157 20069548.04998845 20409418.592384983 20608819.18658273 20635415.84022179 20779568.430867884 20785815.34945239 20928387.533843283 20988587.776663233 21195864.015078187 21278558.495808925 22665984.260024272 22889928.909795333 22897186.226717744 23839406.37903898 24221659.42447458 24996092.906996675 25021168.097486116 25046987.39706678 25576071.12897554

Equation: 1425.0817335517013 + cos(x4)
Residuals:
19520663.99917047 20069573.092260525 20409443.6966775 20608844.31019605 20635440.97839797 20779593.575903486 20785840.504261546 20928412.695929118 20988612.951465614 21195889.213698424 21278583.705955207 22666009.552228414 22889954.205561306 22897211.52310998 23839431.684697762 24221684.73074285 24996118.213566493 25021193.40450739 25047012.704100493 25576096.438475948

Equation: x4 + (1424.4885797006648 - x4)
Residuals:
19520663.608124427 20069572.75565213 20409443.40440529 20608844.035841268 20635440.719215356 20779593.324430674 20785840.264465977 20928412.465402845 20988612.738458507 21195889.03895268 21278583.552920025 22666009.719331875 22889954.41013043 22897211.73518431 23839432.123663448 24221685.287431348 24996118.92720992 25021194.161713243 25047013.462207258 25576097.297171425

Equation: cos(cos(x4) / x4) + 1423.5086971766893
Residuals:
19520663.58860517 20069572.736061137 20409443.384761762 20608844.01617758 20635440.69953503 20779593.304742046 20785840.24476495 20928412.445692137 20988612.718729865 21195889.019186497 21278583.5331335 22666009.699319366 22889954.39010003 22897211.715150528 23839432.103559457 24221685.26731462 24996118.90710053 25021194.141610708 25047013.442104887 25576097.27709283

Equation: (cos(x4) / (x4 * x4)) + 1424.535631880966
Residuals:
19520663.56228801 20069572.709732562 20409443.358423747 20608843.98983535 20635440.67318902 20779593.278394032 20785840.218413807 20928412.419338416 20988612.692371048 21195888.9928155 21278583.50675494 22666009.672772437 22889954.36352641 22897211.68857139 23839432.076786183 24221685.240420207 24996118.88002356 25021194.114478905 25047013.41497193 25576097.249826428

Equation: (sin(cos(x4)) / (x4 * x4)) + 1424.5298178186172
Residuals:
19520663.567915086 20069572.71539035 20409443.3641033 20608843.99552303 20635440.67888331 20779593.284091584 20785840.22411618 20928412.425044514 20988612.69808396 21195888.99854225 21278583.51248894 22666009.678571727 22889954.369329277 22897211.694374897 23839432.08259955 24221685.24623426 24996118.885837946 25021194.12029378 25047013.42078682 25576097.25564392

Equation: 1424.5336398619365 + (cos(x4) / ((x4 * x4) - cos(x2)))
Residuals:
19520663.564278543 20069572.71172323 20409443.3604145 20608843.99182618 20635440.675179914 20779593.280384943 20785840.220404886 20928412.42132953 20988612.69436235 21195888.994806968 21278583.50874664 22666009.674764287 22889954.365518328 22897211.690563355 23839432.07877819 24221685.242412228 24996118.882015556 25021194.116470885 25047013.416963864 25576097.251818303

Equation: 1424.5320988182418 + (cos(x4) / ((x4 * x4) + (x0 / x2)))
Residuals:
19520663.56581957 20069572.71326424 20409443.361955512 20608843.993367143 20635440.67672084 20779593.28192586 20785840.221945662 20928412.422870286 20988612.69590295 21195888.996347465 21278583.51028695 22666009.676304933 22889954.36705896 22897211.69210395 23839432.080319047 24221685.243953224 24996118.883556772 25021194.118012168 25047013.418505196 25576097.253359813

Equation: cos(cos(x4) / (1.789887089373286 / 0.7408992882036676)) + 1423.5299522019614
Residuals:
19520663.648596272 20069572.787429515 20409443.42944909 20608844.058252934 20635440.739438437 20779593.343555797 20785840.281946354 20928412.481593292 20988612.75224887 21195889.047674242 21278583.55887129 22666009.693470135 22889954.381666318 22897211.706227403 23839432.084327012 24221685.246172763 24996118.887080923 25021194.122645542 25047013.42316493 25576097.261833753

Equation: x0
Residuals:
121905697.72303584 123193692.68613568 123526767.26099378 126323838.38241903 127925547.37624559 128202600.50063549 131765186.06601384 132351406.54160862 133656373.77800699 135690133.38823348 136010083.75869313 136076530.8288579 136322987.912144 142389470.737719 144334718.8074305 146652324.44343787 149184176.47259924 150347471.52272272 150621331.6726164 152304736.3093891

Equation: x3 ^ x3
Residuals:
3.665617872465885e+66 4.90140389609451e+66 5.745658267898326e+66 9.817851695615872e+66 1.4177621680083382e+67 1.55502399995118e+67 2.3347990848823053e+67 2.78410806961179e+67 3.473966941243608e+67 4.01546891093108e+67 7.532136665214845e+67 1.0647440193565058e+68 1.1656859914349615e+68 2.2171783124993433e+68 4.118670928457571e+68 1.4191558004522466e+69 4.4722513653570454e+69 1.1065956190076962e+70 2.5863385257768735e+70 4.4278417481844976e+70

Equation: (x0 ^ x2) * x1
Residuals:
2.0140273599734898e+68 2.439595637743406e+68 3.121082340822626e+68 4.1376965569547695e+68 5.846060429578145e+68 7.003968468073353e+68 1.3054021642673444e+69 2.388309517908228e+69 4.499788144661469e+69 4.824127881306373e+69 7.608423869219522e+69 1.6303514667454067e+70 1.7286932955781242e+70 2.3647233554400366e+70 4.5441604235291613e+70 8.972222784048869e+70 1.6882757767863145e+71 4.2410382025258203e+71 5.363979724338384e+71 8.084129532771112e+71

Equation: 1500.1658887914532 - x1
Residuals:
121904280.08889298 123192275.10713993 123525349.83992511 126322421.12327455 127924130.75719008 128201184.0576739 131763770.1950431 132349990.88130757 133654958.31700927 135688718.13576773 136008668.55601555 136075115.7296426 136321572.87746587 142388056.03000975 144333304.26580223 146650909.96677205 149182762.05276948 150346057.2437792 150619917.52893707 152303322.321991

Equation: sin(x2) - -1496.9504897970608
Residuals:
121904242.43312111 123192237.45098935 123525312.10969892 126322383.3986511 127924092.47703579 128201145.74540946 131763731.78563969 132349952.44918062 133654919.86400124 135688679.5013201 136008629.95527172 136075077.16233835 136321534.29705945 142388017.33756953 144333265.55839947 146650871.24500772 149182723.29675415 150346018.2895608 150619878.5455666 152303283.1635472

Equation: (x4 - x4) - -1496.3039762915867
Residuals:
121904242.64710747 123192237.62218215 123525312.23250152 126322383.4882895 127924092.4986667 128201145.75764726 131763731.76048058 132349952.32977194 133654919.66042502 135688679.2915465 136008629.69250327 136075076.83899435 136321533.97322866 142388017.00744677 144333265.2078981 146650870.89558133 149182722.97326088 150346018.050387 150619878.32086903 152303282.99177906

Equation: 1496.2505866329582 + (0.01342293964499924 * x4)
Residuals:
121904242.14732835 123192237.12124561 123525311.73127589 126322382.9848895 127924091.99348399 128201145.25238992 131763731.25212906 132349951.82052292 133654919.15012263 135688678.77952772 136008629.18039808 136075076.32662863 136321533.46062037 142388016.49022266 144333264.68868417 146650870.37452844 149182722.45024723 150346017.52651858 150619877.79672262 152303282.4663562

Equation: ((x4 * 1.0134229395699457) - x4) - -1496.2505866332383
Residuals:
121904242.14732835 123192237.12124561 123525311.73127589 126322382.9848895 127924091.993484 128201145.25238992 131763731.25212906 132349951.82052292 133654919.15012263 135688678.77952775 136008629.18039808 136075076.32662863 136321533.46062037 142388016.49022266 144333264.68868417 146650870.37452844 149182722.45024726 150346017.52651858 150619877.79672262 152303282.4663562

Equation: (((x4 - -0.08500250623184857) - x4) * (cos(x4) / x3)) - -1496.3159386516702
Residuals:
121904242.63706797 123192237.61206852 123525312.22236644 126322383.47797339 127924092.48817112 128201145.747143 131763731.74960718 132349952.31877974 133654919.64928812 135688679.2801647 136008629.68110707 136075076.82755926 136321533.9617579 142388016.9952851 144333265.19544324 146650870.88286906 149182722.96029225 150346018.03731608 150619878.3077691 152303282.97853455

Equation: x0
Residuals:
243825088.03600368 249885513.48303357 250310035.09896025 252841705.54020143 257305068.04662156 264877221.58828843 267884840.61342055 271169449.99844575 274414020.4688158 275378402.7898806 276017510.3212786 278979410.33461934 279635549.0371042 280462379.5608502 284576396.34350103 285243368.14642334 285758649.61504364 294221625.7337234 294762485.50789577 295400311.6594912

Equation: x4 ^ x4
Residuals:
2.2928266139351718e+79 7.34206289086003e+79 7.34247642320725e+79 1.1817055489195803e+80 3.039459046445739e+80 1.102878989952407e+81 2.081225082866531e+81 3.4269955498035667e+81 6.336803341905718e+81 7.812562923129101e+81 8.149659899537922e+81 1.2870199885436126e+82 1.465784909106183e+82 1.6999918453398935e+82 3.4103661290721996e+82 4.134730764539732e+82 4.6038873833895736e+82 1.739777570649981e+83 2.128298734142877e+83 2.3907207866518232e+83

Equation: (x0 ^ x4) * x3
Residuals:
1.0650708889793724e+81 2.869975330726048e+81 2.919266432862676e+81 4.331734843392644e+81 1.1970912140153371e+82 3.6809881915385924e+82 6.284760661409399e+82 9.592219811209925e+82 1.712203784727638e+83 2.389314507478311e+83 2.5103772129428625e+83 4.5395950736186656e+83 6.060477255454859e+83 7.138566913791644e+83 1.634279603148708e+84 1.973616170264159e+84 2.5930349688462807e+84 8.557001341192473e+84 1.0352331180425972e+85 1.2042825960588058e+85

Equation: x1 / 0.0026927308361200442
Residuals:
243807519.1536715 249867938.29846266 250292449.20702302 252824075.78524038 257287418.70115227 264859559.2751456 267867129.18355966 271151682.4315833 274396238.1182515 275360584.3591306 275999675.9814205 278961449.5736115 279617549.7464134 280444376.7788324 284558380.1725368 285225337.29877585 285740615.37238836 294203415.8154198 294744250.8631857 295382043.4146086

Equation: (1417.2067422685677 + x2) - x2
Residuals:
243823718.17306745 249884143.68625203 250308665.31766102 252840335.77521813 257303698.5449088 264875852.18339273 267883471.23893946 271168080.65033126 274412651.20813584 275377033.69342875 276016141.2338215 278978041.47309583 279634180.3587117 280461010.9255076 284575027.9822472 285241999.81741977 285757281.4720816 294220257.72459364 294761117.52812785 295398943.7376912

Equation: (x1 + 1415.2852488952815) - cos(x1)
Residuals:
243823671.70704266 249884097.20848027 250308618.82073808 252840289.2079635 257303651.94995075 264875805.57155505 267883424.5727634 271168033.9383865 274412604.4867073 275376986.95302004 276016094.4867837 278977994.701254 279634133.58566993 280460964.1524255 284574981.20907587 285241953.04422724 285757234.69888884 294220210.9340477 294761070.72923315 295398896.9237408

Equation: (x3 - -35459.516398349246) / 24.977001514335324
Residuals:
243823713.79138312 249884139.3024337 250308660.931098 252840331.3873853 257303694.15269434 264875847.7851378 267883466.8395542 271168076.2495097 274412646.800251 275377029.28319436 276016136.8103462 278978037.04567707 279634175.9281767 280461006.4896227 284575023.54597 285241995.37485814 285757277.02636635 294220253.27464277 294761113.07679147 295398939.2848466

Equation: (x3 + (50085.2779149944 + x4)) / 35.28075371339291
Residuals:
243823713.0705158 249884138.57540262 250308660.20486817 252840330.65875328 257303693.41984022 264875847.04654944 267883466.09760445 271168075.5050817 274412646.0543161 275377028.5367303 276016136.0675039 278978036.3013347 279634175.1839898 280461005.7461383 284575022.79856277 285241994.6281698 285757276.279976 294220252.5217884 294761112.3231749 295398938.5309976

Equation: (58976.22367514993 - -34284.21778030187) / 65.6835879337737
Residuals:
243823715.53591278 249884141.04909736 250308662.68050635 252840333.13806346 257303695.90775412 264875849.54623806 267883468.6017848 271168078.0131766 274412648.5709812 275377031.0562741 276016138.5966669 278978038.8359412 279634177.7215571 280461008.28835297 284575025.34509254 285241997.1802651 285757278.83492696 294220255.087439 294761114.8909732 295398941.1005366

Equation: 1419.840456754613 - ((0.025429788265386093 / x1) * sin(sin(x1)))
Residuals:
243823715.53919104 249884141.05236736 250308662.68376273 252840333.1412673 257303695.91093606 264875849.5494063 267883468.60490656 271168078.0162554 274412648.57405037 275377031.0593229 276016138.59970796 278978038.8389459 279634177.72455823 280461008.291354 284575025.34809315 285241997.1832658 285757278.8379277 294220255.09047705 294761114.8940225 295398941.10360396

Equation: (cos(x4) + (42123.607355309665 - -31156.284596562113)) / 51.61081881246959
Residuals:
243823715.54337177 249884141.05491745 250308662.68632635 252840333.14292458 257303695.91026413 264875849.54472592 267883468.59802157 271168078.0075543 274412648.5629885 275377031.0474604 276016138.58768684 278978038.8251543 279634177.7102544 280461008.2764625 284575025.33045805 285241997.16488117 285757278.81912744 294220255.06674176 294761114.86958534 295398941.07875806

Equation: x2
Residuals:
50485262.51319009 50696970.36374825 50852584.3103952 52704871.07523677 52780642.51931974 52802724.68206055 53803856.28502749 54444066.102691405 55024557.07901348 55136932.97348504 59323121.17751879 60144108.212383635 60265048.941676594 60544909.87413076 61766674.651626535 62625971.096733876 63749711.44653763 64452839.22984356 65011286.63258107 65780206.9570509

Equation: x2 ^ x2
Residuals:
6.011823695471835e+53 2.2343908546985393e+54 4.773671621820847e+54 5.537509136221781e+54 1.1321840587453292e+55 1.415717322448606e+55 1.5593326278576665e+55 1.815208210849335e+55 5.748157921722433e+55 5.892813015704452e+55 9.267907402867068e+55 9.347744800384766e+55 1.0163417683518337e+56 1.0360497766160832e+56 1.1767455892402055e+56 2.070085752128414e+56 3.134081699351137e+56 4.847277388682301e+56 6.123746761315998e+56 7.935047205189169e+56

Equation: x2 + (x2 ^ x2)
Residuals:
6.011823695471835e+53 2.2343908546985393e+54 4.773671621820847e+54 5.537509136221781e+54 1.1321840587453292e+55 1.415717322448606e+55 1.5593326278576665e+55 1.815208210849335e+55 5.748157921722433e+55 5.892813015704452e+55 9.267907402867068e+55 9.347744800384766e+55 1.0163417683518337e+56 1.0360497766160832e+56 1.1767455892402055e+56 2.070085752128414e+56 3.134081699351137e+56 4.847277388682301e+56 6.123746761315998e+56 7.935047205189169e+56

Equation: x0 ^ (x2 - cos(x1))
Residuals:
1.4148504387484562e+55 4.5757946850835123e+55 8.629686526284435e+55 1.1315462713151977e+56 1.8164902106321677e+56 2.1309850219991635e+56 2.226179293853429e+56 1.5196624356833655e+56 4.5899390096440075e+56 6.422535526942653e+56 3.950586018666527e+56 3.6883192360981185e+56 3.21156701427863e+56 3.212615430010135e+56 2.4000055153010067e+56 1.5122688175646022e+56 1.3420872306493118e+56 1.8049183066448234e+56 1.900341374685854e+56 2.2377019904700595e+56

Equation: 970.6843968547661 - sin(x2)
Residuals:
50484326.39122037 50696034.271788366 50851648.25566723 52703935.02991245 52779706.53027125 52801788.71457051 53802920.327475645 54443130.161538266 55023621.29455281 55135997.19305622 59322185.475544795 60143172.511987805 60264113.25685396 60543974.19292953 61765738.99487428 62625035.55764721 63748776.00343556 64451903.896351784 65010351.36146406 65779271.75797946

Equation: 1513.894279649714 - (x3 * x3)
Residuals:
50484976.93619599 50696693.453355424 50852311.69507179 52704604.968079425 52780385.21730549 52802478.87157931 53803611.23866031 54443821.75135883 55024313.868878804 55136695.58246486 59322890.354899585 60143887.38386937 60264840.73394045 60544717.78148434 61766486.52032623 62625783.52503701 63749535.46438368 64452677.10006185 65011127.60082962 65780051.91147924

Equation: 1234.5725500560268 - -263.16164030181227
Residuals:
50483799.6458161 50695507.78454909 50851121.89759795 52703408.69495446 52779180.29561544 52801262.50725396 53802394.13135654 54442603.98225174 55023095.21045621 55135471.11035458 59321659.413230024 60142646.44996657 60263587.19751392 60543448.13415842 61765212.93943442 62624509.50771171 63748249.94789788 64451377.82618262 65009825.27981034 65778745.660672896

Equation: 1497.7332609108728 - (x0 * -0.0002338566368129053)
Residuals:
50483799.63868034 50695507.77737865 50851121.89041061 52703408.68773219 52779180.28838726 52801262.50001974 53802394.12412195 54442603.975016646 55023095.20316492 55135471.102973126 59321659.40584709 60142646.44254278 60263587.190064445 60543448.12670468 61765212.93197227 62624509.50024882 63748249.940402314 64451377.81866982 65009825.27227794 65778745.65313095

Equation: ((x3 - -1.9776026952202802e6) - x2) / 1320.3962819234184
Residuals:
50483799.6460293 50695507.784888856 50851121.89801869 52703408.6953293 52779180.29601498 52801262.50756682 53802394.13167739 54442603.98259062 55023095.21097627 55135471.11081617 59321659.41369702 60142646.45032805 60263587.197754964 60543448.134231955 61765212.93948749 62624509.50785346 63748249.947987124 64451377.82619978 65009825.27983425 65778745.660698555

Equation: (1234.5986332124276 + (-0.20202745816927076 / x4)) - -263.1877117477229
Residuals:
50483799.59951724 50695507.73824646 50851121.85129463 52703408.648606196 52779180.24926693 52801262.46090398 53802394.08498051 54442603.93586158 55023095.16405397 55135471.063952275 59321659.36673848 60142646.403461315 60263587.15100549 60543448.08764703 61765212.89289675 62624509.46115913 63748249.90132296 64451377.77959438 65009825.23321273 65778745.61406312

Equation: ((0.013921924607758512 * x4) + 1498.4983752593994) - cos(cos(cos(-60.10742121786132)))
Residuals:
50483799.2207382 50695507.35916291 50851121.472154275 52703408.26578993 52779179.866430454 52801262.07794655 53802393.699864954 54442603.54956647 55023094.77674671 55135470.67663933 59321658.97181037 60142646.00734102 60263586.754608296 60543447.69099178 61765212.49393586 62624509.06088061 63748249.499056056 64451377.376134545 65009824.82891074 65778745.20866291

Equation: ((0.02064461583938214 * cos(x4)) + 309.30230323570066) - (5.337243346080159 * -222.66990385764686)
Residuals:
50483799.65485189 50695507.79360574 50851121.90665738 52703408.703447334 52779180.30410117 52801262.51569606 53802394.138763934 54442603.98889451 55023095.21633596 55135471.11622977 59321659.41070315 60142646.4458005 60263587.19295873 60543448.12923803 61765212.93116281 62624509.49747741 63748249.93468459 64451377.811194606 65009825.26358413 65778745.64285892

Equation: (415.63577543835254 - (-136.83698907964376 * 7.908022515071903)) - (sin(65.99409181257923) * cos(x4))
Residuals:
50483799.65485189 50695507.793605745 50851121.90665738 52703408.703447334 52779180.30410118 52801262.51569607 53802394.13876394 54442603.98889451 55023095.21633596 55135471.11622977 59321659.410703145 60142646.4458005 60263587.19295873 60543448.12923803 61765212.93116281 62624509.49747741 63748249.93468458 64451377.8111946 65009825.26358413 65778745.64285892

Equation: x1
Residuals:
1751509.4856415223 1756093.0095753209 1804251.7747540583 1980670.6851912593 1989054.5949372076 2002166.9483796582 2150694.413145813 2161774.359148864 2210074.9921057746 2254272.5799688087 2304198.306668162 2356570.044407524 2369791.3517475016 2405904.799024927 2502991.5470364518 2560896.033957827 2597954.502842683 2699249.6487878747 2731218.8134803977 2743953.2050101645

Equation: x4 ^ x1
Residuals:
2.7386996428381854e+21 3.048972610719802e+21 4.100404519194814e+21 1.03572580137802e+22 1.3252786155840273e+22 2.0720700840583476e+22 4.061087827846997e+22 9.62340435776878e+22 1.1602288570897702e+23 1.7648627047111384e+23 2.6094722633970553e+23 3.728041969768903e+23 4.035119110959749e+23 4.636564433202445e+23 5.969208523234558e+23 8.313199240733638e+23 9.813112617770347e+23 1.446610180798292e+24 1.73619186176552e+24 3.692637148827055e+24

Equation: x4 * (x1 ^ x3)
Residuals:
3.7003680735347553e+22 7.3144537603700565e+22 9.407465100336636e+22 1.476244063133272e+23 2.6154151748769628e+23 3.3607159629399634e+23 4.015440897726905e+23 8.392309193468181e+23 1.4544220047527885e+24 1.7764501056276878e+24 3.6147985443414917e+24 5.845963489061242e+24 6.106550404864951e+24 9.032106388231848e+24 1.0526997016059005e+25 1.3911327184976529e+25 1.8037737242144418e+25 2.252377775840247e+25 2.411043487084233e+25 4.7079593201067764e+25

Equation: x4 - -1536.0543772077333
Residuals:
1749973.2169793816 1754556.7552486893 1802715.4507358216 1979134.270011048 1987518.2355893112 2000630.6390893306 2149157.9607084733 2160238.1994923367 2208538.8258207235 2252736.405719981 2302662.202586437 2355033.9340591393 2368255.228398288 2404368.625573467 2501455.3157686475 2559359.7821215703 2596418.235707256 2697713.2699125595 2729682.425747828 2742417.067311625

Equation: cos(x3) - -1540.6195702317407
Residuals:
1749986.160275926 1754569.4892226097 1802728.250331167 1979147.305667934 1987531.1364263168 2000643.5824753125 2149171.1768207555 2160251.294589038 2208551.8525005463 2252749.526428226 2302675.2630904643 2355047.0394862564 2368268.3609681143 2404381.7992802025 2501468.591155626 2559373.148763765 2596431.651719369 2697726.868503201 2729696.0775582218 2742430.7379900515

Equation: (x3 / x3) - -1539.0505272076966
Residuals:
1749986.6913631125 1754570.2468588962 1802729.0711065107 1979148.198409058 1987532.1860502285 2000644.6675781251 2149172.2694885978 2160252.5112414444 2208553.1904248134 2252750.883622303 2302676.7281116443 2355048.5552910003 2368269.8795109135 2404383.349499624 2501470.147269291 2559374.713330508 2596433.22056021 2697728.437148923 2729697.645975301 2742432.2914883113

Equation: (0.01623453570080852 / x3) - -1540.046317305051
Residuals:
1749986.6946313803 1754570.2501394378 1802729.0743904838 1979148.2016969835 1987532.1893470567 2000644.6708770504 2149172.272787975 2160252.5145485858 2208553.1937405393 2252750.886939539 2302676.7314387257 2355048.5586243924 2368269.882844713 2404383.352839286 2501470.1506105056 2559374.7166747954 2596433.223907924 2697728.440498843 2729697.649325548 2742432.294844937

Equation: 1540.0730666415325 - (x2 / (43.92361270047381 * x4))
Residuals:
1749986.6913887216 1754570.2471461284 1802729.0713690552 1979148.1985901366 1987532.1862795232 2000644.6677628516 2149172.2693522726 2160252.5111928782 2208553.1903534792 2252750.883449203 2302676.7281350335 2355048.555233816 2368269.879420758 2404383.349323903 2501470.147026645 2559374.7130465712 2596433.2202303316 2697728.4366640793 2729697.6457664664 2742432.2917196862

Equation: ((x3 / x3) + (-0.2016531924690498 / x4)) - -1539.1022263324744
Residuals:
1749986.6512064624 1754570.206690876 1802729.0308542089 1979148.1579600463 1987532.1455873866 2000644.6270666418 2149172.228805805 2160252.4705568654 2208553.1497085267 2252750.842838661 2302676.687299936 2355048.514423323 2368269.8386258795 2404383.308572528 2501470.1062806468 2559374.672285442 2596433.1794850333 2697728.395972635 2729697.6047699954 2742432.2502808496

Equation: ((x3 / x3) + sin(-0.20165320646408663 / x4)) - -1539.1022263360624
Residuals:
1749986.6512062035 1754570.2066906178 1802729.0308539562 1979148.1579598063 1987532.1455871472 2000644.6270664055 2149172.2288055792 2160252.4705566396 2208553.149708303 2252750.842838441 2302676.687299718 2355048.514423108 2368269.8386256658 2404383.3085723165 2501470.106280439 2559374.6722852373 2596433.1794848302 2697728.395972438 2729697.6047698 2742432.250280654

Equation: ((-0.06104962015398297 / x3) + (-0.2233193180857314 / x4)) - -1540.1236122641862
Residuals:
1749986.6346016813 1754570.1900387178 1802729.0141800907 1979148.1412499298 1987532.1288423063 2000644.61030845 2149172.212027506 2160252.4537491775 2208553.1328651505 2252750.8259823695 2302676.6704036044 2355048.4974972475 2368269.821696407 2404383.2916164915 2501470.0893121576 2559374.6552993376 2596433.162482807 2697728.37895125 2729697.5877442607 2742432.233230897

Equation: ((0.008612693504231418 * x4) + 1540.0315757713536) - (0.22980527055946218 / (x2 * x4))
Residuals:
1749986.5606058463 1754570.1159430784 1802728.9390716022 1979148.0636985726 1987532.051146447 2000644.531997537 2149172.1314822566 2160252.3732065875 2208553.051931442 2252750.744147787 2302676.5882175085 2355048.414568038 2368269.7385294307 2404383.2078883615 2501470.004725896 2559374.569922616 2596433.0766879437 2697728.291697965 2729697.500056449 2742432.145522924

Equation: x0
Residuals:
450174432.66459507 451480604.08572453 464434864.07292986 465966780.78015625 472045075.2696476 473295211.5306556 473968795.1181822 483479984.3468671 486768268.5801755 488830752.05689174 498333610.6023526 501877813.8766673 505462438.79494804 507885895.1363154 509284366.17370045 512474840.2584463 517549208.1475551 530789586.3756913 534435721.9273493 534751295.0470504

Equation: x2 ^ x2
Residuals:
3.673312878537987e+93 5.622338227825127e+93 1.0315349970209789e+94 1.5565223158736752e+94 1.7630598671686033e+94 2.5729779038583142e+94 3.2060731655865446e+94 6.927692559147857e+94 2.2657774659789894e+95 2.9460582382836154e+95 3.3227151878398665e+95 4.646468726424752e+95 7.129079662565155e+95 9.378499685673374e+95 1.7515878885457526e+96 1.8496692545786437e+96 2.6695499845843353e+96 3.128087339335551e+96 6.247054585519268e+96 7.423059302683278e+96

Equation: x0 + (x3 ^ x3)
Residuals:
6.076226543751692e+92 6.301203999351031e+92 6.77505489475298e+92 1.098121647259626e+93 1.3885437349085758e+94 1.8603172491997706e+94 1.9659126061046803e+94 2.1184459635204964e+94 2.2122120514574965e+94 2.4129275719677387e+94 5.730645790415782e+94 6.196817070017843e+94 1.0022716265531452e+95 1.928572435958747e+95 3.2698074711549405e+95 3.355321337845852e+95 4.325108229032502e+95 4.8491467133790526e+95 1.9921404560640557e+96 4.122846130499081e+96

Equation: (x0 - cos(x2)) ^ x3
Residuals:
1.3815668467890734e+93 1.37403452376136e+93 1.3679323458148387e+93 2.0362991388931499e+93 1.635314133914648e+94 2.018194113689985e+94 2.1895373652095273e+94 2.2012258645056725e+94 1.8650200942922994e+94 2.085277458422575e+94 4.3088453940636945e+94 5.27697503719883e+94 8.410906421617731e+94 1.4368088773889587e+95 1.9557768451300333e+95 2.677624743946998e+95 3.72706971109503e+95 4.7187154619364436e+95 1.41865640840334e+96 2.671659732228135e+96

Equation: 1391.1749074788172 - cos(x3)
Residuals:
450173094.16712 451479265.60597146 464433525.61584514 465965442.4251088 472043737.27459526 473293873.6192076 473967457.29030293 483478646.6145726 486766930.8829794 488829414.4681952 498332273.2231359 501876476.71831775 505461101.89361024 507884558.4285942 509283029.5802107 512473503.97213256 517547872.1088507 530788250.53358376 534434386.458423 534749959.79471886

Equation: 1.849430778784291e6 * 0.0007549813178441614
Residuals:
450173090.0278382 451479261.4649341 464433521.47115266 465965438.250901 472043732.8112281 473293869.1101238 473967452.77235466 483478642.0845117 486766926.3458389 488829409.91672957 498332268.5205546 501876472.0014064 505461097.0866325 507884553.49472225 509283024.5417196 512473498.9284966 517547867.0145492 530788245.41644114 534434381.0632061 534749954.2638939

Equation: (cos(x4) / (x3 ^ x4)) + 1396.2908038971427
Residuals:
450173090.0227209 451479261.4598168 464433521.46603537 465965438.2457837 472043732.8061108 473293869.1050065 473967452.76723737 483478642.0793944 486766926.3407216 488829409.9116123 498332268.5154373 501876471.9962891 505461097.0815152 507884553.48960495 509283024.5366023 512473498.9233793 517547867.0094319 530788245.41132385 534434381.0580888 534749954.2587766

Equation: ((x4 + 50440.590119538225) / 2.9505563846262866e6) * (81670.94097849927 + sin(x4))
Residuals:
450173088.6457872 451479260.0825737 464433520.0852432 465965436.8645268 472043731.42276937 473293867.72135895 473967451.3833274 483478640.69183767 486766924.9516018 488829408.5215832 498332267.12128204 501876470.60044104 505461095.68354386 507884552.0900986 509283023.13597554 512473497.5210552 517547865.6036045 530788243.99656 534434379.6410691 534749952.8410673

Equation: (-0.9789337033326957 * cos(x4)) + (cos(x4) - (-740.8035512181063 - 655.492950233608))
Residuals:
450173090.0378013 451479261.4747897 464433521.4788362 465965438.25820655 472043732.81669277 473293869.115304 473967452.77728903 483478642.0859403 486766926.3457636 488829409.9157891 498332268.5158243 501876471.9951983 505461097.07863957 507884553.4854874 509283024.5316039 512473498.9170873 517547867.00062263 530788245.39697254 534434381.0425254 534749954.2428569

Equation: (((39823.4258027292 + 26888.71783096072) + cos(x4)) / 3.5354197905761604e6) * 73997.04915668847
Residuals:
450173090.03554934 451479261.4725384 464433521.4765989 465965438.2559717 472043732.8144699 473293869.11308295 473967452.77506953 483478642.08374345 486766926.34357655 488829409.9136076 498332268.5136673 501876471.9930508 505461097.07650363 507884553.48335946 509283024.5294816 512473498.91497344 517547866.99852496 530788245.39491075 534434381.0404714 534749954.2408052

Equation: sin(0.018842025332663614 * cos(x4)) + (cos(x4 - x4) - (-740.3039647097945 - 654.9933637253014))
Residuals:
450173090.0347794 451479261.47177917 464433521.47605526 465965438.2554656 472043732.8141464 473293869.1127877 473967452.7747987 483478642.0838204 486766926.3438026 488829409.91391945 498332268.5143549 501876471.9938849 505461097.07751465 507884553.4844936 509283024.53070307 512473498.91632307 517547867.0001242 530788245.3970594 534434381.0427402 534749954.24310935

Equation: x3
Residuals:
515413.6135944127 553572.3886188437 553687.2134450423 562372.3702025112 612728.6368493288 627873.3052210473 661560.5767603979 663712.2944738326 744955.391732609 761816.5423308515 811858.5407356432 860282.7813583518 861543.0448938691 864537.5131113671 881806.4710393685 885692.7249610357 891342.2137763376 931418.7151922664 975328.0423111161 982374.6485916498

Equation: x3 ^ x3
Residuals:
3275674695153159.5 3600591906358484.0 4630797419517502.0 1.198367718400559e+16 2.175503398293777e+16 2.332143969143727e+16 4.061016418206123e+16 5.069195906640811e+16 5.63087461915031e+16 5.7156746076018344e+16 7.009868958144013e+16 8.951203516430626e+16 1.226448656665749e+17 1.4020197838591373e+17 1.5426741841990742e+17 3.0378753066848934e+17 4.120764616602935e+17 1.4367863325802765e+18 1.7068149407264814e+18 4.3352271262554895e+18

Equation: (x3 ^ x0) * x1
Residuals:
4.1206023861113416e+16 4.490426470456411e+16 7.609748234006954e+16 1.0500294517750293e+17 3.160855648944296e+17 3.2562491855306976e+17 5.0761541186860384e+17 6.335779520931575e+17 7.342286473228056e+17 1.1478050670646751e+18 1.8198223051790584e+18 2.2566525281524977e+18 2.6015475224449874e+18 3.953181689001022e+18 5.921308065812337e+18 7.496490360525788e+18 1.1671935419194995e+19 1.971515229607071e+19 2.795040888209615e+19 4.074210183871653e+19

Equation: x0 - -1549.6901968255277
Residuals:
513863.95389683754 552022.7358927034 552137.4573941951 560822.8555875905 611178.931711243 626323.6164724538 660010.9411525654 662162.6633483366 743405.7461512823 760266.7392736811 810308.6461800225 858732.8988785573 859993.2292266876 862987.5919537346 880256.4354236105 884142.8549548857 889792.2937179998 929869.0649337486 973778.3293322729 980825.1378472028

Equation: sin(x2) - -1554.265868730633
Residuals:
513872.0777313569 552030.8258348093 552145.7190349046 560831.1333066504 611187.5553469299 626332.2428220491 660019.6667904855 662171.5062397587 743414.7497075989 760276.0149203709 810318.138969263 858742.5311265767 860002.9000307113 862997.4843667927 880266.4727729124 884152.9729809354 889802.5761939281 929879.5014208996 973788.9186686442 980835.8582824877

Equation: (x4 - x4) - -1553.656121825557
Residuals:
513873.6206858785 552032.4218671642 552147.3162208754 560832.7348288893 611189.1650091283 626333.8524149633 660021.2755467319 662173.0537449121 743416.1796420885 760277.3343127649 810319.3882948367 858743.6954091196 860004.0444763774 862998.5489903347 880267.5328398934 884153.9701421928 889803.5412640485 929880.3785937048 973789.7518763313 980836.6073799528

Equation: (x4 / 135.40396298163185) - -1553.6264892426511
Residuals:
513873.5493517041 552032.3494799909 552147.2433658765 560832.6619519088 611189.0908049367 626333.7769189066 660021.198831308 662172.9770149995 743416.100097231 760277.2545278674 810319.3069998795 858743.6130003127 860003.9617582058 862998.4662222331 880267.4498135187 884153.8868609662 889803.4579148571 929880.294098653 973789.666264988 980836.5216652375

Equation: (x4 / (x3 + (71.41616772308204 + x4))) - -1553.6056475644664
Residuals:
513873.5327175581 552032.3326936222 552147.2265951477 560832.6455467666 611189.0744051236 626333.7603332015 660021.182267421 662172.9605355887 743416.0832306215 760277.2376318293 810319.2899673661 858743.5959103692 860003.9447527211 862998.4492637807 880267.4328586255 884153.8701439437 889803.4413107062 929880.2778449357 973789.6499427179 980836.5057007957

Equation: ((x4 + x4) / (144.34931179653202 + sin(x4))) - -1553.6001805618223
Residuals:
513873.4883726558 552032.2876622996 552147.1811680051 560832.5997360545 611189.0274826812 626333.7124791224 660021.1332986404 662172.9114691218 743416.0318868385 760277.1860815557 810319.2370407942 858743.5418964763 860003.8903325661 862998.3947445102 880267.3780657614 884153.8148457622 889803.3858281695 929880.2207976802 973789.5917677121 980836.4470566827

Equation: (sin(x4 / 219.54803661736938) * 3.085684994276629) - -1553.5996520972765
Residuals:
513873.48513355304 552032.284314839 552147.177780018 560832.5963462831 611189.0240058658 626333.7089583015 660021.129774469 662172.9079451354 743416.0284971205 760277.1827120229 810319.2338269858 858743.5388265499 860003.8873064758 862998.3917256412 880267.3750848728 884153.8119033457 889803.3828961737 929880.21805053 973789.5892140939 980836.4445214891

Equation: x3
Residuals:
19522059.687195763 20070968.831663672 20410839.414581515 20610240.01917514 20636836.496996935 20780989.044244282 20787235.843327273 20929807.873510852 20990007.955490433 21197284.209504824 21279978.716583777 22667404.862858765 22891349.214191016 22898606.434355892 23840826.658009354 24223079.762700267 24997513.3573951 25022588.511262227 25048407.608101293 25577491.42377615

Equation: x2 ^ x2
Residuals:
2.0214854727620888e+41 2.6511681811089244e+41 2.701576652404463e+41 4.661500355326159e+41 6.8274603588048455e+41 6.995211209468782e+41 1.9903744521963027e+42 2.3113847697002753e+42 5.495716267366652e+42 1.0358959276407777e+43 2.7203647062297814e+43 2.783296196637353e+43 4.363429893791055e+43 6.613447614016733e+43 7.916272683309293e+43 1.0842854950689074e+44 1.956851633317489e+44 2.311787316195162e+44 6.708385199038249e+44 7.84350737585564e+44

Equation: x4 + (x2 ^ x2)
Residuals:
2.0214854727620888e+41 2.6511681811089244e+41 2.701576652404463e+41 4.661500355326159e+41 6.8274603588048455e+41 6.995211209468782e+41 1.9903744521963027e+42 2.3113847697002753e+42 5.495716267366652e+42 1.0358959276407777e+43 2.7203647062297814e+43 2.783296196637353e+43 4.363429893791055e+43 6.613447614016733e+43 7.916272683309293e+43 1.0842854950689074e+44 1.956851633317489e+44 2.311787316195162e+44 6.708385199038249e+44 7.84350737585564e+44

Equation: 1420.542879700665 + x4
Residuals:
19520639.101491157 20069548.04998845 20409418.592384983 20608819.18658273 20635415.84022179 20779568.430867884 20785815.34945239 20928387.533843283 20988587.776663233 21195864.015078187 21278558.495808925 22665984.260024272 22889928.909795333 22897186.226717744 23839406.37903898 24221659.42447458 24996092.906996675 25021168.097486116 25046987.39706678 25576071.12897554

Equation: 1425.0817335517013 + cos(x4)
Residuals:
19520663.99917047 20069573.092260525 20409443.6966775 20608844.31019605 20635440.97839797 20779593.575903486 20785840.504261546 20928412.695929118 20988612.951465614 21195889.213698424 21278583.705955207 22666009.552228414 22889954.205561306 22897211.52310998 23839431.684697762 24221684.73074285 24996118.213566493 25021193.40450739 25047012.704100493 25576096.438475948

Equation: x4 + (1424.4885797006648 - x4)
Residuals:
19520663.608124427 20069572.75565213 20409443.40440529 20608844.035841268 20635440.719215356 20779593.324430674 20785840.264465977 20928412.465402845 20988612.738458507 21195889.03895268 21278583.552920025 22666009.719331875 22889954.41013043 22897211.73518431 23839432.123663448 24221685.287431348 24996118.92720992 25021194.161713243 25047013.462207258 25576097.297171425

Equation: cos(cos(x4) / x4) + 1423.5086971766893
Residuals:
19520663.58860517 20069572.736061137 20409443.384761762 20608844.01617758 20635440.69953503 20779593.304742046 20785840.24476495 20928412.445692137 20988612.718729865 21195889.019186497 21278583.5331335 22666009.699319366 22889954.39010003 22897211.715150528 23839432.103559457 24221685.26731462 24996118.90710053 25021194.141610708 25047013.442104887 25576097.27709283

Equation: (cos(x4) / (x4 * x4)) + 1424.535631880966
Residuals:
19520663.56228801 20069572.709732562 20409443.358423747 20608843.98983535 20635440.67318902 20779593.278394032 20785840.218413807 20928412.419338416 20988612.692371048 21195888.9928155 21278583.50675494 22666009.672772437 22889954.36352641 22897211.68857139 23839432.076786183 24221685.240420207 24996118.88002356 25021194.114478905 25047013.41497193 25576097.249826428

Equation: (sin(cos(x4)) / (x4 * x4)) + 1424.5298178186172
Residuals:
19520663.567915086 20069572.71539035 20409443.3641033 20608843.99552303 20635440.67888331 20779593.284091584 20785840.22411618 20928412.425044514 20988612.69808396 21195888.99854225 21278583.51248894 22666009.678571727 22889954.369329277 22897211.694374897 23839432.08259955 24221685.24623426 24996118.885837946 25021194.12029378 25047013.42078682 25576097.25564392

Equation: 1424.5336398619365 + (cos(x4) / ((x4 * x4) - cos(x2)))
Residuals:
19520663.564278543 20069572.71172323 20409443.3604145 20608843.99182618 20635440.675179914 20779593.280384943 20785840.220404886 20928412.42132953 20988612.69436235 21195888.994806968 21278583.50874664 22666009.674764287 22889954.365518328 22897211.690563355 23839432.07877819 24221685.242412228 24996118.882015556 25021194.116470885 25047013.416963864 25576097.251818303

Equation: 1424.5320988182418 + (cos(x4) / ((x4 * x4) + (x0 / x2)))
Residuals:
19520663.56581957 20069572.71326424 20409443.361955512 20608843.993367143 20635440.67672084 20779593.28192586 20785840.221945662 20928412.422870286 20988612.69590295 21195888.996347465 21278583.51028695 22666009.676304933 22889954.36705896 22897211.69210395 23839432.080319047 24221685.243953224 24996118.883556772 25021194.118012168 25047013.418505196 25576097.253359813

Equation: cos(cos(x4) / (1.789887089373286 / 0.7408992882036676)) + 1423.5299522019614
Residuals:
19520663.648596272 20069572.787429515 20409443.42944909 20608844.058252934 20635440.739438437 20779593.343555797 20785840.281946354 20928412.481593292 20988612.75224887 21195889.047674242 21278583.55887129 22666009.693470135 22889954.381666318 22897211.706227403 23839432.084327012 24221685.246172763 24996118.887080923 25021194.122645542 25047013.42316493 25576097.261833753

Equation: x0
Residuals:
121905697.72303584 123193692.68613568 123526767.26099378 126323838.38241903 127925547.37624559 128202600.50063549 131765186.06601384 132351406.54160862 133656373.77800699 135690133.38823348 136010083.75869313 136076530.8288579 136322987.912144 142389470.737719 144334718.8074305 146652324.44343787 149184176.47259924 150347471.52272272 150621331.6726164 152304736.3093891

Equation: x3 ^ x3
Residuals:
3.665617872465885e+66 4.90140389609451e+66 5.745658267898326e+66 9.817851695615872e+66 1.4177621680083382e+67 1.55502399995118e+67 2.3347990848823053e+67 2.78410806961179e+67 3.473966941243608e+67 4.01546891093108e+67 7.532136665214845e+67 1.0647440193565058e+68 1.1656859914349615e+68 2.2171783124993433e+68 4.118670928457571e+68 1.4191558004522466e+69 4.4722513653570454e+69 1.1065956190076962e+70 2.5863385257768735e+70 4.4278417481844976e+70

Equation: (x0 ^ x2) * x1
Residuals:
2.0140273599734898e+68 2.439595637743406e+68 3.121082340822626e+68 4.1376965569547695e+68 5.846060429578145e+68 7.003968468073353e+68 1.3054021642673444e+69 2.388309517908228e+69 4.499788144661469e+69 4.824127881306373e+69 7.608423869219522e+69 1.6303514667454067e+70 1.7286932955781242e+70 2.3647233554400366e+70 4.5441604235291613e+70 8.972222784048869e+70 1.6882757767863145e+71 4.2410382025258203e+71 5.363979724338384e+71 8.084129532771112e+71

Equation: 1500.1658887914532 - x1
Residuals:
121904280.08889298 123192275.10713993 123525349.83992511 126322421.12327455 127924130.75719008 128201184.0576739 131763770.1950431 132349990.88130757 133654958.31700927 135688718.13576773 136008668.55601555 136075115.7296426 136321572.87746587 142388056.03000975 144333304.26580223 146650909.96677205 149182762.05276948 150346057.2437792 150619917.52893707 152303322.321991

Equation: sin(x2) - -1496.9504897970608
Residuals:
121904242.43312111 123192237.45098935 123525312.10969892 126322383.3986511 127924092.47703579 128201145.74540946 131763731.78563969 132349952.44918062 133654919.86400124 135688679.5013201 136008629.95527172 136075077.16233835 136321534.29705945 142388017.33756953 144333265.55839947 146650871.24500772 149182723.29675415 150346018.2895608 150619878.5455666 152303283.1635472

Equation: (x4 - x4) - -1496.3039762915867
Residuals:
121904242.64710747 123192237.62218215 123525312.23250152 126322383.4882895 127924092.4986667 128201145.75764726 131763731.76048058 132349952.32977194 133654919.66042502 135688679.2915465 136008629.69250327 136075076.83899435 136321533.97322866 142388017.00744677 144333265.2078981 146650870.89558133 149182722.97326088 150346018.050387 150619878.32086903 152303282.99177906

Equation: 1496.2505866329582 + (0.01342293964499924 * x4)
Residuals:
121904242.14732835 123192237.12124561 123525311.73127589 126322382.9848895 127924091.99348399 128201145.25238992 131763731.25212906 132349951.82052292 133654919.15012263 135688678.77952772 136008629.18039808 136075076.32662863 136321533.46062037 142388016.49022266 144333264.68868417 146650870.37452844 149182722.45024723 150346017.52651858 150619877.79672262 152303282.4663562

Equation: ((x4 * 1.0134229395699457) - x4) - -1496.2505866332383
Residuals:
121904242.14732835 123192237.12124561 123525311.73127589 126322382.9848895 127924091.993484 128201145.25238992 131763731.25212906 132349951.82052292 133654919.15012263 135688678.77952775 136008629.18039808 136075076.32662863 136321533.46062037 142388016.49022266 144333264.68868417 146650870.37452844 149182722.45024726 150346017.52651858 150619877.79672262 152303282.4663562

Equation: (((x4 - -0.08500250623184857) - x4) * (cos(x4) / x3)) - -1496.3159386516702
Residuals:
121904242.63706797 123192237.61206852 123525312.22236644 126322383.47797339 127924092.48817112 128201145.747143 131763731.74960718 132349952.31877974 133654919.64928812 135688679.2801647 136008629.68110707 136075076.82755926 136321533.9617579 142388016.9952851 144333265.19544324 146650870.88286906 149182722.96029225 150346018.03731608 150619878.3077691 152303282.97853455

Equation: x0
Residuals:
243825088.03600368 249885513.48303357 250310035.09896025 252841705.54020143 257305068.04662156 264877221.58828843 267884840.61342055 271169449.99844575 274414020.4688158 275378402.7898806 276017510.3212786 278979410.33461934 279635549.0371042 280462379.5608502 284576396.34350103 285243368.14642334 285758649.61504364 294221625.7337234 294762485.50789577 295400311.6594912

Equation: x4 ^ x4
Residuals:
2.2928266139351718e+79 7.34206289086003e+79 7.34247642320725e+79 1.1817055489195803e+80 3.039459046445739e+80 1.102878989952407e+81 2.081225082866531e+81 3.4269955498035667e+81 6.336803341905718e+81 7.812562923129101e+81 8.149659899537922e+81 1.2870199885436126e+82 1.465784909106183e+82 1.6999918453398935e+82 3.4103661290721996e+82 4.134730764539732e+82 4.6038873833895736e+82 1.739777570649981e+83 2.128298734142877e+83 2.3907207866518232e+83

Equation: (x0 ^ x4) * x3
Residuals:
1.0650708889793724e+81 2.869975330726048e+81 2.919266432862676e+81 4.331734843392644e+81 1.1970912140153371e+82 3.6809881915385924e+82 6.284760661409399e+82 9.592219811209925e+82 1.712203784727638e+83 2.389314507478311e+83 2.5103772129428625e+83 4.5395950736186656e+83 6.060477255454859e+83 7.138566913791644e+83 1.634279603148708e+84 1.973616170264159e+84 2.5930349688462807e+84 8.557001341192473e+84 1.0352331180425972e+85 1.2042825960588058e+85

Equation: x1 / 0.0026927308361200442
Residuals:
243807519.1536715 249867938.29846266 250292449.20702302 252824075.78524038 257287418.70115227 264859559.2751456 267867129.18355966 271151682.4315833 274396238.1182515 275360584.3591306 275999675.9814205 278961449.5736115 279617549.7464134 280444376.7788324 284558380.1725368 285225337.29877585 285740615.37238836 294203415.8154198 294744250.8631857 295382043.4146086

Equation: (1417.2067422685677 + x2) - x2
Residuals:
243823718.17306745 249884143.68625203 250308665.31766102 252840335.77521813 257303698.5449088 264875852.18339273 267883471.23893946 271168080.65033126 274412651.20813584 275377033.69342875 276016141.2338215 278978041.47309583 279634180.3587117 280461010.9255076 284575027.9822472 285241999.81741977 285757281.4720816 294220257.72459364 294761117.52812785 295398943.7376912

Equation: (x1 + 1415.2852488952815) - cos(x1)
Residuals:
243823671.70704266 249884097.20848027 250308618.82073808 252840289.2079635 257303651.94995075 264875805.57155505 267883424.5727634 271168033.9383865 274412604.4867073 275376986.95302004 276016094.4867837 278977994.701254 279634133.58566993 280460964.1524255 284574981.20907587 285241953.04422724 285757234.69888884 294220210.9340477 294761070.72923315 295398896.9237408

Equation: (x3 - -35459.516398349246) / 24.977001514335324
Residuals:
243823713.79138312 249884139.3024337 250308660.931098 252840331.3873853 257303694.15269434 264875847.7851378 267883466.8395542 271168076.2495097 274412646.800251 275377029.28319436 276016136.8103462 278978037.04567707 279634175.9281767 280461006.4896227 284575023.54597 285241995.37485814 285757277.02636635 294220253.27464277 294761113.07679147 295398939.2848466

Equation: (x3 + (50085.2779149944 + x4)) / 35.28075371339291
Residuals:
243823713.0705158 249884138.57540262 250308660.20486817 252840330.65875328 257303693.41984022 264875847.04654944 267883466.09760445 271168075.5050817 274412646.0543161 275377028.5367303 276016136.0675039 278978036.3013347 279634175.1839898 280461005.7461383 284575022.79856277 285241994.6281698 285757276.279976 294220252.5217884 294761112.3231749 295398938.5309976

Equation: (58976.22367514993 - -34284.21778030187) / 65.6835879337737
Residuals:
243823715.53591278 249884141.04909736 250308662.68050635 252840333.13806346 257303695.90775412 264875849.54623806 267883468.6017848 271168078.0131766 274412648.5709812 275377031.0562741 276016138.5966669 278978038.8359412 279634177.7215571 280461008.28835297 284575025.34509254 285241997.1802651 285757278.83492696 294220255.087439 294761114.8909732 295398941.1005366

Equation: 1419.840456754613 - ((0.025429788265386093 / x1) * sin(sin(x1)))
Residuals:
243823715.53919104 249884141.05236736 250308662.68376273 252840333.1412673 257303695.91093606 264875849.5494063 267883468.60490656 271168078.0162554 274412648.57405037 275377031.0593229 276016138.59970796 278978038.8389459 279634177.72455823 280461008.291354 284575025.34809315 285241997.1832658 285757278.8379277 294220255.09047705 294761114.8940225 295398941.10360396

Equation: (cos(x4) + (42123.607355309665 - -31156.284596562113)) / 51.61081881246959
Residuals:
243823715.54337177 249884141.05491745 250308662.68632635 252840333.14292458 257303695.91026413 264875849.54472592 267883468.59802157 271168078.0075543 274412648.5629885 275377031.0474604 276016138.58768684 278978038.8251543 279634177.7102544 280461008.2764625 284575025.33045805 285241997.16488117 285757278.81912744 294220255.06674176 294761114.86958534 295398941.07875806

Equation: x2
Residuals:
50485262.51319009 50696970.36374825 50852584.3103952 52704871.07523677 52780642.51931974 52802724.68206055 53803856.28502749 54444066.102691405 55024557.07901348 55136932.97348504 59323121.17751879 60144108.212383635 60265048.941676594 60544909.87413076 61766674.651626535 62625971.096733876 63749711.44653763 64452839.22984356 65011286.63258107 65780206.9570509

Equation: x2 ^ x2
Residuals:
6.011823695471835e+53 2.2343908546985393e+54 4.773671621820847e+54 5.537509136221781e+54 1.1321840587453292e+55 1.415717322448606e+55 1.5593326278576665e+55 1.815208210849335e+55 5.748157921722433e+55 5.892813015704452e+55 9.267907402867068e+55 9.347744800384766e+55 1.0163417683518337e+56 1.0360497766160832e+56 1.1767455892402055e+56 2.070085752128414e+56 3.134081699351137e+56 4.847277388682301e+56 6.123746761315998e+56 7.935047205189169e+56

Equation: x2 + (x2 ^ x2)
Residuals:
6.011823695471835e+53 2.2343908546985393e+54 4.773671621820847e+54 5.537509136221781e+54 1.1321840587453292e+55 1.415717322448606e+55 1.5593326278576665e+55 1.815208210849335e+55 5.748157921722433e+55 5.892813015704452e+55 9.267907402867068e+55 9.347744800384766e+55 1.0163417683518337e+56 1.0360497766160832e+56 1.1767455892402055e+56 2.070085752128414e+56 3.134081699351137e+56 4.847277388682301e+56 6.123746761315998e+56 7.935047205189169e+56

Equation: x0 ^ (x2 - cos(x1))
Residuals:
1.4148504387484562e+55 4.5757946850835123e+55 8.629686526284435e+55 1.1315462713151977e+56 1.8164902106321677e+56 2.1309850219991635e+56 2.226179293853429e+56 1.5196624356833655e+56 4.5899390096440075e+56 6.422535526942653e+56 3.950586018666527e+56 3.6883192360981185e+56 3.21156701427863e+56 3.212615430010135e+56 2.4000055153010067e+56 1.5122688175646022e+56 1.3420872306493118e+56 1.8049183066448234e+56 1.900341374685854e+56 2.2377019904700595e+56

Equation: 970.6843968547661 - sin(x2)
Residuals:
50484326.39122037 50696034.271788366 50851648.25566723 52703935.02991245 52779706.53027125 52801788.71457051 53802920.327475645 54443130.161538266 55023621.29455281 55135997.19305622 59322185.475544795 60143172.511987805 60264113.25685396 60543974.19292953 61765738.99487428 62625035.55764721 63748776.00343556 64451903.896351784 65010351.36146406 65779271.75797946

Equation: 1513.894279649714 - (x3 * x3)
Residuals:
50484976.93619599 50696693.453355424 50852311.69507179 52704604.968079425 52780385.21730549 52802478.87157931 53803611.23866031 54443821.75135883 55024313.868878804 55136695.58246486 59322890.354899585 60143887.38386937 60264840.73394045 60544717.78148434 61766486.52032623 62625783.52503701 63749535.46438368 64452677.10006185 65011127.60082962 65780051.91147924

Equation: 1234.5725500560268 - -263.16164030181227
Residuals:
50483799.6458161 50695507.78454909 50851121.89759795 52703408.69495446 52779180.29561544 52801262.50725396 53802394.13135654 54442603.98225174 55023095.21045621 55135471.11035458 59321659.413230024 60142646.44996657 60263587.19751392 60543448.13415842 61765212.93943442 62624509.50771171 63748249.94789788 64451377.82618262 65009825.27981034 65778745.660672896

Equation: 1497.7332609108728 - (x0 * -0.0002338566368129053)
Residuals:
50483799.63868034 50695507.77737865 50851121.89041061 52703408.68773219 52779180.28838726 52801262.50001974 53802394.12412195 54442603.975016646 55023095.20316492 55135471.102973126 59321659.40584709 60142646.44254278 60263587.190064445 60543448.12670468 61765212.93197227 62624509.50024882 63748249.940402314 64451377.81866982 65009825.27227794 65778745.65313095

Equation: ((x3 - -1.9776026952202802e6) - x2) / 1320.3962819234184
Residuals:
50483799.6460293 50695507.784888856 50851121.89801869 52703408.6953293 52779180.29601498 52801262.50756682 53802394.13167739 54442603.98259062 55023095.21097627 55135471.11081617 59321659.41369702 60142646.45032805 60263587.197754964 60543448.134231955 61765212.93948749 62624509.50785346 63748249.947987124 64451377.82619978 65009825.27983425 65778745.660698555

Equation: (1234.5986332124276 + (-0.20202745816927076 / x4)) - -263.1877117477229
Residuals:
50483799.59951724 50695507.73824646 50851121.85129463 52703408.648606196 52779180.24926693 52801262.46090398 53802394.08498051 54442603.93586158 55023095.16405397 55135471.063952275 59321659.36673848 60142646.403461315 60263587.15100549 60543448.08764703 61765212.89289675 62624509.46115913 63748249.90132296 64451377.77959438 65009825.23321273 65778745.61406312

Equation: ((0.013921924607758512 * x4) + 1498.4983752593994) - cos(cos(cos(-60.10742121786132)))
Residuals:
50483799.2207382 50695507.35916291 50851121.472154275 52703408.26578993 52779179.866430454 52801262.07794655 53802393.699864954 54442603.54956647 55023094.77674671 55135470.67663933 59321658.97181037 60142646.00734102 60263586.754608296 60543447.69099178 61765212.49393586 62624509.06088061 63748249.499056056 64451377.376134545 65009824.82891074 65778745.20866291

Equation: ((0.02064461583938214 * cos(x4)) + 309.30230323570066) - (5.337243346080159 * -222.66990385764686)
Residuals:
50483799.65485189 50695507.79360574 50851121.90665738 52703408.703447334 52779180.30410117 52801262.51569606 53802394.138763934 54442603.98889451 55023095.21633596 55135471.11622977 59321659.41070315 60142646.4458005 60263587.19295873 60543448.12923803 61765212.93116281 62624509.49747741 63748249.93468459 64451377.811194606 65009825.26358413 65778745.64285892

Equation: (415.63577543835254 - (-136.83698907964376 * 7.908022515071903)) - (sin(65.99409181257923) * cos(x4))
Residuals:
50483799.65485189 50695507.793605745 50851121.90665738 52703408.703447334 52779180.30410118 52801262.51569607 53802394.13876394 54442603.98889451 55023095.21633596 55135471.11622977 59321659.410703145 60142646.4458005 60263587.19295873 60543448.12923803 61765212.93116281 62624509.49747741 63748249.93468458 64451377.8111946 65009825.26358413 65778745.64285892

Equation: x1
Residuals:
1751509.4856415223 1756093.0095753209 1804251.7747540583 1980670.6851912593 1989054.5949372076 2002166.9483796582 2150694.413145813 2161774.359148864 2210074.9921057746 2254272.5799688087 2304198.306668162 2356570.044407524 2369791.3517475016 2405904.799024927 2502991.5470364518 2560896.033957827 2597954.502842683 2699249.6487878747 2731218.8134803977 2743953.2050101645

Equation: x4 ^ x1
Residuals:
2.7386996428381854e+21 3.048972610719802e+21 4.100404519194814e+21 1.03572580137802e+22 1.3252786155840273e+22 2.0720700840583476e+22 4.061087827846997e+22 9.62340435776878e+22 1.1602288570897702e+23 1.7648627047111384e+23 2.6094722633970553e+23 3.728041969768903e+23 4.035119110959749e+23 4.636564433202445e+23 5.969208523234558e+23 8.313199240733638e+23 9.813112617770347e+23 1.446610180798292e+24 1.73619186176552e+24 3.692637148827055e+24

Equation: x4 * (x1 ^ x3)
Residuals:
3.7003680735347553e+22 7.3144537603700565e+22 9.407465100336636e+22 1.476244063133272e+23 2.6154151748769628e+23 3.3607159629399634e+23 4.015440897726905e+23 8.392309193468181e+23 1.4544220047527885e+24 1.7764501056276878e+24 3.6147985443414917e+24 5.845963489061242e+24 6.106550404864951e+24 9.032106388231848e+24 1.0526997016059005e+25 1.3911327184976529e+25 1.8037737242144418e+25 2.252377775840247e+25 2.411043487084233e+25 4.7079593201067764e+25

Equation: x4 - -1536.0543772077333
Residuals:
1749973.2169793816 1754556.7552486893 1802715.4507358216 1979134.270011048 1987518.2355893112 2000630.6390893306 2149157.9607084733 2160238.1994923367 2208538.8258207235 2252736.405719981 2302662.202586437 2355033.9340591393 2368255.228398288 2404368.625573467 2501455.3157686475 2559359.7821215703 2596418.235707256 2697713.2699125595 2729682.425747828 2742417.067311625

Equation: cos(x3) - -1540.6195702317407
Residuals:
1749986.160275926 1754569.4892226097 1802728.250331167 1979147.305667934 1987531.1364263168 2000643.5824753125 2149171.1768207555 2160251.294589038 2208551.8525005463 2252749.526428226 2302675.2630904643 2355047.0394862564 2368268.3609681143 2404381.7992802025 2501468.591155626 2559373.148763765 2596431.651719369 2697726.868503201 2729696.0775582218 2742430.7379900515

Equation: (x3 / x3) - -1539.0505272076966
Residuals:
1749986.6913631125 1754570.2468588962 1802729.0711065107 1979148.198409058 1987532.1860502285 2000644.6675781251 2149172.2694885978 2160252.5112414444 2208553.1904248134 2252750.883622303 2302676.7281116443 2355048.5552910003 2368269.8795109135 2404383.349499624 2501470.147269291 2559374.713330508 2596433.22056021 2697728.437148923 2729697.645975301 2742432.2914883113

Equation: (0.01623453570080852 / x3) - -1540.046317305051
Residuals:
1749986.6946313803 1754570.2501394378 1802729.0743904838 1979148.2016969835 1987532.1893470567 2000644.6708770504 2149172.272787975 2160252.5145485858 2208553.1937405393 2252750.886939539 2302676.7314387257 2355048.5586243924 2368269.882844713 2404383.352839286 2501470.1506105056 2559374.7166747954 2596433.223907924 2697728.440498843 2729697.649325548 2742432.294844937

Equation: 1540.0730666415325 - (x2 / (43.92361270047381 * x4))
Residuals:
1749986.6913887216 1754570.2471461284 1802729.0713690552 1979148.1985901366 1987532.1862795232 2000644.6677628516 2149172.2693522726 2160252.5111928782 2208553.1903534792 2252750.883449203 2302676.7281350335 2355048.555233816 2368269.879420758 2404383.349323903 2501470.147026645 2559374.7130465712 2596433.2202303316 2697728.4366640793 2729697.6457664664 2742432.2917196862

Equation: ((x3 / x3) + (-0.2016531924690498 / x4)) - -1539.1022263324744
Residuals:
1749986.6512064624 1754570.206690876 1802729.0308542089 1979148.1579600463 1987532.1455873866 2000644.6270666418 2149172.228805805 2160252.4705568654 2208553.1497085267 2252750.842838661 2302676.687299936 2355048.514423323 2368269.8386258795 2404383.308572528 2501470.1062806468 2559374.672285442 2596433.1794850333 2697728.395972635 2729697.6047699954 2742432.2502808496

Equation: ((x3 / x3) + sin(-0.20165320646408663 / x4)) - -1539.1022263360624
Residuals:
1749986.6512062035 1754570.2066906178 1802729.0308539562 1979148.1579598063 1987532.1455871472 2000644.6270664055 2149172.2288055792 2160252.4705566396 2208553.149708303 2252750.842838441 2302676.687299718 2355048.514423108 2368269.8386256658 2404383.3085723165 2501470.106280439 2559374.6722852373 2596433.1794848302 2697728.395972438 2729697.6047698 2742432.250280654

Equation: ((-0.06104962015398297 / x3) + (-0.2233193180857314 / x4)) - -1540.1236122641862
Residuals:
1749986.6346016813 1754570.1900387178 1802729.0141800907 1979148.1412499298 1987532.1288423063 2000644.61030845 2149172.212027506 2160252.4537491775 2208553.1328651505 2252750.8259823695 2302676.6704036044 2355048.4974972475 2368269.821696407 2404383.2916164915 2501470.0893121576 2559374.6552993376 2596433.162482807 2697728.37895125 2729697.5877442607 2742432.233230897

Equation: ((0.008612693504231418 * x4) + 1540.0315757713536) - (0.22980527055946218 / (x2 * x4))
Residuals:
1749986.5606058463 1754570.1159430784 1802728.9390716022 1979148.0636985726 1987532.051146447 2000644.531997537 2149172.1314822566 2160252.3732065875 2208553.051931442 2252750.744147787 2302676.5882175085 2355048.414568038 2368269.7385294307 2404383.2078883615 2501470.004725896 2559374.569922616 2596433.0766879437 2697728.291697965 2729697.500056449 2742432.145522924

Equation: x0
Residuals:
450174432.66459507 451480604.08572453 464434864.07292986 465966780.78015625 472045075.2696476 473295211.5306556 473968795.1181822 483479984.3468671 486768268.5801755 488830752.05689174 498333610.6023526 501877813.8766673 505462438.79494804 507885895.1363154 509284366.17370045 512474840.2584463 517549208.1475551 530789586.3756913 534435721.9273493 534751295.0470504

Equation: x2 ^ x2
Residuals:
3.673312878537987e+93 5.622338227825127e+93 1.0315349970209789e+94 1.5565223158736752e+94 1.7630598671686033e+94 2.5729779038583142e+94 3.2060731655865446e+94 6.927692559147857e+94 2.2657774659789894e+95 2.9460582382836154e+95 3.3227151878398665e+95 4.646468726424752e+95 7.129079662565155e+95 9.378499685673374e+95 1.7515878885457526e+96 1.8496692545786437e+96 2.6695499845843353e+96 3.128087339335551e+96 6.247054585519268e+96 7.423059302683278e+96

Equation: x0 + (x3 ^ x3)
Residuals:
6.076226543751692e+92 6.301203999351031e+92 6.77505489475298e+92 1.098121647259626e+93 1.3885437349085758e+94 1.8603172491997706e+94 1.9659126061046803e+94 2.1184459635204964e+94 2.2122120514574965e+94 2.4129275719677387e+94 5.730645790415782e+94 6.196817070017843e+94 1.0022716265531452e+95 1.928572435958747e+95 3.2698074711549405e+95 3.355321337845852e+95 4.325108229032502e+95 4.8491467133790526e+95 1.9921404560640557e+96 4.122846130499081e+96

Equation: (x0 - cos(x2)) ^ x3
Residuals:
1.3815668467890734e+93 1.37403452376136e+93 1.3679323458148387e+93 2.0362991388931499e+93 1.635314133914648e+94 2.018194113689985e+94 2.1895373652095273e+94 2.2012258645056725e+94 1.8650200942922994e+94 2.085277458422575e+94 4.3088453940636945e+94 5.27697503719883e+94 8.410906421617731e+94 1.4368088773889587e+95 1.9557768451300333e+95 2.677624743946998e+95 3.72706971109503e+95 4.7187154619364436e+95 1.41865640840334e+96 2.671659732228135e+96

Equation: 1391.1749074788172 - cos(x3)
Residuals:
450173094.16712 451479265.60597146 464433525.61584514 465965442.4251088 472043737.27459526 473293873.6192076 473967457.29030293 483478646.6145726 486766930.8829794 488829414.4681952 498332273.2231359 501876476.71831775 505461101.89361024 507884558.4285942 509283029.5802107 512473503.97213256 517547872.1088507 530788250.53358376 534434386.458423 534749959.79471886

Equation: 1.849430778784291e6 * 0.0007549813178441614
Residuals:
450173090.0278382 451479261.4649341 464433521.47115266 465965438.250901 472043732.8112281 473293869.1101238 473967452.77235466 483478642.0845117 486766926.3458389 488829409.91672957 498332268.5205546 501876472.0014064 505461097.0866325 507884553.49472225 509283024.5417196 512473498.9284966 517547867.0145492 530788245.41644114 534434381.0632061 534749954.2638939

Equation: (cos(x4) / (x3 ^ x4)) + 1396.2908038971427
Residuals:
450173090.0227209 451479261.4598168 464433521.46603537 465965438.2457837 472043732.8061108 473293869.1050065 473967452.76723737 483478642.0793944 486766926.3407216 488829409.9116123 498332268.5154373 501876471.9962891 505461097.0815152 507884553.48960495 509283024.5366023 512473498.9233793 517547867.0094319 530788245.41132385 534434381.0580888 534749954.2587766

Equation: ((x4 + 50440.590119538225) / 2.9505563846262866e6) * (81670.94097849927 + sin(x4))
Residuals:
450173088.6457872 451479260.0825737 464433520.0852432 465965436.8645268 472043731.42276937 473293867.72135895 473967451.3833274 483478640.69183767 486766924.9516018 488829408.5215832 498332267.12128204 501876470.60044104 505461095.68354386 507884552.0900986 509283023.13597554 512473497.5210552 517547865.6036045 530788243.99656 534434379.6410691 534749952.8410673

Equation: (-0.9789337033326957 * cos(x4)) + (cos(x4) - (-740.8035512181063 - 655.492950233608))
Residuals:
450173090.0378013 451479261.4747897 464433521.4788362 465965438.25820655 472043732.81669277 473293869.115304 473967452.77728903 483478642.0859403 486766926.3457636 488829409.9157891 498332268.5158243 501876471.9951983 505461097.07863957 507884553.4854874 509283024.5316039 512473498.9170873 517547867.00062263 530788245.39697254 534434381.0425254 534749954.2428569

Equation: (((39823.4258027292 + 26888.71783096072) + cos(x4)) / 3.5354197905761604e6) * 73997.04915668847
Residuals:
450173090.03554934 451479261.4725384 464433521.4765989 465965438.2559717 472043732.8144699 473293869.11308295 473967452.77506953 483478642.08374345 486766926.34357655 488829409.9136076 498332268.5136673 501876471.9930508 505461097.07650363 507884553.48335946 509283024.5294816 512473498.91497344 517547866.99852496 530788245.39491075 534434381.0404714 534749954.2408052

Equation: sin(0.018842025332663614 * cos(x4)) + (cos(x4 - x4) - (-740.3039647097945 - 654.9933637253014))
Residuals:
450173090.0347794 451479261.47177917 464433521.47605526 465965438.2554656 472043732.8141464 473293869.1127877 473967452.7747987 483478642.0838204 486766926.3438026 488829409.91391945 498332268.5143549 501876471.9938849 505461097.07751465 507884553.4844936 509283024.53070307 512473498.91632307 517547867.0001242 530788245.3970594 534434381.0427402 534749954.24310935

Equation: x3
Residuals:
515413.6135944127 553572.3886188437 553687.2134450423 562372.3702025112 612728.6368493288 627873.3052210473 661560.5767603979 663712.2944738326 744955.391732609 761816.5423308515 811858.5407356432 860282.7813583518 861543.0448938691 864537.5131113671 881806.4710393685 885692.7249610357 891342.2137763376 931418.7151922664 975328.0423111161 982374.6485916498

Equation: x3 ^ x3
Residuals:
3275674695153159.5 3600591906358484.0 4630797419517502.0 1.198367718400559e+16 2.175503398293777e+16 2.332143969143727e+16 4.061016418206123e+16 5.069195906640811e+16 5.63087461915031e+16 5.7156746076018344e+16 7.009868958144013e+16 8.951203516430626e+16 1.226448656665749e+17 1.4020197838591373e+17 1.5426741841990742e+17 3.0378753066848934e+17 4.120764616602935e+17 1.4367863325802765e+18 1.7068149407264814e+18 4.3352271262554895e+18

Equation: (x3 ^ x0) * x1
Residuals:
4.1206023861113416e+16 4.490426470456411e+16 7.609748234006954e+16 1.0500294517750293e+17 3.160855648944296e+17 3.2562491855306976e+17 5.0761541186860384e+17 6.335779520931575e+17 7.342286473228056e+17 1.1478050670646751e+18 1.8198223051790584e+18 2.2566525281524977e+18 2.6015475224449874e+18 3.953181689001022e+18 5.921308065812337e+18 7.496490360525788e+18 1.1671935419194995e+19 1.971515229607071e+19 2.795040888209615e+19 4.074210183871653e+19

Equation: x0 - -1549.6901968255277
Residuals:
513863.95389683754 552022.7358927034 552137.4573941951 560822.8555875905 611178.931711243 626323.6164724538 660010.9411525654 662162.6633483366 743405.7461512823 760266.7392736811 810308.6461800225 858732.8988785573 859993.2292266876 862987.5919537346 880256.4354236105 884142.8549548857 889792.2937179998 929869.0649337486 973778.3293322729 980825.1378472028

Equation: sin(x2) - -1554.265868730633
Residuals:
513872.0777313569 552030.8258348093 552145.7190349046 560831.1333066504 611187.5553469299 626332.2428220491 660019.6667904855 662171.5062397587 743414.7497075989 760276.0149203709 810318.138969263 858742.5311265767 860002.9000307113 862997.4843667927 880266.4727729124 884152.9729809354 889802.5761939281 929879.5014208996 973788.9186686442 980835.8582824877

Equation: (x4 - x4) - -1553.656121825557
Residuals:
513873.6206858785 552032.4218671642 552147.3162208754 560832.7348288893 611189.1650091283 626333.8524149633 660021.2755467319 662173.0537449121 743416.1796420885 760277.3343127649 810319.3882948367 858743.6954091196 860004.0444763774 862998.5489903347 880267.5328398934 884153.9701421928 889803.5412640485 929880.3785937048 973789.7518763313 980836.6073799528

Equation: (x4 / 135.40396298163185) - -1553.6264892426511
Residuals:
513873.5493517041 552032.3494799909 552147.2433658765 560832.6619519088 611189.0908049367 626333.7769189066 660021.198831308 662172.9770149995 743416.100097231 760277.2545278674 810319.3069998795 858743.6130003127 860003.9617582058 862998.4662222331 880267.4498135187 884153.8868609662 889803.4579148571 929880.294098653 973789.666264988 980836.5216652375

Equation: (x4 / (x3 + (71.41616772308204 + x4))) - -1553.6056475644664
Residuals:
513873.5327175581 552032.3326936222 552147.2265951477 560832.6455467666 611189.0744051236 626333.7603332015 660021.182267421 662172.9605355887 743416.0832306215 760277.2376318293 810319.2899673661 858743.5959103692 860003.9447527211 862998.4492637807 880267.4328586255 884153.8701439437 889803.4413107062 929880.2778449357 973789.6499427179 980836.5057007957

Equation: ((x4 + x4) / (144.34931179653202 + sin(x4))) - -1553.6001805618223
Residuals:
513873.4883726558 552032.2876622996 552147.1811680051 560832.5997360545 611189.0274826812 626333.7124791224 660021.1332986404 662172.9114691218 743416.0318868385 760277.1860815557 810319.2370407942 858743.5418964763 860003.8903325661 862998.3947445102 880267.3780657614 884153.8148457622 889803.3858281695 929880.2207976802 973789.5917677121 980836.4470566827

Equation: (sin(x4 / 219.54803661736938) * 3.085684994276629) - -1553.5996520972765
Residuals:
513873.48513355304 552032.284314839 552147.177780018 560832.5963462831 611189.0240058658 626333.7089583015 660021.129774469 662172.9079451354 743416.0284971205 760277.1827120229 810319.2338269858 858743.5388265499 860003.8873064758 862998.3917256412 880267.3750848728 884153.8119033457 889803.3828961737 929880.21805053 973789.5892140939 980836.4445214891

Equation: x3
Residuals:
19522059.687195763 20070968.831663672 20410839.414581515 20610240.01917514 20636836.496996935 20780989.044244282 20787235.843327273 20929807.873510852 20990007.955490433 21197284.209504824 21279978.716583777 22667404.862858765 22891349.214191016 22898606.434355892 23840826.658009354 24223079.762700267 24997513.3573951 25022588.511262227 25048407.608101293 25577491.42377615

Equation: x2 ^ x2
Residuals:
2.0214854727620888e+41 2.6511681811089244e+41 2.701576652404463e+41 4.661500355326159e+41 6.8274603588048455e+41 6.995211209468782e+41 1.9903744521963027e+42 2.3113847697002753e+42 5.495716267366652e+42 1.0358959276407777e+43 2.7203647062297814e+43 2.783296196637353e+43 4.363429893791055e+43 6.613447614016733e+43 7.916272683309293e+43 1.0842854950689074e+44 1.956851633317489e+44 2.311787316195162e+44 6.708385199038249e+44 7.84350737585564e+44

Equation: x4 + (x2 ^ x2)
Residuals:
2.0214854727620888e+41 2.6511681811089244e+41 2.701576652404463e+41 4.661500355326159e+41 6.8274603588048455e+41 6.995211209468782e+41 1.9903744521963027e+42 2.3113847697002753e+42 5.495716267366652e+42 1.0358959276407777e+43 2.7203647062297814e+43 2.783296196637353e+43 4.363429893791055e+43 6.613447614016733e+43 7.916272683309293e+43 1.0842854950689074e+44 1.956851633317489e+44 2.311787316195162e+44 6.708385199038249e+44 7.84350737585564e+44

Equation: 1420.542879700665 + x4
Residuals:
19520639.101491157 20069548.04998845 20409418.592384983 20608819.18658273 20635415.84022179 20779568.430867884 20785815.34945239 20928387.533843283 20988587.776663233 21195864.015078187 21278558.495808925 22665984.260024272 22889928.909795333 22897186.226717744 23839406.37903898 24221659.42447458 24996092.906996675 25021168.097486116 25046987.39706678 25576071.12897554

Equation: 1425.0817335517013 + cos(x4)
Residuals:
19520663.99917047 20069573.092260525 20409443.6966775 20608844.31019605 20635440.97839797 20779593.575903486 20785840.504261546 20928412.695929118 20988612.951465614 21195889.213698424 21278583.705955207 22666009.552228414 22889954.205561306 22897211.52310998 23839431.684697762 24221684.73074285 24996118.213566493 25021193.40450739 25047012.704100493 25576096.438475948

Equation: x4 + (1424.4885797006648 - x4)
Residuals:
19520663.608124427 20069572.75565213 20409443.40440529 20608844.035841268 20635440.719215356 20779593.324430674 20785840.264465977 20928412.465402845 20988612.738458507 21195889.03895268 21278583.552920025 22666009.719331875 22889954.41013043 22897211.73518431 23839432.123663448 24221685.287431348 24996118.92720992 25021194.161713243 25047013.462207258 25576097.297171425

Equation: cos(cos(x4) / x4) + 1423.5086971766893
Residuals:
19520663.58860517 20069572.736061137 20409443.384761762 20608844.01617758 20635440.69953503 20779593.304742046 20785840.24476495 20928412.445692137 20988612.718729865 21195889.019186497 21278583.5331335 22666009.699319366 22889954.39010003 22897211.715150528 23839432.103559457 24221685.26731462 24996118.90710053 25021194.141610708 25047013.442104887 25576097.27709283

Equation: (cos(x4) / (x4 * x4)) + 1424.535631880966
Residuals:
19520663.56228801 20069572.709732562 20409443.358423747 20608843.98983535 20635440.67318902 20779593.278394032 20785840.218413807 20928412.419338416 20988612.692371048 21195888.9928155 21278583.50675494 22666009.672772437 22889954.36352641 22897211.68857139 23839432.076786183 24221685.240420207 24996118.88002356 25021194.114478905 25047013.41497193 25576097.249826428

Equation: (sin(cos(x4)) / (x4 * x4)) + 1424.5298178186172
Residuals:
19520663.567915086 20069572.71539035 20409443.3641033 20608843.99552303 20635440.67888331 20779593.284091584 20785840.22411618 20928412.425044514 20988612.69808396 21195888.99854225 21278583.51248894 22666009.678571727 22889954.369329277 22897211.694374897 23839432.08259955 24221685.24623426 24996118.885837946 25021194.12029378 25047013.42078682 25576097.25564392

Equation: 1424.5336398619365 + (cos(x4) / ((x4 * x4) - cos(x2)))
Residuals:
19520663.564278543 20069572.71172323 20409443.3604145 20608843.99182618 20635440.675179914 20779593.280384943 20785840.220404886 20928412.42132953 20988612.69436235 21195888.994806968 21278583.50874664 22666009.674764287 22889954.365518328 22897211.690563355 23839432.07877819 24221685.242412228 24996118.882015556 25021194.116470885 25047013.416963864 25576097.251818303

Equation: 1424.5320988182418 + (cos(x4) / ((x4 * x4) + (x0 / x2)))
Residuals:
19520663.56581957 20069572.71326424 20409443.361955512 20608843.993367143 20635440.67672084 20779593.28192586 20785840.221945662 20928412.422870286 20988612.69590295 21195888.996347465 21278583.51028695 22666009.676304933 22889954.36705896 22897211.69210395 23839432.080319047 24221685.243953224 24996118.883556772 25021194.118012168 25047013.418505196 25576097.253359813

Equation: cos(cos(x4) / (1.789887089373286 / 0.7408992882036676)) + 1423.5299522019614
Residuals:
19520663.648596272 20069572.787429515 20409443.42944909 20608844.058252934 20635440.739438437 20779593.343555797 20785840.281946354 20928412.481593292 20988612.75224887 21195889.047674242 21278583.55887129 22666009.693470135 22889954.381666318 22897211.706227403 23839432.084327012 24221685.246172763 24996118.887080923 25021194.122645542 25047013.42316493 25576097.261833753

Equation: x0
Residuals:
121905697.72303584 123193692.68613568 123526767.26099378 126323838.38241903 127925547.37624559 128202600.50063549 131765186.06601384 132351406.54160862 133656373.77800699 135690133.38823348 136010083.75869313 136076530.8288579 136322987.912144 142389470.737719 144334718.8074305 146652324.44343787 149184176.47259924 150347471.52272272 150621331.6726164 152304736.3093891

Equation: x3 ^ x3
Residuals:
3.665617872465885e+66 4.90140389609451e+66 5.745658267898326e+66 9.817851695615872e+66 1.4177621680083382e+67 1.55502399995118e+67 2.3347990848823053e+67 2.78410806961179e+67 3.473966941243608e+67 4.01546891093108e+67 7.532136665214845e+67 1.0647440193565058e+68 1.1656859914349615e+68 2.2171783124993433e+68 4.118670928457571e+68 1.4191558004522466e+69 4.4722513653570454e+69 1.1065956190076962e+70 2.5863385257768735e+70 4.4278417481844976e+70

Equation: (x0 ^ x2) * x1
Residuals:
2.0140273599734898e+68 2.439595637743406e+68 3.121082340822626e+68 4.1376965569547695e+68 5.846060429578145e+68 7.003968468073353e+68 1.3054021642673444e+69 2.388309517908228e+69 4.499788144661469e+69 4.824127881306373e+69 7.608423869219522e+69 1.6303514667454067e+70 1.7286932955781242e+70 2.3647233554400366e+70 4.5441604235291613e+70 8.972222784048869e+70 1.6882757767863145e+71 4.2410382025258203e+71 5.363979724338384e+71 8.084129532771112e+71

Equation: 1500.1658887914532 - x1
Residuals:
121904280.08889298 123192275.10713993 123525349.83992511 126322421.12327455 127924130.75719008 128201184.0576739 131763770.1950431 132349990.88130757 133654958.31700927 135688718.13576773 136008668.55601555 136075115.7296426 136321572.87746587 142388056.03000975 144333304.26580223 146650909.96677205 149182762.05276948 150346057.2437792 150619917.52893707 152303322.321991

Equation: sin(x2) - -1496.9504897970608
Residuals:
121904242.43312111 123192237.45098935 123525312.10969892 126322383.3986511 127924092.47703579 128201145.74540946 131763731.78563969 132349952.44918062 133654919.86400124 135688679.5013201 136008629.95527172 136075077.16233835 136321534.29705945 142388017.33756953 144333265.55839947 146650871.24500772 149182723.29675415 150346018.2895608 150619878.5455666 152303283.1635472

Equation: (x4 - x4) - -1496.3039762915867
Residuals:
121904242.64710747 123192237.62218215 123525312.23250152 126322383.4882895 127924092.4986667 128201145.75764726 131763731.76048058 132349952.32977194 133654919.66042502 135688679.2915465 136008629.69250327 136075076.83899435 136321533.97322866 142388017.00744677 144333265.2078981 146650870.89558133 149182722.97326088 150346018.050387 150619878.32086903 152303282.99177906

Equation: 1496.2505866329582 + (0.01342293964499924 * x4)
Residuals:
121904242.14732835 123192237.12124561 123525311.73127589 126322382.9848895 127924091.99348399 128201145.25238992 131763731.25212906 132349951.82052292 133654919.15012263 135688678.77952772 136008629.18039808 136075076.32662863 136321533.46062037 142388016.49022266 144333264.68868417 146650870.37452844 149182722.45024723 150346017.52651858 150619877.79672262 152303282.4663562

Equation: ((x4 * 1.0134229395699457) - x4) - -1496.2505866332383
Residuals:
121904242.14732835 123192237.12124561 123525311.73127589 126322382.9848895 127924091.993484 128201145.25238992 131763731.25212906 132349951.82052292 133654919.15012263 135688678.77952775 136008629.18039808 136075076.32662863 136321533.46062037 142388016.49022266 144333264.68868417 146650870.37452844 149182722.45024726 150346017.52651858 150619877.79672262 152303282.4663562

Equation: (((x4 - -0.08500250623184857) - x4) * (cos(x4) / x3)) - -1496.3159386516702
Residuals:
121904242.63706797 123192237.61206852 123525312.22236644 126322383.47797339 127924092.48817112 128201145.747143 131763731.74960718 132349952.31877974 133654919.64928812 135688679.2801647 136008629.68110707 136075076.82755926 136321533.9617579 142388016.9952851 144333265.19544324 146650870.88286906 149182722.96029225 150346018.03731608 150619878.3077691 152303282.97853455

Equation: x0
Residuals:
243825088.03600368 249885513.48303357 250310035.09896025 252841705.54020143 257305068.04662156 264877221.58828843 267884840.61342055 271169449.99844575 274414020.4688158 275378402.7898806 276017510.3212786 278979410.33461934 279635549.0371042 280462379.5608502 284576396.34350103 285243368.14642334 285758649.61504364 294221625.7337234 294762485.50789577 295400311.6594912

Equation: x4 ^ x4
Residuals:
2.2928266139351718e+79 7.34206289086003e+79 7.34247642320725e+79 1.1817055489195803e+80 3.039459046445739e+80 1.102878989952407e+81 2.081225082866531e+81 3.4269955498035667e+81 6.336803341905718e+81 7.812562923129101e+81 8.149659899537922e+81 1.2870199885436126e+82 1.465784909106183e+82 1.6999918453398935e+82 3.4103661290721996e+82 4.134730764539732e+82 4.6038873833895736e+82 1.739777570649981e+83 2.128298734142877e+83 2.3907207866518232e+83

Equation: (x0 ^ x4) * x3
Residuals:
1.0650708889793724e+81 2.869975330726048e+81 2.919266432862676e+81 4.331734843392644e+81 1.1970912140153371e+82 3.6809881915385924e+82 6.284760661409399e+82 9.592219811209925e+82 1.712203784727638e+83 2.389314507478311e+83 2.5103772129428625e+83 4.5395950736186656e+83 6.060477255454859e+83 7.138566913791644e+83 1.634279603148708e+84 1.973616170264159e+84 2.5930349688462807e+84 8.557001341192473e+84 1.0352331180425972e+85 1.2042825960588058e+85

Equation: x1 / 0.0026927308361200442
Residuals:
243807519.1536715 249867938.29846266 250292449.20702302 252824075.78524038 257287418.70115227 264859559.2751456 267867129.18355966 271151682.4315833 274396238.1182515 275360584.3591306 275999675.9814205 278961449.5736115 279617549.7464134 280444376.7788324 284558380.1725368 285225337.29877585 285740615.37238836 294203415.8154198 294744250.8631857 295382043.4146086

Equation: (1417.2067422685677 + x2) - x2
Residuals:
243823718.17306745 249884143.68625203 250308665.31766102 252840335.77521813 257303698.5449088 264875852.18339273 267883471.23893946 271168080.65033126 274412651.20813584 275377033.69342875 276016141.2338215 278978041.47309583 279634180.3587117 280461010.9255076 284575027.9822472 285241999.81741977 285757281.4720816 294220257.72459364 294761117.52812785 295398943.7376912

Equation: (x1 + 1415.2852488952815) - cos(x1)
Residuals:
243823671.70704266 249884097.20848027 250308618.82073808 252840289.2079635 257303651.94995075 264875805.57155505 267883424.5727634 271168033.9383865 274412604.4867073 275376986.95302004 276016094.4867837 278977994.701254 279634133.58566993 280460964.1524255 284574981.20907587 285241953.04422724 285757234.69888884 294220210.9340477 294761070.72923315 295398896.9237408

Equation: (x3 - -35459.516398349246) / 24.977001514335324
Residuals:
243823713.79138312 249884139.3024337 250308660.931098 252840331.3873853 257303694.15269434 264875847.7851378 267883466.8395542 271168076.2495097 274412646.800251 275377029.28319436 276016136.8103462 278978037.04567707 279634175.9281767 280461006.4896227 284575023.54597 285241995.37485814 285757277.02636635 294220253.27464277 294761113.07679147 295398939.2848466

Equation: (x3 + (50085.2779149944 + x4)) / 35.28075371339291
Residuals:
243823713.0705158 249884138.57540262 250308660.20486817 252840330.65875328 257303693.41984022 264875847.04654944 267883466.09760445 271168075.5050817 274412646.0543161 275377028.5367303 276016136.0675039 278978036.3013347 279634175.1839898 280461005.7461383 284575022.79856277 285241994.6281698 285757276.279976 294220252.5217884 294761112.3231749 295398938.5309976

Equation: (58976.22367514993 - -34284.21778030187) / 65.6835879337737
Residuals:
243823715.53591278 249884141.04909736 250308662.68050635 252840333.13806346 257303695.90775412 264875849.54623806 267883468.6017848 271168078.0131766 274412648.5709812 275377031.0562741 276016138.5966669 278978038.8359412 279634177.7215571 280461008.28835297 284575025.34509254 285241997.1802651 285757278.83492696 294220255.087439 294761114.8909732 295398941.1005366

Equation: 1419.840456754613 - ((0.025429788265386093 / x1) * sin(sin(x1)))
Residuals:
243823715.53919104 249884141.05236736 250308662.68376273 252840333.1412673 257303695.91093606 264875849.5494063 267883468.60490656 271168078.0162554 274412648.57405037 275377031.0593229 276016138.59970796 278978038.8389459 279634177.72455823 280461008.291354 284575025.34809315 285241997.1832658 285757278.8379277 294220255.09047705 294761114.8940225 295398941.10360396

Equation: (cos(x4) + (42123.607355309665 - -31156.284596562113)) / 51.61081881246959
Residuals:
243823715.54337177 249884141.05491745 250308662.68632635 252840333.14292458 257303695.91026413 264875849.54472592 267883468.59802157 271168078.0075543 274412648.5629885 275377031.0474604 276016138.58768684 278978038.8251543 279634177.7102544 280461008.2764625 284575025.33045805 285241997.16488117 285757278.81912744 294220255.06674176 294761114.86958534 295398941.07875806

Equation: x2
Residuals:
50485262.51319009 50696970.36374825 50852584.3103952 52704871.07523677 52780642.51931974 52802724.68206055 53803856.28502749 54444066.102691405 55024557.07901348 55136932.97348504 59323121.17751879 60144108.212383635 60265048.941676594 60544909.87413076 61766674.651626535 62625971.096733876 63749711.44653763 64452839.22984356 65011286.63258107 65780206.9570509

Equation: x2 ^ x2
Residuals:
6.011823695471835e+53 2.2343908546985393e+54 4.773671621820847e+54 5.537509136221781e+54 1.1321840587453292e+55 1.415717322448606e+55 1.5593326278576665e+55 1.815208210849335e+55 5.748157921722433e+55 5.892813015704452e+55 9.267907402867068e+55 9.347744800384766e+55 1.0163417683518337e+56 1.0360497766160832e+56 1.1767455892402055e+56 2.070085752128414e+56 3.134081699351137e+56 4.847277388682301e+56 6.123746761315998e+56 7.935047205189169e+56

Equation: x2 + (x2 ^ x2)
Residuals:
6.011823695471835e+53 2.2343908546985393e+54 4.773671621820847e+54 5.537509136221781e+54 1.1321840587453292e+55 1.415717322448606e+55 1.5593326278576665e+55 1.815208210849335e+55 5.748157921722433e+55 5.892813015704452e+55 9.267907402867068e+55 9.347744800384766e+55 1.0163417683518337e+56 1.0360497766160832e+56 1.1767455892402055e+56 2.070085752128414e+56 3.134081699351137e+56 4.847277388682301e+56 6.123746761315998e+56 7.935047205189169e+56

Equation: x0 ^ (x2 - cos(x1))
Residuals:
1.4148504387484562e+55 4.5757946850835123e+55 8.629686526284435e+55 1.1315462713151977e+56 1.8164902106321677e+56 2.1309850219991635e+56 2.226179293853429e+56 1.5196624356833655e+56 4.5899390096440075e+56 6.422535526942653e+56 3.950586018666527e+56 3.6883192360981185e+56 3.21156701427863e+56 3.212615430010135e+56 2.4000055153010067e+56 1.5122688175646022e+56 1.3420872306493118e+56 1.8049183066448234e+56 1.900341374685854e+56 2.2377019904700595e+56

Equation: 970.6843968547661 - sin(x2)
Residuals:
50484326.39122037 50696034.271788366 50851648.25566723 52703935.02991245 52779706.53027125 52801788.71457051 53802920.327475645 54443130.161538266 55023621.29455281 55135997.19305622 59322185.475544795 60143172.511987805 60264113.25685396 60543974.19292953 61765738.99487428 62625035.55764721 63748776.00343556 64451903.896351784 65010351.36146406 65779271.75797946

Equation: 1513.894279649714 - (x3 * x3)
Residuals:
50484976.93619599 50696693.453355424 50852311.69507179 52704604.968079425 52780385.21730549 52802478.87157931 53803611.23866031 54443821.75135883 55024313.868878804 55136695.58246486 59322890.354899585 60143887.38386937 60264840.73394045 60544717.78148434 61766486.52032623 62625783.52503701 63749535.46438368 64452677.10006185 65011127.60082962 65780051.91147924

Equation: 1234.5725500560268 - -263.16164030181227
Residuals:
50483799.6458161 50695507.78454909 50851121.89759795 52703408.69495446 52779180.29561544 52801262.50725396 53802394.13135654 54442603.98225174 55023095.21045621 55135471.11035458 59321659.413230024 60142646.44996657 60263587.19751392 60543448.13415842 61765212.93943442 62624509.50771171 63748249.94789788 64451377.82618262 65009825.27981034 65778745.660672896

Equation: 1497.7332609108728 - (x0 * -0.0002338566368129053)
Residuals:
50483799.63868034 50695507.77737865 50851121.89041061 52703408.68773219 52779180.28838726 52801262.50001974 53802394.12412195 54442603.975016646 55023095.20316492 55135471.102973126 59321659.40584709 60142646.44254278 60263587.190064445 60543448.12670468 61765212.93197227 62624509.50024882 63748249.940402314 64451377.81866982 65009825.27227794 65778745.65313095

Equation: ((x3 - -1.9776026952202802e6) - x2) / 1320.3962819234184
Residuals:
50483799.6460293 50695507.784888856 50851121.89801869 52703408.6953293 52779180.29601498 52801262.50756682 53802394.13167739 54442603.98259062 55023095.21097627 55135471.11081617 59321659.41369702 60142646.45032805 60263587.197754964 60543448.134231955 61765212.93948749 62624509.50785346 63748249.947987124 64451377.82619978 65009825.27983425 65778745.660698555

Equation: (1234.5986332124276 + (-0.20202745816927076 / x4)) - -263.1877117477229
Residuals:
50483799.59951724 50695507.73824646 50851121.85129463 52703408.648606196 52779180.24926693 52801262.46090398 53802394.08498051 54442603.93586158 55023095.16405397 55135471.063952275 59321659.36673848 60142646.403461315 60263587.15100549 60543448.08764703 61765212.89289675 62624509.46115913 63748249.90132296 64451377.77959438 65009825.23321273 65778745.61406312

Equation: ((0.013921924607758512 * x4) + 1498.4983752593994) - cos(cos(cos(-60.10742121786132)))
Residuals:
50483799.2207382 50695507.35916291 50851121.472154275 52703408.26578993 52779179.866430454 52801262.07794655 53802393.699864954 54442603.54956647 55023094.77674671 55135470.67663933 59321658.97181037 60142646.00734102 60263586.754608296 60543447.69099178 61765212.49393586 62624509.06088061 63748249.499056056 64451377.376134545 65009824.82891074 65778745.20866291

Equation: ((0.02064461583938214 * cos(x4)) + 309.30230323570066) - (5.337243346080159 * -222.66990385764686)
Residuals:
50483799.65485189 50695507.79360574 50851121.90665738 52703408.703447334 52779180.30410117 52801262.51569606 53802394.138763934 54442603.98889451 55023095.21633596 55135471.11622977 59321659.41070315 60142646.4458005 60263587.19295873 60543448.12923803 61765212.93116281 62624509.49747741 63748249.93468459 64451377.811194606 65009825.26358413 65778745.64285892

Equation: (415.63577543835254 - (-136.83698907964376 * 7.908022515071903)) - (sin(65.99409181257923) * cos(x4))
Residuals:
50483799.65485189 50695507.793605745 50851121.90665738 52703408.703447334 52779180.30410118 52801262.51569607 53802394.13876394 54442603.98889451 55023095.21633596 55135471.11622977 59321659.410703145 60142646.4458005 60263587.19295873 60543448.12923803 61765212.93116281 62624509.49747741 63748249.93468458 64451377.8111946 65009825.26358413 65778745.64285892

