Equation: x1
Residual Differences:
-1750861.2372415224 -1755417.1885753209 -1803556.7937540584 -1979787.7637912591 -1988165.2493372078 -2001178.382779658 -2149644.2285458134 -2160688.0991488644 -2208973.0909057744 -2253048.258368809 -2302745.884768162 -2354942.079607524 -2368015.0578475017 -2403990.787724927 -2500904.3258364517 -2558482.624757827 -2595177.826242683 -2696285.8184878747 -2728234.433480398 -2740640.1605101647

Equation: x4 ^ x1
Residual Differences:
-2.7386996428381854e+21 -3.048972610719802e+21 -4.100404519194814e+21 -1.03572580137802e+22 -1.3252786155840273e+22 -2.0720700840583476e+22 -4.061087827846997e+22 -9.62340435776878e+22 -1.1602288570897702e+23 -1.7648627047111384e+23 -2.6094722633970553e+23 -3.728041969768903e+23 -4.035119110959749e+23 -4.636564433202445e+23 -5.969208523234558e+23 -8.313199240733638e+23 -9.813112617770347e+23 -1.446610180798292e+24 -1.73619186176552e+24 -3.692637148827055e+24

Equation: x4 * (x1 ^ x3)
Residual Differences:
-3.7003680735347553e+22 -7.3144537603700565e+22 -9.407465100336636e+22 -1.476244063133272e+23 -2.6154151748769628e+23 -3.3607159629399634e+23 -4.015440897726905e+23 -8.392309193468181e+23 -1.4544220047527885e+24 -1.7764501056276878e+24 -3.6147985443414917e+24 -5.845963489061242e+24 -6.106550404864951e+24 -9.032106388231848e+24 -1.0526997016059005e+25 -1.3911327184976529e+25 -1.8037737242144418e+25 -2.252377775840247e+25 -2.411043487084233e+25 -4.7079593201067764e+25

Equation: x4 - -1536.0543772077333
Residual Differences:
-1749085.3670021738 -1753696.4357714816 -1801874.4051586138 -1978481.0921338403 -1986871.5661121034 -2000083.0766121228 -2148672.0991312657 -2159788.492115129 -2208104.7107435158 -2252424.7555427733 -2302578.5283092293 -2354942.052436347 -2368015.073775496 -2403990.6979506747 -2500904.213845855 -2558482.392498778 -2595177.5690844636 -2696285.5590897673 -2728234.0801250357 -2740640.123388833

Equation: cos(x3) - -1540.6195702317407
Residual Differences:
-1749097.8324885422 -1753708.799737475 -1801886.868980913 -1978493.9240253165 -1986884.306608362 -2000095.9457877257 -2148685.262012469 -2159801.5510850823 -2208117.8017272907 -2252437.8879870796 -2302591.7529456695 -2354955.0602929667 -2368028.0361147188 -2404003.6700558653 -2500917.3121270984 -2558495.6356540592 -2595190.882208519 -2696299.0181206637 -2728247.5290097003 -2740653.664913383

Equation: (x3 / x3) - -1539.0505272076966
Residual Differences:
-1749097.9381359047 -1753709.1268316885 -1801887.264079303 -1978494.4042818502 -1986884.9652230209 -2000096.6931509175 -2148686.06746139 -2159802.5137142367 -2208118.919197606 -2252439.1383950952 -2302593.1389844366 -2354956.517918208 -2368029.430538121 -2404005.024926832 -2500918.5582964984 -2558496.784657716 -2595191.9181874176 -2696299.9451761306 -2728248.436502509 -2740654.385615519

Equation: (0.01623453570080852 / x3) - -1540.046317305051
Residual Differences:
-1749097.940267612 -1753709.1292014744 -1801887.266569315 -1978494.4069104376 -1986884.967990018 -2000096.6961209017 -2148686.07056438 -2159802.5168969855 -2208118.9224536847 -2252439.1418332392 -2302593.1424702816 -2354956.5209290916 -2368029.433480741 -2404005.027806426 -2500918.561075775 -2558496.7873536334 -2595191.9207969657 -2696299.9477089453 -2728248.4390219506 -2740654.3880226472

Equation: 1540.0730666415325 - (x2 / (43.92361270047381 * x4))
Residual Differences:
-1749097.9383881416 -1753709.1270491963 -1801887.2648085135 -1978494.40415748 -1986884.9656591911 -2000096.6935331533 -2148686.067257233 -2159802.514457597 -2208118.9194034375 -2252439.138888226 -2302593.1391353374 -2354956.5175426346 -2368029.430593637 -2404005.0249974183 -2500918.5579468436 -2558496.7840153924 -2595191.9177850047 -2696299.9447150715 -2728248.436135173 -2740654.385478561

Equation: ((x3 / x3) + (-0.2016531924690498 / x4)) - -1539.1022263324744
Residual Differences:
-1749097.911478873 -1753709.0980679335 -1801887.234468493 -1978494.3717961868 -1986884.9315994866 -2000096.6572020114 -2148686.03024078 -2159802.475743159 -2208118.879296046 -2252439.0976036955 -2302593.0958826626 -2354956.480180761 -2368029.394352284 -2404004.9897966064 -2500918.5240272344 -2558496.750847761 -2595191.885275626 -2696299.913488264 -2728248.4055039017 -2740654.355435717

Equation: ((x3 / x3) + sin(-0.20165320646408663 / x4)) - -1539.1022263360624
Residual Differences:
-1749097.911432433 -1753709.0980258044 -1801887.2344278693 -1978494.3717605579 -1986884.9315658207 -2000096.6571720985 -2148686.030212585 -2159802.475716087 -2208118.87927169 -2252439.097580459 -2302593.0958623434 -2354956.480199639 -2368029.394369372 -2404004.989812513 -2500918.5240421924 -2558496.750862207 -2595191.885289175 -2696299.913500602 -2728248.405515611 -2740654.355446734

Equation: ((-0.06104962015398297 / x3) + (-0.2233193180857314 / x4)) - -1540.1236122641862
Residual Differences:
-1749097.9005985362 -1753709.0860659557 -1801887.2219233972 -1978494.3584210991 -1986884.9175816567 -2000096.6421710094 -2148686.014572978 -2159802.4596947916 -2208118.862764508 -2252439.080291899 -2302593.0781432544 -2354956.4648037916 -2368029.3793987287 -2404004.975193475 -2500918.509893849 -2558496.7370771957 -2595191.871926351 -2696299.900559046 -2728248.392699025 -2740654.3431411684

Equation: ((0.008612693504231418 * x4) + 1540.0315757713536) - (0.22980527055946218 / (x2 * x4))
Residual Differences:
-1749097.8237157066 -1753709.010145886 -1801887.1448709143 -1978494.2800113214 -1986884.8389847567 -2000096.5635642032 -2148685.934342612 -2159802.379039349 -2208118.7821335783 -2252438.9990877677 -2302592.9967478365 -2354956.3807248324 -2368029.2948662858 -2404004.8900401313 -2500918.423919711 -2558496.6502496763 -2595191.784472221 -2696299.8117376417 -2728248.303730962 -2740654.2541105873

Equation: x0
Residual Differences:
-450173769.8456951 -451479853.57352453 -464434105.71342987 -465966017.56995624 -472044114.5771476 -473294244.29625565 -473967815.5651822 -483478955.1817671 -486767082.5010755 -488829407.4446917 -498332085.74475265 -501876169.5406673 -505460559.563548 -507884011.7691154 -509282160.72070044 -512472327.3444463 -517546684.3999551 -530786943.1662913 -534432779.7501493 -534748185.4704504

Equation: x2 ^ x2
Residual Differences:
-3.673312878537987e+93 -5.622338227825127e+93 -1.0315349970209789e+94 -1.5565223158736752e+94 -1.7630598671686033e+94 -2.5729779038583142e+94 -3.2060731655865446e+94 -6.927692559147857e+94 -2.2657774659789894e+95 -2.9460582382836154e+95 -3.3227151878398665e+95 -4.646468726424752e+95 -7.129079662565155e+95 -9.378499685673374e+95 -1.7515878885457526e+96 -1.8496692545786437e+96 -2.6695499845843353e+96 -3.128087339335551e+96 -6.247054585519268e+96 -7.423059302683278e+96

Equation: x0 + (x3 ^ x3)
Residual Differences:
-6.076226543751692e+92 -6.301203999351031e+92 -6.77505489475298e+92 -1.098121647259626e+93 -1.3885437349085758e+94 -1.8603172491997706e+94 -1.9659126061046803e+94 -2.1184459635204964e+94 -2.2122120514574965e+94 -2.4129275719677387e+94 -5.730645790415782e+94 -6.196817070017843e+94 -1.0022716265531452e+95 -1.928572435958747e+95 -3.2698074711549405e+95 -3.355321337845852e+95 -4.325108229032502e+95 -4.8491467133790526e+95 -1.9921404560640557e+96 -4.122846130499081e+96

Equation: (x0 - cos(x2)) ^ x3
Residual Differences:
-1.3815668467890734e+93 -1.37403452376136e+93 -1.3679323458148387e+93 -2.0362991388931499e+93 -1.635314133914648e+94 -2.018194113689985e+94 -2.1895373652095273e+94 -2.2012258645056725e+94 -1.8650200942922994e+94 -2.085277458422575e+94 -4.3088453940636945e+94 -5.27697503719883e+94 -8.410906421617731e+94 -1.4368088773889587e+95 -1.9557768451300333e+95 -2.677624743946998e+95 -3.72706971109503e+95 -4.7187154619364436e+95 -1.41865640840334e+96 -2.671659732228135e+96

Equation: 1391.1749074788172 - cos(x3)
Residual Differences:
-450172367.84219044 -451478627.0819666 -464432895.0326373 -465964816.8506876 -472043309.26721376 -473293452.31202936 -473967048.41643476 -483478287.5848722 -486766728.877769 -488829371.18634975 -498332136.10009354 -501876219.9411938 -505460610.0767449 -507884062.21302134 -509282211.0576364 -512472377.8079794 -517546734.9734604 -530786993.6882103 -534432830.4430116 -534748236.24776745

Equation: 1.849430778784291e6 * 0.0007549813178441614
Residual Differences:
-450172359.58845156 -451478618.8301475 -464432886.76806605 -465964808.5403144 -472043300.6573415 -473293443.6265372 -473967039.651268 -483478278.75022507 -486766719.9997523 -488829362.2137429 -498332135.86324126 -501876219.821793 -505460609.9115191 -507884062.0299089 -509282210.90770626 -512472377.7037832 -517546734.88623583 -530786993.73832774 -534432830.3015927 -534748236.0171805

Equation: (cos(x4) / (x3 ^ x4)) + 1396.2908038971427
Residual Differences:
-450172359.61051935 -451478618.847833 -464432886.77848357 -465964808.546791 -472043300.66164696 -473293443.62712663 -473967039.64840615 -483478278.7455425 -486766719.9939061 -488829362.2063628 -498332135.86086357 -501876219.8205325 -505460609.9106367 -507884062.02933604 -509282210.90743804 -512472377.7036193 -517546734.8861584 -530786993.73835844 -534432830.30166024 -534748236.01726

Equation: ((x4 + 50440.590119538225) / 2.9505563846262866e6) * (81670.94097849927 + sin(x4))
Residual Differences:
-450172358.2182047 -451478617.45898485 -464432885.39191943 -465964807.162743 -472043299.2769537 -473293442.24440366 -473967038.2673448 -483478277.3614364 -486766718.6082176 -488829360.8192362 -498332134.4641257 -501876218.42394555 -505460608.5133448 -507884060.6318963 -509282209.51143795 -512472376.307434 -517546733.4881887 -530786992.3352505 -534432828.89902395 -534748234.6154396

Equation: (-0.9789337033326957 * cos(x4)) + (cos(x4) - (-740.8035512181063 - 655.492950233608))
Residual Differences:
-450172359.60861325 -451478618.85025257 -464432886.78584594 -465964808.5574081 -472043300.6722597 -473293443.64030087 -473967039.6636283 -483478278.75803787 -486766720.00498533 -488829362.2161518 -498332135.8559311 -501876219.81585765 -505460609.9054943 -507884062.0242042 -509282210.90365624 -512472377.69980985 -517546734.8812225 -530786993.73077756 -534432830.29480225 -534748236.0110633

Equation: (((39823.4258027292 + 26888.71783096072) + cos(x4)) / 3.5354197905761604e6) * 73997.04915668847
Residual Differences:
-450172359.6041078 -451478618.8457475 -464432886.78135586 -465964808.5529225 -472043300.66778815 -473293443.6358368 -473967039.6591732 -483478278.75361216 -486766720.0005764 -488829362.211761 -498332135.8559783 -501876219.81589603 -505460609.9055332 -507884062.02424103 -509282210.9036824 -512472377.69983554 -517546734.88125485 -530786993.7308264 -534432830.2948461 -534748236.0111028

Equation: sin(0.018842025332663614 * cos(x4)) + (cos(x4 - x4) - (-740.3039647097945 - 654.9933637253014))
Residual Differences:
-450172359.6025446 -451478618.8441899 -464432886.78002906 -465964808.5516638 -472043300.6667453 -473293443.6349086 -473967039.6583843 -483478278.75327444 -486766720.0004944 -488829362.21195924 -498332135.8567032 -501876219.8164845 -505460609.9061305 -507884062.02480656 -509282210.90408385 -512472377.70022935 -517546734.88175184 -530786993.7315749 -534432830.29551935 -534748236.0117093

Equation: x3
Residual Differences:
-514835.8477944127 -552989.4924188438 -553022.9540450423 -561688.1296025112 -612003.5217493287 -627040.9974210473 -660400.1344603979 -662426.1644738326 -743503.1710326091 -760360.6932308516 -810352.9743356432 -858575.9024583518 -859763.458293869 -862645.8192113672 -879690.9469393685 -883513.8337610357 -888698.7461763376 -928756.8515922664 -972526.8265111161 -979103.7743916499

Equation: x3 ^ x3
Residual Differences:
-3275674695152611.0 -3600591906357937.0 -4630797419516885.0 -1.1983677184004954e+16 -2.175503398293711e+16 -2.3321439691436516e+16 -4.061016418206018e+16 -5.069195906640697e+16 -5.630874619150184e+16 -5.715674607601712e+16 -7.009868958143893e+16 -8.951203516430491e+16 -1.2264486566657365e+17 -1.4020197838591243e+17 -1.5426741841990605e+17 -3.037875306684881e+17 -4.1207646166029203e+17 -1.4367863325802752e+18 -1.7068149407264804e+18 -4.335227126255489e+18

Equation: (x3 ^ x0) * x1
Residual Differences:
-4.120602386111293e+16 -4.490426470456364e+16 -7.609748234006902e+16 -1.0500294517750242e+17 -3.1608556489442906e+17 -3.2562491855306925e+17 -5.076154118686031e+17 -6.335779520931567e+17 -7.342286473228049e+17 -1.1478050670646744e+18 -1.8198223051790582e+18 -2.2566525281524974e+18 -2.601547522444987e+18 -3.9531816890010214e+18 -5.921308065812336e+18 -7.496490360525785e+18 -1.167193541919499e+19 -1.9715152296070705e+19 -2.795040888209614e+19 -4.074210183871652e+19

Equation: x0 - -1549.6901968255277
Residual Differences:
-512892.067500012 -551055.9792958779 -551252.0642973696 -559957.380890765 -610354.3435144174 -625606.1567756283 -659621.6393557399 -661899.1233515111 -743308.3151544568 -760172.9452768555 -810264.531683197 -858575.6939753828 -859763.2745235132 -862645.5406505602 -879690.5591204361 -883513.6972517112 -888698.5554148253 -928756.8816305741 -972526.8602290984 -979104.0087440284

Equation: sin(x2) - -1554.265868730633
Residual Differences:
-512898.6095923297 -551062.6011775288 -551259.121394924 -559964.636126124 -610362.1546691448 -625614.1942204795 -659629.9778164397 -661907.692800921 -743317.2584250009 -760182.2619673304 -810274.3356691703 -858584.9216096726 -859772.3825675575 -862654.7810650574 -879699.7928910757 -883522.8061460903 -888707.7547422473 -928766.1908654099 -972536.1779386998 -979113.3471725918

Equation: (x4 - x4) - -1553.656121825557
Residual Differences:
-512900.8134640529 -551064.8360453387 -551261.2098990498 -559966.6233070637 -610364.0735873027 -625616.0057931377 -659631.6930249063 -661909.2925230865 -743318.6182202629 -760183.4883909394 -810275.3809730111 -858586.3238309452 -859773.814298203 -862656.1568121603 -879701.220061719 -883524.1837640184 -888709.1092858741 -928767.4582155304 -972537.3905981568 -979114.4620017783

Equation: (x4 / 135.40396298163185) - -1553.6264892426511
Residual Differences:
-512900.7493170327 -551064.7703637974 -551261.142647795 -559966.5553839203 -610364.0034041837 -625615.9335700219 -659631.6188616173 -661909.2174590717 -743318.5398354096 -760183.4093184964 -810275.2991689785 -858586.2423182039 -859773.7331031096 -862656.0768905842 -879701.1399505532 -883524.1046586728 -888709.0306598151 -928767.3789015 -972537.3109115356 -979114.3828882793

Equation: (x4 / (x3 + (71.41616772308204 + x4))) - -1553.6056475644664
Residual Differences:
-512900.736773965 -551064.7573896478 -551261.1290134504 -559966.5416920752 -610363.9891866843 -625615.9187106295 -659631.6036361798 -661909.2018343424 -743318.5235714869 -760183.3927991777 -810275.2818342176 -858586.2257245472 -859773.716876017 -862656.0614683932 -879701.1245109625 -883524.0901266288 -888709.0165107998 -928767.365301839 -972537.2976060458 -979114.3702326071

Equation: ((x4 + x4) / (144.34931179653202 + sin(x4))) - -1553.6001805618223
Residual Differences:
-512900.6950129261 -551064.7147804864 -551261.085672974 -559966.4977928805 -610363.9438464608 -625615.87220382 -659631.5557364583 -661909.1535018948 -743318.4727466668 -760183.3415810143 -810275.2287946169 -858586.1719847115 -859773.663021746 -862656.0079618841 -879701.0708140598 -883524.036391454 -888708.9628109006 -928767.3102462586 -972537.2417188053 -979114.3141792793

Equation: (sin(x4 / 219.54803661736938) * 3.085684994276629) - -1553.5996520972765
Residual Differences:
-512900.6916677314 -551064.7113327397 -551261.082201175 -559966.4943307649 -610363.9403154505 -625615.8686443265 -659631.5521889401 -661909.1499732838 -743318.4693626667 -760183.3382259868 -810275.2256166856 -858586.1688731883 -859773.6599461436 -862656.0048834289 -879701.0677733431 -883524.0333904534 -888708.9598245057 -928767.3074500561 -972537.2391285965 -979114.3116230881

Equation: x3
Residual Differences:
-19521548.291995764 -20070380.23106367 -20410053.284081515 -20609403.62547514 -20635883.689496934 -20779993.954344284 -20786068.39322727 -20928609.384510852 -20988667.959690433 -21195798.138904825 -21278461.506383777 -22665775.794258766 -22889663.559091017 -22896559.38305589 -23838652.394809354 -24220629.00730027 -24995001.428795103 -25019920.330562226 -25045447.718501292 -25574377.55567615

Equation: x2 ^ x2
Residual Differences:
-2.0214854727620888e+41 -2.6511681811089244e+41 -2.701576652404463e+41 -4.661500355326159e+41 -6.8274603588048455e+41 -6.995211209468782e+41 -1.9903744521963027e+42 -2.3113847697002753e+42 -5.495716267366652e+42 -1.0358959276407777e+43 -2.7203647062297814e+43 -2.783296196637353e+43 -4.363429893791055e+43 -6.613447614016733e+43 -7.916272683309293e+43 -1.0842854950689074e+44 -1.956851633317489e+44 -2.311787316195162e+44 -6.708385199038249e+44 -7.84350737585564e+44

Equation: x4 + (x2 ^ x2)
Residual Differences:
-2.0214854727620888e+41 -2.6511681811089244e+41 -2.701576652404463e+41 -4.661500355326159e+41 -6.8274603588048455e+41 -6.995211209468782e+41 -1.9903744521963027e+42 -2.3113847697002753e+42 -5.495716267366652e+42 -1.0358959276407777e+43 -2.7203647062297814e+43 -2.783296196637353e+43 -4.363429893791055e+43 -6.613447614016733e+43 -7.916272683309293e+43 -1.0842854950689074e+44 -1.956851633317489e+44 -2.311787316195162e+44 -6.708385199038249e+44 -7.84350737585564e+44

Equation: 1420.542879700665 + x4
Residual Differences:
-19519729.937711455 -20068716.12070875 -20408784.171705283 -20608235.009803027 -20634948.08704209 -20779142.968688183 -20785562.20267269 -20928165.38526358 -20988507.21238353 -21195798.489857886 -21278461.826488625 -22665775.716303974 -22889663.777975034 -22896559.718197446 -23838652.74451868 -24220629.229154278 -24995001.506376375 -25019920.495765816 -25045448.02644648 -25574377.74385524

Equation: 1425.0817335517013 + cos(x4)
Residual Differences:
-19519754.375807796 -20068740.781992376 -20408808.98296626 -20608259.9537923 -20634973.119170796 -20779168.05845258 -20785587.351046603 -20928190.597826097 -20988532.468818463 -21195823.583194014 -21278486.921432648 -22665800.868458178 -22889688.91898472 -22896584.846994758 -23838677.87841727 -24220654.362323012 -24995026.63941727 -25019945.629184138 -25045473.15952333 -25574402.878477633

Equation: x4 + (1424.4885797006648 - x4)
Residual Differences:
-19519753.579744726 -20068740.03867243 -20408808.289925586 -20608259.303261567 -20634972.514735654 -20779167.493350975 -20785586.839586277 -20928190.166923143 -20988532.111378808 -21195823.49663238 -21278486.827599727 -22665800.998011578 -22889688.99651013 -22896584.789664008 -23838677.942643147 -24220654.46321105 -24995026.79328962 -25019945.719192944 -25045473.188586958 -25574402.944751125

Equation: cos(cos(x4) / x4) + 1423.5086971766893
Residual Differences:
-19519753.592127528 -20068740.048668705 -20408808.296511088 -20608259.304085277 -20634972.510780092 -20779167.48550877 -20785586.827439923 -20928190.14886746 -20988532.089520447 -21195823.48223949 -21278486.81467236 -22665800.989051845 -22889688.990525093 -22896584.78702058 -23838677.941474877 -24220654.462761074 -24995026.793272253 -25019945.719088238 -25045473.188209362 -25574402.94396759

Equation: (cos(x4) / (x4 * x4)) + 1424.535631880966
Residual Differences:
-19519753.59200226 -20068740.045958277 -20408808.290881094 -20608259.29455594 -20634972.498507466 -20779167.47114055 -20785586.810774542 -20928190.128881853 -20988532.067160748 -21195823.45416051 -21278486.787749197 -22665800.965824824 -22889688.97087747 -22896584.77324843 -23838677.931994695 -24220654.456688624 -24995026.79163063 -25019945.72224262 -25045473.1941839 -25574402.952713825

Equation: (sin(cos(x4)) / (x4 * x4)) + 1424.5298178186172
Residual Differences:
-19519753.586832568 -20068740.041540455 -20408808.28764631 -20608259.293454964 -20634972.49922301 -20779167.473330427 -20785586.814571198 -20928190.13480122 -20988532.074371003 -21195823.457352992 -21278486.790497713 -22665800.967465624 -22889688.971800447 -22896584.77353077 -23838677.93207985 -24220654.456709232 -24995026.791631237 -25019945.72224048 -25045473.194166955 -25574402.95266273

Equation: 1424.5336398619365 + (cos(x4) / ((x4 * x4) - cos(x2)))
Residual Differences:
-19519753.586014524 -20068740.040810723 -20408808.286778998 -20608259.291875828 -20634972.496991787 -20779167.470478565 -20785586.81089367 -20928190.129982322 -20988532.06876801 -21195823.455938295 -21278486.789235733 -22665800.966764998 -22889688.97152354 -22896584.773533445 -23838677.932110474 -24220654.45674129 -24995026.79163495 -25019945.72224583 -25045473.194229472 -25574402.952798232

Equation: 1424.5320988182418 + (cos(x4) / ((x4 * x4) + (x0 / x2)))
Residual Differences:
-19519753.588908125 -20068740.0438092 -20408808.28986521 -20608259.29472753 -20634972.499851793 -20779167.47307538 -20785586.813433595 -20928190.13236829 -20988532.071143106 -21195823.456711415 -21278486.790121347 -22665800.967628434 -22889688.97225763 -22896584.774074197 -23838677.932498056 -24220654.456991475 -24995026.791697796 -25019945.72210796 -25045473.193951603 -25574402.952388834

Equation: cos(cos(x4) / (1.789887089373286 / 0.7408992882036676)) + 1423.5299522019614
Residual Differences:
-19519753.662995134 -20068740.11351024 -20408808.357043233 -20608259.363723643 -20634972.56808539 -20779167.540724326 -20785586.879087586 -20928190.19520443 -20988532.130043995 -21195823.507218752 -21278486.83868535 -22665800.987192243 -22889688.990863282 -22896584.79311351 -23838677.940595057 -24220654.461709123 -24995026.794437654 -25019945.721028093 -25045473.189335544 -25574402.947386052

Equation: x0
Residual Differences:
-121905213.75233585 -123192997.60383567 -123526029.02579378 -126322948.93181904 -127924609.2198456 -128201563.95923549 -131764094.05671385 -132350198.77620861 -133655157.71200699 -135688777.1284335 -136008718.28909314 -136074965.0675579 -136321381.099444 -142387363.577119 -144332567.0499305 -146650135.23343787 -149181705.20909923 -150344949.6814227 -150618435.3518164 -152301294.2818891

Equation: x3 ^ x3
Residual Differences:
-3.665617872465885e+66 -4.90140389609451e+66 -5.745658267898326e+66 -9.817851695615872e+66 -1.4177621680083382e+67 -1.55502399995118e+67 -2.3347990848823053e+67 -2.78410806961179e+67 -3.473966941243608e+67 -4.01546891093108e+67 -7.532136665214845e+67 -1.0647440193565058e+68 -1.1656859914349615e+68 -2.2171783124993433e+68 -4.118670928457571e+68 -1.4191558004522466e+69 -4.4722513653570454e+69 -1.1065956190076962e+70 -2.5863385257768735e+70 -4.4278417481844976e+70

Equation: (x0 ^ x2) * x1
Residual Differences:
-2.0140273599734898e+68 -2.439595637743406e+68 -3.121082340822626e+68 -4.1376965569547695e+68 -5.846060429578145e+68 -7.003968468073353e+68 -1.3054021642673444e+69 -2.388309517908228e+69 -4.499788144661469e+69 -4.824127881306373e+69 -7.608423869219522e+69 -1.6303514667454067e+70 -1.7286932955781242e+70 -2.3647233554400366e+70 -4.5441604235291613e+70 -8.972222784048869e+70 -1.6882757767863145e+71 -4.2410382025258203e+71 -5.363979724338384e+71 -8.084129532771112e+71

Equation: 1500.1658887914532 - x1
Residual Differences:
-121903269.9468042 -123191476.30845115 -123524594.38253632 -126321817.18728575 -127923575.61840129 -128200727.56078511 -131763369.3789543 -132349705.92871878 -133654681.85982049 -135688582.11947894 -136008541.92222676 -136075041.8762314 -136321457.78375468 -142387440.29239854 -144332643.81079102 -146650211.82086083 -149181781.73405826 -150345026.068568 -150618511.73292586 -152301370.54337978

Equation: sin(x2) - -1496.9504897970608
Residual Differences:
-121903232.40905415 -123191438.7503072 -123524556.73418052 -126321779.52142474 -127923537.41520923 -128200689.24923669 -131763331.00056277 -132349667.56615372 -133654643.43291901 -135688543.53698546 -136008503.246451 -136075003.38750687 -136321419.30187634 -142387401.81512073 -144332605.36141098 -146650173.4201758 -149181743.37193027 -150344987.6252101 -150618473.3553992 -152301332.1404485

Equation: (x4 - x4) - -1496.3039762915867
Residual Differences:
-121903233.31483118 -123191439.58020586 -123524557.39142524 -126321780.01501322 -127923537.76309042 -128200689.54907097 -131763331.13600428 -132349667.52679564 -133654643.23684873 -135688543.2227702 -136008502.87182698 -136075003.27777064 -136321419.23150495 -142387401.76202306 -144332605.3162744 -146650173.40735763 -149181743.40143716 -150344987.7394633 -150618473.46684533 -152301332.29465535

Equation: 1496.2505866329582 + (0.01342293964499924 * x4)
Residual Differences:
-121903232.82785343 -123191439.09085993 -123524556.89997543 -126321779.51943736 -127923537.26498955 -128200689.04897332 -131763330.63211447 -132349667.02056938 -133654642.72864291 -135688542.71118358 -136008502.35865593 -136075002.76755536 -136321418.72212496 -142387401.2501615 -144332604.80324182 -146650172.8935438 -149181742.88717535 -150344987.22552258 -150618472.9543877 -152301331.78238168

Equation: ((x4 * 1.0134229395699457) - x4) - -1496.2505866332383
Residual Differences:
-121903232.82785343 -123191439.09085993 -123524556.89997543 -126321779.51943736 -127923537.26498957 -128200689.04897332 -131763330.63211447 -132349667.02056938 -133654642.72864291 -135688542.7111836 -136008502.35865593 -136075002.76755536 -136321418.72212496 -142387401.2501615 -144332604.80324182 -146650172.8935438 -149181742.88717538 -150344987.22552258 -150618472.9543877 -152301331.78238168

Equation: (((x4 - -0.08500250623184857) - x4) * (cos(x4) / x3)) - -1496.3159386516702
Residual Differences:
-121903233.32015114 -123191439.58491406 -123524557.39567074 -126321780.01750863 -127923537.76426119 -128200689.54820402 -131763331.13369209 -132349667.52233076 -133654643.23114076 -135688543.2142371 -136008502.86113077 -136075003.26708716 -136321419.22248626 -142387401.7553344 -144332605.3106504 -146650173.4029418 -149181743.39890715 -150344987.73843962 -150618473.46808887 -152301332.297551

Equation: x0
Residual Differences:
-243824552.7647037 -249884968.70213357 -250309427.99056026 -252841075.14620143 -257304087.66642156 -264876209.01688844 -267883698.88622054 -271168286.6387457 -274412740.0117158 -275377049.5378806 -276016057.16957855 -278977899.8312193 -279633882.8758042 -280460679.5550502 -284574078.73620105 -285240881.62672335 -285755904.59954363 -294218708.8089234 -294759546.79549575 -295397097.14179116

Equation: x4 ^ x4
Residual Differences:
-2.2928266139351718e+79 -7.34206289086003e+79 -7.34247642320725e+79 -1.1817055489195803e+80 -3.039459046445739e+80 -1.102878989952407e+81 -2.081225082866531e+81 -3.4269955498035667e+81 -6.336803341905718e+81 -7.812562923129101e+81 -8.149659899537922e+81 -1.2870199885436126e+82 -1.465784909106183e+82 -1.6999918453398935e+82 -3.4103661290721996e+82 -4.134730764539732e+82 -4.6038873833895736e+82 -1.739777570649981e+83 -2.128298734142877e+83 -2.3907207866518232e+83

Equation: (x0 ^ x4) * x3
Residual Differences:
-1.0650708889793724e+81 -2.869975330726048e+81 -2.919266432862676e+81 -4.331734843392644e+81 -1.1970912140153371e+82 -3.6809881915385924e+82 -6.284760661409399e+82 -9.592219811209925e+82 -1.712203784727638e+83 -2.389314507478311e+83 -2.5103772129428625e+83 -4.5395950736186656e+83 -6.060477255454859e+83 -7.138566913791644e+83 -1.634279603148708e+84 -1.973616170264159e+84 -2.5930349688462807e+84 -8.557001341192473e+84 -1.0352331180425972e+85 -1.2042825960588058e+85

Equation: x1 / 0.0026927308361200442
Residual Differences:
-243806929.66619888 -249867308.3065125 -250291838.71381432 -252823464.65211648 -257287122.461396 -264859252.07089758 -267866919.3392741 -271151441.3912066 -274396109.2991141 -275360491.33020985 -275999623.4109301 -278961426.54658175 -279617474.4322767 -280444279.4175422 -284557728.8956477 -285224534.3554123 -285739605.158087 -294202260.0060029 -294743118.61431885 -295380672.8226323

Equation: (1417.2067422685677 + x2) - x2
Residual Differences:
-243822839.2930252 -249883274.43670976 -250307858.46011874 -252839552.26827586 -257303265.17436653 -264875451.07585046 -267883199.4291972 -271167830.601889 -274412518.35729355 -275376973.73268646 -276016101.27976376 -278977944.0485381 -279633927.179154 -280460723.81494987 -284574123.15468943 -285240925.94326204 -285755949.00362384 -294218753.2937359 -294759591.1649701 -295397141.5230335

Equation: (x1 + 1415.2852488952815) - cos(x1)
Residual Differences:
-243822790.71706903 -249883225.7089906 -250307809.60790026 -252839503.29256868 -257303216.10024723 -264875401.90981475 -267883150.16135308 -271167781.22363985 -274412468.9643447 -275376924.286225 -276016057.27939904 -278977900.0369243 -279633883.1850024 -280460679.8233014 -284574079.17079574 -285240881.9601943 -285755905.02132285 -294218709.2940984 -294759547.15771884 -295397097.50310487

Equation: (x3 - -35459.516398349246) / 24.977001514335324
Residual Differences:
-243822832.30980957 -249883267.44819725 -250307851.4630442 -252839545.2681819 -257303258.1628004 -264875444.05677453 -267883192.40295336 -271167823.5705655 -274412511.31358594 -275376966.68443924 -276016099.4969357 -278977942.26813245 -279633925.398779 -280460722.031463 -284574121.37480605 -285240924.16449296 -285755947.2223858 -294218751.513419 -294759589.3862984 -295397139.7492515

Equation: (x3 + (50085.2779149944 + x4)) / 35.28075371339291
Residual Differences:
-243822831.60486042 -249883266.73490152 -250307850.7478185 -252839544.5505321 -257303257.43884408 -264875443.3239474 -267883191.66541594 -271167822.8303441 -274412510.56923646 -275376965.93895024 -276016098.75476676 -278977941.5274057 -279633924.6577422 -280460721.29429305 -284574120.63604105 -285240923.4276137 -285755946.48871106 -294218750.7725537 -294759588.6467052 -295397139.0108452

Equation: (58976.22367514993 - -34284.21778030187) / 65.6835879337737
Residual Differences:
-243822834.01871586 -249883269.16240045 -250307853.18580943 -252839546.99396655 -257303259.9000572 -264875445.80154115 -267883194.15488788 -271167825.3275797 -274412513.08298427 -275376968.4583772 -276016101.2797638 -278977944.0485381 -279633927.179154 -280460723.81494987 -284574123.15468943 -285240925.94326204 -285755949.0036239 -294218753.2937359 -294759591.1649701 -295397141.5230335

Equation: 1419.840456754613 - ((0.025429788265386093 / x1) * sin(sin(x1)))
Residual Differences:
-243822834.02630773 -249883269.1688677 -250307853.191386 -252839546.99903753 -257303259.90449494 -264875445.8053093 -267883194.15819383 -271167825.3302819 -274412513.08563226 -275376968.46071345 -276016101.2838426 -278977944.05267966 -279633927.18340456 -280460723.8192101 -284574123.1589357 -285240925.9474876 -285755949.00775176 -294218753.2978315 -294759591.16892785 -295397141.5268593

Equation: (cos(x4) + (42123.607355309665 - -31156.284596562113)) / 51.61081881246959
Residual Differences:
-243822834.0340778 -249883269.17624503 -250307853.19942525 -252839547.0065643 -257303259.90961298 -264875445.8061665 -267883194.15624288 -271167825.326602 -274412513.0778582 -275376968.45183593 -276016101.2697346 -278977944.03938955 -279633927.1697591 -280460723.8073248 -284574123.1465921 -285240925.9366467 -285755948.9987089 -294218753.284456 -294759591.15699136 -295397141.51688015

Equation: x2
Residual Differences:
-50484694.27559009 -50696380.13564825 -50851894.06189521 -52704120.485336766 -52779886.31141974 -52801950.475060545 -53802962.47632749 -54442837.0682914 -55023306.86121348 -55135580.528285034 -59321443.09351879 -60142347.909983635 -60263204.04417659 -60542954.77773076 -61764577.77722654 -62623770.070733875 -63746931.14583763 -64449904.49324356 -65008339.96658107 -65776858.3989509

Equation: x2 ^ x2
Residual Differences:
-6.011823695471835e+53 -2.2343908546985393e+54 -4.773671621820847e+54 -5.537509136221781e+54 -1.1321840587453292e+55 -1.415717322448606e+55 -1.5593326278576665e+55 -1.815208210849335e+55 -5.748157921722433e+55 -5.892813015704452e+55 -9.267907402867068e+55 -9.347744800384766e+55 -1.0163417683518337e+56 -1.0360497766160832e+56 -1.1767455892402055e+56 -2.070085752128414e+56 -3.134081699351137e+56 -4.847277388682301e+56 -6.123746761315998e+56 -7.935047205189169e+56

Equation: x2 + (x2 ^ x2)
Residual Differences:
-6.011823695471835e+53 -2.2343908546985393e+54 -4.773671621820847e+54 -5.537509136221781e+54 -1.1321840587453292e+55 -1.415717322448606e+55 -1.5593326278576665e+55 -1.815208210849335e+55 -5.748157921722433e+55 -5.892813015704452e+55 -9.267907402867068e+55 -9.347744800384766e+55 -1.0163417683518337e+56 -1.0360497766160832e+56 -1.1767455892402055e+56 -2.070085752128414e+56 -3.134081699351137e+56 -4.847277388682301e+56 -6.123746761315998e+56 -7.935047205189169e+56

Equation: x0 ^ (x2 - cos(x1))
Residual Differences:
-1.4148504387484562e+55 -4.5757946850835123e+55 -8.629686526284435e+55 -1.1315462713151977e+56 -1.8164902106321677e+56 -2.1309850219991635e+56 -2.226179293853429e+56 -1.5196624356833655e+56 -4.5899390096440075e+56 -6.422535526942653e+56 -3.950586018666527e+56 -3.6883192360981185e+56 -3.21156701427863e+56 -3.212615430010135e+56 -2.4000055153010067e+56 -1.5122688175646022e+56 -1.3420872306493118e+56 -1.8049183066448234e+56 -1.900341374685854e+56 -2.2377019904700595e+56

Equation: 970.6843968547661 - sin(x2)
Residual Differences:
-50483927.085922636 -50695656.95711282 -50851370.961693056 -52703718.07788051 -52779495.20105864 -52801595.39085933 -53802846.61638669 -54442868.63114354 -55023338.55509062 -55135612.21594416 -59321474.799179025 -60142379.59182876 -60263235.669153064 -60542986.36455662 -61764609.30980367 -62623801.677998595 -63746962.76114108 -64449936.083643824 -65008371.527552 -65776889.91443461

Equation: 1513.894279649714 - (x3 * x3)
Residual Differences:
-50484043.55105538 -50695783.003499866 -50851501.90175439 -52703856.04194099 -52779643.19019308 -52801755.292088956 -53803008.20289347 -54443554.37920418 -55024069.19429796 -55136553.58025442 -59322705.34887923 -60143619.95572818 -60264487.76934074 -60544253.282037236 -61765879.111788265 -62625070.81397785 -63748243.24200964 -64451228.82455461 -65009666.93964891 -65778187.45612785

Equation: 1234.5725500560268 - -263.16164030181227
Residual Differences:
-50482873.20832574 -50694603.47565873 -50850317.6791076 -52702664.86596411 -52778442.235925086 -52800542.5399636 -53801793.86666618 -54442339.043161385 -55022851.57086585 -55135329.735964224 -59321474.97522038 -60142379.73575693 -60263235.74980428 -60542986.419748776 -61764609.33472478 -62623801.696402065 -63746962.75948824 -64449936.06437298 -65008371.5043007 -65776889.893463254

Equation: 1497.7332609108728 - (x0 * -0.0002338566368129053)
Residual Differences:
-50482873.20139894 -50694603.46868937 -50850317.672091514 -52702664.85889396 -52778442.2288303 -52800542.532830246 -53801793.859513685 -54442339.0359682 -55022851.56359419 -55135329.728594914 -59321474.967848875 -60142379.728363134 -60263235.74242474 -60542986.41238333 -61764609.32738002 -62623801.689081214 -63746962.75216214 -64449936.05704835 -65008371.49698348 -65776889.88615467

Equation: ((x3 - -1.9776026952202802e6) - x2) / 1320.3962819234184
Residual Differences:
-50482873.208527535 -50694603.47599315 -50850317.6795092 -52702664.86630125 -52778442.23627603 -52800542.54026028 -53801793.86695881 -54442339.04351294 -55022851.571347095 -55135329.73637624 -59321474.975718245 -60142379.73611899 -60263235.750014246 -60542986.41985212 -61764609.33481008 -62623801.69662604 -63746962.7595932 -64449936.064421386 -65008371.50432147 -65776889.89354985

Equation: (1234.5986332124276 + (-0.20202745816927076 / x4)) - -263.1877117477229
Residual Differences:
-50482873.177024506 -50694603.440942615 -50850317.64301922 -52702664.82821772 -52778442.19602652 -52800542.49769961 -53801793.824063204 -54442338.99809841 -55022851.52432164 -55135329.68835616 -59321474.930420734 -60142379.69268152 -60263235.70747888 -60542986.37883223 -61764609.29525032 -62623801.65781514 -63746962.721793324 -64449936.027424246 -65008371.468500994 -65776889.85813996

Equation: ((0.013921924607758512 * x4) + 1498.4983752593994) - cos(cos(cos(-60.10742121786132)))
Residual Differences:
-50482872.79660314 -50694603.06138642 -50850317.26380743 -52702664.4457458 -52778441.81398646 -52800542.115885265 -53801793.44012384 -54442338.61312545 -55022851.13832022 -55135329.30228378 -59321474.53429774 -60142379.29561644 -60263235.31029004 -60542985.98175135 -61764608.896362595 -62623801.2579812 -63746962.32040151 -64449935.625241086 -65008371.06617029 -65776889.4550355

Equation: ((0.02064461583938214 * cos(x4)) + 309.30230323570066) - (5.337243346080159 * -222.66990385764686)
Residual Differences:
-50482873.22624796 -50694603.493776344 -50850317.697137766 -52702664.88317897 -52778442.25252261 -52800542.55541402 -53801793.88089743 -54442339.054837815 -55022851.58037904 -55135329.74429194 -59321474.970829666 -60142379.732094035 -60263235.74690923 -60542986.41887533 -61764609.33328231 -62623801.694852576 -63746962.75694478 -64449936.06177606 -65008371.50319592 -65776889.891951725

Equation: (415.63577543835254 - (-136.83698907964376 * 7.908022515071903)) - (sin(65.99409181257923) * cos(x4))
Residual Differences:
-50482873.22624796 -50694603.49377635 -50850317.697137766 -52702664.88317897 -52778442.25252262 -52800542.55541403 -53801793.88089744 -54442339.054837815 -55022851.58037904 -55135329.74429194 -59321474.97082966 -60142379.732094035 -60263235.74690923 -60542986.41887533 -61764609.33328231 -62623801.694852576 -63746962.756944776 -64449936.06177605 -65008371.50319593 -65776889.891951725

Equation: x1
Residual Differences:
-1750861.2372415224 -1755417.1885753209 -1803556.7937540584 -1979787.7637912591 -1988165.2493372078 -2001178.382779658 -2149644.2285458134 -2160688.0991488644 -2208973.0909057744 -2253048.258368809 -2302745.884768162 -2354942.079607524 -2368015.0578475017 -2403990.787724927 -2500904.3258364517 -2558482.624757827 -2595177.826242683 -2696285.8184878747 -2728234.433480398 -2740640.1605101647

Equation: x4 ^ x1
Residual Differences:
-2.7386996428381854e+21 -3.048972610719802e+21 -4.100404519194814e+21 -1.03572580137802e+22 -1.3252786155840273e+22 -2.0720700840583476e+22 -4.061087827846997e+22 -9.62340435776878e+22 -1.1602288570897702e+23 -1.7648627047111384e+23 -2.6094722633970553e+23 -3.728041969768903e+23 -4.035119110959749e+23 -4.636564433202445e+23 -5.969208523234558e+23 -8.313199240733638e+23 -9.813112617770347e+23 -1.446610180798292e+24 -1.73619186176552e+24 -3.692637148827055e+24

Equation: x4 * (x1 ^ x3)
Residual Differences:
-3.7003680735347553e+22 -7.3144537603700565e+22 -9.407465100336636e+22 -1.476244063133272e+23 -2.6154151748769628e+23 -3.3607159629399634e+23 -4.015440897726905e+23 -8.392309193468181e+23 -1.4544220047527885e+24 -1.7764501056276878e+24 -3.6147985443414917e+24 -5.845963489061242e+24 -6.106550404864951e+24 -9.032106388231848e+24 -1.0526997016059005e+25 -1.3911327184976529e+25 -1.8037737242144418e+25 -2.252377775840247e+25 -2.411043487084233e+25 -4.7079593201067764e+25

Equation: x4 - -1536.0543772077333
Residual Differences:
-1749085.3670021738 -1753696.4357714816 -1801874.4051586138 -1978481.0921338403 -1986871.5661121034 -2000083.0766121228 -2148672.0991312657 -2159788.492115129 -2208104.7107435158 -2252424.7555427733 -2302578.5283092293 -2354942.052436347 -2368015.073775496 -2403990.6979506747 -2500904.213845855 -2558482.392498778 -2595177.5690844636 -2696285.5590897673 -2728234.0801250357 -2740640.123388833

Equation: cos(x3) - -1540.6195702317407
Residual Differences:
-1749097.8324885422 -1753708.799737475 -1801886.868980913 -1978493.9240253165 -1986884.306608362 -2000095.9457877257 -2148685.262012469 -2159801.5510850823 -2208117.8017272907 -2252437.8879870796 -2302591.7529456695 -2354955.0602929667 -2368028.0361147188 -2404003.6700558653 -2500917.3121270984 -2558495.6356540592 -2595190.882208519 -2696299.0181206637 -2728247.5290097003 -2740653.664913383

Equation: (x3 / x3) - -1539.0505272076966
Residual Differences:
-1749097.9381359047 -1753709.1268316885 -1801887.264079303 -1978494.4042818502 -1986884.9652230209 -2000096.6931509175 -2148686.06746139 -2159802.5137142367 -2208118.919197606 -2252439.1383950952 -2302593.1389844366 -2354956.517918208 -2368029.430538121 -2404005.024926832 -2500918.5582964984 -2558496.784657716 -2595191.9181874176 -2696299.9451761306 -2728248.436502509 -2740654.385615519

Equation: (0.01623453570080852 / x3) - -1540.046317305051
Residual Differences:
-1749097.940267612 -1753709.1292014744 -1801887.266569315 -1978494.4069104376 -1986884.967990018 -2000096.6961209017 -2148686.07056438 -2159802.5168969855 -2208118.9224536847 -2252439.1418332392 -2302593.1424702816 -2354956.5209290916 -2368029.433480741 -2404005.027806426 -2500918.561075775 -2558496.7873536334 -2595191.9207969657 -2696299.9477089453 -2728248.4390219506 -2740654.3880226472

Equation: 1540.0730666415325 - (x2 / (43.92361270047381 * x4))
Residual Differences:
-1749097.9383881416 -1753709.1270491963 -1801887.2648085135 -1978494.40415748 -1986884.9656591911 -2000096.6935331533 -2148686.067257233 -2159802.514457597 -2208118.9194034375 -2252439.138888226 -2302593.1391353374 -2354956.5175426346 -2368029.430593637 -2404005.0249974183 -2500918.5579468436 -2558496.7840153924 -2595191.9177850047 -2696299.9447150715 -2728248.436135173 -2740654.385478561

Equation: ((x3 / x3) + (-0.2016531924690498 / x4)) - -1539.1022263324744
Residual Differences:
-1749097.911478873 -1753709.0980679335 -1801887.234468493 -1978494.3717961868 -1986884.9315994866 -2000096.6572020114 -2148686.03024078 -2159802.475743159 -2208118.879296046 -2252439.0976036955 -2302593.0958826626 -2354956.480180761 -2368029.394352284 -2404004.9897966064 -2500918.5240272344 -2558496.750847761 -2595191.885275626 -2696299.913488264 -2728248.4055039017 -2740654.355435717

Equation: ((x3 / x3) + sin(-0.20165320646408663 / x4)) - -1539.1022263360624
Residual Differences:
-1749097.911432433 -1753709.0980258044 -1801887.2344278693 -1978494.3717605579 -1986884.9315658207 -2000096.6571720985 -2148686.030212585 -2159802.475716087 -2208118.87927169 -2252439.097580459 -2302593.0958623434 -2354956.480199639 -2368029.394369372 -2404004.989812513 -2500918.5240421924 -2558496.750862207 -2595191.885289175 -2696299.913500602 -2728248.405515611 -2740654.355446734

Equation: ((-0.06104962015398297 / x3) + (-0.2233193180857314 / x4)) - -1540.1236122641862
Residual Differences:
-1749097.9005985362 -1753709.0860659557 -1801887.2219233972 -1978494.3584210991 -1986884.9175816567 -2000096.6421710094 -2148686.014572978 -2159802.4596947916 -2208118.862764508 -2252439.080291899 -2302593.0781432544 -2354956.4648037916 -2368029.3793987287 -2404004.975193475 -2500918.509893849 -2558496.7370771957 -2595191.871926351 -2696299.900559046 -2728248.392699025 -2740654.3431411684

Equation: ((0.008612693504231418 * x4) + 1540.0315757713536) - (0.22980527055946218 / (x2 * x4))
Residual Differences:
-1749097.8237157066 -1753709.010145886 -1801887.1448709143 -1978494.2800113214 -1986884.8389847567 -2000096.5635642032 -2148685.934342612 -2159802.379039349 -2208118.7821335783 -2252438.9990877677 -2302592.9967478365 -2354956.3807248324 -2368029.2948662858 -2404004.8900401313 -2500918.423919711 -2558496.6502496763 -2595191.784472221 -2696299.8117376417 -2728248.303730962 -2740654.2541105873

Equation: x0
Residual Differences:
-450173769.8456951 -451479853.57352453 -464434105.71342987 -465966017.56995624 -472044114.5771476 -473294244.29625565 -473967815.5651822 -483478955.1817671 -486767082.5010755 -488829407.4446917 -498332085.74475265 -501876169.5406673 -505460559.563548 -507884011.7691154 -509282160.72070044 -512472327.3444463 -517546684.3999551 -530786943.1662913 -534432779.7501493 -534748185.4704504

Equation: x2 ^ x2
Residual Differences:
-3.673312878537987e+93 -5.622338227825127e+93 -1.0315349970209789e+94 -1.5565223158736752e+94 -1.7630598671686033e+94 -2.5729779038583142e+94 -3.2060731655865446e+94 -6.927692559147857e+94 -2.2657774659789894e+95 -2.9460582382836154e+95 -3.3227151878398665e+95 -4.646468726424752e+95 -7.129079662565155e+95 -9.378499685673374e+95 -1.7515878885457526e+96 -1.8496692545786437e+96 -2.6695499845843353e+96 -3.128087339335551e+96 -6.247054585519268e+96 -7.423059302683278e+96

Equation: x0 + (x3 ^ x3)
Residual Differences:
-6.076226543751692e+92 -6.301203999351031e+92 -6.77505489475298e+92 -1.098121647259626e+93 -1.3885437349085758e+94 -1.8603172491997706e+94 -1.9659126061046803e+94 -2.1184459635204964e+94 -2.2122120514574965e+94 -2.4129275719677387e+94 -5.730645790415782e+94 -6.196817070017843e+94 -1.0022716265531452e+95 -1.928572435958747e+95 -3.2698074711549405e+95 -3.355321337845852e+95 -4.325108229032502e+95 -4.8491467133790526e+95 -1.9921404560640557e+96 -4.122846130499081e+96

Equation: (x0 - cos(x2)) ^ x3
Residual Differences:
-1.3815668467890734e+93 -1.37403452376136e+93 -1.3679323458148387e+93 -2.0362991388931499e+93 -1.635314133914648e+94 -2.018194113689985e+94 -2.1895373652095273e+94 -2.2012258645056725e+94 -1.8650200942922994e+94 -2.085277458422575e+94 -4.3088453940636945e+94 -5.27697503719883e+94 -8.410906421617731e+94 -1.4368088773889587e+95 -1.9557768451300333e+95 -2.677624743946998e+95 -3.72706971109503e+95 -4.7187154619364436e+95 -1.41865640840334e+96 -2.671659732228135e+96

Equation: 1391.1749074788172 - cos(x3)
Residual Differences:
-450172367.84219044 -451478627.0819666 -464432895.0326373 -465964816.8506876 -472043309.26721376 -473293452.31202936 -473967048.41643476 -483478287.5848722 -486766728.877769 -488829371.18634975 -498332136.10009354 -501876219.9411938 -505460610.0767449 -507884062.21302134 -509282211.0576364 -512472377.8079794 -517546734.9734604 -530786993.6882103 -534432830.4430116 -534748236.24776745

Equation: 1.849430778784291e6 * 0.0007549813178441614
Residual Differences:
-450172359.58845156 -451478618.8301475 -464432886.76806605 -465964808.5403144 -472043300.6573415 -473293443.6265372 -473967039.651268 -483478278.75022507 -486766719.9997523 -488829362.2137429 -498332135.86324126 -501876219.821793 -505460609.9115191 -507884062.0299089 -509282210.90770626 -512472377.7037832 -517546734.88623583 -530786993.73832774 -534432830.3015927 -534748236.0171805

Equation: (cos(x4) / (x3 ^ x4)) + 1396.2908038971427
Residual Differences:
-450172359.61051935 -451478618.847833 -464432886.77848357 -465964808.546791 -472043300.66164696 -473293443.62712663 -473967039.64840615 -483478278.7455425 -486766719.9939061 -488829362.2063628 -498332135.86086357 -501876219.8205325 -505460609.9106367 -507884062.02933604 -509282210.90743804 -512472377.7036193 -517546734.8861584 -530786993.73835844 -534432830.30166024 -534748236.01726

Equation: ((x4 + 50440.590119538225) / 2.9505563846262866e6) * (81670.94097849927 + sin(x4))
Residual Differences:
-450172358.2182047 -451478617.45898485 -464432885.39191943 -465964807.162743 -472043299.2769537 -473293442.24440366 -473967038.2673448 -483478277.3614364 -486766718.6082176 -488829360.8192362 -498332134.4641257 -501876218.42394555 -505460608.5133448 -507884060.6318963 -509282209.51143795 -512472376.307434 -517546733.4881887 -530786992.3352505 -534432828.89902395 -534748234.6154396

Equation: (-0.9789337033326957 * cos(x4)) + (cos(x4) - (-740.8035512181063 - 655.492950233608))
Residual Differences:
-450172359.60861325 -451478618.85025257 -464432886.78584594 -465964808.5574081 -472043300.6722597 -473293443.64030087 -473967039.6636283 -483478278.75803787 -486766720.00498533 -488829362.2161518 -498332135.8559311 -501876219.81585765 -505460609.9054943 -507884062.0242042 -509282210.90365624 -512472377.69980985 -517546734.8812225 -530786993.73077756 -534432830.29480225 -534748236.0110633

Equation: (((39823.4258027292 + 26888.71783096072) + cos(x4)) / 3.5354197905761604e6) * 73997.04915668847
Residual Differences:
-450172359.6041078 -451478618.8457475 -464432886.78135586 -465964808.5529225 -472043300.66778815 -473293443.6358368 -473967039.6591732 -483478278.75361216 -486766720.0005764 -488829362.211761 -498332135.8559783 -501876219.81589603 -505460609.9055332 -507884062.02424103 -509282210.9036824 -512472377.69983554 -517546734.88125485 -530786993.7308264 -534432830.2948461 -534748236.0111028

Equation: sin(0.018842025332663614 * cos(x4)) + (cos(x4 - x4) - (-740.3039647097945 - 654.9933637253014))
Residual Differences:
-450172359.6025446 -451478618.8441899 -464432886.78002906 -465964808.5516638 -472043300.6667453 -473293443.6349086 -473967039.6583843 -483478278.75327444 -486766720.0004944 -488829362.21195924 -498332135.8567032 -501876219.8164845 -505460609.9061305 -507884062.02480656 -509282210.90408385 -512472377.70022935 -517546734.88175184 -530786993.7315749 -534432830.29551935 -534748236.0117093

Equation: x3
Residual Differences:
-514835.8477944127 -552989.4924188438 -553022.9540450423 -561688.1296025112 -612003.5217493287 -627040.9974210473 -660400.1344603979 -662426.1644738326 -743503.1710326091 -760360.6932308516 -810352.9743356432 -858575.9024583518 -859763.458293869 -862645.8192113672 -879690.9469393685 -883513.8337610357 -888698.7461763376 -928756.8515922664 -972526.8265111161 -979103.7743916499

Equation: x3 ^ x3
Residual Differences:
-3275674695152611.0 -3600591906357937.0 -4630797419516885.0 -1.1983677184004954e+16 -2.175503398293711e+16 -2.3321439691436516e+16 -4.061016418206018e+16 -5.069195906640697e+16 -5.630874619150184e+16 -5.715674607601712e+16 -7.009868958143893e+16 -8.951203516430491e+16 -1.2264486566657365e+17 -1.4020197838591243e+17 -1.5426741841990605e+17 -3.037875306684881e+17 -4.1207646166029203e+17 -1.4367863325802752e+18 -1.7068149407264804e+18 -4.335227126255489e+18

Equation: (x3 ^ x0) * x1
Residual Differences:
-4.120602386111293e+16 -4.490426470456364e+16 -7.609748234006902e+16 -1.0500294517750242e+17 -3.1608556489442906e+17 -3.2562491855306925e+17 -5.076154118686031e+17 -6.335779520931567e+17 -7.342286473228049e+17 -1.1478050670646744e+18 -1.8198223051790582e+18 -2.2566525281524974e+18 -2.601547522444987e+18 -3.9531816890010214e+18 -5.921308065812336e+18 -7.496490360525785e+18 -1.167193541919499e+19 -1.9715152296070705e+19 -2.795040888209614e+19 -4.074210183871652e+19

Equation: x0 - -1549.6901968255277
Residual Differences:
-512892.067500012 -551055.9792958779 -551252.0642973696 -559957.380890765 -610354.3435144174 -625606.1567756283 -659621.6393557399 -661899.1233515111 -743308.3151544568 -760172.9452768555 -810264.531683197 -858575.6939753828 -859763.2745235132 -862645.5406505602 -879690.5591204361 -883513.6972517112 -888698.5554148253 -928756.8816305741 -972526.8602290984 -979104.0087440284

Equation: sin(x2) - -1554.265868730633
Residual Differences:
-512898.6095923297 -551062.6011775288 -551259.121394924 -559964.636126124 -610362.1546691448 -625614.1942204795 -659629.9778164397 -661907.692800921 -743317.2584250009 -760182.2619673304 -810274.3356691703 -858584.9216096726 -859772.3825675575 -862654.7810650574 -879699.7928910757 -883522.8061460903 -888707.7547422473 -928766.1908654099 -972536.1779386998 -979113.3471725918

Equation: (x4 - x4) - -1553.656121825557
Residual Differences:
-512900.8134640529 -551064.8360453387 -551261.2098990498 -559966.6233070637 -610364.0735873027 -625616.0057931377 -659631.6930249063 -661909.2925230865 -743318.6182202629 -760183.4883909394 -810275.3809730111 -858586.3238309452 -859773.814298203 -862656.1568121603 -879701.220061719 -883524.1837640184 -888709.1092858741 -928767.4582155304 -972537.3905981568 -979114.4620017783

Equation: (x4 / 135.40396298163185) - -1553.6264892426511
Residual Differences:
-512900.7493170327 -551064.7703637974 -551261.142647795 -559966.5553839203 -610364.0034041837 -625615.9335700219 -659631.6188616173 -661909.2174590717 -743318.5398354096 -760183.4093184964 -810275.2991689785 -858586.2423182039 -859773.7331031096 -862656.0768905842 -879701.1399505532 -883524.1046586728 -888709.0306598151 -928767.3789015 -972537.3109115356 -979114.3828882793

Equation: (x4 / (x3 + (71.41616772308204 + x4))) - -1553.6056475644664
Residual Differences:
-512900.736773965 -551064.7573896478 -551261.1290134504 -559966.5416920752 -610363.9891866843 -625615.9187106295 -659631.6036361798 -661909.2018343424 -743318.5235714869 -760183.3927991777 -810275.2818342176 -858586.2257245472 -859773.716876017 -862656.0614683932 -879701.1245109625 -883524.0901266288 -888709.0165107998 -928767.365301839 -972537.2976060458 -979114.3702326071

Equation: ((x4 + x4) / (144.34931179653202 + sin(x4))) - -1553.6001805618223
Residual Differences:
-512900.6950129261 -551064.7147804864 -551261.085672974 -559966.4977928805 -610363.9438464608 -625615.87220382 -659631.5557364583 -661909.1535018948 -743318.4727466668 -760183.3415810143 -810275.2287946169 -858586.1719847115 -859773.663021746 -862656.0079618841 -879701.0708140598 -883524.036391454 -888708.9628109006 -928767.3102462586 -972537.2417188053 -979114.3141792793

Equation: (sin(x4 / 219.54803661736938) * 3.085684994276629) - -1553.5996520972765
Residual Differences:
-512900.6916677314 -551064.7113327397 -551261.082201175 -559966.4943307649 -610363.9403154505 -625615.8686443265 -659631.5521889401 -661909.1499732838 -743318.4693626667 -760183.3382259868 -810275.2256166856 -858586.1688731883 -859773.6599461436 -862656.0048834289 -879701.0677733431 -883524.0333904534 -888708.9598245057 -928767.3074500561 -972537.2391285965 -979114.3116230881

Equation: x3
Residual Differences:
-19521548.291995764 -20070380.23106367 -20410053.284081515 -20609403.62547514 -20635883.689496934 -20779993.954344284 -20786068.39322727 -20928609.384510852 -20988667.959690433 -21195798.138904825 -21278461.506383777 -22665775.794258766 -22889663.559091017 -22896559.38305589 -23838652.394809354 -24220629.00730027 -24995001.428795103 -25019920.330562226 -25045447.718501292 -25574377.55567615

Equation: x2 ^ x2
Residual Differences:
-2.0214854727620888e+41 -2.6511681811089244e+41 -2.701576652404463e+41 -4.661500355326159e+41 -6.8274603588048455e+41 -6.995211209468782e+41 -1.9903744521963027e+42 -2.3113847697002753e+42 -5.495716267366652e+42 -1.0358959276407777e+43 -2.7203647062297814e+43 -2.783296196637353e+43 -4.363429893791055e+43 -6.613447614016733e+43 -7.916272683309293e+43 -1.0842854950689074e+44 -1.956851633317489e+44 -2.311787316195162e+44 -6.708385199038249e+44 -7.84350737585564e+44

Equation: x4 + (x2 ^ x2)
Residual Differences:
-2.0214854727620888e+41 -2.6511681811089244e+41 -2.701576652404463e+41 -4.661500355326159e+41 -6.8274603588048455e+41 -6.995211209468782e+41 -1.9903744521963027e+42 -2.3113847697002753e+42 -5.495716267366652e+42 -1.0358959276407777e+43 -2.7203647062297814e+43 -2.783296196637353e+43 -4.363429893791055e+43 -6.613447614016733e+43 -7.916272683309293e+43 -1.0842854950689074e+44 -1.956851633317489e+44 -2.311787316195162e+44 -6.708385199038249e+44 -7.84350737585564e+44

Equation: 1420.542879700665 + x4
Residual Differences:
-19519729.937711455 -20068716.12070875 -20408784.171705283 -20608235.009803027 -20634948.08704209 -20779142.968688183 -20785562.20267269 -20928165.38526358 -20988507.21238353 -21195798.489857886 -21278461.826488625 -22665775.716303974 -22889663.777975034 -22896559.718197446 -23838652.74451868 -24220629.229154278 -24995001.506376375 -25019920.495765816 -25045448.02644648 -25574377.74385524

Equation: 1425.0817335517013 + cos(x4)
Residual Differences:
-19519754.375807796 -20068740.781992376 -20408808.98296626 -20608259.9537923 -20634973.119170796 -20779168.05845258 -20785587.351046603 -20928190.597826097 -20988532.468818463 -21195823.583194014 -21278486.921432648 -22665800.868458178 -22889688.91898472 -22896584.846994758 -23838677.87841727 -24220654.362323012 -24995026.63941727 -25019945.629184138 -25045473.15952333 -25574402.878477633

Equation: x4 + (1424.4885797006648 - x4)
Residual Differences:
-19519753.579744726 -20068740.03867243 -20408808.289925586 -20608259.303261567 -20634972.514735654 -20779167.493350975 -20785586.839586277 -20928190.166923143 -20988532.111378808 -21195823.49663238 -21278486.827599727 -22665800.998011578 -22889688.99651013 -22896584.789664008 -23838677.942643147 -24220654.46321105 -24995026.79328962 -25019945.719192944 -25045473.188586958 -25574402.944751125

Equation: cos(cos(x4) / x4) + 1423.5086971766893
Residual Differences:
-19519753.592127528 -20068740.048668705 -20408808.296511088 -20608259.304085277 -20634972.510780092 -20779167.48550877 -20785586.827439923 -20928190.14886746 -20988532.089520447 -21195823.48223949 -21278486.81467236 -22665800.989051845 -22889688.990525093 -22896584.78702058 -23838677.941474877 -24220654.462761074 -24995026.793272253 -25019945.719088238 -25045473.188209362 -25574402.94396759

Equation: (cos(x4) / (x4 * x4)) + 1424.535631880966
Residual Differences:
-19519753.59200226 -20068740.045958277 -20408808.290881094 -20608259.29455594 -20634972.498507466 -20779167.47114055 -20785586.810774542 -20928190.128881853 -20988532.067160748 -21195823.45416051 -21278486.787749197 -22665800.965824824 -22889688.97087747 -22896584.77324843 -23838677.931994695 -24220654.456688624 -24995026.79163063 -25019945.72224262 -25045473.1941839 -25574402.952713825

Equation: (sin(cos(x4)) / (x4 * x4)) + 1424.5298178186172
Residual Differences:
-19519753.586832568 -20068740.041540455 -20408808.28764631 -20608259.293454964 -20634972.49922301 -20779167.473330427 -20785586.814571198 -20928190.13480122 -20988532.074371003 -21195823.457352992 -21278486.790497713 -22665800.967465624 -22889688.971800447 -22896584.77353077 -23838677.93207985 -24220654.456709232 -24995026.791631237 -25019945.72224048 -25045473.194166955 -25574402.95266273

Equation: 1424.5336398619365 + (cos(x4) / ((x4 * x4) - cos(x2)))
Residual Differences:
-19519753.586014524 -20068740.040810723 -20408808.286778998 -20608259.291875828 -20634972.496991787 -20779167.470478565 -20785586.81089367 -20928190.129982322 -20988532.06876801 -21195823.455938295 -21278486.789235733 -22665800.966764998 -22889688.97152354 -22896584.773533445 -23838677.932110474 -24220654.45674129 -24995026.79163495 -25019945.72224583 -25045473.194229472 -25574402.952798232

Equation: 1424.5320988182418 + (cos(x4) / ((x4 * x4) + (x0 / x2)))
Residual Differences:
-19519753.588908125 -20068740.0438092 -20408808.28986521 -20608259.29472753 -20634972.499851793 -20779167.47307538 -20785586.813433595 -20928190.13236829 -20988532.071143106 -21195823.456711415 -21278486.790121347 -22665800.967628434 -22889688.97225763 -22896584.774074197 -23838677.932498056 -24220654.456991475 -24995026.791697796 -25019945.72210796 -25045473.193951603 -25574402.952388834

Equation: cos(cos(x4) / (1.789887089373286 / 0.7408992882036676)) + 1423.5299522019614
Residual Differences:
-19519753.662995134 -20068740.11351024 -20408808.357043233 -20608259.363723643 -20634972.56808539 -20779167.540724326 -20785586.879087586 -20928190.19520443 -20988532.130043995 -21195823.507218752 -21278486.83868535 -22665800.987192243 -22889688.990863282 -22896584.79311351 -23838677.940595057 -24220654.461709123 -24995026.794437654 -25019945.721028093 -25045473.189335544 -25574402.947386052

Equation: x0
Residual Differences:
-121905213.75233585 -123192997.60383567 -123526029.02579378 -126322948.93181904 -127924609.2198456 -128201563.95923549 -131764094.05671385 -132350198.77620861 -133655157.71200699 -135688777.1284335 -136008718.28909314 -136074965.0675579 -136321381.099444 -142387363.577119 -144332567.0499305 -146650135.23343787 -149181705.20909923 -150344949.6814227 -150618435.3518164 -152301294.2818891

Equation: x3 ^ x3
Residual Differences:
-3.665617872465885e+66 -4.90140389609451e+66 -5.745658267898326e+66 -9.817851695615872e+66 -1.4177621680083382e+67 -1.55502399995118e+67 -2.3347990848823053e+67 -2.78410806961179e+67 -3.473966941243608e+67 -4.01546891093108e+67 -7.532136665214845e+67 -1.0647440193565058e+68 -1.1656859914349615e+68 -2.2171783124993433e+68 -4.118670928457571e+68 -1.4191558004522466e+69 -4.4722513653570454e+69 -1.1065956190076962e+70 -2.5863385257768735e+70 -4.4278417481844976e+70

Equation: (x0 ^ x2) * x1
Residual Differences:
-2.0140273599734898e+68 -2.439595637743406e+68 -3.121082340822626e+68 -4.1376965569547695e+68 -5.846060429578145e+68 -7.003968468073353e+68 -1.3054021642673444e+69 -2.388309517908228e+69 -4.499788144661469e+69 -4.824127881306373e+69 -7.608423869219522e+69 -1.6303514667454067e+70 -1.7286932955781242e+70 -2.3647233554400366e+70 -4.5441604235291613e+70 -8.972222784048869e+70 -1.6882757767863145e+71 -4.2410382025258203e+71 -5.363979724338384e+71 -8.084129532771112e+71

Equation: 1500.1658887914532 - x1
Residual Differences:
-121903269.9468042 -123191476.30845115 -123524594.38253632 -126321817.18728575 -127923575.61840129 -128200727.56078511 -131763369.3789543 -132349705.92871878 -133654681.85982049 -135688582.11947894 -136008541.92222676 -136075041.8762314 -136321457.78375468 -142387440.29239854 -144332643.81079102 -146650211.82086083 -149181781.73405826 -150345026.068568 -150618511.73292586 -152301370.54337978

Equation: sin(x2) - -1496.9504897970608
Residual Differences:
-121903232.40905415 -123191438.7503072 -123524556.73418052 -126321779.52142474 -127923537.41520923 -128200689.24923669 -131763331.00056277 -132349667.56615372 -133654643.43291901 -135688543.53698546 -136008503.246451 -136075003.38750687 -136321419.30187634 -142387401.81512073 -144332605.36141098 -146650173.4201758 -149181743.37193027 -150344987.6252101 -150618473.3553992 -152301332.1404485

Equation: (x4 - x4) - -1496.3039762915867
Residual Differences:
-121903233.31483118 -123191439.58020586 -123524557.39142524 -126321780.01501322 -127923537.76309042 -128200689.54907097 -131763331.13600428 -132349667.52679564 -133654643.23684873 -135688543.2227702 -136008502.87182698 -136075003.27777064 -136321419.23150495 -142387401.76202306 -144332605.3162744 -146650173.40735763 -149181743.40143716 -150344987.7394633 -150618473.46684533 -152301332.29465535

Equation: 1496.2505866329582 + (0.01342293964499924 * x4)
Residual Differences:
-121903232.82785343 -123191439.09085993 -123524556.89997543 -126321779.51943736 -127923537.26498955 -128200689.04897332 -131763330.63211447 -132349667.02056938 -133654642.72864291 -135688542.71118358 -136008502.35865593 -136075002.76755536 -136321418.72212496 -142387401.2501615 -144332604.80324182 -146650172.8935438 -149181742.88717535 -150344987.22552258 -150618472.9543877 -152301331.78238168

Equation: ((x4 * 1.0134229395699457) - x4) - -1496.2505866332383
Residual Differences:
-121903232.82785343 -123191439.09085993 -123524556.89997543 -126321779.51943736 -127923537.26498957 -128200689.04897332 -131763330.63211447 -132349667.02056938 -133654642.72864291 -135688542.7111836 -136008502.35865593 -136075002.76755536 -136321418.72212496 -142387401.2501615 -144332604.80324182 -146650172.8935438 -149181742.88717538 -150344987.22552258 -150618472.9543877 -152301331.78238168

Equation: (((x4 - -0.08500250623184857) - x4) * (cos(x4) / x3)) - -1496.3159386516702
Residual Differences:
-121903233.32015114 -123191439.58491406 -123524557.39567074 -126321780.01750863 -127923537.76426119 -128200689.54820402 -131763331.13369209 -132349667.52233076 -133654643.23114076 -135688543.2142371 -136008502.86113077 -136075003.26708716 -136321419.22248626 -142387401.7553344 -144332605.3106504 -146650173.4029418 -149181743.39890715 -150344987.73843962 -150618473.46808887 -152301332.297551

Equation: x0
Residual Differences:
-243824552.7647037 -249884968.70213357 -250309427.99056026 -252841075.14620143 -257304087.66642156 -264876209.01688844 -267883698.88622054 -271168286.6387457 -274412740.0117158 -275377049.5378806 -276016057.16957855 -278977899.8312193 -279633882.8758042 -280460679.5550502 -284574078.73620105 -285240881.62672335 -285755904.59954363 -294218708.8089234 -294759546.79549575 -295397097.14179116

Equation: x4 ^ x4
Residual Differences:
-2.2928266139351718e+79 -7.34206289086003e+79 -7.34247642320725e+79 -1.1817055489195803e+80 -3.039459046445739e+80 -1.102878989952407e+81 -2.081225082866531e+81 -3.4269955498035667e+81 -6.336803341905718e+81 -7.812562923129101e+81 -8.149659899537922e+81 -1.2870199885436126e+82 -1.465784909106183e+82 -1.6999918453398935e+82 -3.4103661290721996e+82 -4.134730764539732e+82 -4.6038873833895736e+82 -1.739777570649981e+83 -2.128298734142877e+83 -2.3907207866518232e+83

Equation: (x0 ^ x4) * x3
Residual Differences:
-1.0650708889793724e+81 -2.869975330726048e+81 -2.919266432862676e+81 -4.331734843392644e+81 -1.1970912140153371e+82 -3.6809881915385924e+82 -6.284760661409399e+82 -9.592219811209925e+82 -1.712203784727638e+83 -2.389314507478311e+83 -2.5103772129428625e+83 -4.5395950736186656e+83 -6.060477255454859e+83 -7.138566913791644e+83 -1.634279603148708e+84 -1.973616170264159e+84 -2.5930349688462807e+84 -8.557001341192473e+84 -1.0352331180425972e+85 -1.2042825960588058e+85

Equation: x1 / 0.0026927308361200442
Residual Differences:
-243806929.66619888 -249867308.3065125 -250291838.71381432 -252823464.65211648 -257287122.461396 -264859252.07089758 -267866919.3392741 -271151441.3912066 -274396109.2991141 -275360491.33020985 -275999623.4109301 -278961426.54658175 -279617474.4322767 -280444279.4175422 -284557728.8956477 -285224534.3554123 -285739605.158087 -294202260.0060029 -294743118.61431885 -295380672.8226323

Equation: (1417.2067422685677 + x2) - x2
Residual Differences:
-243822839.2930252 -249883274.43670976 -250307858.46011874 -252839552.26827586 -257303265.17436653 -264875451.07585046 -267883199.4291972 -271167830.601889 -274412518.35729355 -275376973.73268646 -276016101.27976376 -278977944.0485381 -279633927.179154 -280460723.81494987 -284574123.15468943 -285240925.94326204 -285755949.00362384 -294218753.2937359 -294759591.1649701 -295397141.5230335

Equation: (x1 + 1415.2852488952815) - cos(x1)
Residual Differences:
-243822790.71706903 -249883225.7089906 -250307809.60790026 -252839503.29256868 -257303216.10024723 -264875401.90981475 -267883150.16135308 -271167781.22363985 -274412468.9643447 -275376924.286225 -276016057.27939904 -278977900.0369243 -279633883.1850024 -280460679.8233014 -284574079.17079574 -285240881.9601943 -285755905.02132285 -294218709.2940984 -294759547.15771884 -295397097.50310487

Equation: (x3 - -35459.516398349246) / 24.977001514335324
Residual Differences:
-243822832.30980957 -249883267.44819725 -250307851.4630442 -252839545.2681819 -257303258.1628004 -264875444.05677453 -267883192.40295336 -271167823.5705655 -274412511.31358594 -275376966.68443924 -276016099.4969357 -278977942.26813245 -279633925.398779 -280460722.031463 -284574121.37480605 -285240924.16449296 -285755947.2223858 -294218751.513419 -294759589.3862984 -295397139.7492515

Equation: (x3 + (50085.2779149944 + x4)) / 35.28075371339291
Residual Differences:
-243822831.60486042 -249883266.73490152 -250307850.7478185 -252839544.5505321 -257303257.43884408 -264875443.3239474 -267883191.66541594 -271167822.8303441 -274412510.56923646 -275376965.93895024 -276016098.75476676 -278977941.5274057 -279633924.6577422 -280460721.29429305 -284574120.63604105 -285240923.4276137 -285755946.48871106 -294218750.7725537 -294759588.6467052 -295397139.0108452

Equation: (58976.22367514993 - -34284.21778030187) / 65.6835879337737
Residual Differences:
-243822834.01871586 -249883269.16240045 -250307853.18580943 -252839546.99396655 -257303259.9000572 -264875445.80154115 -267883194.15488788 -271167825.3275797 -274412513.08298427 -275376968.4583772 -276016101.2797638 -278977944.0485381 -279633927.179154 -280460723.81494987 -284574123.15468943 -285240925.94326204 -285755949.0036239 -294218753.2937359 -294759591.1649701 -295397141.5230335

Equation: 1419.840456754613 - ((0.025429788265386093 / x1) * sin(sin(x1)))
Residual Differences:
-243822834.02630773 -249883269.1688677 -250307853.191386 -252839546.99903753 -257303259.90449494 -264875445.8053093 -267883194.15819383 -271167825.3302819 -274412513.08563226 -275376968.46071345 -276016101.2838426 -278977944.05267966 -279633927.18340456 -280460723.8192101 -284574123.1589357 -285240925.9474876 -285755949.00775176 -294218753.2978315 -294759591.16892785 -295397141.5268593

Equation: (cos(x4) + (42123.607355309665 - -31156.284596562113)) / 51.61081881246959
Residual Differences:
-243822834.0340778 -249883269.17624503 -250307853.19942525 -252839547.0065643 -257303259.90961298 -264875445.8061665 -267883194.15624288 -271167825.326602 -274412513.0778582 -275376968.45183593 -276016101.2697346 -278977944.03938955 -279633927.1697591 -280460723.8073248 -284574123.1465921 -285240925.9366467 -285755948.9987089 -294218753.284456 -294759591.15699136 -295397141.51688015

Equation: x2
Residual Differences:
-50484694.27559009 -50696380.13564825 -50851894.06189521 -52704120.485336766 -52779886.31141974 -52801950.475060545 -53802962.47632749 -54442837.0682914 -55023306.86121348 -55135580.528285034 -59321443.09351879 -60142347.909983635 -60263204.04417659 -60542954.77773076 -61764577.77722654 -62623770.070733875 -63746931.14583763 -64449904.49324356 -65008339.96658107 -65776858.3989509

Equation: x2 ^ x2
Residual Differences:
-6.011823695471835e+53 -2.2343908546985393e+54 -4.773671621820847e+54 -5.537509136221781e+54 -1.1321840587453292e+55 -1.415717322448606e+55 -1.5593326278576665e+55 -1.815208210849335e+55 -5.748157921722433e+55 -5.892813015704452e+55 -9.267907402867068e+55 -9.347744800384766e+55 -1.0163417683518337e+56 -1.0360497766160832e+56 -1.1767455892402055e+56 -2.070085752128414e+56 -3.134081699351137e+56 -4.847277388682301e+56 -6.123746761315998e+56 -7.935047205189169e+56

Equation: x2 + (x2 ^ x2)
Residual Differences:
-6.011823695471835e+53 -2.2343908546985393e+54 -4.773671621820847e+54 -5.537509136221781e+54 -1.1321840587453292e+55 -1.415717322448606e+55 -1.5593326278576665e+55 -1.815208210849335e+55 -5.748157921722433e+55 -5.892813015704452e+55 -9.267907402867068e+55 -9.347744800384766e+55 -1.0163417683518337e+56 -1.0360497766160832e+56 -1.1767455892402055e+56 -2.070085752128414e+56 -3.134081699351137e+56 -4.847277388682301e+56 -6.123746761315998e+56 -7.935047205189169e+56

Equation: x0 ^ (x2 - cos(x1))
Residual Differences:
-1.4148504387484562e+55 -4.5757946850835123e+55 -8.629686526284435e+55 -1.1315462713151977e+56 -1.8164902106321677e+56 -2.1309850219991635e+56 -2.226179293853429e+56 -1.5196624356833655e+56 -4.5899390096440075e+56 -6.422535526942653e+56 -3.950586018666527e+56 -3.6883192360981185e+56 -3.21156701427863e+56 -3.212615430010135e+56 -2.4000055153010067e+56 -1.5122688175646022e+56 -1.3420872306493118e+56 -1.8049183066448234e+56 -1.900341374685854e+56 -2.2377019904700595e+56

Equation: 970.6843968547661 - sin(x2)
Residual Differences:
-50483927.085922636 -50695656.95711282 -50851370.961693056 -52703718.07788051 -52779495.20105864 -52801595.39085933 -53802846.61638669 -54442868.63114354 -55023338.55509062 -55135612.21594416 -59321474.799179025 -60142379.59182876 -60263235.669153064 -60542986.36455662 -61764609.30980367 -62623801.677998595 -63746962.76114108 -64449936.083643824 -65008371.527552 -65776889.91443461

Equation: 1513.894279649714 - (x3 * x3)
Residual Differences:
-50484043.55105538 -50695783.003499866 -50851501.90175439 -52703856.04194099 -52779643.19019308 -52801755.292088956 -53803008.20289347 -54443554.37920418 -55024069.19429796 -55136553.58025442 -59322705.34887923 -60143619.95572818 -60264487.76934074 -60544253.282037236 -61765879.111788265 -62625070.81397785 -63748243.24200964 -64451228.82455461 -65009666.93964891 -65778187.45612785

Equation: 1234.5725500560268 - -263.16164030181227
Residual Differences:
-50482873.20832574 -50694603.47565873 -50850317.6791076 -52702664.86596411 -52778442.235925086 -52800542.5399636 -53801793.86666618 -54442339.043161385 -55022851.57086585 -55135329.735964224 -59321474.97522038 -60142379.73575693 -60263235.74980428 -60542986.419748776 -61764609.33472478 -62623801.696402065 -63746962.75948824 -64449936.06437298 -65008371.5043007 -65776889.893463254

Equation: 1497.7332609108728 - (x0 * -0.0002338566368129053)
Residual Differences:
-50482873.20139894 -50694603.46868937 -50850317.672091514 -52702664.85889396 -52778442.2288303 -52800542.532830246 -53801793.859513685 -54442339.0359682 -55022851.56359419 -55135329.728594914 -59321474.967848875 -60142379.728363134 -60263235.74242474 -60542986.41238333 -61764609.32738002 -62623801.689081214 -63746962.75216214 -64449936.05704835 -65008371.49698348 -65776889.88615467

Equation: ((x3 - -1.9776026952202802e6) - x2) / 1320.3962819234184
Residual Differences:
-50482873.208527535 -50694603.47599315 -50850317.6795092 -52702664.86630125 -52778442.23627603 -52800542.54026028 -53801793.86695881 -54442339.04351294 -55022851.571347095 -55135329.73637624 -59321474.975718245 -60142379.73611899 -60263235.750014246 -60542986.41985212 -61764609.33481008 -62623801.69662604 -63746962.7595932 -64449936.064421386 -65008371.50432147 -65776889.89354985

Equation: (1234.5986332124276 + (-0.20202745816927076 / x4)) - -263.1877117477229
Residual Differences:
-50482873.177024506 -50694603.440942615 -50850317.64301922 -52702664.82821772 -52778442.19602652 -52800542.49769961 -53801793.824063204 -54442338.99809841 -55022851.52432164 -55135329.68835616 -59321474.930420734 -60142379.69268152 -60263235.70747888 -60542986.37883223 -61764609.29525032 -62623801.65781514 -63746962.721793324 -64449936.027424246 -65008371.468500994 -65776889.85813996

Equation: ((0.013921924607758512 * x4) + 1498.4983752593994) - cos(cos(cos(-60.10742121786132)))
Residual Differences:
-50482872.79660314 -50694603.06138642 -50850317.26380743 -52702664.4457458 -52778441.81398646 -52800542.115885265 -53801793.44012384 -54442338.61312545 -55022851.13832022 -55135329.30228378 -59321474.53429774 -60142379.29561644 -60263235.31029004 -60542985.98175135 -61764608.896362595 -62623801.2579812 -63746962.32040151 -64449935.625241086 -65008371.06617029 -65776889.4550355

Equation: ((0.02064461583938214 * cos(x4)) + 309.30230323570066) - (5.337243346080159 * -222.66990385764686)
Residual Differences:
-50482873.22624796 -50694603.493776344 -50850317.697137766 -52702664.88317897 -52778442.25252261 -52800542.55541402 -53801793.88089743 -54442339.054837815 -55022851.58037904 -55135329.74429194 -59321474.970829666 -60142379.732094035 -60263235.74690923 -60542986.41887533 -61764609.33328231 -62623801.694852576 -63746962.75694478 -64449936.06177606 -65008371.50319592 -65776889.891951725

Equation: (415.63577543835254 - (-136.83698907964376 * 7.908022515071903)) - (sin(65.99409181257923) * cos(x4))
Residual Differences:
-50482873.22624796 -50694603.49377635 -50850317.697137766 -52702664.88317897 -52778442.25252262 -52800542.55541403 -53801793.88089744 -54442339.054837815 -55022851.58037904 -55135329.74429194 -59321474.97082966 -60142379.732094035 -60263235.74690923 -60542986.41887533 -61764609.33328231 -62623801.694852576 -63746962.756944776 -64449936.06177605 -65008371.50319593 -65776889.891951725

Equation: x1
Residual Differences:
-1750861.2372415224 -1755417.1885753209 -1803556.7937540584 -1979787.7637912591 -1988165.2493372078 -2001178.382779658 -2149644.2285458134 -2160688.0991488644 -2208973.0909057744 -2253048.258368809 -2302745.884768162 -2354942.079607524 -2368015.0578475017 -2403990.787724927 -2500904.3258364517 -2558482.624757827 -2595177.826242683 -2696285.8184878747 -2728234.433480398 -2740640.1605101647

Equation: x4 ^ x1
Residual Differences:
-2.7386996428381854e+21 -3.048972610719802e+21 -4.100404519194814e+21 -1.03572580137802e+22 -1.3252786155840273e+22 -2.0720700840583476e+22 -4.061087827846997e+22 -9.62340435776878e+22 -1.1602288570897702e+23 -1.7648627047111384e+23 -2.6094722633970553e+23 -3.728041969768903e+23 -4.035119110959749e+23 -4.636564433202445e+23 -5.969208523234558e+23 -8.313199240733638e+23 -9.813112617770347e+23 -1.446610180798292e+24 -1.73619186176552e+24 -3.692637148827055e+24

Equation: x4 * (x1 ^ x3)
Residual Differences:
-3.7003680735347553e+22 -7.3144537603700565e+22 -9.407465100336636e+22 -1.476244063133272e+23 -2.6154151748769628e+23 -3.3607159629399634e+23 -4.015440897726905e+23 -8.392309193468181e+23 -1.4544220047527885e+24 -1.7764501056276878e+24 -3.6147985443414917e+24 -5.845963489061242e+24 -6.106550404864951e+24 -9.032106388231848e+24 -1.0526997016059005e+25 -1.3911327184976529e+25 -1.8037737242144418e+25 -2.252377775840247e+25 -2.411043487084233e+25 -4.7079593201067764e+25

Equation: x4 - -1536.0543772077333
Residual Differences:
-1749085.3670021738 -1753696.4357714816 -1801874.4051586138 -1978481.0921338403 -1986871.5661121034 -2000083.0766121228 -2148672.0991312657 -2159788.492115129 -2208104.7107435158 -2252424.7555427733 -2302578.5283092293 -2354942.052436347 -2368015.073775496 -2403990.6979506747 -2500904.213845855 -2558482.392498778 -2595177.5690844636 -2696285.5590897673 -2728234.0801250357 -2740640.123388833

Equation: cos(x3) - -1540.6195702317407
Residual Differences:
-1749097.8324885422 -1753708.799737475 -1801886.868980913 -1978493.9240253165 -1986884.306608362 -2000095.9457877257 -2148685.262012469 -2159801.5510850823 -2208117.8017272907 -2252437.8879870796 -2302591.7529456695 -2354955.0602929667 -2368028.0361147188 -2404003.6700558653 -2500917.3121270984 -2558495.6356540592 -2595190.882208519 -2696299.0181206637 -2728247.5290097003 -2740653.664913383

Equation: (x3 / x3) - -1539.0505272076966
Residual Differences:
-1749097.9381359047 -1753709.1268316885 -1801887.264079303 -1978494.4042818502 -1986884.9652230209 -2000096.6931509175 -2148686.06746139 -2159802.5137142367 -2208118.919197606 -2252439.1383950952 -2302593.1389844366 -2354956.517918208 -2368029.430538121 -2404005.024926832 -2500918.5582964984 -2558496.784657716 -2595191.9181874176 -2696299.9451761306 -2728248.436502509 -2740654.385615519

Equation: (0.01623453570080852 / x3) - -1540.046317305051
Residual Differences:
-1749097.940267612 -1753709.1292014744 -1801887.266569315 -1978494.4069104376 -1986884.967990018 -2000096.6961209017 -2148686.07056438 -2159802.5168969855 -2208118.9224536847 -2252439.1418332392 -2302593.1424702816 -2354956.5209290916 -2368029.433480741 -2404005.027806426 -2500918.561075775 -2558496.7873536334 -2595191.9207969657 -2696299.9477089453 -2728248.4390219506 -2740654.3880226472

Equation: 1540.0730666415325 - (x2 / (43.92361270047381 * x4))
Residual Differences:
-1749097.9383881416 -1753709.1270491963 -1801887.2648085135 -1978494.40415748 -1986884.9656591911 -2000096.6935331533 -2148686.067257233 -2159802.514457597 -2208118.9194034375 -2252439.138888226 -2302593.1391353374 -2354956.5175426346 -2368029.430593637 -2404005.0249974183 -2500918.5579468436 -2558496.7840153924 -2595191.9177850047 -2696299.9447150715 -2728248.436135173 -2740654.385478561

Equation: ((x3 / x3) + (-0.2016531924690498 / x4)) - -1539.1022263324744
Residual Differences:
-1749097.911478873 -1753709.0980679335 -1801887.234468493 -1978494.3717961868 -1986884.9315994866 -2000096.6572020114 -2148686.03024078 -2159802.475743159 -2208118.879296046 -2252439.0976036955 -2302593.0958826626 -2354956.480180761 -2368029.394352284 -2404004.9897966064 -2500918.5240272344 -2558496.750847761 -2595191.885275626 -2696299.913488264 -2728248.4055039017 -2740654.355435717

Equation: ((x3 / x3) + sin(-0.20165320646408663 / x4)) - -1539.1022263360624
Residual Differences:
-1749097.911432433 -1753709.0980258044 -1801887.2344278693 -1978494.3717605579 -1986884.9315658207 -2000096.6571720985 -2148686.030212585 -2159802.475716087 -2208118.87927169 -2252439.097580459 -2302593.0958623434 -2354956.480199639 -2368029.394369372 -2404004.989812513 -2500918.5240421924 -2558496.750862207 -2595191.885289175 -2696299.913500602 -2728248.405515611 -2740654.355446734

Equation: ((-0.06104962015398297 / x3) + (-0.2233193180857314 / x4)) - -1540.1236122641862
Residual Differences:
-1749097.9005985362 -1753709.0860659557 -1801887.2219233972 -1978494.3584210991 -1986884.9175816567 -2000096.6421710094 -2148686.014572978 -2159802.4596947916 -2208118.862764508 -2252439.080291899 -2302593.0781432544 -2354956.4648037916 -2368029.3793987287 -2404004.975193475 -2500918.509893849 -2558496.7370771957 -2595191.871926351 -2696299.900559046 -2728248.392699025 -2740654.3431411684

Equation: ((0.008612693504231418 * x4) + 1540.0315757713536) - (0.22980527055946218 / (x2 * x4))
Residual Differences:
-1749097.8237157066 -1753709.010145886 -1801887.1448709143 -1978494.2800113214 -1986884.8389847567 -2000096.5635642032 -2148685.934342612 -2159802.379039349 -2208118.7821335783 -2252438.9990877677 -2302592.9967478365 -2354956.3807248324 -2368029.2948662858 -2404004.8900401313 -2500918.423919711 -2558496.6502496763 -2595191.784472221 -2696299.8117376417 -2728248.303730962 -2740654.2541105873

Equation: x0
Residual Differences:
-450173769.8456951 -451479853.57352453 -464434105.71342987 -465966017.56995624 -472044114.5771476 -473294244.29625565 -473967815.5651822 -483478955.1817671 -486767082.5010755 -488829407.4446917 -498332085.74475265 -501876169.5406673 -505460559.563548 -507884011.7691154 -509282160.72070044 -512472327.3444463 -517546684.3999551 -530786943.1662913 -534432779.7501493 -534748185.4704504

Equation: x2 ^ x2
Residual Differences:
-3.673312878537987e+93 -5.622338227825127e+93 -1.0315349970209789e+94 -1.5565223158736752e+94 -1.7630598671686033e+94 -2.5729779038583142e+94 -3.2060731655865446e+94 -6.927692559147857e+94 -2.2657774659789894e+95 -2.9460582382836154e+95 -3.3227151878398665e+95 -4.646468726424752e+95 -7.129079662565155e+95 -9.378499685673374e+95 -1.7515878885457526e+96 -1.8496692545786437e+96 -2.6695499845843353e+96 -3.128087339335551e+96 -6.247054585519268e+96 -7.423059302683278e+96

Equation: x0 + (x3 ^ x3)
Residual Differences:
-6.076226543751692e+92 -6.301203999351031e+92 -6.77505489475298e+92 -1.098121647259626e+93 -1.3885437349085758e+94 -1.8603172491997706e+94 -1.9659126061046803e+94 -2.1184459635204964e+94 -2.2122120514574965e+94 -2.4129275719677387e+94 -5.730645790415782e+94 -6.196817070017843e+94 -1.0022716265531452e+95 -1.928572435958747e+95 -3.2698074711549405e+95 -3.355321337845852e+95 -4.325108229032502e+95 -4.8491467133790526e+95 -1.9921404560640557e+96 -4.122846130499081e+96

Equation: (x0 - cos(x2)) ^ x3
Residual Differences:
-1.3815668467890734e+93 -1.37403452376136e+93 -1.3679323458148387e+93 -2.0362991388931499e+93 -1.635314133914648e+94 -2.018194113689985e+94 -2.1895373652095273e+94 -2.2012258645056725e+94 -1.8650200942922994e+94 -2.085277458422575e+94 -4.3088453940636945e+94 -5.27697503719883e+94 -8.410906421617731e+94 -1.4368088773889587e+95 -1.9557768451300333e+95 -2.677624743946998e+95 -3.72706971109503e+95 -4.7187154619364436e+95 -1.41865640840334e+96 -2.671659732228135e+96

Equation: 1391.1749074788172 - cos(x3)
Residual Differences:
-450172367.84219044 -451478627.0819666 -464432895.0326373 -465964816.8506876 -472043309.26721376 -473293452.31202936 -473967048.41643476 -483478287.5848722 -486766728.877769 -488829371.18634975 -498332136.10009354 -501876219.9411938 -505460610.0767449 -507884062.21302134 -509282211.0576364 -512472377.8079794 -517546734.9734604 -530786993.6882103 -534432830.4430116 -534748236.24776745

Equation: 1.849430778784291e6 * 0.0007549813178441614
Residual Differences:
-450172359.58845156 -451478618.8301475 -464432886.76806605 -465964808.5403144 -472043300.6573415 -473293443.6265372 -473967039.651268 -483478278.75022507 -486766719.9997523 -488829362.2137429 -498332135.86324126 -501876219.821793 -505460609.9115191 -507884062.0299089 -509282210.90770626 -512472377.7037832 -517546734.88623583 -530786993.73832774 -534432830.3015927 -534748236.0171805

Equation: (cos(x4) / (x3 ^ x4)) + 1396.2908038971427
Residual Differences:
-450172359.61051935 -451478618.847833 -464432886.77848357 -465964808.546791 -472043300.66164696 -473293443.62712663 -473967039.64840615 -483478278.7455425 -486766719.9939061 -488829362.2063628 -498332135.86086357 -501876219.8205325 -505460609.9106367 -507884062.02933604 -509282210.90743804 -512472377.7036193 -517546734.8861584 -530786993.73835844 -534432830.30166024 -534748236.01726

Equation: ((x4 + 50440.590119538225) / 2.9505563846262866e6) * (81670.94097849927 + sin(x4))
Residual Differences:
-450172358.2182047 -451478617.45898485 -464432885.39191943 -465964807.162743 -472043299.2769537 -473293442.24440366 -473967038.2673448 -483478277.3614364 -486766718.6082176 -488829360.8192362 -498332134.4641257 -501876218.42394555 -505460608.5133448 -507884060.6318963 -509282209.51143795 -512472376.307434 -517546733.4881887 -530786992.3352505 -534432828.89902395 -534748234.6154396

Equation: (-0.9789337033326957 * cos(x4)) + (cos(x4) - (-740.8035512181063 - 655.492950233608))
Residual Differences:
-450172359.60861325 -451478618.85025257 -464432886.78584594 -465964808.5574081 -472043300.6722597 -473293443.64030087 -473967039.6636283 -483478278.75803787 -486766720.00498533 -488829362.2161518 -498332135.8559311 -501876219.81585765 -505460609.9054943 -507884062.0242042 -509282210.90365624 -512472377.69980985 -517546734.8812225 -530786993.73077756 -534432830.29480225 -534748236.0110633

Equation: (((39823.4258027292 + 26888.71783096072) + cos(x4)) / 3.5354197905761604e6) * 73997.04915668847
Residual Differences:
-450172359.6041078 -451478618.8457475 -464432886.78135586 -465964808.5529225 -472043300.66778815 -473293443.6358368 -473967039.6591732 -483478278.75361216 -486766720.0005764 -488829362.211761 -498332135.8559783 -501876219.81589603 -505460609.9055332 -507884062.02424103 -509282210.9036824 -512472377.69983554 -517546734.88125485 -530786993.7308264 -534432830.2948461 -534748236.0111028

Equation: sin(0.018842025332663614 * cos(x4)) + (cos(x4 - x4) - (-740.3039647097945 - 654.9933637253014))
Residual Differences:
-450172359.6025446 -451478618.8441899 -464432886.78002906 -465964808.5516638 -472043300.6667453 -473293443.6349086 -473967039.6583843 -483478278.75327444 -486766720.0004944 -488829362.21195924 -498332135.8567032 -501876219.8164845 -505460609.9061305 -507884062.02480656 -509282210.90408385 -512472377.70022935 -517546734.88175184 -530786993.7315749 -534432830.29551935 -534748236.0117093

Equation: x3
Residual Differences:
-514835.8477944127 -552989.4924188438 -553022.9540450423 -561688.1296025112 -612003.5217493287 -627040.9974210473 -660400.1344603979 -662426.1644738326 -743503.1710326091 -760360.6932308516 -810352.9743356432 -858575.9024583518 -859763.458293869 -862645.8192113672 -879690.9469393685 -883513.8337610357 -888698.7461763376 -928756.8515922664 -972526.8265111161 -979103.7743916499

Equation: x3 ^ x3
Residual Differences:
-3275674695152611.0 -3600591906357937.0 -4630797419516885.0 -1.1983677184004954e+16 -2.175503398293711e+16 -2.3321439691436516e+16 -4.061016418206018e+16 -5.069195906640697e+16 -5.630874619150184e+16 -5.715674607601712e+16 -7.009868958143893e+16 -8.951203516430491e+16 -1.2264486566657365e+17 -1.4020197838591243e+17 -1.5426741841990605e+17 -3.037875306684881e+17 -4.1207646166029203e+17 -1.4367863325802752e+18 -1.7068149407264804e+18 -4.335227126255489e+18

Equation: (x3 ^ x0) * x1
Residual Differences:
-4.120602386111293e+16 -4.490426470456364e+16 -7.609748234006902e+16 -1.0500294517750242e+17 -3.1608556489442906e+17 -3.2562491855306925e+17 -5.076154118686031e+17 -6.335779520931567e+17 -7.342286473228049e+17 -1.1478050670646744e+18 -1.8198223051790582e+18 -2.2566525281524974e+18 -2.601547522444987e+18 -3.9531816890010214e+18 -5.921308065812336e+18 -7.496490360525785e+18 -1.167193541919499e+19 -1.9715152296070705e+19 -2.795040888209614e+19 -4.074210183871652e+19

Equation: x0 - -1549.6901968255277
Residual Differences:
-512892.067500012 -551055.9792958779 -551252.0642973696 -559957.380890765 -610354.3435144174 -625606.1567756283 -659621.6393557399 -661899.1233515111 -743308.3151544568 -760172.9452768555 -810264.531683197 -858575.6939753828 -859763.2745235132 -862645.5406505602 -879690.5591204361 -883513.6972517112 -888698.5554148253 -928756.8816305741 -972526.8602290984 -979104.0087440284

Equation: sin(x2) - -1554.265868730633
Residual Differences:
-512898.6095923297 -551062.6011775288 -551259.121394924 -559964.636126124 -610362.1546691448 -625614.1942204795 -659629.9778164397 -661907.692800921 -743317.2584250009 -760182.2619673304 -810274.3356691703 -858584.9216096726 -859772.3825675575 -862654.7810650574 -879699.7928910757 -883522.8061460903 -888707.7547422473 -928766.1908654099 -972536.1779386998 -979113.3471725918

Equation: (x4 - x4) - -1553.656121825557
Residual Differences:
-512900.8134640529 -551064.8360453387 -551261.2098990498 -559966.6233070637 -610364.0735873027 -625616.0057931377 -659631.6930249063 -661909.2925230865 -743318.6182202629 -760183.4883909394 -810275.3809730111 -858586.3238309452 -859773.814298203 -862656.1568121603 -879701.220061719 -883524.1837640184 -888709.1092858741 -928767.4582155304 -972537.3905981568 -979114.4620017783

Equation: (x4 / 135.40396298163185) - -1553.6264892426511
Residual Differences:
-512900.7493170327 -551064.7703637974 -551261.142647795 -559966.5553839203 -610364.0034041837 -625615.9335700219 -659631.6188616173 -661909.2174590717 -743318.5398354096 -760183.4093184964 -810275.2991689785 -858586.2423182039 -859773.7331031096 -862656.0768905842 -879701.1399505532 -883524.1046586728 -888709.0306598151 -928767.3789015 -972537.3109115356 -979114.3828882793

Equation: (x4 / (x3 + (71.41616772308204 + x4))) - -1553.6056475644664
Residual Differences:
-512900.736773965 -551064.7573896478 -551261.1290134504 -559966.5416920752 -610363.9891866843 -625615.9187106295 -659631.6036361798 -661909.2018343424 -743318.5235714869 -760183.3927991777 -810275.2818342176 -858586.2257245472 -859773.716876017 -862656.0614683932 -879701.1245109625 -883524.0901266288 -888709.0165107998 -928767.365301839 -972537.2976060458 -979114.3702326071

Equation: ((x4 + x4) / (144.34931179653202 + sin(x4))) - -1553.6001805618223
Residual Differences:
-512900.6950129261 -551064.7147804864 -551261.085672974 -559966.4977928805 -610363.9438464608 -625615.87220382 -659631.5557364583 -661909.1535018948 -743318.4727466668 -760183.3415810143 -810275.2287946169 -858586.1719847115 -859773.663021746 -862656.0079618841 -879701.0708140598 -883524.036391454 -888708.9628109006 -928767.3102462586 -972537.2417188053 -979114.3141792793

Equation: (sin(x4 / 219.54803661736938) * 3.085684994276629) - -1553.5996520972765
Residual Differences:
-512900.6916677314 -551064.7113327397 -551261.082201175 -559966.4943307649 -610363.9403154505 -625615.8686443265 -659631.5521889401 -661909.1499732838 -743318.4693626667 -760183.3382259868 -810275.2256166856 -858586.1688731883 -859773.6599461436 -862656.0048834289 -879701.0677733431 -883524.0333904534 -888708.9598245057 -928767.3074500561 -972537.2391285965 -979114.3116230881

Equation: x3
Residual Differences:
-19521548.291995764 -20070380.23106367 -20410053.284081515 -20609403.62547514 -20635883.689496934 -20779993.954344284 -20786068.39322727 -20928609.384510852 -20988667.959690433 -21195798.138904825 -21278461.506383777 -22665775.794258766 -22889663.559091017 -22896559.38305589 -23838652.394809354 -24220629.00730027 -24995001.428795103 -25019920.330562226 -25045447.718501292 -25574377.55567615

Equation: x2 ^ x2
Residual Differences:
-2.0214854727620888e+41 -2.6511681811089244e+41 -2.701576652404463e+41 -4.661500355326159e+41 -6.8274603588048455e+41 -6.995211209468782e+41 -1.9903744521963027e+42 -2.3113847697002753e+42 -5.495716267366652e+42 -1.0358959276407777e+43 -2.7203647062297814e+43 -2.783296196637353e+43 -4.363429893791055e+43 -6.613447614016733e+43 -7.916272683309293e+43 -1.0842854950689074e+44 -1.956851633317489e+44 -2.311787316195162e+44 -6.708385199038249e+44 -7.84350737585564e+44

Equation: x4 + (x2 ^ x2)
Residual Differences:
-2.0214854727620888e+41 -2.6511681811089244e+41 -2.701576652404463e+41 -4.661500355326159e+41 -6.8274603588048455e+41 -6.995211209468782e+41 -1.9903744521963027e+42 -2.3113847697002753e+42 -5.495716267366652e+42 -1.0358959276407777e+43 -2.7203647062297814e+43 -2.783296196637353e+43 -4.363429893791055e+43 -6.613447614016733e+43 -7.916272683309293e+43 -1.0842854950689074e+44 -1.956851633317489e+44 -2.311787316195162e+44 -6.708385199038249e+44 -7.84350737585564e+44

Equation: 1420.542879700665 + x4
Residual Differences:
-19519729.937711455 -20068716.12070875 -20408784.171705283 -20608235.009803027 -20634948.08704209 -20779142.968688183 -20785562.20267269 -20928165.38526358 -20988507.21238353 -21195798.489857886 -21278461.826488625 -22665775.716303974 -22889663.777975034 -22896559.718197446 -23838652.74451868 -24220629.229154278 -24995001.506376375 -25019920.495765816 -25045448.02644648 -25574377.74385524

Equation: 1425.0817335517013 + cos(x4)
Residual Differences:
-19519754.375807796 -20068740.781992376 -20408808.98296626 -20608259.9537923 -20634973.119170796 -20779168.05845258 -20785587.351046603 -20928190.597826097 -20988532.468818463 -21195823.583194014 -21278486.921432648 -22665800.868458178 -22889688.91898472 -22896584.846994758 -23838677.87841727 -24220654.362323012 -24995026.63941727 -25019945.629184138 -25045473.15952333 -25574402.878477633

Equation: x4 + (1424.4885797006648 - x4)
Residual Differences:
-19519753.579744726 -20068740.03867243 -20408808.289925586 -20608259.303261567 -20634972.514735654 -20779167.493350975 -20785586.839586277 -20928190.166923143 -20988532.111378808 -21195823.49663238 -21278486.827599727 -22665800.998011578 -22889688.99651013 -22896584.789664008 -23838677.942643147 -24220654.46321105 -24995026.79328962 -25019945.719192944 -25045473.188586958 -25574402.944751125

Equation: cos(cos(x4) / x4) + 1423.5086971766893
Residual Differences:
-19519753.592127528 -20068740.048668705 -20408808.296511088 -20608259.304085277 -20634972.510780092 -20779167.48550877 -20785586.827439923 -20928190.14886746 -20988532.089520447 -21195823.48223949 -21278486.81467236 -22665800.989051845 -22889688.990525093 -22896584.78702058 -23838677.941474877 -24220654.462761074 -24995026.793272253 -25019945.719088238 -25045473.188209362 -25574402.94396759

Equation: (cos(x4) / (x4 * x4)) + 1424.535631880966
Residual Differences:
-19519753.59200226 -20068740.045958277 -20408808.290881094 -20608259.29455594 -20634972.498507466 -20779167.47114055 -20785586.810774542 -20928190.128881853 -20988532.067160748 -21195823.45416051 -21278486.787749197 -22665800.965824824 -22889688.97087747 -22896584.77324843 -23838677.931994695 -24220654.456688624 -24995026.79163063 -25019945.72224262 -25045473.1941839 -25574402.952713825

Equation: (sin(cos(x4)) / (x4 * x4)) + 1424.5298178186172
Residual Differences:
-19519753.586832568 -20068740.041540455 -20408808.28764631 -20608259.293454964 -20634972.49922301 -20779167.473330427 -20785586.814571198 -20928190.13480122 -20988532.074371003 -21195823.457352992 -21278486.790497713 -22665800.967465624 -22889688.971800447 -22896584.77353077 -23838677.93207985 -24220654.456709232 -24995026.791631237 -25019945.72224048 -25045473.194166955 -25574402.95266273

Equation: 1424.5336398619365 + (cos(x4) / ((x4 * x4) - cos(x2)))
Residual Differences:
-19519753.586014524 -20068740.040810723 -20408808.286778998 -20608259.291875828 -20634972.496991787 -20779167.470478565 -20785586.81089367 -20928190.129982322 -20988532.06876801 -21195823.455938295 -21278486.789235733 -22665800.966764998 -22889688.97152354 -22896584.773533445 -23838677.932110474 -24220654.45674129 -24995026.79163495 -25019945.72224583 -25045473.194229472 -25574402.952798232

Equation: 1424.5320988182418 + (cos(x4) / ((x4 * x4) + (x0 / x2)))
Residual Differences:
-19519753.588908125 -20068740.0438092 -20408808.28986521 -20608259.29472753 -20634972.499851793 -20779167.47307538 -20785586.813433595 -20928190.13236829 -20988532.071143106 -21195823.456711415 -21278486.790121347 -22665800.967628434 -22889688.97225763 -22896584.774074197 -23838677.932498056 -24220654.456991475 -24995026.791697796 -25019945.72210796 -25045473.193951603 -25574402.952388834

Equation: cos(cos(x4) / (1.789887089373286 / 0.7408992882036676)) + 1423.5299522019614
Residual Differences:
-19519753.662995134 -20068740.11351024 -20408808.357043233 -20608259.363723643 -20634972.56808539 -20779167.540724326 -20785586.879087586 -20928190.19520443 -20988532.130043995 -21195823.507218752 -21278486.83868535 -22665800.987192243 -22889688.990863282 -22896584.79311351 -23838677.940595057 -24220654.461709123 -24995026.794437654 -25019945.721028093 -25045473.189335544 -25574402.947386052

Equation: x0
Residual Differences:
-121905213.75233585 -123192997.60383567 -123526029.02579378 -126322948.93181904 -127924609.2198456 -128201563.95923549 -131764094.05671385 -132350198.77620861 -133655157.71200699 -135688777.1284335 -136008718.28909314 -136074965.0675579 -136321381.099444 -142387363.577119 -144332567.0499305 -146650135.23343787 -149181705.20909923 -150344949.6814227 -150618435.3518164 -152301294.2818891

Equation: x3 ^ x3
Residual Differences:
-3.665617872465885e+66 -4.90140389609451e+66 -5.745658267898326e+66 -9.817851695615872e+66 -1.4177621680083382e+67 -1.55502399995118e+67 -2.3347990848823053e+67 -2.78410806961179e+67 -3.473966941243608e+67 -4.01546891093108e+67 -7.532136665214845e+67 -1.0647440193565058e+68 -1.1656859914349615e+68 -2.2171783124993433e+68 -4.118670928457571e+68 -1.4191558004522466e+69 -4.4722513653570454e+69 -1.1065956190076962e+70 -2.5863385257768735e+70 -4.4278417481844976e+70

Equation: (x0 ^ x2) * x1
Residual Differences:
-2.0140273599734898e+68 -2.439595637743406e+68 -3.121082340822626e+68 -4.1376965569547695e+68 -5.846060429578145e+68 -7.003968468073353e+68 -1.3054021642673444e+69 -2.388309517908228e+69 -4.499788144661469e+69 -4.824127881306373e+69 -7.608423869219522e+69 -1.6303514667454067e+70 -1.7286932955781242e+70 -2.3647233554400366e+70 -4.5441604235291613e+70 -8.972222784048869e+70 -1.6882757767863145e+71 -4.2410382025258203e+71 -5.363979724338384e+71 -8.084129532771112e+71

Equation: 1500.1658887914532 - x1
Residual Differences:
-121903269.9468042 -123191476.30845115 -123524594.38253632 -126321817.18728575 -127923575.61840129 -128200727.56078511 -131763369.3789543 -132349705.92871878 -133654681.85982049 -135688582.11947894 -136008541.92222676 -136075041.8762314 -136321457.78375468 -142387440.29239854 -144332643.81079102 -146650211.82086083 -149181781.73405826 -150345026.068568 -150618511.73292586 -152301370.54337978

Equation: sin(x2) - -1496.9504897970608
Residual Differences:
-121903232.40905415 -123191438.7503072 -123524556.73418052 -126321779.52142474 -127923537.41520923 -128200689.24923669 -131763331.00056277 -132349667.56615372 -133654643.43291901 -135688543.53698546 -136008503.246451 -136075003.38750687 -136321419.30187634 -142387401.81512073 -144332605.36141098 -146650173.4201758 -149181743.37193027 -150344987.6252101 -150618473.3553992 -152301332.1404485

Equation: (x4 - x4) - -1496.3039762915867
Residual Differences:
-121903233.31483118 -123191439.58020586 -123524557.39142524 -126321780.01501322 -127923537.76309042 -128200689.54907097 -131763331.13600428 -132349667.52679564 -133654643.23684873 -135688543.2227702 -136008502.87182698 -136075003.27777064 -136321419.23150495 -142387401.76202306 -144332605.3162744 -146650173.40735763 -149181743.40143716 -150344987.7394633 -150618473.46684533 -152301332.29465535

Equation: 1496.2505866329582 + (0.01342293964499924 * x4)
Residual Differences:
-121903232.82785343 -123191439.09085993 -123524556.89997543 -126321779.51943736 -127923537.26498955 -128200689.04897332 -131763330.63211447 -132349667.02056938 -133654642.72864291 -135688542.71118358 -136008502.35865593 -136075002.76755536 -136321418.72212496 -142387401.2501615 -144332604.80324182 -146650172.8935438 -149181742.88717535 -150344987.22552258 -150618472.9543877 -152301331.78238168

Equation: ((x4 * 1.0134229395699457) - x4) - -1496.2505866332383
Residual Differences:
-121903232.82785343 -123191439.09085993 -123524556.89997543 -126321779.51943736 -127923537.26498957 -128200689.04897332 -131763330.63211447 -132349667.02056938 -133654642.72864291 -135688542.7111836 -136008502.35865593 -136075002.76755536 -136321418.72212496 -142387401.2501615 -144332604.80324182 -146650172.8935438 -149181742.88717538 -150344987.22552258 -150618472.9543877 -152301331.78238168

Equation: (((x4 - -0.08500250623184857) - x4) * (cos(x4) / x3)) - -1496.3159386516702
Residual Differences:
-121903233.32015114 -123191439.58491406 -123524557.39567074 -126321780.01750863 -127923537.76426119 -128200689.54820402 -131763331.13369209 -132349667.52233076 -133654643.23114076 -135688543.2142371 -136008502.86113077 -136075003.26708716 -136321419.22248626 -142387401.7553344 -144332605.3106504 -146650173.4029418 -149181743.39890715 -150344987.73843962 -150618473.46808887 -152301332.297551

Equation: x0
Residual Differences:
-243824552.7647037 -249884968.70213357 -250309427.99056026 -252841075.14620143 -257304087.66642156 -264876209.01688844 -267883698.88622054 -271168286.6387457 -274412740.0117158 -275377049.5378806 -276016057.16957855 -278977899.8312193 -279633882.8758042 -280460679.5550502 -284574078.73620105 -285240881.62672335 -285755904.59954363 -294218708.8089234 -294759546.79549575 -295397097.14179116

Equation: x4 ^ x4
Residual Differences:
-2.2928266139351718e+79 -7.34206289086003e+79 -7.34247642320725e+79 -1.1817055489195803e+80 -3.039459046445739e+80 -1.102878989952407e+81 -2.081225082866531e+81 -3.4269955498035667e+81 -6.336803341905718e+81 -7.812562923129101e+81 -8.149659899537922e+81 -1.2870199885436126e+82 -1.465784909106183e+82 -1.6999918453398935e+82 -3.4103661290721996e+82 -4.134730764539732e+82 -4.6038873833895736e+82 -1.739777570649981e+83 -2.128298734142877e+83 -2.3907207866518232e+83

Equation: (x0 ^ x4) * x3
Residual Differences:
-1.0650708889793724e+81 -2.869975330726048e+81 -2.919266432862676e+81 -4.331734843392644e+81 -1.1970912140153371e+82 -3.6809881915385924e+82 -6.284760661409399e+82 -9.592219811209925e+82 -1.712203784727638e+83 -2.389314507478311e+83 -2.5103772129428625e+83 -4.5395950736186656e+83 -6.060477255454859e+83 -7.138566913791644e+83 -1.634279603148708e+84 -1.973616170264159e+84 -2.5930349688462807e+84 -8.557001341192473e+84 -1.0352331180425972e+85 -1.2042825960588058e+85

Equation: x1 / 0.0026927308361200442
Residual Differences:
-243806929.66619888 -249867308.3065125 -250291838.71381432 -252823464.65211648 -257287122.461396 -264859252.07089758 -267866919.3392741 -271151441.3912066 -274396109.2991141 -275360491.33020985 -275999623.4109301 -278961426.54658175 -279617474.4322767 -280444279.4175422 -284557728.8956477 -285224534.3554123 -285739605.158087 -294202260.0060029 -294743118.61431885 -295380672.8226323

Equation: (1417.2067422685677 + x2) - x2
Residual Differences:
-243822839.2930252 -249883274.43670976 -250307858.46011874 -252839552.26827586 -257303265.17436653 -264875451.07585046 -267883199.4291972 -271167830.601889 -274412518.35729355 -275376973.73268646 -276016101.27976376 -278977944.0485381 -279633927.179154 -280460723.81494987 -284574123.15468943 -285240925.94326204 -285755949.00362384 -294218753.2937359 -294759591.1649701 -295397141.5230335

Equation: (x1 + 1415.2852488952815) - cos(x1)
Residual Differences:
-243822790.71706903 -249883225.7089906 -250307809.60790026 -252839503.29256868 -257303216.10024723 -264875401.90981475 -267883150.16135308 -271167781.22363985 -274412468.9643447 -275376924.286225 -276016057.27939904 -278977900.0369243 -279633883.1850024 -280460679.8233014 -284574079.17079574 -285240881.9601943 -285755905.02132285 -294218709.2940984 -294759547.15771884 -295397097.50310487

Equation: (x3 - -35459.516398349246) / 24.977001514335324
Residual Differences:
-243822832.30980957 -249883267.44819725 -250307851.4630442 -252839545.2681819 -257303258.1628004 -264875444.05677453 -267883192.40295336 -271167823.5705655 -274412511.31358594 -275376966.68443924 -276016099.4969357 -278977942.26813245 -279633925.398779 -280460722.031463 -284574121.37480605 -285240924.16449296 -285755947.2223858 -294218751.513419 -294759589.3862984 -295397139.7492515

Equation: (x3 + (50085.2779149944 + x4)) / 35.28075371339291
Residual Differences:
-243822831.60486042 -249883266.73490152 -250307850.7478185 -252839544.5505321 -257303257.43884408 -264875443.3239474 -267883191.66541594 -271167822.8303441 -274412510.56923646 -275376965.93895024 -276016098.75476676 -278977941.5274057 -279633924.6577422 -280460721.29429305 -284574120.63604105 -285240923.4276137 -285755946.48871106 -294218750.7725537 -294759588.6467052 -295397139.0108452

Equation: (58976.22367514993 - -34284.21778030187) / 65.6835879337737
Residual Differences:
-243822834.01871586 -249883269.16240045 -250307853.18580943 -252839546.99396655 -257303259.9000572 -264875445.80154115 -267883194.15488788 -271167825.3275797 -274412513.08298427 -275376968.4583772 -276016101.2797638 -278977944.0485381 -279633927.179154 -280460723.81494987 -284574123.15468943 -285240925.94326204 -285755949.0036239 -294218753.2937359 -294759591.1649701 -295397141.5230335

Equation: 1419.840456754613 - ((0.025429788265386093 / x1) * sin(sin(x1)))
Residual Differences:
-243822834.02630773 -249883269.1688677 -250307853.191386 -252839546.99903753 -257303259.90449494 -264875445.8053093 -267883194.15819383 -271167825.3302819 -274412513.08563226 -275376968.46071345 -276016101.2838426 -278977944.05267966 -279633927.18340456 -280460723.8192101 -284574123.1589357 -285240925.9474876 -285755949.00775176 -294218753.2978315 -294759591.16892785 -295397141.5268593

Equation: (cos(x4) + (42123.607355309665 - -31156.284596562113)) / 51.61081881246959
Residual Differences:
-243822834.0340778 -249883269.17624503 -250307853.19942525 -252839547.0065643 -257303259.90961298 -264875445.8061665 -267883194.15624288 -271167825.326602 -274412513.0778582 -275376968.45183593 -276016101.2697346 -278977944.03938955 -279633927.1697591 -280460723.8073248 -284574123.1465921 -285240925.9366467 -285755948.9987089 -294218753.284456 -294759591.15699136 -295397141.51688015

Equation: x2
Residual Differences:
-50484694.27559009 -50696380.13564825 -50851894.06189521 -52704120.485336766 -52779886.31141974 -52801950.475060545 -53802962.47632749 -54442837.0682914 -55023306.86121348 -55135580.528285034 -59321443.09351879 -60142347.909983635 -60263204.04417659 -60542954.77773076 -61764577.77722654 -62623770.070733875 -63746931.14583763 -64449904.49324356 -65008339.96658107 -65776858.3989509

Equation: x2 ^ x2
Residual Differences:
-6.011823695471835e+53 -2.2343908546985393e+54 -4.773671621820847e+54 -5.537509136221781e+54 -1.1321840587453292e+55 -1.415717322448606e+55 -1.5593326278576665e+55 -1.815208210849335e+55 -5.748157921722433e+55 -5.892813015704452e+55 -9.267907402867068e+55 -9.347744800384766e+55 -1.0163417683518337e+56 -1.0360497766160832e+56 -1.1767455892402055e+56 -2.070085752128414e+56 -3.134081699351137e+56 -4.847277388682301e+56 -6.123746761315998e+56 -7.935047205189169e+56

Equation: x2 + (x2 ^ x2)
Residual Differences:
-6.011823695471835e+53 -2.2343908546985393e+54 -4.773671621820847e+54 -5.537509136221781e+54 -1.1321840587453292e+55 -1.415717322448606e+55 -1.5593326278576665e+55 -1.815208210849335e+55 -5.748157921722433e+55 -5.892813015704452e+55 -9.267907402867068e+55 -9.347744800384766e+55 -1.0163417683518337e+56 -1.0360497766160832e+56 -1.1767455892402055e+56 -2.070085752128414e+56 -3.134081699351137e+56 -4.847277388682301e+56 -6.123746761315998e+56 -7.935047205189169e+56

Equation: x0 ^ (x2 - cos(x1))
Residual Differences:
-1.4148504387484562e+55 -4.5757946850835123e+55 -8.629686526284435e+55 -1.1315462713151977e+56 -1.8164902106321677e+56 -2.1309850219991635e+56 -2.226179293853429e+56 -1.5196624356833655e+56 -4.5899390096440075e+56 -6.422535526942653e+56 -3.950586018666527e+56 -3.6883192360981185e+56 -3.21156701427863e+56 -3.212615430010135e+56 -2.4000055153010067e+56 -1.5122688175646022e+56 -1.3420872306493118e+56 -1.8049183066448234e+56 -1.900341374685854e+56 -2.2377019904700595e+56

Equation: 970.6843968547661 - sin(x2)
Residual Differences:
-50483927.085922636 -50695656.95711282 -50851370.961693056 -52703718.07788051 -52779495.20105864 -52801595.39085933 -53802846.61638669 -54442868.63114354 -55023338.55509062 -55135612.21594416 -59321474.799179025 -60142379.59182876 -60263235.669153064 -60542986.36455662 -61764609.30980367 -62623801.677998595 -63746962.76114108 -64449936.083643824 -65008371.527552 -65776889.91443461

Equation: 1513.894279649714 - (x3 * x3)
Residual Differences:
-50484043.55105538 -50695783.003499866 -50851501.90175439 -52703856.04194099 -52779643.19019308 -52801755.292088956 -53803008.20289347 -54443554.37920418 -55024069.19429796 -55136553.58025442 -59322705.34887923 -60143619.95572818 -60264487.76934074 -60544253.282037236 -61765879.111788265 -62625070.81397785 -63748243.24200964 -64451228.82455461 -65009666.93964891 -65778187.45612785

Equation: 1234.5725500560268 - -263.16164030181227
Residual Differences:
-50482873.20832574 -50694603.47565873 -50850317.6791076 -52702664.86596411 -52778442.235925086 -52800542.5399636 -53801793.86666618 -54442339.043161385 -55022851.57086585 -55135329.735964224 -59321474.97522038 -60142379.73575693 -60263235.74980428 -60542986.419748776 -61764609.33472478 -62623801.696402065 -63746962.75948824 -64449936.06437298 -65008371.5043007 -65776889.893463254

Equation: 1497.7332609108728 - (x0 * -0.0002338566368129053)
Residual Differences:
-50482873.20139894 -50694603.46868937 -50850317.672091514 -52702664.85889396 -52778442.2288303 -52800542.532830246 -53801793.859513685 -54442339.0359682 -55022851.56359419 -55135329.728594914 -59321474.967848875 -60142379.728363134 -60263235.74242474 -60542986.41238333 -61764609.32738002 -62623801.689081214 -63746962.75216214 -64449936.05704835 -65008371.49698348 -65776889.88615467

Equation: ((x3 - -1.9776026952202802e6) - x2) / 1320.3962819234184
Residual Differences:
-50482873.208527535 -50694603.47599315 -50850317.6795092 -52702664.86630125 -52778442.23627603 -52800542.54026028 -53801793.86695881 -54442339.04351294 -55022851.571347095 -55135329.73637624 -59321474.975718245 -60142379.73611899 -60263235.750014246 -60542986.41985212 -61764609.33481008 -62623801.69662604 -63746962.7595932 -64449936.064421386 -65008371.50432147 -65776889.89354985

Equation: (1234.5986332124276 + (-0.20202745816927076 / x4)) - -263.1877117477229
Residual Differences:
-50482873.177024506 -50694603.440942615 -50850317.64301922 -52702664.82821772 -52778442.19602652 -52800542.49769961 -53801793.824063204 -54442338.99809841 -55022851.52432164 -55135329.68835616 -59321474.930420734 -60142379.69268152 -60263235.70747888 -60542986.37883223 -61764609.29525032 -62623801.65781514 -63746962.721793324 -64449936.027424246 -65008371.468500994 -65776889.85813996

Equation: ((0.013921924607758512 * x4) + 1498.4983752593994) - cos(cos(cos(-60.10742121786132)))
Residual Differences:
-50482872.79660314 -50694603.06138642 -50850317.26380743 -52702664.4457458 -52778441.81398646 -52800542.115885265 -53801793.44012384 -54442338.61312545 -55022851.13832022 -55135329.30228378 -59321474.53429774 -60142379.29561644 -60263235.31029004 -60542985.98175135 -61764608.896362595 -62623801.2579812 -63746962.32040151 -64449935.625241086 -65008371.06617029 -65776889.4550355

Equation: ((0.02064461583938214 * cos(x4)) + 309.30230323570066) - (5.337243346080159 * -222.66990385764686)
Residual Differences:
-50482873.22624796 -50694603.493776344 -50850317.697137766 -52702664.88317897 -52778442.25252261 -52800542.55541402 -53801793.88089743 -54442339.054837815 -55022851.58037904 -55135329.74429194 -59321474.970829666 -60142379.732094035 -60263235.74690923 -60542986.41887533 -61764609.33328231 -62623801.694852576 -63746962.75694478 -64449936.06177606 -65008371.50319592 -65776889.891951725

Equation: (415.63577543835254 - (-136.83698907964376 * 7.908022515071903)) - (sin(65.99409181257923) * cos(x4))
Residual Differences:
-50482873.22624796 -50694603.49377635 -50850317.697137766 -52702664.88317897 -52778442.25252262 -52800542.55541403 -53801793.88089744 -54442339.054837815 -55022851.58037904 -55135329.74429194 -59321474.97082966 -60142379.732094035 -60263235.74690923 -60542986.41887533 -61764609.33328231 -62623801.694852576 -63746962.756944776 -64449936.06177605 -65008371.50319593 -65776889.891951725

