Complexity,Loss,Equation
1,0.40960725493093414,"-0.640005667853631"
2,1.5003112863768947e-21,"cube(x5)"
3,1.4827164413775028e-21,"sin(cube(x4))"
