Complexity,Loss,Equation
1,2.0406933593935851e-10,"x4"
2,9.38158226522616e-24,"cube(x4)"
