Complexity,Loss,Equation
1,0.7460348995398323,"0.8637331182510596"
2,9.084351430055339e-27,"sin(1.3721013010541605e-11)"
