Complexity,Loss,Equation
2,9.477169388862728e-23,"log(x3)"
3,9.469196092781088e-23,"cube(square(x0))"
