Complexity,Loss,Equation
1,6.399999965939891e-5,"x0"
2,2.6212220198325943e-13,"cube(x0)"
3,4.420684654314104e-22,"cube(square(x0))"
