Complexity,Loss,Equation
1,0.0025000000000758122,"x1"
2,1.1637807825804624e-20,"cube(0.0004749242049091027)"
3,5.809311567296733e-25,"cube(square(x0))"
4,5.747041975906117e-25,"cube(square(sin(0.0006468031422361963)))"
5,5.747040870188981e-25,"cube(square(0.0006468031422361963)) * x0"
6,5.747040865748342e-25,"exp((-0.8636051224512605 - x2) - -1.5528429199945282)"
