Complexity,Loss,Equation
1,1.5239572489110154,"1.234486633783461"
2,9.358490064382613e-15,"cube(-0.004590074530234393)"
3,1.0072558144290362e-21,"cube(square(x0))"
