beta,gamma1,gamma2,frac,lambda1,lambda2,delta,epsilon
1e-06,1.04430777761713,0,0.92,0.05,0.05,1.13620938048944,1.93257625039277
1e-06,1.04430777761713,0,0.92,0.05,0.05,1.13620938048944,1.38069563925469
1e-06,1.04430777761713,0,0.92,0.05,0.05,1.24516488594486,1.93257625039277
1e-06,1.04430777761713,0,0.92,0.05,0.05,1.24516488594486,1.38069563925469
1e-06,1.95969498195676,0,0.92,0.05,0.05,1.13620938048944,1.93257625039277
1e-06,1.95969498195676,0,0.92,0.05,0.05,1.13620938048944,1.38069563925469
1e-06,1.95969498195676,0,0.92,0.05,0.05,1.24516488594486,1.93257625039277
1e-06,1.95969498195676,0,0.92,0.05,0.05,1.24516488594486,1.38069563925469
