Equation: x3
Residuals:
602.3161 617.1410999999999 726.145 849.443 888.8607000000001 926.5606 1140.4553999999998 1147.3857 1148.8854999999999 1252.6751 1261.3605 1436.4476 1557.7071999999998 1792.5727 2397.487 2683.881 3138.0212 3155.5155000000004 3159.9986 3785.3603999999996

Equation: x3 ^ x3
Residuals:
577.6388519297576 591.34060652695 683.9741738690973 786.8337626090256 806.1336734086104 798.2065768589994 899.423817976402 846.4686498889084 786.5483862375817 617.6340565176495 599.6490637417479 586.6042869904454 704.866712690034 878.5970658872154 1461.3566435652442 1746.5693815302216 2157.6399108923565 1817.3372362861035 908.4145876784578 871.641606400402

Equation: (x3 ^ x0) * x2
Residuals:
515.0577933270644 505.9425971661017 548.3496697874402 507.6251452556703 493.91151217503483 425.97842323917536 473.10674288999644 356.5856195838028 268.17315917623955 7.99748300832789 253.52350458175147 286.5013819787889 376.96149982321003 409.5611895652032 493.47478647876505 462.9916806525839 151.38484032980705 2289.9375449460385 9233.800872472575 10721.732991553426

Equation: x0 + 1627.6378881001742
Residuals:
1025.3759881001743 1010.7240881001742 901.6909881001742 778.5752881001742 739.0394881001741 701.1783881001743 487.0246881001742 480.05398810017414 478.4863881001743 374.5514881001741 365.9055881001741 190.7326881001743 69.52858810017437 165.3044118998257 770.0675118998258 1056.4390118998256 1510.589711899826 1527.973211899826 1532.3003118998258 2157.7256118998257

Equation: sin(x0) + 1632.3401485891525
Residuals:
1027.0873698404082 1012.0512073626544 902.6567079777952 778.8773448775864 739.3397502530197 701.4339841310921 487.27264072603657 480.21201805604414 478.6299745742808 374.55511447531194 365.8163236985713 190.6204113953272 69.32503807423518 165.6013529840941 770.5992723856225 1057.0024758584404 1511.163135636429 1528.8382327023737 1533.5083757324478 2158.9608742143964

Equation: (x4 / x4) + 1630.6420006002272
Residuals:
1026.3139006002273 1011.4697006002273 902.2538006002272 778.7859006002273 739.2491006002272 701.3630006002272 487.2050006002273 480.1832006002271 478.6073006002273 374.5905006002272 365.88860060022716 190.70160060022727 69.4406006002273 165.45239939977273 770.3761993997728 1056.7706993997726 1510.928699399773 1528.545599399773 1533.2311993997728 2158.6921993997726

Equation: 1631.4839991893261 - (sin(x4) / x4)
Residuals:
1026.1408504663498 1011.3365073644197 902.1753833142501 778.7316566157315 739.2025629080249 701.3249321082399 487.1780583571649 480.1568124315618 478.584901206023 374.58705329582335 365.89690253377967 190.74821682465267 69.48782503954635 165.39890207996086 770.3174996069199 1056.7148157283436 1510.8813201061846 1528.4993292361403 1533.1885977428265 2158.6563889680883

Equation: 1631.8304004901909 - (cos(sin(x4)) / x0)
Residuals:
1026.1765175850958 1011.3521904287306 902.1622911812661 778.7280287406879 739.1943048773528 701.3134314821327 487.1610585627941 480.14260412158274 478.56926925365724 374.5681445868345 365.8771419412053 190.72666165446662 69.46870096369821 165.41323977743787 770.3152205645126 1056.7070758948794 1510.8661177961521 1528.4769800408453 1533.1552175364561 2158.618378402863

Equation: 1631.3349856737602 + (x4 * 0.07551388796864447)
Residuals:
1026.240601157023 1011.40596121524 902.2048166289491 778.7443094385812 739.2100240510506 701.3267935787933 487.1727580579118 480.15116194540906 478.57674956900223 374.56757647168706 365.87100775217755 190.70870834493212 69.44831245603609 165.43718901488865 770.3385840443284 1056.7249511985942 1510.8707255001323 1528.486409726536 1533.1682944432478 2158.623283537765

Equation: 1631.6940931944298 + (cos(x4) * 0.10141087611671917)
Residuals:
1026.2646923735879 1011.4207067196187 902.2083040374679 778.7435668645123 739.2080505614742 701.3235415225656 487.1679565126756 480.14628741299725 478.57136207744225 374.56008697222524 365.8625519894822 190.7004633715353 69.44015560941216 165.44398636620576 770.3391199565119 1056.7227522375383 1510.8643649009032 1528.479645782282 1533.1603219595208 2158.61345720597

Equation: (cos(x4) / (5.909041719269429 + x0)) + 1631.694156327003
Residuals:
1026.2547596299437 1011.4131247662735 902.2030387510464 778.7420890755259 739.2066034763127 701.3223593135663 487.16684707038985 480.14565067115996 478.57080820239344 374.56026095645257 365.8631601861921 190.700972750456 69.44095558393019 165.44305379446428 770.3385266607845 1056.7225337383081 1510.864768972818 1528.4804084073558 1533.1619619401358 2158.615889756082

Equation: (cos(x4) / (x4 + (x0 / 0.6317891203054325))) + 1631.6943226610963
Residuals:
1026.2405445765592 1011.4030609403674 902.1975572263781 778.7404078511202 739.2052898860886 701.3215929127975 487.1666238229384 480.14573143179246 478.571112043943 374.5617729944563 365.86535963114784 190.70415443117008 69.44425416297963 165.43981494049876 770.3368748051209 1056.7219213619708 1510.8660665157124 1528.4819749823703 1533.1643032082682 2158.6194204449084

Equation: 1631.6517372684784 + (-0.05774347595976082 * cos(x4 / 0.5363958663835035))
Residuals:
1026.2733322325619 1011.4238977013317 902.206012736497 778.7399800046771 739.204241483835 701.319609485209 487.1640743437929 480.14241444171375 478.5675751510171 374.5572267192854 365.8607551183661 190.70563641542435 69.44549401716245 165.4368319041523 770.3313204296978 1056.7173884819217 1510.8660950565127 1528.4823219255306 1533.1661661482524 2158.62531491394

Equation: (sin(-0.05946974488178767) * cos(x4 / 0.539616919392255)) + 1631.653542787356
Residuals:
1026.2746999211474 1011.4246962189209 902.205979673908 778.7395801330549 739.2037277245342 701.3189735200101 487.1632843752236 480.1416170463981 478.56672509347095 374.5561515618624 365.85957110638356 190.70454436061482 69.44441714306663 165.43766917114704 770.3309263934398 1056.7163937998985 1510.8641048961772 1528.4802291917795 1533.1637583485415 2158.622397344432

Equation: ((0.19424844749091058 * cos(x4)) + 1631.7035662384658) + ((0.07486249630515864 * cos(x4)) / cos(x4 + -0.6665422772704787))
Residuals:
1026.2803044390846 1011.4272373064141 902.2063646518158 778.7394110212515 739.2034042032301 701.3184863296331 487.16258603598226 480.1409082013233 478.5659404611249 374.5550003850269 365.858191916089 190.70306302099948 69.44296759538656 165.43853336872144 770.3281632897258 1056.7123653288074 1510.861101682473 1528.4777438871047 1533.1636686563845 2158.6300311412942

Equation: x3
Residuals:
660.6752 777.2668 797.1145 968.4398 981.054 1008.7455 1093.0468999999998 1337.2861 1377.7327 1413.7231 1486.2411 1816.2441000000001 1901.3102 2071.0851000000002 2130.6647 2206.5431 2456.2801999999997 2778.2892 2956.6672999999996 3469.0399

Equation: x0 ^ x0
Residuals:
628.6740836909389 744.462697250526 753.8230331348591 924.1369640217173 917.3189258313863 943.7089056025869 1019.6952368991816 1189.2682356459877 1197.1820344692037 1096.4839045559193 1163.3351503635358 1370.08010328034 1239.0453923931727 1217.301944368422 1108.9430092802588 1066.0743476643665 904.8976512086738 1223.0162830581387 651.1435600583154 1122.6082741618702

Equation: x1 * (x2 ^ x0)
Residuals:
568.7202037735931 633.9187733734861 620.8693724642116 775.8288492883771 729.7250074740921 745.0660956231565 773.7993035442437 814.7809943186721 764.9413148205886 534.6495194861839 482.26829298075927 414.6488792032537 119.41672707695125 1042.9661291726502 1933.7241383963592 2497.0343686505666 3914.680569928185 4142.496897929423 6354.345517644989 6810.148985938569

Equation: 1664.6063226740787 + x4
Residuals:
1003.7038226740787 887.2210226740787 867.3531226740788 696.0029226740787 683.7531226740788 655.9190226740786 571.6243226740787 327.64092267407887 287.1905226740787 251.20652267407877 178.58642267407868 151.38637732592133 236.56137732592128 406.22687732592135 465.9860773259213 541.8699773259211 791.6445773259211 1113.5802773259213 1291.8309773259211 1804.1673773259213

Equation: cos(x4) + 1669.4703301118875
Residuals:
1004.5209308206257 887.853030434548 867.9750542166887 696.5676726413676 684.0594333316516 656.2132002864821 571.9142007623284 327.84161764169676 287.3837474138927 251.39240755769765 178.7707734482119 151.2156321070463 236.39918597218434 406.0721685212982 465.83340559005 541.7174838679741 791.4922315346773 1113.4286588676944 1291.6800523643162 1804.019478149497

Equation: 1669.470219139564 + sin(cos(x4))
Residuals:
1004.6774708459326 888.0093882023604 868.1309001635914 696.7193599998279 684.1536508855453 656.3024304864832 572.0015934967555 327.8806976029862 287.41766278119394 251.42102227409032 178.79824996113348 151.19876323281665 236.3895366266554 406.06929576794573 465.83248115283345 541.7167329692131 791.4916248288855 1113.4287698392147 1291.680847912166 1804.0231635021773

Equation: -86.3400178062647 * -19.335890794474317
Residuals:
1005.5076554949022 888.8393554949022 868.9602554949022 697.5436554949022 684.8871554949022 657.0255554949022 572.7207554949023 328.45365549490225 287.9668554949021 251.94265549490228 179.3134554949022 150.75604450509786 236.01904450509778 405.81944450509786 465.65864450509775 541.5536445050977 791.3386445050976 1113.436144505098 1291.8494445050976 1804.3068445050978

Equation: 1669.4006972691207 + (x4 / 67.98269572712144)
Residuals:
1005.4920763367624 888.8265049723074 868.9475697201137 697.5319464392521 684.8814288439752 657.0202333586785 572.7155819258971 328.4526550466737 287.9663904770448 251.94278180399328 179.313715661586 150.7543619176206 236.01606747056962 405.8144831420791 465.6525063720326 541.5473430951888 791.3321901150825 1113.427310097664 1291.8382183125448 1804.29383844785

Equation: (cos(x4) / 49.95403249117608) + 1669.4704368402906
Residuals:
1005.4970005260114 888.8287085256442 868.949631021969 697.5332155601177 684.879683502502 657.0183911244108 572.7137072406792 328.45050115814024 287.9642802860053 251.94073809363726 179.31168955068938 150.75614703115207 236.01755664633401 405.8154059523356 465.65304525888655 541.5478266234425 791.3326213880932 1113.4268969703849 1291.8369558606023 1804.2919942051178

Equation: 1669.470731775158 + (sin(cos(x4)) / 43.38028387811117)
Residuals:
1005.4978854680663 888.8295904785551 868.950504585453 697.5340212245292 684.8796141312047 657.0182534012142 572.7135447563167 328.4498150456084 287.96356287923413 251.93999817920098 179.3109463499011 150.75688268809563 236.01821772420635 405.8158367175388 465.65328443266844 541.5480366661104 791.3328036537962 1113.4266071590912 1291.8361906797911 1804.2909377600845

Equation: x3
Residuals:
517.5137 619.6182 646.1321 831.1740000000001 1002.486 1073.3876 1079.3992 1276.5158999999999 1288.0393 1431.6703 1788.4057 1803.4809 2122.0211 2146.4302000000002 2209.9253 2212.0403 2331.8789 2438.7751000000003 2523.8293 3174.5452999999998

Equation: x0 ^ x0
Residuals:
478.5023452327236 571.3882446228937 579.9837872269711 763.8414411720645 904.1010828289484 959.7597713408906 950.3962452497285 1119.1016404808515 1116.596025211664 1097.3805501969443 1348.2940555650612 1355.7437780923597 1096.2076395712932 1115.635305017969 1156.7176447652691 778.798848430906 813.0109231745619 857.1964343908248 185.5199703516173 346.1642552995245

Equation: x2 * (x4 ^ x1)
Residuals:
419.23624009881337 507.9847740510943 486.37029944617615 638.3344714970038 761.8541426993543 756.2285980272518 663.3804994199475 691.4385064208409 660.2527852187876 672.2979153823786 544.6900741588561 515.4129665351948 630.8499063401734 79.20700596387132 431.88865794146705 769.806421195784 1245.046437900775 1474.5543196889944 3981.0390962639626 7004.413334752859

Equation: x3 - -1488.7751530304663
Residuals:
971.2614530304663 869.1569530304663 842.6430530304664 657.6011530304662 486.2891530304663 415.3875530304663 409.37595303046623 212.25925303046643 200.7358530304664 57.1048530304663 299.6305469695337 314.7057469695337 633.2459469695336 657.6550469695337 721.1501469695338 723.2651469695338 843.1037469695339 949.9999469695338 1035.0541469695338 1685.7701469695337

Equation: 1493.2933193568274 + sin(x3)
Residuals:
972.5248422375919 870.2649172332314 843.634609951199 658.3933423088332 486.9883405026468 415.71239251462 409.69763402328704 212.54795284652096 201.0011236345042 57.29709034361372 299.52817718098254 315.0304635278251 633.869441633833 658.5765315664914 722.3717939416922 724.4875713758706 844.3818364971294 951.3028396909694 1036.4624539381875 1687.191139121926

Equation: 1491.8380136464232 + cos(cos(x2))
Residuals:
971.6668045037538 869.4842461548627 842.9392355927931 657.807477312933 486.45717097313957 415.3924352698448 409.4220986722696 212.28937032982753 200.75777649051702 57.17367975871775 299.5785448101785 314.8750890264607 633.5480431434682 658.1592215777212 721.8716987803516 723.9664345384429 843.8418630557505 950.7681316982566 1035.956558865708 1686.7019391001436

Equation: -767.6209743533536 + 2260.2478606560294
Residuals:
971.9149863026757 869.7325863026757 843.1600863026757 658.0169863026757 486.65728630267574 415.55898630267575 409.5456863026757 212.4111863026758 200.87508630267575 57.20418630267568 299.58101369732435 314.9067136973242 633.6419136973241 658.2724136973243 722.0386136973243 724.1544136973243 844.0521136973243 950.9759136973244 1036.1584136973242 1686.8913136973242

Equation: (sin(x1) / (x3 ^ x4)) + 1492.6312449309187
Residuals:
971.9214001061607 869.7380611977252 843.1628311579685 658.0175435121738 486.65809276213815 415.56079939546817 409.5463259780702 212.41037855584955 200.8746021876359 57.20465667865915 299.57887659462244 314.90402089199415 633.6389119044029 658.2692812380278 722.0350496945377 724.1508550814117 844.0485187160737 950.9722272575129 1036.154663819874 1686.8873060762285

Equation: 1492.6318126388594 + (sin(sin(x1)) / (x4 ^ x4))
Residuals:
971.9221349677432 869.7387016620477 843.1633696078787 658.0176720810874 486.65865587451196 415.5613898717436 409.5470671842975 212.41136007035448 200.87572942363454 57.20599525845091 299.57726841903286 314.9029370217261 633.638083451395 658.2686394603836 722.0345518908641 724.150340819376 844.0480285273279 950.9717021215793 1036.1541920600732 1686.8866872296733

Equation: (3.857314410640918 - -1488.8192122947419) - (0.1955020731104439 / x4)
Residuals:
971.9019255914923 869.7213586605775 843.1507588363141 658.0076659498758 486.650587673911 415.55541003741587 409.5424082143936 212.40811936333853 200.87271625735002 57.203628463429595 299.5766724449743 314.9022395353727 633.6370680139623 658.2672409559639 722.0322844165098 724.1479600389921 844.0455193067075 950.9687146963868 1036.1510367027001 1686.8811025492228

Equation: (1492.6691490894066 - (0.18998880350627412 / x4)) - (-0.001468312097142612 * x3)
Residuals:
971.9010121383224 869.7205078953294 843.1499405281189 658.0069960342583 486.6499138626724 415.554936990741 409.5419292550889 212.4076605854691 200.8722564742368 57.20317616072748 299.5771897829022 314.90239280924675 633.6369454440921 658.266802525017 722.0314805412233 724.147158496573 844.0446349557737 950.9678068703938 1036.1499455117885 1686.8800664685757

Equation: x2
Residuals:
498.38939999999997 515.7524999999999 533.3632 537.3286999999999 620.4960000000001 621.1419999999999 762.3152 879.0305999999999 896.6554 939.5474 940.9604 964.1812 966.9285000000001 971.1768 1305.4455 1410.5148 1464.718 2350.5537 2426.6717000000003 2517.4100999999996

Equation: x0 ^ x2
Residuals:
473.5906117465345 477.72458283206765 452.3863945135695 401.8697095528137 462.8782326848327 418.29758984195115 551.8106749073289 625.4390520790269 583.8397037115899 585.0626091668985 505.09438132381234 504.7256471190786 431.0802480635516 411.5101241183984 658.8813944312637 585.3082842140965 413.6344961972534 708.5818026258396 283.5218341462728 102.43247256834047

Equation: (x4 ^ x0) * x1
Residuals:
418.18065221175914 422.59063239655603 373.85810450603924 353.8907826552899 402.4051260285302 345.3710668944251 463.0002231145362 473.6264479475282 434.9070690409868 394.92955258708673 264.88694774460555 55.22016154267078 175.57226770082377 334.21204029033004 246.25777395099203 1158.389562599817 1409.3308869604036 1805.5231221961417 3974.437409134513 7041.6938899982215

Equation: x4 + 953.5816227126678
Residuals:
455.18602271266786 437.5635227126678 419.7632227126677 415.4866227126679 332.31922271266774 331.60912271266784 190.44002271266777 73.78752271266785 56.09062271266782 13.174022712667806 11.741322712667738 11.288977287332159 14.006677287332309 18.220577287332162 352.4440772873322 457.3024772873322 511.61187728733216 1397.4593772873322 1473.5082772873325 1564.088877287332

Equation: 957.9530443436516 + cos(x4)
Residuals:
455.55067176917714 437.91628711886824 420.05124528052283 415.7421667197573 332.4903743547071 331.74331104409623 190.55519018718678 73.83776019584366 56.09928033171104 13.156603165124011 11.719486207011187 11.444749078880022 14.18420060959852 18.415782174877677 352.69101558700606 457.61553942137164 511.92723747847515 1397.795220467609 1473.847416054333 1564.4298444331903

Equation: (x0 - x0) + 957.1197164626126
Residuals:
455.7093164626126 438.0762164626126 420.21631646261255 415.9085164626126 332.65521646261254 331.9049164626126 190.71441646261258 73.98461646261262 56.23411646261263 13.281916462612571 11.843016462612582 11.40808353738737 14.170383537387465 18.423383537387394 352.78238353738743 457.92278353738743 512.2479835373874 1398.3198835373876 1474.4601835373876 1565.2524835373872

Equation: 956.9636595970431 - (-0.04410761179737721 * x4)
Residuals:
455.68623522508983 438.05360276577494 420.1963315794379 415.88990773692615 332.64039658077945 331.89186970677383 190.70231360966625 73.97592312805818 56.227787296050565 13.277157527030454 11.83853099422356 11.402830045091491 14.16316284560537 18.414438237984086 352.7674616565855 457.89542331005873 512.2199264097923 1398.281928661705 1474.418197225987 1565.201159644569

Equation: (sin(-0.13838991924654795) * cos(sin(x4))) + 957.24175271865
Residuals:
455.6945055704948 438.06123009463136 420.2006247233105 415.89264857368494 332.63955625154495 331.8897006984646 190.69952616711316 73.97140175868492 56.22250341509164 13.271553902963205 11.832886244673432 11.407564421192546 14.167275231269514 18.41792569218819 352.76843632311056 457.89174617828985 512.2160923853887 1398.2779582147439 1474.4155170014426 1565.204987862785

Equation: x3
Residuals:
499.5679 640.4278999999999 641.4548 802.0431 901.9138 923.6844 983.5578999999999 1009.1391 1024.7526 1124.5569 1260.9896999999999 1306.0661 1387.2792 1393.6643 1424.2686999999999 1525.6939 1706.0211 2562.5884 2657.3752999999997 3295.528

Equation: x2 ^ x3
Residuals:
462.63158923692106 598.3635816377673 591.1676688324414 747.0705312741653 830.738339059396 806.4157122309894 818.128157617876 782.677323548083 663.9683744363813 664.478612041078 777.3786902335354 680.1992819754134 651.3571947670233 612.6658823735327 529.4703095985561 494.93241906120966 572.0979832217174 1008.0454220897216 544.5238733124611 537.402191289983

Equation: 1341.9320893818203 - x0
Residuals:
835.8927893818204 694.6439893818203 693.5593893818203 532.7273893818203 432.7414893818202 410.6350893818203 350.5223893818203 324.76988938182024 308.6486893818203 208.59958938182035 72.14008938182042 26.90468938182039 54.38551061817975 60.870010618179776 91.6665106181797 193.20831061817967 373.60841061817973 1230.2497106181797 1325.1653106181795 1963.4957106181794

Equation: 1338.4726304225833 + sin(x0)
Residuals:
835.575035482206 694.3364857997417 693.252553521376 532.4435025359126 432.4704447909246 410.3644867831367 350.27844634272117 324.57992406049664 308.54401957094524 208.59319059249924 72.14858137086048 26.959078151926633 54.31055154342562 60.739850455414626 91.42510242593494 192.92995431233044 373.31768104255616 1229.9402568528205 1324.8252762119466 1962.9482765219725

Equation: 1337.697433131805 + (x2 - x2)
Residuals:
834.887433131805 693.948133131805 692.8719331318049 532.226333131805 432.3081331318049 410.2038331318049 350.19953313180497 324.6056331318049 308.663633131805 208.77163313180495 72.33313313180497 27.159033131805018 54.105166868195056 60.52366686819505 91.20036686819503 192.70546686819512 373.093566868195 1229.7169668681952 1324.603966868195 1962.7572668681948

Equation: cos(cos(x4) / x4) + 1336.7248760194718
Residuals:
834.8619844925934 693.9231622309337 692.851257386454 532.2059708946006 432.28808885401486 410.1850644772396 350.18187061465244 324.59793476672564 308.66389681979035 208.77205149751626 72.33678609362278 27.163446807620858 54.099006337940864 60.50835333005216 91.18360572062556 192.68660697263908 373.07360812787965 1229.6896587463486 1324.5765418075482 1962.730639433768

Equation: (0.05164811253297935 * x4) + 1337.5030267310244
Residuals:
834.8504191891575 693.9120953384843 692.8430176132025 532.1978669517816 432.28011629036064 410.17756199656424 350.1747133085265 324.59248061714754 308.659193653732 208.76736409250339 72.33246913075823 27.1592316542376 54.10295923418494 60.50980225518629 91.18436402332736 192.68611206082414 373.0723010806603 1229.6719222896504 1324.5535250618902 1962.6979725754022

Equation: (sin(cos(x4)) / (x4 * x4)) + 1337.7488275428384
Residuals:
834.8484754848516 693.9101934257565 692.8414711885833 532.1963444692242 432.2786178153199 410.1761572020762 350.1733866280889 324.5917882304328 308.6590331463565 208.76721504187753 72.33257437267184 27.15940128766374 54.10263409244112 60.50843857269024 91.18279386029894 192.68421941054794 373.0702290047045 1229.6691102154828 1324.551313083676 1962.6977042951794

Equation: 1336.7421994359393 + cos(cos(x4) / -2.5721789090043514)
Residuals:
834.8582252471156 693.9186903170391 692.8423618177143 532.1968474158944 432.2787440591037 410.1749237666297 350.1711476261688 324.5853156761849 308.6530881488818 208.76130361210562 72.32752843337448 27.154600494727674 54.10681949598188 60.50862410500167 91.1823239343446 192.6828721159361 373.068485401064 1229.6726383681385 1324.5592611202114 1962.7154734267394

Equation: (sin(25.37921948986152 / x4) * sin(cos(2429.9759576522647))) + 1337.712765972142
Residuals:
834.8619055784427 693.9215833886733 692.8414403199441 532.1957852811847 432.2775514734692 410.1733154934079 350.16929482473313 324.5836452812472 308.6523962895146 208.76062850653398 72.32715818202428 27.154287595566984 54.10702406570499 60.50881550089116 91.18257925201215 192.68321795088445 373.06886243135364 1229.6683996125028 1324.5518255393074 1962.700664671486

Equation: x0
Residuals:
631.0853000000001 640.251 760.0518 893.6828 905.7486 1100.8872000000001 1126.7993000000001 1133.9462 1179.9168 1489.1792 1654.0602999999999 1789.1902 2223.5092 2551.3325 2776.5944 2801.6848 2838.3177 3054.5901 3477.9002 3555.3444

Equation: x0 ^ x0
Residuals:
600.1666406220397 605.6873916521258 710.3216501745248 833.2965353152329 820.8778383011809 973.5642744390638 917.4830182842537 923.7717996995484 583.4877045627835 720.7278701854057 835.039373750841 858.4739145467864 1273.3416049728435 1382.2787061042045 1100.107775502717 1026.3446110199814 650.4970693497557 803.5889875275034 1022.0323612566276 826.8163955705795

Equation: (x0 ^ x0) + x4
Residuals:
596.9992406220398 602.5189916521258 707.1519501745249 829.8792353152328 817.3855383011809 970.0321744390637 913.9477182842537 920.0197996995485 579.6407045627835 716.8328701854057 830.7556737508411 854.1445145467865 1268.8372049728434 1377.7690061042044 1095.486875502717 1021.5221110199814 645.6589693497558 798.7188875275033 1017.0817612566275 821.8433955705796

Equation: 1663.3406804791434 - x3
Residuals:
1025.7576804791433 1016.5280804791435 896.3883804791435 762.4472804791433 750.1740804791434 554.8602804791433 528.6707804791433 521.5111804791434 475.0064804791434 165.63208047914327 0.6121804791434897 134.59951952085657 569.0335195208565 896.9916195208568 1122.5844195208567 1147.7739195208565 1184.6132195208565 1400.9861195208564 1824.4205195208567 1901.9493195208568

Equation: sin(x3) + 1659.912493369033
Residuals:
1025.4735840671424 1016.2444939804045 896.1162996594132 762.2100048887226 749.9514628359248 554.6385147011617 528.4686341308509 521.31246090633 474.8461089799057 165.4759305512805 0.5074138106897408 134.68833212922186 569.0607968607048 896.9845328823849 1122.432057266463 1147.5526890910346 1184.2668884726406 1400.540905932122 1823.8670230082917 1901.340277575754

Equation: (x3 / x3) - -1658.1315929791454
Residuals:
1024.9369929791453 1015.7231929791453 895.7655929791454 762.0511929791453 749.8398929791454 554.5293929791453 528.4091929791452 521.2605929791453 474.8635929791453 165.49969297914527 0.5931929791454422 134.58750702085467 568.9147070208546 896.8199070208548 1122.2230070208548 1147.3357070208544 1184.0496070208546 1400.3330070208544 1823.6767070208548 1901.1614070208548

Equation: 1658.9806788514786 - (sin(x4) / x4)
Residuals:
1024.7942257485574 1015.5807386847534 895.6235451939237 761.9799404664891 749.7873559048628 554.4862497570202 528.3667886675676 521.2624510511696 474.8812112183864 165.52442144858446 0.6545979901122791 134.5241762612677 568.8484006188808 896.7536162751794 1122.1584181509193 1147.2805156214529 1183.9954594982344 1400.2811348868318 1823.6313294534539 1901.1180254082267

Equation: 1659.3102088523176 - (cos(sin(x4)) / x3)
Residuals:
1024.8205825617872 1015.6081595982607 895.6654800458759 761.977206092088 749.7755191636959 554.4686141558725 528.3528961770749 521.2269645315725 474.84618187728984 165.48821134778677 0.6252416216011625 134.55098555500513 568.8650938232965 896.7685313323298 1122.163375234555 1147.2744471168317 1183.9855857493096 1400.2676533769468 1823.6119326308403 1901.0965400151385

Equation: (x4 * 0.07635092503667336) - -1658.8223459643077
Residuals:
1024.869579884269 1015.6558562351938 895.6983554913966 762.0028599804355 749.7972862998133 554.4898250666297 528.3698693895897 521.2378146350452 474.8480679729237 165.4878328173254 0.6110104218873857 134.56620034083858 568.880038928957 896.7848342690545 1122.1794440461904 1147.2767516997028 1183.9894606252724 1400.270417395671 1823.607971146206 1901.090960885485

Equation: (0.10481310506827413 * cos(x4)) - -1659.1847541867924
Residuals:
1024.8853759835533 1015.6715787405899 895.7139824813762 762.0034995709325 749.7946210627317 554.4856318259078 528.3655599952333 521.2278687988207 474.83695498977977 165.47640748597632 0.6027856039263497 134.57351390130634 568.8831889480102 896.7878451093754 1122.17942168555 1147.2710280427166 1183.983304327876 1400.2633840715905 1823.5988136368335 1901.081238516964

Equation: (0.250822012881569 * cos(cos(x4))) - -1658.9339257517947
Residuals:
1024.8749157371158 1015.6611212876549 895.703528818555 761.9969180383796 749.7903337509149 554.482735987368 528.3627807704629 521.2341491749712 474.8474975680481 165.48903856495667 0.624988372919006 134.55166272343627 568.8668806877747 896.7718171639883 1122.1708983012813 1147.2840651145102 1183.9984211385977 1400.2829394236264 1823.6305026883617 1901.1165328480442

Equation: (sin(0.25352931449144656) * cos(cos(x4))) - -1658.9339257549516
Residuals:
1024.8749157376167 1015.6611212881558 895.7035288190559 761.9969180387277 749.7903337511707 554.4827359875669 528.3627807706569 521.2341491747743 474.84749756764836 165.48903856445054 0.6249883715811393 134.55166272485326 568.8668806894266 896.7718171656454 1122.170898303017 1147.2840651162367 1183.9984211403153 1400.282939425322 1823.6305026899815 1901.1165328496381

Equation: ((0.0387401960958173 * x4) * cos(cos(x4))) - -1659.0036476547125
Residuals:
1024.8753802045526 1015.6616038630839 895.7040347760499 761.9989318264834 749.7918365148596 554.4838302637215 528.3638385611785 521.2318728976836 474.8435340766787 165.48425347516422 0.6170670175395117 134.5593058652903 568.8718581052165 896.7766735901414 1122.1726843625233 1147.277954616588 1183.9915946827473 1400.2746059031492 1823.618179688075 1901.1030576427481

Equation: (-0.0580828887065574 * cos(x4 * 1.9115685872163266)) - -1659.1345494316013
Residuals:
1024.8833760518535 1015.6695510070467 895.7119187580013 761.9978609795339 749.7891853190376 554.4805295278527 528.3604909815172 521.2269471500388 474.8386939754803 165.47958113838672 0.6152236106629516 134.56076258009193 568.8718841282325 896.7766582263175 1122.171839245082 1147.2758985649373 1183.9894692035298 1400.2723529829075 1823.6157110200024 1901.1005602495193

Equation: (cos(1.9115764788541134 * x4) * sin(sin(-0.058145196764867756))) - -1659.1345485531747
Residuals:
1024.8833779152262 1015.6695528743794 895.7119206304696 761.9978635425905 749.7891879657166 554.4805321933093 528.3604936477025 521.226949593547 474.8386961562112 165.47958315044912 0.6152235514646236 134.5607629393603 568.8718856690377 896.7766598029234 1122.171841559098 1147.2759020764959 1183.9894727964195 1400.272356736315 1823.615715136298 1901.1005644555285

Equation: 1659.0854968556894 + ((sin(x4) / (1.8298416746096293 * x4)) * sin(x4 - 0.48729633612110934))
Residuals:
1024.8889143534498 1015.6750423428127 895.7173492647448 761.9959539707561 749.7864762883219 554.4776052385814 528.3575551163226 521.2247493634538 474.8374264524746 165.47883987268483 0.6177610794704833 134.55812991315088 568.8696491726275 896.7744540089759 1122.1705134504493 1147.2770851583607 1183.9908843565902 1400.274246190906 1823.6188412525305 1901.1040378990829

Equation: x4
Residuals:
663.3672 1116.7227 1205.1218000000001 1368.1102 1426.4357 1448.2487 1518.9753 1536.7192 1588.2433 1796.3795 2140.6382 2150.2026 2236.9734 2341.0112 2428.8222 2500.9207 2666.5868 2852.4016 2949.2788 3228.3424999999997

Equation: x4 ^ x4
Residuals:
605.0965058962005 980.6481097248796 1052.9049667318259 1117.7513726624552 1169.2585351996295 1111.1269510979564 1176.6249650683508 1131.0146999576154 1134.1324110047804 1152.8946553558867 1349.1068793698319 1355.6865953560564 1320.4603939732804 1386.0361240732873 1336.6031627369125 1325.615683162056 1419.2494491858533 1178.065293858305 714.536004033268 400.6879639334752

Equation: x4 * (x2 ^ x3)
Residuals:
562.7325703865844 985.695261708385 1034.5445376785462 1160.4602616509255 1192.3478233321862 1151.2429578962747 1177.8956928599905 1095.4822769857346 892.5592957886173 1000.3613479357524 1000.4540354580388 630.6566433591913 58.658410069195725 444.24016620069506 579.3276654264287 1066.693336116663 1521.3898903123104 1516.9169437463202 2624.2842821759164 5557.844962850333

Equation: x4 + 1859.16035093429
Residuals:
1195.7931509342898 742.4376509342899 654.0385509342898 491.05015093428983 432.7246509342899 410.9116509342898 340.18505093428985 322.4411509342899 270.9170509342898 62.7808509342899 281.47784906570996 291.04224906571017 377.8130490657102 481.85084906571 569.6618490657102 641.76034906571 807.4264490657099 993.2412490657102 1090.1184490657104 1369.18214906571

Equation: 1862.6273044517748 - sin(x4)
Residuals:
1196.1161940911084 742.7274078987291 654.3194019064304 491.2748393529073 432.94547078909363 411.0883460846958 340.3589487395716 322.5820663802747 271.03388823793625 62.81192331149032 281.50596301122323 291.0714960649482 377.8868137713482 481.93797254846345 569.7943095533587 641.918659494241 807.6062991201031 993.5351145057739 1090.5358587320545 1369.7085611162506

Equation: 1863.470732184435 - (x2 - x2)
Residuals:
1196.721232184435 743.0050321844351 654.558832184435 491.363232184435 433.02663218443513 411.102332184435 340.369432184435 322.556232184435 270.986332184435 62.70953218443515 281.63196781556485 291.1978678155649 378.025467815565 482.0795678155648 569.943667815565 642.0710678155649 807.7605678155649 993.6905678155651 1090.6797678155651 1369.8340678155648

Equation: 946.2058466665891 + 917.2648855177097
Residuals:
1196.721232184299 743.0050321842989 654.5588321842988 491.3632321842988 433.02663218429893 411.1023321842988 340.36943218429883 322.5562321842988 270.9863321842988 62.70953218429895 281.63196781570105 291.1978678157011 378.0254678157012 482.079567815701 569.9436678157012 642.0710678157011 807.760567815701 993.6905678157013 1090.6797678157013 1369.834067815701

Equation: 1863.7051324306767 - (x3 / (x4 * x3))
Residuals:
1196.659975629092 742.9722670553094 654.5293871495494 491.3474635666935 433.0115563304871 411.09399630911435 340.36146694352215 322.55227045417905 270.9849445454581 62.71571050767875 281.6215568178393 291.18738158634073 378.012169541553 482.0654755598939 569.9270281198221 642.0530662622753 807.7414759986482 993.6662648443619 1090.650634724526 1369.8011870260268

Equation: (cos(x4) / (x1 * x4)) + 1863.4940663598522
Residuals:
1196.651757226783 742.9576862883812 654.5151295516798 491.3356406001003 433.00262218641546 411.0876036493835 340.3563142494186 322.54772603572496 270.9812529670405 62.71390171287135 281.62160236320665 291.1868112879763 378.01136096454616 482.0646287435836 569.9260614069576 642.0520147575714 807.7403298041759 993.6651992827146 1090.6499031127767 1369.8007645763762

Equation: (0.07896154217364176 * cos(x4)) + 1863.4985234671515
Residuals:
1196.6723384183156 742.9677165053017 654.5236922041527 491.3392495997516 433.0033145434527 411.0860160714717 340.3535295561908 322.54498868684686 270.97827215364873 62.71168506847812 281.62355038020655 291.1893355366217 378.01255725049555 482.06539131860814 569.9253440080561 642.0504748437263 807.7381330346136 993.6590421752644 1090.6394502326198 1369.7867479423694

Equation: (cos(x4) / ((x4 + x1) + x1)) + 1863.5007615431641
Residuals:
1196.6497798564415 742.9524124763391 654.5096673854455 491.33045229325376 432.9968946504928 411.0826836270651 340.351278193662 322.5436336169537 270.9778078631971 62.712939581449746 281.6208998101986 291.186091434751 378.00934228413917 482.06222716121033 569.9223845233987 642.0476267042081 807.7353566539994 993.6572831535302 1090.6390516619977 1369.7875077375654

Equation: 1863.499175340286 + ((cos(x4) / x1) / (x4 + sin(x3)))
Residuals:
1196.6576845348795 742.9631146801923 654.5168361870362 491.33794757133546 433.0041282820964 411.08978450661243 340.3579234627193 322.54872603690796 270.9817898411927 62.715972037879965 281.6186160201621 291.1841553811887 378.0083173726432 482.0615689383885 569.9223353371588 642.0479803412597 807.7360253428105 993.6595755716073 1090.643149734487 1369.793141614302

Equation: (cos(x4 / 0.9202679894885034) / (x1 * x1)) + 1863.4728394904757
Residuals:
1196.6333957500183 742.9452405863194 654.5040657808013 491.3305956506406 432.99872240199466 411.086032821313 340.35477605866186 322.54716792597947 270.9811380473295 62.71484375135742 281.6221498443515 291.1886807784747 378.0135088774259 482.066802567075 569.9283681356253 642.0546348944329 807.7437077087977 993.6698621472269 1090.6555720175124 1369.8068075844278

Equation: (cos(x4 / 0.3842414011793359) * 0.04028587127917295) + 1863.462912163835
Residuals:
1196.6806768467904 742.958927193403 654.5145475675679 491.3329157671287 432.9972904448282 411.08361418928007 340.35135152306816 322.54530607824495 270.98020440525715 62.71769412090339 281.6162682159927 291.18204071222726 378.00509481710765 482.0579997985162 569.9185840952828 642.0443304947155 807.7326343520824 993.6587464021466 1090.6475560771316 1369.8040191295943

Equation: (sin(0.04028587127917295) * cos(x4 / 0.3842414011793359)) + 1863.462912163835
Residuals:
1196.6806857007105 742.9589375483374 654.5145574301457 491.3329218517281 432.9972962658064 411.08361713685485 340.35135429826323 322.5453069183477 270.9802039475567 62.717689798264246 281.6162745773431 291.1820471080639 378.0051024424722 482.05800774709746 569.9185929947562 642.0443398414382 807.7326440223255 993.6587571239634 1090.6475669045196 1369.8040293719416

Equation: (cos(x4 / 0.3842414011793359) * sin(0.04028587127917295)) + (1863.462912163835 + (x2 / (1863.4636353555836 ^ x0)))
Residuals:
1196.6806857010924 742.9589375487353 654.514557430454 491.33292185176674 432.9972962658303 411.08361713687077 340.35135429827574 322.54530691834907 270.9802039475578 62.71768979826447 281.6162745773431 291.18204710806367 378.0051024424722 482.05800774709746 569.9185929947562 642.0443398414382 807.7326440223255 993.6587571239634 1090.6475669045196 1369.8040293719416

Equation: (1863.4629121663684 + ((x4 ^ x2) / (1863.462912163835 ^ x0))) + (0.04027495890445693 * cos(x4 / 0.38424140956440334))
Residuals:
1196.680685725924 742.9589375717187 654.5145574503008 491.332921856849 432.9972962699694 411.0836171353492 340.3513542963292 322.5453069126386 270.9802039397882 62.71768978516684 281.61627459257716 291.18204712332954 378.00510245870305 482.0580077635234 569.9185930115607 642.0443398582822 807.7326440391155 993.6587571393663 1090.6475669168908 1369.8040293808172

Equation: (sin(0.04028585162487185) * cos(x4 / 0.38424140466698364)) + (1863.4629121622656 + ((x2 ^ x2) / (1863.462912163835 ^ x0)))
Residuals:
1196.6806857204583 742.958937569 654.5145574485368 491.332921858537 432.997296271868 411.08361713717795 340.351354298198 322.5453069143541 270.9802039411827 62.71768978508976 281.6162745938143 291.1820471245885 378.0051024608563 482.05800776594515 569.9185930148856 642.0443398621126 807.7326440433599 993.6587571456637 1090.6475669250838 1369.8040293903603

Equation: (sin(sin(0.040295673068334266)) * cos(x4 / 0.38424155709171687)) + (1863.462911548714 + ((x2 ^ x2) / (446.7984443781782 ^ x0)))
Residuals:
1196.6806863267407 742.958938282879 654.5145580377325 491.33292177755766 432.9972961420949 411.08361670095474 340.3513538383763 322.54530621947356 270.9802031184297 62.71768857919187 281.6162759850115 291.18204851874657 378.0051039644138 482.0580092967266 569.9185946216685 642.0443415019804 807.732645705692 993.6587588587995 1090.6475685907026 1369.8040309502062

Equation: x3
Residuals:
602.3161 617.1410999999999 726.145 849.443 888.8607000000001 926.5606 1140.4553999999998 1147.3857 1148.8854999999999 1252.6751 1261.3605 1436.4476 1557.7071999999998 1792.5727 2397.487 2683.881 3138.0212 3155.5155000000004 3159.9986 3785.3603999999996

Equation: x3 ^ x3
Residuals:
577.6388519297576 591.34060652695 683.9741738690973 786.8337626090256 806.1336734086104 798.2065768589994 899.423817976402 846.4686498889084 786.5483862375817 617.6340565176495 599.6490637417479 586.6042869904454 704.866712690034 878.5970658872154 1461.3566435652442 1746.5693815302216 2157.6399108923565 1817.3372362861035 908.4145876784578 871.641606400402

Equation: (x3 ^ x0) * x2
Residuals:
515.0577933270644 505.9425971661017 548.3496697874402 507.6251452556703 493.91151217503483 425.97842323917536 473.10674288999644 356.5856195838028 268.17315917623955 7.99748300832789 253.52350458175147 286.5013819787889 376.96149982321003 409.5611895652032 493.47478647876505 462.9916806525839 151.38484032980705 2289.9375449460385 9233.800872472575 10721.732991553426

Equation: x0 + 1627.6378881001742
Residuals:
1025.3759881001743 1010.7240881001742 901.6909881001742 778.5752881001742 739.0394881001741 701.1783881001743 487.0246881001742 480.05398810017414 478.4863881001743 374.5514881001741 365.9055881001741 190.7326881001743 69.52858810017437 165.3044118998257 770.0675118998258 1056.4390118998256 1510.589711899826 1527.973211899826 1532.3003118998258 2157.7256118998257

Equation: sin(x0) + 1632.3401485891525
Residuals:
1027.0873698404082 1012.0512073626544 902.6567079777952 778.8773448775864 739.3397502530197 701.4339841310921 487.27264072603657 480.21201805604414 478.6299745742808 374.55511447531194 365.8163236985713 190.6204113953272 69.32503807423518 165.6013529840941 770.5992723856225 1057.0024758584404 1511.163135636429 1528.8382327023737 1533.5083757324478 2158.9608742143964

Equation: (x4 / x4) + 1630.6420006002272
Residuals:
1026.3139006002273 1011.4697006002273 902.2538006002272 778.7859006002273 739.2491006002272 701.3630006002272 487.2050006002273 480.1832006002271 478.6073006002273 374.5905006002272 365.88860060022716 190.70160060022727 69.4406006002273 165.45239939977273 770.3761993997728 1056.7706993997726 1510.928699399773 1528.545599399773 1533.2311993997728 2158.6921993997726

Equation: 1631.4839991893261 - (sin(x4) / x4)
Residuals:
1026.1408504663498 1011.3365073644197 902.1753833142501 778.7316566157315 739.2025629080249 701.3249321082399 487.1780583571649 480.1568124315618 478.584901206023 374.58705329582335 365.89690253377967 190.74821682465267 69.48782503954635 165.39890207996086 770.3174996069199 1056.7148157283436 1510.8813201061846 1528.4993292361403 1533.1885977428265 2158.6563889680883

Equation: 1631.8304004901909 - (cos(sin(x4)) / x0)
Residuals:
1026.1765175850958 1011.3521904287306 902.1622911812661 778.7280287406879 739.1943048773528 701.3134314821327 487.1610585627941 480.14260412158274 478.56926925365724 374.5681445868345 365.8771419412053 190.72666165446662 69.46870096369821 165.41323977743787 770.3152205645126 1056.7070758948794 1510.8661177961521 1528.4769800408453 1533.1552175364561 2158.618378402863

Equation: 1631.3349856737602 + (x4 * 0.07551388796864447)
Residuals:
1026.240601157023 1011.40596121524 902.2048166289491 778.7443094385812 739.2100240510506 701.3267935787933 487.1727580579118 480.15116194540906 478.57674956900223 374.56757647168706 365.87100775217755 190.70870834493212 69.44831245603609 165.43718901488865 770.3385840443284 1056.7249511985942 1510.8707255001323 1528.486409726536 1533.1682944432478 2158.623283537765

Equation: 1631.6940931944298 + (cos(x4) * 0.10141087611671917)
Residuals:
1026.2646923735879 1011.4207067196187 902.2083040374679 778.7435668645123 739.2080505614742 701.3235415225656 487.1679565126756 480.14628741299725 478.57136207744225 374.56008697222524 365.8625519894822 190.7004633715353 69.44015560941216 165.44398636620576 770.3391199565119 1056.7227522375383 1510.8643649009032 1528.479645782282 1533.1603219595208 2158.61345720597

Equation: (cos(x4) / (5.909041719269429 + x0)) + 1631.694156327003
Residuals:
1026.2547596299437 1011.4131247662735 902.2030387510464 778.7420890755259 739.2066034763127 701.3223593135663 487.16684707038985 480.14565067115996 478.57080820239344 374.56026095645257 365.8631601861921 190.700972750456 69.44095558393019 165.44305379446428 770.3385266607845 1056.7225337383081 1510.864768972818 1528.4804084073558 1533.1619619401358 2158.615889756082

Equation: (cos(x4) / (x4 + (x0 / 0.6317891203054325))) + 1631.6943226610963
Residuals:
1026.2405445765592 1011.4030609403674 902.1975572263781 778.7404078511202 739.2052898860886 701.3215929127975 487.1666238229384 480.14573143179246 478.571112043943 374.5617729944563 365.86535963114784 190.70415443117008 69.44425416297963 165.43981494049876 770.3368748051209 1056.7219213619708 1510.8660665157124 1528.4819749823703 1533.1643032082682 2158.6194204449084

Equation: 1631.6517372684784 + (-0.05774347595976082 * cos(x4 / 0.5363958663835035))
Residuals:
1026.2733322325619 1011.4238977013317 902.206012736497 778.7399800046771 739.204241483835 701.319609485209 487.1640743437929 480.14241444171375 478.5675751510171 374.5572267192854 365.8607551183661 190.70563641542435 69.44549401716245 165.4368319041523 770.3313204296978 1056.7173884819217 1510.8660950565127 1528.4823219255306 1533.1661661482524 2158.62531491394

Equation: (sin(-0.05946974488178767) * cos(x4 / 0.539616919392255)) + 1631.653542787356
Residuals:
1026.2746999211474 1011.4246962189209 902.205979673908 778.7395801330549 739.2037277245342 701.3189735200101 487.1632843752236 480.1416170463981 478.56672509347095 374.5561515618624 365.85957110638356 190.70454436061482 69.44441714306663 165.43766917114704 770.3309263934398 1056.7163937998985 1510.8641048961772 1528.4802291917795 1533.1637583485415 2158.622397344432

Equation: ((0.19424844749091058 * cos(x4)) + 1631.7035662384658) + ((0.07486249630515864 * cos(x4)) / cos(x4 + -0.6665422772704787))
Residuals:
1026.2803044390846 1011.4272373064141 902.2063646518158 778.7394110212515 739.2034042032301 701.3184863296331 487.16258603598226 480.1409082013233 478.5659404611249 374.5550003850269 365.858191916089 190.70306302099948 69.44296759538656 165.43853336872144 770.3281632897258 1056.7123653288074 1510.861101682473 1528.4777438871047 1533.1636686563845 2158.6300311412942

Equation: x3
Residuals:
660.6752 777.2668 797.1145 968.4398 981.054 1008.7455 1093.0468999999998 1337.2861 1377.7327 1413.7231 1486.2411 1816.2441000000001 1901.3102 2071.0851000000002 2130.6647 2206.5431 2456.2801999999997 2778.2892 2956.6672999999996 3469.0399

Equation: x0 ^ x0
Residuals:
628.6740836909389 744.462697250526 753.8230331348591 924.1369640217173 917.3189258313863 943.7089056025869 1019.6952368991816 1189.2682356459877 1197.1820344692037 1096.4839045559193 1163.3351503635358 1370.08010328034 1239.0453923931727 1217.301944368422 1108.9430092802588 1066.0743476643665 904.8976512086738 1223.0162830581387 651.1435600583154 1122.6082741618702

Equation: x1 * (x2 ^ x0)
Residuals:
568.7202037735931 633.9187733734861 620.8693724642116 775.8288492883771 729.7250074740921 745.0660956231565 773.7993035442437 814.7809943186721 764.9413148205886 534.6495194861839 482.26829298075927 414.6488792032537 119.41672707695125 1042.9661291726502 1933.7241383963592 2497.0343686505666 3914.680569928185 4142.496897929423 6354.345517644989 6810.148985938569

Equation: 1664.6063226740787 + x4
Residuals:
1003.7038226740787 887.2210226740787 867.3531226740788 696.0029226740787 683.7531226740788 655.9190226740786 571.6243226740787 327.64092267407887 287.1905226740787 251.20652267407877 178.58642267407868 151.38637732592133 236.56137732592128 406.22687732592135 465.9860773259213 541.8699773259211 791.6445773259211 1113.5802773259213 1291.8309773259211 1804.1673773259213

Equation: cos(x4) + 1669.4703301118875
Residuals:
1004.5209308206257 887.853030434548 867.9750542166887 696.5676726413676 684.0594333316516 656.2132002864821 571.9142007623284 327.84161764169676 287.3837474138927 251.39240755769765 178.7707734482119 151.2156321070463 236.39918597218434 406.0721685212982 465.83340559005 541.7174838679741 791.4922315346773 1113.4286588676944 1291.6800523643162 1804.019478149497

Equation: 1669.470219139564 + sin(cos(x4))
Residuals:
1004.6774708459326 888.0093882023604 868.1309001635914 696.7193599998279 684.1536508855453 656.3024304864832 572.0015934967555 327.8806976029862 287.41766278119394 251.42102227409032 178.79824996113348 151.19876323281665 236.3895366266554 406.06929576794573 465.83248115283345 541.7167329692131 791.4916248288855 1113.4287698392147 1291.680847912166 1804.0231635021773

Equation: -86.3400178062647 * -19.335890794474317
Residuals:
1005.5076554949022 888.8393554949022 868.9602554949022 697.5436554949022 684.8871554949022 657.0255554949022 572.7207554949023 328.45365549490225 287.9668554949021 251.94265549490228 179.3134554949022 150.75604450509786 236.01904450509778 405.81944450509786 465.65864450509775 541.5536445050977 791.3386445050976 1113.436144505098 1291.8494445050976 1804.3068445050978

Equation: 1669.4006972691207 + (x4 / 67.98269572712144)
Residuals:
1005.4920763367624 888.8265049723074 868.9475697201137 697.5319464392521 684.8814288439752 657.0202333586785 572.7155819258971 328.4526550466737 287.9663904770448 251.94278180399328 179.313715661586 150.7543619176206 236.01606747056962 405.8144831420791 465.6525063720326 541.5473430951888 791.3321901150825 1113.427310097664 1291.8382183125448 1804.29383844785

Equation: (cos(x4) / 49.95403249117608) + 1669.4704368402906
Residuals:
1005.4970005260114 888.8287085256442 868.949631021969 697.5332155601177 684.879683502502 657.0183911244108 572.7137072406792 328.45050115814024 287.9642802860053 251.94073809363726 179.31168955068938 150.75614703115207 236.01755664633401 405.8154059523356 465.65304525888655 541.5478266234425 791.3326213880932 1113.4268969703849 1291.8369558606023 1804.2919942051178

Equation: 1669.470731775158 + (sin(cos(x4)) / 43.38028387811117)
Residuals:
1005.4978854680663 888.8295904785551 868.950504585453 697.5340212245292 684.8796141312047 657.0182534012142 572.7135447563167 328.4498150456084 287.96356287923413 251.93999817920098 179.3109463499011 150.75688268809563 236.01821772420635 405.8158367175388 465.65328443266844 541.5480366661104 791.3328036537962 1113.4266071590912 1291.8361906797911 1804.2909377600845

Equation: x3
Residuals:
517.5137 619.6182 646.1321 831.1740000000001 1002.486 1073.3876 1079.3992 1276.5158999999999 1288.0393 1431.6703 1788.4057 1803.4809 2122.0211 2146.4302000000002 2209.9253 2212.0403 2331.8789 2438.7751000000003 2523.8293 3174.5452999999998

Equation: x0 ^ x0
Residuals:
478.5023452327236 571.3882446228937 579.9837872269711 763.8414411720645 904.1010828289484 959.7597713408906 950.3962452497285 1119.1016404808515 1116.596025211664 1097.3805501969443 1348.2940555650612 1355.7437780923597 1096.2076395712932 1115.635305017969 1156.7176447652691 778.798848430906 813.0109231745619 857.1964343908248 185.5199703516173 346.1642552995245

Equation: x2 * (x4 ^ x1)
Residuals:
419.23624009881337 507.9847740510943 486.37029944617615 638.3344714970038 761.8541426993543 756.2285980272518 663.3804994199475 691.4385064208409 660.2527852187876 672.2979153823786 544.6900741588561 515.4129665351948 630.8499063401734 79.20700596387132 431.88865794146705 769.806421195784 1245.046437900775 1474.5543196889944 3981.0390962639626 7004.413334752859

Equation: x3 - -1488.7751530304663
Residuals:
971.2614530304663 869.1569530304663 842.6430530304664 657.6011530304662 486.2891530304663 415.3875530304663 409.37595303046623 212.25925303046643 200.7358530304664 57.1048530304663 299.6305469695337 314.7057469695337 633.2459469695336 657.6550469695337 721.1501469695338 723.2651469695338 843.1037469695339 949.9999469695338 1035.0541469695338 1685.7701469695337

Equation: 1493.2933193568274 + sin(x3)
Residuals:
972.5248422375919 870.2649172332314 843.634609951199 658.3933423088332 486.9883405026468 415.71239251462 409.69763402328704 212.54795284652096 201.0011236345042 57.29709034361372 299.52817718098254 315.0304635278251 633.869441633833 658.5765315664914 722.3717939416922 724.4875713758706 844.3818364971294 951.3028396909694 1036.4624539381875 1687.191139121926

Equation: 1491.8380136464232 + cos(cos(x2))
Residuals:
971.6668045037538 869.4842461548627 842.9392355927931 657.807477312933 486.45717097313957 415.3924352698448 409.4220986722696 212.28937032982753 200.75777649051702 57.17367975871775 299.5785448101785 314.8750890264607 633.5480431434682 658.1592215777212 721.8716987803516 723.9664345384429 843.8418630557505 950.7681316982566 1035.956558865708 1686.7019391001436

Equation: -767.6209743533536 + 2260.2478606560294
Residuals:
971.9149863026757 869.7325863026757 843.1600863026757 658.0169863026757 486.65728630267574 415.55898630267575 409.5456863026757 212.4111863026758 200.87508630267575 57.20418630267568 299.58101369732435 314.9067136973242 633.6419136973241 658.2724136973243 722.0386136973243 724.1544136973243 844.0521136973243 950.9759136973244 1036.1584136973242 1686.8913136973242

Equation: (sin(x1) / (x3 ^ x4)) + 1492.6312449309187
Residuals:
971.9214001061607 869.7380611977252 843.1628311579685 658.0175435121738 486.65809276213815 415.56079939546817 409.5463259780702 212.41037855584955 200.8746021876359 57.20465667865915 299.57887659462244 314.90402089199415 633.6389119044029 658.2692812380278 722.0350496945377 724.1508550814117 844.0485187160737 950.9722272575129 1036.154663819874 1686.8873060762285

Equation: 1492.6318126388594 + (sin(sin(x1)) / (x4 ^ x4))
Residuals:
971.9221349677432 869.7387016620477 843.1633696078787 658.0176720810874 486.65865587451196 415.5613898717436 409.5470671842975 212.41136007035448 200.87572942363454 57.20599525845091 299.57726841903286 314.9029370217261 633.638083451395 658.2686394603836 722.0345518908641 724.150340819376 844.0480285273279 950.9717021215793 1036.1541920600732 1686.8866872296733

Equation: (3.857314410640918 - -1488.8192122947419) - (0.1955020731104439 / x4)
Residuals:
971.9019255914923 869.7213586605775 843.1507588363141 658.0076659498758 486.650587673911 415.55541003741587 409.5424082143936 212.40811936333853 200.87271625735002 57.203628463429595 299.5766724449743 314.9022395353727 633.6370680139623 658.2672409559639 722.0322844165098 724.1479600389921 844.0455193067075 950.9687146963868 1036.1510367027001 1686.8811025492228

Equation: (1492.6691490894066 - (0.18998880350627412 / x4)) - (-0.001468312097142612 * x3)
Residuals:
971.9010121383224 869.7205078953294 843.1499405281189 658.0069960342583 486.6499138626724 415.554936990741 409.5419292550889 212.4076605854691 200.8722564742368 57.20317616072748 299.5771897829022 314.90239280924675 633.6369454440921 658.266802525017 722.0314805412233 724.147158496573 844.0446349557737 950.9678068703938 1036.1499455117885 1686.8800664685757

Equation: x2
Residuals:
498.38939999999997 515.7524999999999 533.3632 537.3286999999999 620.4960000000001 621.1419999999999 762.3152 879.0305999999999 896.6554 939.5474 940.9604 964.1812 966.9285000000001 971.1768 1305.4455 1410.5148 1464.718 2350.5537 2426.6717000000003 2517.4100999999996

Equation: x0 ^ x2
Residuals:
473.5906117465345 477.72458283206765 452.3863945135695 401.8697095528137 462.8782326848327 418.29758984195115 551.8106749073289 625.4390520790269 583.8397037115899 585.0626091668985 505.09438132381234 504.7256471190786 431.0802480635516 411.5101241183984 658.8813944312637 585.3082842140965 413.6344961972534 708.5818026258396 283.5218341462728 102.43247256834047

Equation: (x4 ^ x0) * x1
Residuals:
418.18065221175914 422.59063239655603 373.85810450603924 353.8907826552899 402.4051260285302 345.3710668944251 463.0002231145362 473.6264479475282 434.9070690409868 394.92955258708673 264.88694774460555 55.22016154267078 175.57226770082377 334.21204029033004 246.25777395099203 1158.389562599817 1409.3308869604036 1805.5231221961417 3974.437409134513 7041.6938899982215

Equation: x4 + 953.5816227126678
Residuals:
455.18602271266786 437.5635227126678 419.7632227126677 415.4866227126679 332.31922271266774 331.60912271266784 190.44002271266777 73.78752271266785 56.09062271266782 13.174022712667806 11.741322712667738 11.288977287332159 14.006677287332309 18.220577287332162 352.4440772873322 457.3024772873322 511.61187728733216 1397.4593772873322 1473.5082772873325 1564.088877287332

Equation: 957.9530443436516 + cos(x4)
Residuals:
455.55067176917714 437.91628711886824 420.05124528052283 415.7421667197573 332.4903743547071 331.74331104409623 190.55519018718678 73.83776019584366 56.09928033171104 13.156603165124011 11.719486207011187 11.444749078880022 14.18420060959852 18.415782174877677 352.69101558700606 457.61553942137164 511.92723747847515 1397.795220467609 1473.847416054333 1564.4298444331903

Equation: (x0 - x0) + 957.1197164626126
Residuals:
455.7093164626126 438.0762164626126 420.21631646261255 415.9085164626126 332.65521646261254 331.9049164626126 190.71441646261258 73.98461646261262 56.23411646261263 13.281916462612571 11.843016462612582 11.40808353738737 14.170383537387465 18.423383537387394 352.78238353738743 457.92278353738743 512.2479835373874 1398.3198835373876 1474.4601835373876 1565.2524835373872

Equation: 956.9636595970431 - (-0.04410761179737721 * x4)
Residuals:
455.68623522508983 438.05360276577494 420.1963315794379 415.88990773692615 332.64039658077945 331.89186970677383 190.70231360966625 73.97592312805818 56.227787296050565 13.277157527030454 11.83853099422356 11.402830045091491 14.16316284560537 18.414438237984086 352.7674616565855 457.89542331005873 512.2199264097923 1398.281928661705 1474.418197225987 1565.201159644569

Equation: (sin(-0.13838991924654795) * cos(sin(x4))) + 957.24175271865
Residuals:
455.6945055704948 438.06123009463136 420.2006247233105 415.89264857368494 332.63955625154495 331.8897006984646 190.69952616711316 73.97140175868492 56.22250341509164 13.271553902963205 11.832886244673432 11.407564421192546 14.167275231269514 18.41792569218819 352.76843632311056 457.89174617828985 512.2160923853887 1398.2779582147439 1474.4155170014426 1565.204987862785

Equation: x3
Residuals:
499.5679 640.4278999999999 641.4548 802.0431 901.9138 923.6844 983.5578999999999 1009.1391 1024.7526 1124.5569 1260.9896999999999 1306.0661 1387.2792 1393.6643 1424.2686999999999 1525.6939 1706.0211 2562.5884 2657.3752999999997 3295.528

Equation: x2 ^ x3
Residuals:
462.63158923692106 598.3635816377673 591.1676688324414 747.0705312741653 830.738339059396 806.4157122309894 818.128157617876 782.677323548083 663.9683744363813 664.478612041078 777.3786902335354 680.1992819754134 651.3571947670233 612.6658823735327 529.4703095985561 494.93241906120966 572.0979832217174 1008.0454220897216 544.5238733124611 537.402191289983

Equation: 1341.9320893818203 - x0
Residuals:
835.8927893818204 694.6439893818203 693.5593893818203 532.7273893818203 432.7414893818202 410.6350893818203 350.5223893818203 324.76988938182024 308.6486893818203 208.59958938182035 72.14008938182042 26.90468938182039 54.38551061817975 60.870010618179776 91.6665106181797 193.20831061817967 373.60841061817973 1230.2497106181797 1325.1653106181795 1963.4957106181794

Equation: 1338.4726304225833 + sin(x0)
Residuals:
835.575035482206 694.3364857997417 693.252553521376 532.4435025359126 432.4704447909246 410.3644867831367 350.27844634272117 324.57992406049664 308.54401957094524 208.59319059249924 72.14858137086048 26.959078151926633 54.31055154342562 60.739850455414626 91.42510242593494 192.92995431233044 373.31768104255616 1229.9402568528205 1324.8252762119466 1962.9482765219725

Equation: 1337.697433131805 + (x2 - x2)
Residuals:
834.887433131805 693.948133131805 692.8719331318049 532.226333131805 432.3081331318049 410.2038331318049 350.19953313180497 324.6056331318049 308.663633131805 208.77163313180495 72.33313313180497 27.159033131805018 54.105166868195056 60.52366686819505 91.20036686819503 192.70546686819512 373.093566868195 1229.7169668681952 1324.603966868195 1962.7572668681948

Equation: cos(cos(x4) / x4) + 1336.7248760194718
Residuals:
834.8619844925934 693.9231622309337 692.851257386454 532.2059708946006 432.28808885401486 410.1850644772396 350.18187061465244 324.59793476672564 308.66389681979035 208.77205149751626 72.33678609362278 27.163446807620858 54.099006337940864 60.50835333005216 91.18360572062556 192.68660697263908 373.07360812787965 1229.6896587463486 1324.5765418075482 1962.730639433768

Equation: (0.05164811253297935 * x4) + 1337.5030267310244
Residuals:
834.8504191891575 693.9120953384843 692.8430176132025 532.1978669517816 432.28011629036064 410.17756199656424 350.1747133085265 324.59248061714754 308.659193653732 208.76736409250339 72.33246913075823 27.1592316542376 54.10295923418494 60.50980225518629 91.18436402332736 192.68611206082414 373.0723010806603 1229.6719222896504 1324.5535250618902 1962.6979725754022

Equation: (sin(cos(x4)) / (x4 * x4)) + 1337.7488275428384
Residuals:
834.8484754848516 693.9101934257565 692.8414711885833 532.1963444692242 432.2786178153199 410.1761572020762 350.1733866280889 324.5917882304328 308.6590331463565 208.76721504187753 72.33257437267184 27.15940128766374 54.10263409244112 60.50843857269024 91.18279386029894 192.68421941054794 373.0702290047045 1229.6691102154828 1324.551313083676 1962.6977042951794

Equation: 1336.7421994359393 + cos(cos(x4) / -2.5721789090043514)
Residuals:
834.8582252471156 693.9186903170391 692.8423618177143 532.1968474158944 432.2787440591037 410.1749237666297 350.1711476261688 324.5853156761849 308.6530881488818 208.76130361210562 72.32752843337448 27.154600494727674 54.10681949598188 60.50862410500167 91.1823239343446 192.6828721159361 373.068485401064 1229.6726383681385 1324.5592611202114 1962.7154734267394

Equation: (sin(25.37921948986152 / x4) * sin(cos(2429.9759576522647))) + 1337.712765972142
Residuals:
834.8619055784427 693.9215833886733 692.8414403199441 532.1957852811847 432.2775514734692 410.1733154934079 350.16929482473313 324.5836452812472 308.6523962895146 208.76062850653398 72.32715818202428 27.154287595566984 54.10702406570499 60.50881550089116 91.18257925201215 192.68321795088445 373.06886243135364 1229.6683996125028 1324.5518255393074 1962.700664671486

Equation: x0
Residuals:
631.0853000000001 640.251 760.0518 893.6828 905.7486 1100.8872000000001 1126.7993000000001 1133.9462 1179.9168 1489.1792 1654.0602999999999 1789.1902 2223.5092 2551.3325 2776.5944 2801.6848 2838.3177 3054.5901 3477.9002 3555.3444

Equation: x0 ^ x0
Residuals:
600.1666406220397 605.6873916521258 710.3216501745248 833.2965353152329 820.8778383011809 973.5642744390638 917.4830182842537 923.7717996995484 583.4877045627835 720.7278701854057 835.039373750841 858.4739145467864 1273.3416049728435 1382.2787061042045 1100.107775502717 1026.3446110199814 650.4970693497557 803.5889875275034 1022.0323612566276 826.8163955705795

Equation: (x0 ^ x0) + x4
Residuals:
596.9992406220398 602.5189916521258 707.1519501745249 829.8792353152328 817.3855383011809 970.0321744390637 913.9477182842537 920.0197996995485 579.6407045627835 716.8328701854057 830.7556737508411 854.1445145467865 1268.8372049728434 1377.7690061042044 1095.486875502717 1021.5221110199814 645.6589693497558 798.7188875275033 1017.0817612566275 821.8433955705796

Equation: 1663.3406804791434 - x3
Residuals:
1025.7576804791433 1016.5280804791435 896.3883804791435 762.4472804791433 750.1740804791434 554.8602804791433 528.6707804791433 521.5111804791434 475.0064804791434 165.63208047914327 0.6121804791434897 134.59951952085657 569.0335195208565 896.9916195208568 1122.5844195208567 1147.7739195208565 1184.6132195208565 1400.9861195208564 1824.4205195208567 1901.9493195208568

Equation: sin(x3) + 1659.912493369033
Residuals:
1025.4735840671424 1016.2444939804045 896.1162996594132 762.2100048887226 749.9514628359248 554.6385147011617 528.4686341308509 521.31246090633 474.8461089799057 165.4759305512805 0.5074138106897408 134.68833212922186 569.0607968607048 896.9845328823849 1122.432057266463 1147.5526890910346 1184.2668884726406 1400.540905932122 1823.8670230082917 1901.340277575754

Equation: (x3 / x3) - -1658.1315929791454
Residuals:
1024.9369929791453 1015.7231929791453 895.7655929791454 762.0511929791453 749.8398929791454 554.5293929791453 528.4091929791452 521.2605929791453 474.8635929791453 165.49969297914527 0.5931929791454422 134.58750702085467 568.9147070208546 896.8199070208548 1122.2230070208548 1147.3357070208544 1184.0496070208546 1400.3330070208544 1823.6767070208548 1901.1614070208548

Equation: 1658.9806788514786 - (sin(x4) / x4)
Residuals:
1024.7942257485574 1015.5807386847534 895.6235451939237 761.9799404664891 749.7873559048628 554.4862497570202 528.3667886675676 521.2624510511696 474.8812112183864 165.52442144858446 0.6545979901122791 134.5241762612677 568.8484006188808 896.7536162751794 1122.1584181509193 1147.2805156214529 1183.9954594982344 1400.2811348868318 1823.6313294534539 1901.1180254082267

Equation: 1659.3102088523176 - (cos(sin(x4)) / x3)
Residuals:
1024.8205825617872 1015.6081595982607 895.6654800458759 761.977206092088 749.7755191636959 554.4686141558725 528.3528961770749 521.2269645315725 474.84618187728984 165.48821134778677 0.6252416216011625 134.55098555500513 568.8650938232965 896.7685313323298 1122.163375234555 1147.2744471168317 1183.9855857493096 1400.2676533769468 1823.6119326308403 1901.0965400151385

Equation: (x4 * 0.07635092503667336) - -1658.8223459643077
Residuals:
1024.869579884269 1015.6558562351938 895.6983554913966 762.0028599804355 749.7972862998133 554.4898250666297 528.3698693895897 521.2378146350452 474.8480679729237 165.4878328173254 0.6110104218873857 134.56620034083858 568.880038928957 896.7848342690545 1122.1794440461904 1147.2767516997028 1183.9894606252724 1400.270417395671 1823.607971146206 1901.090960885485

Equation: (0.10481310506827413 * cos(x4)) - -1659.1847541867924
Residuals:
1024.8853759835533 1015.6715787405899 895.7139824813762 762.0034995709325 749.7946210627317 554.4856318259078 528.3655599952333 521.2278687988207 474.83695498977977 165.47640748597632 0.6027856039263497 134.57351390130634 568.8831889480102 896.7878451093754 1122.17942168555 1147.2710280427166 1183.983304327876 1400.2633840715905 1823.5988136368335 1901.081238516964

Equation: (0.250822012881569 * cos(cos(x4))) - -1658.9339257517947
Residuals:
1024.8749157371158 1015.6611212876549 895.703528818555 761.9969180383796 749.7903337509149 554.482735987368 528.3627807704629 521.2341491749712 474.8474975680481 165.48903856495667 0.624988372919006 134.55166272343627 568.8668806877747 896.7718171639883 1122.1708983012813 1147.2840651145102 1183.9984211385977 1400.2829394236264 1823.6305026883617 1901.1165328480442

Equation: (sin(0.25352931449144656) * cos(cos(x4))) - -1658.9339257549516
Residuals:
1024.8749157376167 1015.6611212881558 895.7035288190559 761.9969180387277 749.7903337511707 554.4827359875669 528.3627807706569 521.2341491747743 474.84749756764836 165.48903856445054 0.6249883715811393 134.55166272485326 568.8668806894266 896.7718171656454 1122.170898303017 1147.2840651162367 1183.9984211403153 1400.282939425322 1823.6305026899815 1901.1165328496381

Equation: ((0.0387401960958173 * x4) * cos(cos(x4))) - -1659.0036476547125
Residuals:
1024.8753802045526 1015.6616038630839 895.7040347760499 761.9989318264834 749.7918365148596 554.4838302637215 528.3638385611785 521.2318728976836 474.8435340766787 165.48425347516422 0.6170670175395117 134.5593058652903 568.8718581052165 896.7766735901414 1122.1726843625233 1147.277954616588 1183.9915946827473 1400.2746059031492 1823.618179688075 1901.1030576427481

Equation: (-0.0580828887065574 * cos(x4 * 1.9115685872163266)) - -1659.1345494316013
Residuals:
1024.8833760518535 1015.6695510070467 895.7119187580013 761.9978609795339 749.7891853190376 554.4805295278527 528.3604909815172 521.2269471500388 474.8386939754803 165.47958113838672 0.6152236106629516 134.56076258009193 568.8718841282325 896.7766582263175 1122.171839245082 1147.2758985649373 1183.9894692035298 1400.2723529829075 1823.6157110200024 1901.1005602495193

Equation: (cos(1.9115764788541134 * x4) * sin(sin(-0.058145196764867756))) - -1659.1345485531747
Residuals:
1024.8833779152262 1015.6695528743794 895.7119206304696 761.9978635425905 749.7891879657166 554.4805321933093 528.3604936477025 521.226949593547 474.8386961562112 165.47958315044912 0.6152235514646236 134.5607629393603 568.8718856690377 896.7766598029234 1122.171841559098 1147.2759020764959 1183.9894727964195 1400.272356736315 1823.615715136298 1901.1005644555285

Equation: 1659.0854968556894 + ((sin(x4) / (1.8298416746096293 * x4)) * sin(x4 - 0.48729633612110934))
Residuals:
1024.8889143534498 1015.6750423428127 895.7173492647448 761.9959539707561 749.7864762883219 554.4776052385814 528.3575551163226 521.2247493634538 474.8374264524746 165.47883987268483 0.6177610794704833 134.55812991315088 568.8696491726275 896.7744540089759 1122.1705134504493 1147.2770851583607 1183.9908843565902 1400.274246190906 1823.6188412525305 1901.1040378990829

Equation: x4
Residuals:
663.3672 1116.7227 1205.1218000000001 1368.1102 1426.4357 1448.2487 1518.9753 1536.7192 1588.2433 1796.3795 2140.6382 2150.2026 2236.9734 2341.0112 2428.8222 2500.9207 2666.5868 2852.4016 2949.2788 3228.3424999999997

Equation: x4 ^ x4
Residuals:
605.0965058962005 980.6481097248796 1052.9049667318259 1117.7513726624552 1169.2585351996295 1111.1269510979564 1176.6249650683508 1131.0146999576154 1134.1324110047804 1152.8946553558867 1349.1068793698319 1355.6865953560564 1320.4603939732804 1386.0361240732873 1336.6031627369125 1325.615683162056 1419.2494491858533 1178.065293858305 714.536004033268 400.6879639334752

Equation: x4 * (x2 ^ x3)
Residuals:
562.7325703865844 985.695261708385 1034.5445376785462 1160.4602616509255 1192.3478233321862 1151.2429578962747 1177.8956928599905 1095.4822769857346 892.5592957886173 1000.3613479357524 1000.4540354580388 630.6566433591913 58.658410069195725 444.24016620069506 579.3276654264287 1066.693336116663 1521.3898903123104 1516.9169437463202 2624.2842821759164 5557.844962850333

Equation: x4 + 1859.16035093429
Residuals:
1195.7931509342898 742.4376509342899 654.0385509342898 491.05015093428983 432.7246509342899 410.9116509342898 340.18505093428985 322.4411509342899 270.9170509342898 62.7808509342899 281.47784906570996 291.04224906571017 377.8130490657102 481.85084906571 569.6618490657102 641.76034906571 807.4264490657099 993.2412490657102 1090.1184490657104 1369.18214906571

Equation: 1862.6273044517748 - sin(x4)
Residuals:
1196.1161940911084 742.7274078987291 654.3194019064304 491.2748393529073 432.94547078909363 411.0883460846958 340.3589487395716 322.5820663802747 271.03388823793625 62.81192331149032 281.50596301122323 291.0714960649482 377.8868137713482 481.93797254846345 569.7943095533587 641.918659494241 807.6062991201031 993.5351145057739 1090.5358587320545 1369.7085611162506

Equation: 1863.470732184435 - (x2 - x2)
Residuals:
1196.721232184435 743.0050321844351 654.558832184435 491.363232184435 433.02663218443513 411.102332184435 340.369432184435 322.556232184435 270.986332184435 62.70953218443515 281.63196781556485 291.1978678155649 378.025467815565 482.0795678155648 569.943667815565 642.0710678155649 807.7605678155649 993.6905678155651 1090.6797678155651 1369.8340678155648

Equation: 946.2058466665891 + 917.2648855177097
Residuals:
1196.721232184299 743.0050321842989 654.5588321842988 491.3632321842988 433.02663218429893 411.1023321842988 340.36943218429883 322.5562321842988 270.9863321842988 62.70953218429895 281.63196781570105 291.1978678157011 378.0254678157012 482.079567815701 569.9436678157012 642.0710678157011 807.760567815701 993.6905678157013 1090.6797678157013 1369.834067815701

Equation: 1863.7051324306767 - (x3 / (x4 * x3))
Residuals:
1196.659975629092 742.9722670553094 654.5293871495494 491.3474635666935 433.0115563304871 411.09399630911435 340.36146694352215 322.55227045417905 270.9849445454581 62.71571050767875 281.6215568178393 291.18738158634073 378.012169541553 482.0654755598939 569.9270281198221 642.0530662622753 807.7414759986482 993.6662648443619 1090.650634724526 1369.8011870260268

Equation: (cos(x4) / (x1 * x4)) + 1863.4940663598522
Residuals:
1196.651757226783 742.9576862883812 654.5151295516798 491.3356406001003 433.00262218641546 411.0876036493835 340.3563142494186 322.54772603572496 270.9812529670405 62.71390171287135 281.62160236320665 291.1868112879763 378.01136096454616 482.0646287435836 569.9260614069576 642.0520147575714 807.7403298041759 993.6651992827146 1090.6499031127767 1369.8007645763762

Equation: (0.07896154217364176 * cos(x4)) + 1863.4985234671515
Residuals:
1196.6723384183156 742.9677165053017 654.5236922041527 491.3392495997516 433.0033145434527 411.0860160714717 340.3535295561908 322.54498868684686 270.97827215364873 62.71168506847812 281.62355038020655 291.1893355366217 378.01255725049555 482.06539131860814 569.9253440080561 642.0504748437263 807.7381330346136 993.6590421752644 1090.6394502326198 1369.7867479423694

Equation: (cos(x4) / ((x4 + x1) + x1)) + 1863.5007615431641
Residuals:
1196.6497798564415 742.9524124763391 654.5096673854455 491.33045229325376 432.9968946504928 411.0826836270651 340.351278193662 322.5436336169537 270.9778078631971 62.712939581449746 281.6208998101986 291.186091434751 378.00934228413917 482.06222716121033 569.9223845233987 642.0476267042081 807.7353566539994 993.6572831535302 1090.6390516619977 1369.7875077375654

Equation: 1863.499175340286 + ((cos(x4) / x1) / (x4 + sin(x3)))
Residuals:
1196.6576845348795 742.9631146801923 654.5168361870362 491.33794757133546 433.0041282820964 411.08978450661243 340.3579234627193 322.54872603690796 270.9817898411927 62.715972037879965 281.6186160201621 291.1841553811887 378.0083173726432 482.0615689383885 569.9223353371588 642.0479803412597 807.7360253428105 993.6595755716073 1090.643149734487 1369.793141614302

Equation: (cos(x4 / 0.9202679894885034) / (x1 * x1)) + 1863.4728394904757
Residuals:
1196.6333957500183 742.9452405863194 654.5040657808013 491.3305956506406 432.99872240199466 411.086032821313 340.35477605866186 322.54716792597947 270.9811380473295 62.71484375135742 281.6221498443515 291.1886807784747 378.0135088774259 482.066802567075 569.9283681356253 642.0546348944329 807.7437077087977 993.6698621472269 1090.6555720175124 1369.8068075844278

Equation: (cos(x4 / 0.3842414011793359) * 0.04028587127917295) + 1863.462912163835
Residuals:
1196.6806768467904 742.958927193403 654.5145475675679 491.3329157671287 432.9972904448282 411.08361418928007 340.35135152306816 322.54530607824495 270.98020440525715 62.71769412090339 281.6162682159927 291.18204071222726 378.00509481710765 482.0579997985162 569.9185840952828 642.0443304947155 807.7326343520824 993.6587464021466 1090.6475560771316 1369.8040191295943

Equation: (sin(0.04028587127917295) * cos(x4 / 0.3842414011793359)) + 1863.462912163835
Residuals:
1196.6806857007105 742.9589375483374 654.5145574301457 491.3329218517281 432.9972962658064 411.08361713685485 340.35135429826323 322.5453069183477 270.9802039475567 62.717689798264246 281.6162745773431 291.1820471080639 378.0051024424722 482.05800774709746 569.9185929947562 642.0443398414382 807.7326440223255 993.6587571239634 1090.6475669045196 1369.8040293719416

Equation: (cos(x4 / 0.3842414011793359) * sin(0.04028587127917295)) + (1863.462912163835 + (x2 / (1863.4636353555836 ^ x0)))
Residuals:
1196.6806857010924 742.9589375487353 654.514557430454 491.33292185176674 432.9972962658303 411.08361713687077 340.35135429827574 322.54530691834907 270.9802039475578 62.71768979826447 281.6162745773431 291.18204710806367 378.0051024424722 482.05800774709746 569.9185929947562 642.0443398414382 807.7326440223255 993.6587571239634 1090.6475669045196 1369.8040293719416

Equation: (1863.4629121663684 + ((x4 ^ x2) / (1863.462912163835 ^ x0))) + (0.04027495890445693 * cos(x4 / 0.38424140956440334))
Residuals:
1196.680685725924 742.9589375717187 654.5145574503008 491.332921856849 432.9972962699694 411.0836171353492 340.3513542963292 322.5453069126386 270.9802039397882 62.71768978516684 281.61627459257716 291.18204712332954 378.00510245870305 482.0580077635234 569.9185930115607 642.0443398582822 807.7326440391155 993.6587571393663 1090.6475669168908 1369.8040293808172

Equation: (sin(0.04028585162487185) * cos(x4 / 0.38424140466698364)) + (1863.4629121622656 + ((x2 ^ x2) / (1863.462912163835 ^ x0)))
Residuals:
1196.6806857204583 742.958937569 654.5145574485368 491.332921858537 432.997296271868 411.08361713717795 340.351354298198 322.5453069143541 270.9802039411827 62.71768978508976 281.6162745938143 291.1820471245885 378.0051024608563 482.05800776594515 569.9185930148856 642.0443398621126 807.7326440433599 993.6587571456637 1090.6475669250838 1369.8040293903603

Equation: (sin(sin(0.040295673068334266)) * cos(x4 / 0.38424155709171687)) + (1863.462911548714 + ((x2 ^ x2) / (446.7984443781782 ^ x0)))
Residuals:
1196.6806863267407 742.958938282879 654.5145580377325 491.33292177755766 432.9972961420949 411.08361670095474 340.3513538383763 322.54530621947356 270.9802031184297 62.71768857919187 281.6162759850115 291.18204851874657 378.0051039644138 482.0580092967266 569.9185946216685 642.0443415019804 807.732645705692 993.6587588587995 1090.6475685907026 1369.8040309502062

Equation: x3
Residuals:
602.3161 617.1410999999999 726.145 849.443 888.8607000000001 926.5606 1140.4553999999998 1147.3857 1148.8854999999999 1252.6751 1261.3605 1436.4476 1557.7071999999998 1792.5727 2397.487 2683.881 3138.0212 3155.5155000000004 3159.9986 3785.3603999999996

Equation: x3 ^ x3
Residuals:
577.6388519297576 591.34060652695 683.9741738690973 786.8337626090256 806.1336734086104 798.2065768589994 899.423817976402 846.4686498889084 786.5483862375817 617.6340565176495 599.6490637417479 586.6042869904454 704.866712690034 878.5970658872154 1461.3566435652442 1746.5693815302216 2157.6399108923565 1817.3372362861035 908.4145876784578 871.641606400402

Equation: (x3 ^ x0) * x2
Residuals:
515.0577933270644 505.9425971661017 548.3496697874402 507.6251452556703 493.91151217503483 425.97842323917536 473.10674288999644 356.5856195838028 268.17315917623955 7.99748300832789 253.52350458175147 286.5013819787889 376.96149982321003 409.5611895652032 493.47478647876505 462.9916806525839 151.38484032980705 2289.9375449460385 9233.800872472575 10721.732991553426

Equation: x0 + 1627.6378881001742
Residuals:
1025.3759881001743 1010.7240881001742 901.6909881001742 778.5752881001742 739.0394881001741 701.1783881001743 487.0246881001742 480.05398810017414 478.4863881001743 374.5514881001741 365.9055881001741 190.7326881001743 69.52858810017437 165.3044118998257 770.0675118998258 1056.4390118998256 1510.589711899826 1527.973211899826 1532.3003118998258 2157.7256118998257

Equation: sin(x0) + 1632.3401485891525
Residuals:
1027.0873698404082 1012.0512073626544 902.6567079777952 778.8773448775864 739.3397502530197 701.4339841310921 487.27264072603657 480.21201805604414 478.6299745742808 374.55511447531194 365.8163236985713 190.6204113953272 69.32503807423518 165.6013529840941 770.5992723856225 1057.0024758584404 1511.163135636429 1528.8382327023737 1533.5083757324478 2158.9608742143964

Equation: (x4 / x4) + 1630.6420006002272
Residuals:
1026.3139006002273 1011.4697006002273 902.2538006002272 778.7859006002273 739.2491006002272 701.3630006002272 487.2050006002273 480.1832006002271 478.6073006002273 374.5905006002272 365.88860060022716 190.70160060022727 69.4406006002273 165.45239939977273 770.3761993997728 1056.7706993997726 1510.928699399773 1528.545599399773 1533.2311993997728 2158.6921993997726

Equation: 1631.4839991893261 - (sin(x4) / x4)
Residuals:
1026.1408504663498 1011.3365073644197 902.1753833142501 778.7316566157315 739.2025629080249 701.3249321082399 487.1780583571649 480.1568124315618 478.584901206023 374.58705329582335 365.89690253377967 190.74821682465267 69.48782503954635 165.39890207996086 770.3174996069199 1056.7148157283436 1510.8813201061846 1528.4993292361403 1533.1885977428265 2158.6563889680883

Equation: 1631.8304004901909 - (cos(sin(x4)) / x0)
Residuals:
1026.1765175850958 1011.3521904287306 902.1622911812661 778.7280287406879 739.1943048773528 701.3134314821327 487.1610585627941 480.14260412158274 478.56926925365724 374.5681445868345 365.8771419412053 190.72666165446662 69.46870096369821 165.41323977743787 770.3152205645126 1056.7070758948794 1510.8661177961521 1528.4769800408453 1533.1552175364561 2158.618378402863

Equation: 1631.3349856737602 + (x4 * 0.07551388796864447)
Residuals:
1026.240601157023 1011.40596121524 902.2048166289491 778.7443094385812 739.2100240510506 701.3267935787933 487.1727580579118 480.15116194540906 478.57674956900223 374.56757647168706 365.87100775217755 190.70870834493212 69.44831245603609 165.43718901488865 770.3385840443284 1056.7249511985942 1510.8707255001323 1528.486409726536 1533.1682944432478 2158.623283537765

Equation: 1631.6940931944298 + (cos(x4) * 0.10141087611671917)
Residuals:
1026.2646923735879 1011.4207067196187 902.2083040374679 778.7435668645123 739.2080505614742 701.3235415225656 487.1679565126756 480.14628741299725 478.57136207744225 374.56008697222524 365.8625519894822 190.7004633715353 69.44015560941216 165.44398636620576 770.3391199565119 1056.7227522375383 1510.8643649009032 1528.479645782282 1533.1603219595208 2158.61345720597

Equation: (cos(x4) / (5.909041719269429 + x0)) + 1631.694156327003
Residuals:
1026.2547596299437 1011.4131247662735 902.2030387510464 778.7420890755259 739.2066034763127 701.3223593135663 487.16684707038985 480.14565067115996 478.57080820239344 374.56026095645257 365.8631601861921 190.700972750456 69.44095558393019 165.44305379446428 770.3385266607845 1056.7225337383081 1510.864768972818 1528.4804084073558 1533.1619619401358 2158.615889756082

Equation: (cos(x4) / (x4 + (x0 / 0.6317891203054325))) + 1631.6943226610963
Residuals:
1026.2405445765592 1011.4030609403674 902.1975572263781 778.7404078511202 739.2052898860886 701.3215929127975 487.1666238229384 480.14573143179246 478.571112043943 374.5617729944563 365.86535963114784 190.70415443117008 69.44425416297963 165.43981494049876 770.3368748051209 1056.7219213619708 1510.8660665157124 1528.4819749823703 1533.1643032082682 2158.6194204449084

Equation: 1631.6517372684784 + (-0.05774347595976082 * cos(x4 / 0.5363958663835035))
Residuals:
1026.2733322325619 1011.4238977013317 902.206012736497 778.7399800046771 739.204241483835 701.319609485209 487.1640743437929 480.14241444171375 478.5675751510171 374.5572267192854 365.8607551183661 190.70563641542435 69.44549401716245 165.4368319041523 770.3313204296978 1056.7173884819217 1510.8660950565127 1528.4823219255306 1533.1661661482524 2158.62531491394

Equation: (sin(-0.05946974488178767) * cos(x4 / 0.539616919392255)) + 1631.653542787356
Residuals:
1026.2746999211474 1011.4246962189209 902.205979673908 778.7395801330549 739.2037277245342 701.3189735200101 487.1632843752236 480.1416170463981 478.56672509347095 374.5561515618624 365.85957110638356 190.70454436061482 69.44441714306663 165.43766917114704 770.3309263934398 1056.7163937998985 1510.8641048961772 1528.4802291917795 1533.1637583485415 2158.622397344432

Equation: ((0.19424844749091058 * cos(x4)) + 1631.7035662384658) + ((0.07486249630515864 * cos(x4)) / cos(x4 + -0.6665422772704787))
Residuals:
1026.2803044390846 1011.4272373064141 902.2063646518158 778.7394110212515 739.2034042032301 701.3184863296331 487.16258603598226 480.1409082013233 478.5659404611249 374.5550003850269 365.858191916089 190.70306302099948 69.44296759538656 165.43853336872144 770.3281632897258 1056.7123653288074 1510.861101682473 1528.4777438871047 1533.1636686563845 2158.6300311412942

Equation: x3
Residuals:
660.6752 777.2668 797.1145 968.4398 981.054 1008.7455 1093.0468999999998 1337.2861 1377.7327 1413.7231 1486.2411 1816.2441000000001 1901.3102 2071.0851000000002 2130.6647 2206.5431 2456.2801999999997 2778.2892 2956.6672999999996 3469.0399

Equation: x0 ^ x0
Residuals:
628.6740836909389 744.462697250526 753.8230331348591 924.1369640217173 917.3189258313863 943.7089056025869 1019.6952368991816 1189.2682356459877 1197.1820344692037 1096.4839045559193 1163.3351503635358 1370.08010328034 1239.0453923931727 1217.301944368422 1108.9430092802588 1066.0743476643665 904.8976512086738 1223.0162830581387 651.1435600583154 1122.6082741618702

Equation: x1 * (x2 ^ x0)
Residuals:
568.7202037735931 633.9187733734861 620.8693724642116 775.8288492883771 729.7250074740921 745.0660956231565 773.7993035442437 814.7809943186721 764.9413148205886 534.6495194861839 482.26829298075927 414.6488792032537 119.41672707695125 1042.9661291726502 1933.7241383963592 2497.0343686505666 3914.680569928185 4142.496897929423 6354.345517644989 6810.148985938569

Equation: 1664.6063226740787 + x4
Residuals:
1003.7038226740787 887.2210226740787 867.3531226740788 696.0029226740787 683.7531226740788 655.9190226740786 571.6243226740787 327.64092267407887 287.1905226740787 251.20652267407877 178.58642267407868 151.38637732592133 236.56137732592128 406.22687732592135 465.9860773259213 541.8699773259211 791.6445773259211 1113.5802773259213 1291.8309773259211 1804.1673773259213

Equation: cos(x4) + 1669.4703301118875
Residuals:
1004.5209308206257 887.853030434548 867.9750542166887 696.5676726413676 684.0594333316516 656.2132002864821 571.9142007623284 327.84161764169676 287.3837474138927 251.39240755769765 178.7707734482119 151.2156321070463 236.39918597218434 406.0721685212982 465.83340559005 541.7174838679741 791.4922315346773 1113.4286588676944 1291.6800523643162 1804.019478149497

Equation: 1669.470219139564 + sin(cos(x4))
Residuals:
1004.6774708459326 888.0093882023604 868.1309001635914 696.7193599998279 684.1536508855453 656.3024304864832 572.0015934967555 327.8806976029862 287.41766278119394 251.42102227409032 178.79824996113348 151.19876323281665 236.3895366266554 406.06929576794573 465.83248115283345 541.7167329692131 791.4916248288855 1113.4287698392147 1291.680847912166 1804.0231635021773

Equation: -86.3400178062647 * -19.335890794474317
Residuals:
1005.5076554949022 888.8393554949022 868.9602554949022 697.5436554949022 684.8871554949022 657.0255554949022 572.7207554949023 328.45365549490225 287.9668554949021 251.94265549490228 179.3134554949022 150.75604450509786 236.01904450509778 405.81944450509786 465.65864450509775 541.5536445050977 791.3386445050976 1113.436144505098 1291.8494445050976 1804.3068445050978

Equation: 1669.4006972691207 + (x4 / 67.98269572712144)
Residuals:
1005.4920763367624 888.8265049723074 868.9475697201137 697.5319464392521 684.8814288439752 657.0202333586785 572.7155819258971 328.4526550466737 287.9663904770448 251.94278180399328 179.313715661586 150.7543619176206 236.01606747056962 405.8144831420791 465.6525063720326 541.5473430951888 791.3321901150825 1113.427310097664 1291.8382183125448 1804.29383844785

Equation: (cos(x4) / 49.95403249117608) + 1669.4704368402906
Residuals:
1005.4970005260114 888.8287085256442 868.949631021969 697.5332155601177 684.879683502502 657.0183911244108 572.7137072406792 328.45050115814024 287.9642802860053 251.94073809363726 179.31168955068938 150.75614703115207 236.01755664633401 405.8154059523356 465.65304525888655 541.5478266234425 791.3326213880932 1113.4268969703849 1291.8369558606023 1804.2919942051178

Equation: 1669.470731775158 + (sin(cos(x4)) / 43.38028387811117)
Residuals:
1005.4978854680663 888.8295904785551 868.950504585453 697.5340212245292 684.8796141312047 657.0182534012142 572.7135447563167 328.4498150456084 287.96356287923413 251.93999817920098 179.3109463499011 150.75688268809563 236.01821772420635 405.8158367175388 465.65328443266844 541.5480366661104 791.3328036537962 1113.4266071590912 1291.8361906797911 1804.2909377600845

Equation: x3
Residuals:
517.5137 619.6182 646.1321 831.1740000000001 1002.486 1073.3876 1079.3992 1276.5158999999999 1288.0393 1431.6703 1788.4057 1803.4809 2122.0211 2146.4302000000002 2209.9253 2212.0403 2331.8789 2438.7751000000003 2523.8293 3174.5452999999998

Equation: x0 ^ x0
Residuals:
478.5023452327236 571.3882446228937 579.9837872269711 763.8414411720645 904.1010828289484 959.7597713408906 950.3962452497285 1119.1016404808515 1116.596025211664 1097.3805501969443 1348.2940555650612 1355.7437780923597 1096.2076395712932 1115.635305017969 1156.7176447652691 778.798848430906 813.0109231745619 857.1964343908248 185.5199703516173 346.1642552995245

Equation: x2 * (x4 ^ x1)
Residuals:
419.23624009881337 507.9847740510943 486.37029944617615 638.3344714970038 761.8541426993543 756.2285980272518 663.3804994199475 691.4385064208409 660.2527852187876 672.2979153823786 544.6900741588561 515.4129665351948 630.8499063401734 79.20700596387132 431.88865794146705 769.806421195784 1245.046437900775 1474.5543196889944 3981.0390962639626 7004.413334752859

Equation: x3 - -1488.7751530304663
Residuals:
971.2614530304663 869.1569530304663 842.6430530304664 657.6011530304662 486.2891530304663 415.3875530304663 409.37595303046623 212.25925303046643 200.7358530304664 57.1048530304663 299.6305469695337 314.7057469695337 633.2459469695336 657.6550469695337 721.1501469695338 723.2651469695338 843.1037469695339 949.9999469695338 1035.0541469695338 1685.7701469695337

Equation: 1493.2933193568274 + sin(x3)
Residuals:
972.5248422375919 870.2649172332314 843.634609951199 658.3933423088332 486.9883405026468 415.71239251462 409.69763402328704 212.54795284652096 201.0011236345042 57.29709034361372 299.52817718098254 315.0304635278251 633.869441633833 658.5765315664914 722.3717939416922 724.4875713758706 844.3818364971294 951.3028396909694 1036.4624539381875 1687.191139121926

Equation: 1491.8380136464232 + cos(cos(x2))
Residuals:
971.6668045037538 869.4842461548627 842.9392355927931 657.807477312933 486.45717097313957 415.3924352698448 409.4220986722696 212.28937032982753 200.75777649051702 57.17367975871775 299.5785448101785 314.8750890264607 633.5480431434682 658.1592215777212 721.8716987803516 723.9664345384429 843.8418630557505 950.7681316982566 1035.956558865708 1686.7019391001436

Equation: -767.6209743533536 + 2260.2478606560294
Residuals:
971.9149863026757 869.7325863026757 843.1600863026757 658.0169863026757 486.65728630267574 415.55898630267575 409.5456863026757 212.4111863026758 200.87508630267575 57.20418630267568 299.58101369732435 314.9067136973242 633.6419136973241 658.2724136973243 722.0386136973243 724.1544136973243 844.0521136973243 950.9759136973244 1036.1584136973242 1686.8913136973242

Equation: (sin(x1) / (x3 ^ x4)) + 1492.6312449309187
Residuals:
971.9214001061607 869.7380611977252 843.1628311579685 658.0175435121738 486.65809276213815 415.56079939546817 409.5463259780702 212.41037855584955 200.8746021876359 57.20465667865915 299.57887659462244 314.90402089199415 633.6389119044029 658.2692812380278 722.0350496945377 724.1508550814117 844.0485187160737 950.9722272575129 1036.154663819874 1686.8873060762285

Equation: 1492.6318126388594 + (sin(sin(x1)) / (x4 ^ x4))
Residuals:
971.9221349677432 869.7387016620477 843.1633696078787 658.0176720810874 486.65865587451196 415.5613898717436 409.5470671842975 212.41136007035448 200.87572942363454 57.20599525845091 299.57726841903286 314.9029370217261 633.638083451395 658.2686394603836 722.0345518908641 724.150340819376 844.0480285273279 950.9717021215793 1036.1541920600732 1686.8866872296733

Equation: (3.857314410640918 - -1488.8192122947419) - (0.1955020731104439 / x4)
Residuals:
971.9019255914923 869.7213586605775 843.1507588363141 658.0076659498758 486.650587673911 415.55541003741587 409.5424082143936 212.40811936333853 200.87271625735002 57.203628463429595 299.5766724449743 314.9022395353727 633.6370680139623 658.2672409559639 722.0322844165098 724.1479600389921 844.0455193067075 950.9687146963868 1036.1510367027001 1686.8811025492228

Equation: (1492.6691490894066 - (0.18998880350627412 / x4)) - (-0.001468312097142612 * x3)
Residuals:
971.9010121383224 869.7205078953294 843.1499405281189 658.0069960342583 486.6499138626724 415.554936990741 409.5419292550889 212.4076605854691 200.8722564742368 57.20317616072748 299.5771897829022 314.90239280924675 633.6369454440921 658.266802525017 722.0314805412233 724.147158496573 844.0446349557737 950.9678068703938 1036.1499455117885 1686.8800664685757

Equation: x2
Residuals:
498.38939999999997 515.7524999999999 533.3632 537.3286999999999 620.4960000000001 621.1419999999999 762.3152 879.0305999999999 896.6554 939.5474 940.9604 964.1812 966.9285000000001 971.1768 1305.4455 1410.5148 1464.718 2350.5537 2426.6717000000003 2517.4100999999996

Equation: x0 ^ x2
Residuals:
473.5906117465345 477.72458283206765 452.3863945135695 401.8697095528137 462.8782326848327 418.29758984195115 551.8106749073289 625.4390520790269 583.8397037115899 585.0626091668985 505.09438132381234 504.7256471190786 431.0802480635516 411.5101241183984 658.8813944312637 585.3082842140965 413.6344961972534 708.5818026258396 283.5218341462728 102.43247256834047

Equation: (x4 ^ x0) * x1
Residuals:
418.18065221175914 422.59063239655603 373.85810450603924 353.8907826552899 402.4051260285302 345.3710668944251 463.0002231145362 473.6264479475282 434.9070690409868 394.92955258708673 264.88694774460555 55.22016154267078 175.57226770082377 334.21204029033004 246.25777395099203 1158.389562599817 1409.3308869604036 1805.5231221961417 3974.437409134513 7041.6938899982215

Equation: x4 + 953.5816227126678
Residuals:
455.18602271266786 437.5635227126678 419.7632227126677 415.4866227126679 332.31922271266774 331.60912271266784 190.44002271266777 73.78752271266785 56.09062271266782 13.174022712667806 11.741322712667738 11.288977287332159 14.006677287332309 18.220577287332162 352.4440772873322 457.3024772873322 511.61187728733216 1397.4593772873322 1473.5082772873325 1564.088877287332

Equation: 957.9530443436516 + cos(x4)
Residuals:
455.55067176917714 437.91628711886824 420.05124528052283 415.7421667197573 332.4903743547071 331.74331104409623 190.55519018718678 73.83776019584366 56.09928033171104 13.156603165124011 11.719486207011187 11.444749078880022 14.18420060959852 18.415782174877677 352.69101558700606 457.61553942137164 511.92723747847515 1397.795220467609 1473.847416054333 1564.4298444331903

Equation: (x0 - x0) + 957.1197164626126
Residuals:
455.7093164626126 438.0762164626126 420.21631646261255 415.9085164626126 332.65521646261254 331.9049164626126 190.71441646261258 73.98461646261262 56.23411646261263 13.281916462612571 11.843016462612582 11.40808353738737 14.170383537387465 18.423383537387394 352.78238353738743 457.92278353738743 512.2479835373874 1398.3198835373876 1474.4601835373876 1565.2524835373872

Equation: 956.9636595970431 - (-0.04410761179737721 * x4)
Residuals:
455.68623522508983 438.05360276577494 420.1963315794379 415.88990773692615 332.64039658077945 331.89186970677383 190.70231360966625 73.97592312805818 56.227787296050565 13.277157527030454 11.83853099422356 11.402830045091491 14.16316284560537 18.414438237984086 352.7674616565855 457.89542331005873 512.2199264097923 1398.281928661705 1474.418197225987 1565.201159644569

Equation: (sin(-0.13838991924654795) * cos(sin(x4))) + 957.24175271865
Residuals:
455.6945055704948 438.06123009463136 420.2006247233105 415.89264857368494 332.63955625154495 331.8897006984646 190.69952616711316 73.97140175868492 56.22250341509164 13.271553902963205 11.832886244673432 11.407564421192546 14.167275231269514 18.41792569218819 352.76843632311056 457.89174617828985 512.2160923853887 1398.2779582147439 1474.4155170014426 1565.204987862785

Equation: x3
Residuals:
499.5679 640.4278999999999 641.4548 802.0431 901.9138 923.6844 983.5578999999999 1009.1391 1024.7526 1124.5569 1260.9896999999999 1306.0661 1387.2792 1393.6643 1424.2686999999999 1525.6939 1706.0211 2562.5884 2657.3752999999997 3295.528

Equation: x2 ^ x3
Residuals:
462.63158923692106 598.3635816377673 591.1676688324414 747.0705312741653 830.738339059396 806.4157122309894 818.128157617876 782.677323548083 663.9683744363813 664.478612041078 777.3786902335354 680.1992819754134 651.3571947670233 612.6658823735327 529.4703095985561 494.93241906120966 572.0979832217174 1008.0454220897216 544.5238733124611 537.402191289983

Equation: 1341.9320893818203 - x0
Residuals:
835.8927893818204 694.6439893818203 693.5593893818203 532.7273893818203 432.7414893818202 410.6350893818203 350.5223893818203 324.76988938182024 308.6486893818203 208.59958938182035 72.14008938182042 26.90468938182039 54.38551061817975 60.870010618179776 91.6665106181797 193.20831061817967 373.60841061817973 1230.2497106181797 1325.1653106181795 1963.4957106181794

Equation: 1338.4726304225833 + sin(x0)
Residuals:
835.575035482206 694.3364857997417 693.252553521376 532.4435025359126 432.4704447909246 410.3644867831367 350.27844634272117 324.57992406049664 308.54401957094524 208.59319059249924 72.14858137086048 26.959078151926633 54.31055154342562 60.739850455414626 91.42510242593494 192.92995431233044 373.31768104255616 1229.9402568528205 1324.8252762119466 1962.9482765219725

Equation: 1337.697433131805 + (x2 - x2)
Residuals:
834.887433131805 693.948133131805 692.8719331318049 532.226333131805 432.3081331318049 410.2038331318049 350.19953313180497 324.6056331318049 308.663633131805 208.77163313180495 72.33313313180497 27.159033131805018 54.105166868195056 60.52366686819505 91.20036686819503 192.70546686819512 373.093566868195 1229.7169668681952 1324.603966868195 1962.7572668681948

Equation: cos(cos(x4) / x4) + 1336.7248760194718
Residuals:
834.8619844925934 693.9231622309337 692.851257386454 532.2059708946006 432.28808885401486 410.1850644772396 350.18187061465244 324.59793476672564 308.66389681979035 208.77205149751626 72.33678609362278 27.163446807620858 54.099006337940864 60.50835333005216 91.18360572062556 192.68660697263908 373.07360812787965 1229.6896587463486 1324.5765418075482 1962.730639433768

Equation: (0.05164811253297935 * x4) + 1337.5030267310244
Residuals:
834.8504191891575 693.9120953384843 692.8430176132025 532.1978669517816 432.28011629036064 410.17756199656424 350.1747133085265 324.59248061714754 308.659193653732 208.76736409250339 72.33246913075823 27.1592316542376 54.10295923418494 60.50980225518629 91.18436402332736 192.68611206082414 373.0723010806603 1229.6719222896504 1324.5535250618902 1962.6979725754022

Equation: (sin(cos(x4)) / (x4 * x4)) + 1337.7488275428384
Residuals:
834.8484754848516 693.9101934257565 692.8414711885833 532.1963444692242 432.2786178153199 410.1761572020762 350.1733866280889 324.5917882304328 308.6590331463565 208.76721504187753 72.33257437267184 27.15940128766374 54.10263409244112 60.50843857269024 91.18279386029894 192.68421941054794 373.0702290047045 1229.6691102154828 1324.551313083676 1962.6977042951794

Equation: 1336.7421994359393 + cos(cos(x4) / -2.5721789090043514)
Residuals:
834.8582252471156 693.9186903170391 692.8423618177143 532.1968474158944 432.2787440591037 410.1749237666297 350.1711476261688 324.5853156761849 308.6530881488818 208.76130361210562 72.32752843337448 27.154600494727674 54.10681949598188 60.50862410500167 91.1823239343446 192.6828721159361 373.068485401064 1229.6726383681385 1324.5592611202114 1962.7154734267394

Equation: (sin(25.37921948986152 / x4) * sin(cos(2429.9759576522647))) + 1337.712765972142
Residuals:
834.8619055784427 693.9215833886733 692.8414403199441 532.1957852811847 432.2775514734692 410.1733154934079 350.16929482473313 324.5836452812472 308.6523962895146 208.76062850653398 72.32715818202428 27.154287595566984 54.10702406570499 60.50881550089116 91.18257925201215 192.68321795088445 373.06886243135364 1229.6683996125028 1324.5518255393074 1962.700664671486

Equation: x0
Residuals:
631.0853000000001 640.251 760.0518 893.6828 905.7486 1100.8872000000001 1126.7993000000001 1133.9462 1179.9168 1489.1792 1654.0602999999999 1789.1902 2223.5092 2551.3325 2776.5944 2801.6848 2838.3177 3054.5901 3477.9002 3555.3444

Equation: x0 ^ x0
Residuals:
600.1666406220397 605.6873916521258 710.3216501745248 833.2965353152329 820.8778383011809 973.5642744390638 917.4830182842537 923.7717996995484 583.4877045627835 720.7278701854057 835.039373750841 858.4739145467864 1273.3416049728435 1382.2787061042045 1100.107775502717 1026.3446110199814 650.4970693497557 803.5889875275034 1022.0323612566276 826.8163955705795

Equation: (x0 ^ x0) + x4
Residuals:
596.9992406220398 602.5189916521258 707.1519501745249 829.8792353152328 817.3855383011809 970.0321744390637 913.9477182842537 920.0197996995485 579.6407045627835 716.8328701854057 830.7556737508411 854.1445145467865 1268.8372049728434 1377.7690061042044 1095.486875502717 1021.5221110199814 645.6589693497558 798.7188875275033 1017.0817612566275 821.8433955705796

Equation: 1663.3406804791434 - x3
Residuals:
1025.7576804791433 1016.5280804791435 896.3883804791435 762.4472804791433 750.1740804791434 554.8602804791433 528.6707804791433 521.5111804791434 475.0064804791434 165.63208047914327 0.6121804791434897 134.59951952085657 569.0335195208565 896.9916195208568 1122.5844195208567 1147.7739195208565 1184.6132195208565 1400.9861195208564 1824.4205195208567 1901.9493195208568

Equation: sin(x3) + 1659.912493369033
Residuals:
1025.4735840671424 1016.2444939804045 896.1162996594132 762.2100048887226 749.9514628359248 554.6385147011617 528.4686341308509 521.31246090633 474.8461089799057 165.4759305512805 0.5074138106897408 134.68833212922186 569.0607968607048 896.9845328823849 1122.432057266463 1147.5526890910346 1184.2668884726406 1400.540905932122 1823.8670230082917 1901.340277575754

Equation: (x3 / x3) - -1658.1315929791454
Residuals:
1024.9369929791453 1015.7231929791453 895.7655929791454 762.0511929791453 749.8398929791454 554.5293929791453 528.4091929791452 521.2605929791453 474.8635929791453 165.49969297914527 0.5931929791454422 134.58750702085467 568.9147070208546 896.8199070208548 1122.2230070208548 1147.3357070208544 1184.0496070208546 1400.3330070208544 1823.6767070208548 1901.1614070208548

Equation: 1658.9806788514786 - (sin(x4) / x4)
Residuals:
1024.7942257485574 1015.5807386847534 895.6235451939237 761.9799404664891 749.7873559048628 554.4862497570202 528.3667886675676 521.2624510511696 474.8812112183864 165.52442144858446 0.6545979901122791 134.5241762612677 568.8484006188808 896.7536162751794 1122.1584181509193 1147.2805156214529 1183.9954594982344 1400.2811348868318 1823.6313294534539 1901.1180254082267

Equation: 1659.3102088523176 - (cos(sin(x4)) / x3)
Residuals:
1024.8205825617872 1015.6081595982607 895.6654800458759 761.977206092088 749.7755191636959 554.4686141558725 528.3528961770749 521.2269645315725 474.84618187728984 165.48821134778677 0.6252416216011625 134.55098555500513 568.8650938232965 896.7685313323298 1122.163375234555 1147.2744471168317 1183.9855857493096 1400.2676533769468 1823.6119326308403 1901.0965400151385

Equation: (x4 * 0.07635092503667336) - -1658.8223459643077
Residuals:
1024.869579884269 1015.6558562351938 895.6983554913966 762.0028599804355 749.7972862998133 554.4898250666297 528.3698693895897 521.2378146350452 474.8480679729237 165.4878328173254 0.6110104218873857 134.56620034083858 568.880038928957 896.7848342690545 1122.1794440461904 1147.2767516997028 1183.9894606252724 1400.270417395671 1823.607971146206 1901.090960885485

Equation: (0.10481310506827413 * cos(x4)) - -1659.1847541867924
Residuals:
1024.8853759835533 1015.6715787405899 895.7139824813762 762.0034995709325 749.7946210627317 554.4856318259078 528.3655599952333 521.2278687988207 474.83695498977977 165.47640748597632 0.6027856039263497 134.57351390130634 568.8831889480102 896.7878451093754 1122.17942168555 1147.2710280427166 1183.983304327876 1400.2633840715905 1823.5988136368335 1901.081238516964

Equation: (0.250822012881569 * cos(cos(x4))) - -1658.9339257517947
Residuals:
1024.8749157371158 1015.6611212876549 895.703528818555 761.9969180383796 749.7903337509149 554.482735987368 528.3627807704629 521.2341491749712 474.8474975680481 165.48903856495667 0.624988372919006 134.55166272343627 568.8668806877747 896.7718171639883 1122.1708983012813 1147.2840651145102 1183.9984211385977 1400.2829394236264 1823.6305026883617 1901.1165328480442

Equation: (sin(0.25352931449144656) * cos(cos(x4))) - -1658.9339257549516
Residuals:
1024.8749157376167 1015.6611212881558 895.7035288190559 761.9969180387277 749.7903337511707 554.4827359875669 528.3627807706569 521.2341491747743 474.84749756764836 165.48903856445054 0.6249883715811393 134.55166272485326 568.8668806894266 896.7718171656454 1122.170898303017 1147.2840651162367 1183.9984211403153 1400.282939425322 1823.6305026899815 1901.1165328496381

Equation: ((0.0387401960958173 * x4) * cos(cos(x4))) - -1659.0036476547125
Residuals:
1024.8753802045526 1015.6616038630839 895.7040347760499 761.9989318264834 749.7918365148596 554.4838302637215 528.3638385611785 521.2318728976836 474.8435340766787 165.48425347516422 0.6170670175395117 134.5593058652903 568.8718581052165 896.7766735901414 1122.1726843625233 1147.277954616588 1183.9915946827473 1400.2746059031492 1823.618179688075 1901.1030576427481

Equation: (-0.0580828887065574 * cos(x4 * 1.9115685872163266)) - -1659.1345494316013
Residuals:
1024.8833760518535 1015.6695510070467 895.7119187580013 761.9978609795339 749.7891853190376 554.4805295278527 528.3604909815172 521.2269471500388 474.8386939754803 165.47958113838672 0.6152236106629516 134.56076258009193 568.8718841282325 896.7766582263175 1122.171839245082 1147.2758985649373 1183.9894692035298 1400.2723529829075 1823.6157110200024 1901.1005602495193

Equation: (cos(1.9115764788541134 * x4) * sin(sin(-0.058145196764867756))) - -1659.1345485531747
Residuals:
1024.8833779152262 1015.6695528743794 895.7119206304696 761.9978635425905 749.7891879657166 554.4805321933093 528.3604936477025 521.226949593547 474.8386961562112 165.47958315044912 0.6152235514646236 134.5607629393603 568.8718856690377 896.7766598029234 1122.171841559098 1147.2759020764959 1183.9894727964195 1400.272356736315 1823.615715136298 1901.1005644555285

Equation: 1659.0854968556894 + ((sin(x4) / (1.8298416746096293 * x4)) * sin(x4 - 0.48729633612110934))
Residuals:
1024.8889143534498 1015.6750423428127 895.7173492647448 761.9959539707561 749.7864762883219 554.4776052385814 528.3575551163226 521.2247493634538 474.8374264524746 165.47883987268483 0.6177610794704833 134.55812991315088 568.8696491726275 896.7744540089759 1122.1705134504493 1147.2770851583607 1183.9908843565902 1400.274246190906 1823.6188412525305 1901.1040378990829

Equation: x4
Residuals:
663.3672 1116.7227 1205.1218000000001 1368.1102 1426.4357 1448.2487 1518.9753 1536.7192 1588.2433 1796.3795 2140.6382 2150.2026 2236.9734 2341.0112 2428.8222 2500.9207 2666.5868 2852.4016 2949.2788 3228.3424999999997

Equation: x4 ^ x4
Residuals:
605.0965058962005 980.6481097248796 1052.9049667318259 1117.7513726624552 1169.2585351996295 1111.1269510979564 1176.6249650683508 1131.0146999576154 1134.1324110047804 1152.8946553558867 1349.1068793698319 1355.6865953560564 1320.4603939732804 1386.0361240732873 1336.6031627369125 1325.615683162056 1419.2494491858533 1178.065293858305 714.536004033268 400.6879639334752

Equation: x4 * (x2 ^ x3)
Residuals:
562.7325703865844 985.695261708385 1034.5445376785462 1160.4602616509255 1192.3478233321862 1151.2429578962747 1177.8956928599905 1095.4822769857346 892.5592957886173 1000.3613479357524 1000.4540354580388 630.6566433591913 58.658410069195725 444.24016620069506 579.3276654264287 1066.693336116663 1521.3898903123104 1516.9169437463202 2624.2842821759164 5557.844962850333

Equation: x4 + 1859.16035093429
Residuals:
1195.7931509342898 742.4376509342899 654.0385509342898 491.05015093428983 432.7246509342899 410.9116509342898 340.18505093428985 322.4411509342899 270.9170509342898 62.7808509342899 281.47784906570996 291.04224906571017 377.8130490657102 481.85084906571 569.6618490657102 641.76034906571 807.4264490657099 993.2412490657102 1090.1184490657104 1369.18214906571

Equation: 1862.6273044517748 - sin(x4)
Residuals:
1196.1161940911084 742.7274078987291 654.3194019064304 491.2748393529073 432.94547078909363 411.0883460846958 340.3589487395716 322.5820663802747 271.03388823793625 62.81192331149032 281.50596301122323 291.0714960649482 377.8868137713482 481.93797254846345 569.7943095533587 641.918659494241 807.6062991201031 993.5351145057739 1090.5358587320545 1369.7085611162506

Equation: 1863.470732184435 - (x2 - x2)
Residuals:
1196.721232184435 743.0050321844351 654.558832184435 491.363232184435 433.02663218443513 411.102332184435 340.369432184435 322.556232184435 270.986332184435 62.70953218443515 281.63196781556485 291.1978678155649 378.025467815565 482.0795678155648 569.943667815565 642.0710678155649 807.7605678155649 993.6905678155651 1090.6797678155651 1369.8340678155648

Equation: 946.2058466665891 + 917.2648855177097
Residuals:
1196.721232184299 743.0050321842989 654.5588321842988 491.3632321842988 433.02663218429893 411.1023321842988 340.36943218429883 322.5562321842988 270.9863321842988 62.70953218429895 281.63196781570105 291.1978678157011 378.0254678157012 482.079567815701 569.9436678157012 642.0710678157011 807.760567815701 993.6905678157013 1090.6797678157013 1369.834067815701

Equation: 1863.7051324306767 - (x3 / (x4 * x3))
Residuals:
1196.659975629092 742.9722670553094 654.5293871495494 491.3474635666935 433.0115563304871 411.09399630911435 340.36146694352215 322.55227045417905 270.9849445454581 62.71571050767875 281.6215568178393 291.18738158634073 378.012169541553 482.0654755598939 569.9270281198221 642.0530662622753 807.7414759986482 993.6662648443619 1090.650634724526 1369.8011870260268

Equation: (cos(x4) / (x1 * x4)) + 1863.4940663598522
Residuals:
1196.651757226783 742.9576862883812 654.5151295516798 491.3356406001003 433.00262218641546 411.0876036493835 340.3563142494186 322.54772603572496 270.9812529670405 62.71390171287135 281.62160236320665 291.1868112879763 378.01136096454616 482.0646287435836 569.9260614069576 642.0520147575714 807.7403298041759 993.6651992827146 1090.6499031127767 1369.8007645763762

Equation: (0.07896154217364176 * cos(x4)) + 1863.4985234671515
Residuals:
1196.6723384183156 742.9677165053017 654.5236922041527 491.3392495997516 433.0033145434527 411.0860160714717 340.3535295561908 322.54498868684686 270.97827215364873 62.71168506847812 281.62355038020655 291.1893355366217 378.01255725049555 482.06539131860814 569.9253440080561 642.0504748437263 807.7381330346136 993.6590421752644 1090.6394502326198 1369.7867479423694

Equation: (cos(x4) / ((x4 + x1) + x1)) + 1863.5007615431641
Residuals:
1196.6497798564415 742.9524124763391 654.5096673854455 491.33045229325376 432.9968946504928 411.0826836270651 340.351278193662 322.5436336169537 270.9778078631971 62.712939581449746 281.6208998101986 291.186091434751 378.00934228413917 482.06222716121033 569.9223845233987 642.0476267042081 807.7353566539994 993.6572831535302 1090.6390516619977 1369.7875077375654

Equation: 1863.499175340286 + ((cos(x4) / x1) / (x4 + sin(x3)))
Residuals:
1196.6576845348795 742.9631146801923 654.5168361870362 491.33794757133546 433.0041282820964 411.08978450661243 340.3579234627193 322.54872603690796 270.9817898411927 62.715972037879965 281.6186160201621 291.1841553811887 378.0083173726432 482.0615689383885 569.9223353371588 642.0479803412597 807.7360253428105 993.6595755716073 1090.643149734487 1369.793141614302

Equation: (cos(x4 / 0.9202679894885034) / (x1 * x1)) + 1863.4728394904757
Residuals:
1196.6333957500183 742.9452405863194 654.5040657808013 491.3305956506406 432.99872240199466 411.086032821313 340.35477605866186 322.54716792597947 270.9811380473295 62.71484375135742 281.6221498443515 291.1886807784747 378.0135088774259 482.066802567075 569.9283681356253 642.0546348944329 807.7437077087977 993.6698621472269 1090.6555720175124 1369.8068075844278

Equation: (cos(x4 / 0.3842414011793359) * 0.04028587127917295) + 1863.462912163835
Residuals:
1196.6806768467904 742.958927193403 654.5145475675679 491.3329157671287 432.9972904448282 411.08361418928007 340.35135152306816 322.54530607824495 270.98020440525715 62.71769412090339 281.6162682159927 291.18204071222726 378.00509481710765 482.0579997985162 569.9185840952828 642.0443304947155 807.7326343520824 993.6587464021466 1090.6475560771316 1369.8040191295943

Equation: (sin(0.04028587127917295) * cos(x4 / 0.3842414011793359)) + 1863.462912163835
Residuals:
1196.6806857007105 742.9589375483374 654.5145574301457 491.3329218517281 432.9972962658064 411.08361713685485 340.35135429826323 322.5453069183477 270.9802039475567 62.717689798264246 281.6162745773431 291.1820471080639 378.0051024424722 482.05800774709746 569.9185929947562 642.0443398414382 807.7326440223255 993.6587571239634 1090.6475669045196 1369.8040293719416

Equation: (cos(x4 / 0.3842414011793359) * sin(0.04028587127917295)) + (1863.462912163835 + (x2 / (1863.4636353555836 ^ x0)))
Residuals:
1196.6806857010924 742.9589375487353 654.514557430454 491.33292185176674 432.9972962658303 411.08361713687077 340.35135429827574 322.54530691834907 270.9802039475578 62.71768979826447 281.6162745773431 291.18204710806367 378.0051024424722 482.05800774709746 569.9185929947562 642.0443398414382 807.7326440223255 993.6587571239634 1090.6475669045196 1369.8040293719416

Equation: (1863.4629121663684 + ((x4 ^ x2) / (1863.462912163835 ^ x0))) + (0.04027495890445693 * cos(x4 / 0.38424140956440334))
Residuals:
1196.680685725924 742.9589375717187 654.5145574503008 491.332921856849 432.9972962699694 411.0836171353492 340.3513542963292 322.5453069126386 270.9802039397882 62.71768978516684 281.61627459257716 291.18204712332954 378.00510245870305 482.0580077635234 569.9185930115607 642.0443398582822 807.7326440391155 993.6587571393663 1090.6475669168908 1369.8040293808172

Equation: (sin(0.04028585162487185) * cos(x4 / 0.38424140466698364)) + (1863.4629121622656 + ((x2 ^ x2) / (1863.462912163835 ^ x0)))
Residuals:
1196.6806857204583 742.958937569 654.5145574485368 491.332921858537 432.997296271868 411.08361713717795 340.351354298198 322.5453069143541 270.9802039411827 62.71768978508976 281.6162745938143 291.1820471245885 378.0051024608563 482.05800776594515 569.9185930148856 642.0443398621126 807.7326440433599 993.6587571456637 1090.6475669250838 1369.8040293903603

Equation: (sin(sin(0.040295673068334266)) * cos(x4 / 0.38424155709171687)) + (1863.462911548714 + ((x2 ^ x2) / (446.7984443781782 ^ x0)))
Residuals:
1196.6806863267407 742.958938282879 654.5145580377325 491.33292177755766 432.9972961420949 411.08361670095474 340.3513538383763 322.54530621947356 270.9802031184297 62.71768857919187 281.6162759850115 291.18204851874657 378.0051039644138 482.0580092967266 569.9185946216685 642.0443415019804 807.732645705692 993.6587588587995 1090.6475685907026 1369.8040309502062

