Equation: x3
Residuals:
2466304.2928538844 2544988.5769328815 2553210.5310484 2569788.5096402727 2580650.6239397153 2592040.9088342097 2872552.2187220864 2914186.2396563403 3047675.3424671213 3056098.407536647 3160156.985384303 3173775.7456721184 3189953.771523408 3205272.5055647204 3296257.146036228 3385139.9417066756 3412249.6324030347 3488883.7362218993 3634977.4797780775 3915555.1679934612

Equation: x3 ^ x3
Residuals:
9.222165394500471e+23 9.585157648519184e+23 1.1366377831319692e+24 1.4840932211384973e+24 1.63971012614901e+24 1.9041352925269974e+24 2.118615307936767e+24 4.0891562807888705e+24 6.103686069047156e+24 1.576654417840631e+25 2.0012928261774113e+25 2.0122659422653573e+25 2.482330188399359e+25 4.589214264819459e+25 4.897453746591119e+25 5.962587129001939e+25 6.450861961524277e+25 1.244991865648604e+26 3.696232106058083e+26 8.681170118666319e+26

Equation: (x3 ^ x0) * x2
Residuals:
1.3062501567569753e+25 1.3261127541221481e+25 2.0058964673180026e+25 2.5947277643140805e+25 4.887203284803496e+25 5.160679916291215e+25 5.437717464695466e+25 8.627234398654532e+25 1.1230729574508695e+26 1.8850370269738157e+26 2.2096480778283545e+26 6.577846626429582e+26 9.949866731624306e+26 1.1789512203517741e+27 1.7270893514710034e+27 2.210935624274389e+27 2.6705387548782323e+27 4.896673192443326e+27 1.1907522815939992e+28 2.830044404218531e+28

Equation: x0 + 1627.6378881001742
Residuals:
2464676.7510677483 2543361.0436662305 2551582.916466596 2568160.898371686 2579022.8314951523 2590413.1493207626 2870924.480135204 2912558.569061786 3046047.719367672 3054470.929615067 3158529.535273773 3172147.93265013 3188325.890680525 3203644.775485167 3294629.317520926 3383512.0996647445 3410621.75558116 3487255.8782144 3633349.6905557285 3913927.3758168924

Equation: sin(x0) + 1632.3401485891525
Residuals:
2464690.897911991 2543375.190522901 2551597.0637616185 2568175.0456890985 2579036.981622835 2590427.2996159014 2870938.630645085 2912572.724539897 3046061.878966365 3054485.099358369 3158543.70945356 3172162.200970591 3188340.21164263 3203659.098196582 3294643.702238152 3383526.5234149867 3410636.216162671 3487270.4513737746 3633364.455362546 3913942.3890367756

Equation: (x4 / x4) + 1630.6420006002272
Residuals:
2464691.457095712 2543375.7509869975 2551597.748407879 2568175.794718142 2579037.934317989 2590428.2571306177 2870939.5940766595 2912573.781497784 3046062.98554292 3054486.2899252246 3158544.9277971033 3172163.689460605 3188341.7681107684 3203660.6564969537 3294645.313278269 3383528.158301521 3410637.868728804 3487272.1371795926 3633366.1524677384 3913944.0532637215

Equation: 1631.4839991893261 - (sin(x4) / x4)
Residuals:
2464691.6110863765 2543375.9106183876 2551597.9080456863 2568175.955529333 2579038.09754034 2590428.4211974833 2870939.777107931 2912573.9662234574 3046063.178399899 3054486.4828353086 3158545.125933939 3172163.8883578973 3188341.9671493927 3203660.855976354 3294645.514556249 3383528.362413518 3410638.073922812 3487272.343089373 3633366.3594976855 3913944.2586590643

Equation: 1631.8304004901909 - (cos(sin(x4)) / x0)
Residuals:
2464691.321991328 2543375.6160050626 2551597.6130723287 2568175.659152412 2579037.797999211 2590428.1207082984 2870939.4519642387 2912573.638301737 3046062.837388302 3054486.1415393003 3158544.775562849 3172163.535973167 3188341.614301827 3203660.5023369654 3294645.1574778077 3383527.999961579 3410637.7093052096 3487271.9768514233 3633365.9905315656 3913943.8918852136

Equation: 1631.3349856737602 + (x4 * 0.07551388796864447)
Residuals:
2464690.346398853 2543374.6322743967 2551596.6296861097 2568174.674317202 2579036.8104468505 2590427.1320366273 2870938.439497456 2912572.623964677 3046061.812354836 3054485.1166240033 3158543.742221193 3172162.501847451 3188340.5801093644 3203659.467263604 3294644.1186241563 3383526.953038457 3410636.658070101 3487270.9220018703 3633364.9216692997 3913942.802318835

Equation: 1631.6940931944298 + (cos(x4) * 0.10141087611671917)
Residuals:
2464691.3038801434 2543375.5975315603 2551597.5949528213 2568175.6413578093 2579037.7813119977 2590428.1043003155 2870939.4532685 2912573.642678819 3046062.8593997294 3054486.163885925 3158544.81396348 3172163.577819599 3188341.6568925893 3203660.546630728 3294645.209538611 3383528.067291549 3410637.784503673 3487272.0587646337 3633366.094728536 3913944.02241853

Equation: (cos(x4) / (5.909041719269429 + x0)) + 1631.694156327003
Residuals:
2464691.364436567 2543375.658233908 2551597.655859396 2568175.702312168 2579037.8423839067 2590428.165273704 2870939.5069662924 2912573.6953051286 3046062.9043870685 3054486.2089179233 3158544.851582721 3172163.6144299163 3188341.693348729 3203660.5822548927 3294645.2414657823 3383528.091369786 3410637.8043986647 3487272.075106383 3633366.098200908 3913944.008987395

Equation: (cos(x4) / (x4 + (x0 / 0.6317891203054325))) + 1631.6943226610963
Residuals:
2464691.384166348 2543375.678054835 2551597.675559332 2568175.721940941 2579037.8617668264 2590428.1846245574 2870939.5241227415 2912573.7120066937 3046062.9186467705 3054486.2230931064 3158544.8634112827 3172163.625640718 3188341.7044161814 3203660.5930671715 3294645.251075218 3383528.098568394 3410637.810306302 3487272.0798879745 3633366.099090291 3913944.004867693

Equation: 1631.6517372684784 + (-0.05774347595976082 * cos(x4 / 0.5363958663835035))
Residuals:
2464691.3951919707 2543375.6949687265 2551597.692397425 2568175.7401789296 2579037.8830602113 2590428.207103056 2870939.581781237 2912573.7734123142 3046062.9990926497 3054486.3036224525 3158544.95617565 3172163.7199716945 3188341.7990168827 3203660.6886316156 3294645.350344087 3383528.202528385 3410637.915206756 3487272.1847776137 3633366.1984348227 3913944.0852236343

Equation: (sin(-0.05946974488178767) * cos(x4 / 0.539616919392255)) + 1631.653542787356
Residuals:
2464691.387741013 2543375.6854426754 2551597.682869144 2568175.730248425 2579037.872340057 2590428.196118875 2870939.567271188 2912573.758892736 3046062.985631336 3054486.290175424 3158544.944799719 3172163.709032798 3188341.7881640345 3203660.6780574997 3294645.341093707 3383528.1962550716 3410637.9105932377 3487272.1816023975 3633366.2003127965 3913944.09287039

Equation: ((0.19424844749091058 * cos(x4)) + 1631.7035662384658) + ((0.07486249630515864 * cos(x4)) / cos(x4 + -0.6665422772704787))
Residuals:
2464691.100568572 2543375.4022680544 2551597.399698343 2568175.44775412 2579037.591116305 2590427.9153088126 2870939.2962333765 2912573.4893121375 3046062.727270429 3054486.0319215986 3158544.7009326457 3172163.4681354603 3188341.54785307 3203660.4396512196 3294645.1118925936 3383527.989265817 3410637.717222096 3487272.000938226 3633366.073780798 3913944.068054515

Equation: x3
Residuals:
13145323.870633675 13420919.902812699 13561043.485110931 13659663.518028297 14424903.02363681 14528535.024107534 14542806.501612866 14689293.137200253 14742649.055200884 15234252.201633632 15494129.219473043 15547711.725858763 16397770.682282833 16652378.354255019 16752737.573768957 16970641.915244345 17238956.431827005 17239496.36007283 18283947.365842275 18322100.980639767

Equation: x0 ^ x0
Residuals:
3.752409521083797e+37 1.6363894257012512e+38 2.0538148775481134e+38 2.5900097816705244e+38 2.7965236568298366e+38 3.3313239328197974e+38 6.582772581391314e+38 7.208012780677318e+38 1.0100251738107983e+39 1.440519449355334e+39 2.3503166474840072e+39 3.1314074007703067e+39 5.140505024193262e+39 7.790015699707148e+39 9.142231236393173e+39 1.1191087302374465e+40 1.4517943389139142e+40 2.7786459977586257e+40 2.8378273016115955e+40 5.705996502763392e+40

Equation: x1 * (x2 ^ x0)
Residuals:
9.849579463771671e+38 3.200805755626825e+39 3.8552895796948184e+39 4.779783092331596e+39 5.458583215059121e+39 6.590979613874007e+39 1.3837921212993574e+40 1.556868629575261e+40 2.2840702906384425e+40 3.025042309683374e+40 4.609538813515312e+40 6.437221875216876e+40 9.445150053297272e+40 1.6610898290145475e+41 2.034607126591414e+41 2.6024334981761777e+41 3.865214273719916e+41 7.06887099448709e+41 7.461325181193102e+41 1.6567435938407804e+42

Equation: 1664.6063226740787 + x4
Residuals:
13143659.386063974 13419255.46180145 13559379.054385127 13657999.138880529 14423238.440259118 14526870.529619902 14541142.129351135 14687628.736815553 14740984.647410978 15232587.74403195 15492464.655541632 15546047.149929887 16396105.873365976 16650713.560385503 16751072.997434838 16968977.29198883 17237291.743272718 17237831.721052915 18282282.491329186 18320436.172846116

Equation: cos(x4) + 1669.4703301118875
Residuals:
13143680.389003495 13419276.708106408 13559400.37376858 13658020.559310036 14423260.526729984 14526892.662009887 14541164.274844434 14687651.004873576 14741006.942104707 15232610.35934102 15492487.489584623 15546070.029034043 16396129.287469104 16650737.109044604 16751096.622424198 16969000.99129694 17237315.604746632 17237855.59958233 18282306.789488982 18320460.500343446

Equation: 1669.470219139564 + sin(cos(x4))
Residuals:
13143680.400669409 13419276.712451613 13559400.376751773 13658020.560934389 14423260.526528677 14526892.661600942 14541164.274362884 14687651.00336771 14741006.940281702 15232610.350165922 15492487.470734032 15546070.007650942 16396129.221709877 16650737.028570732 16751096.533212475 16969000.89341636 17237315.48793486 17237855.480819732 18282306.633662026 18320460.343378887

Equation: -86.3400178062647 * -19.335890794474317
Residuals:
13143680.810150782 13419277.011679817 13559400.641530443 13658020.777261345 14423260.412591565 14526892.525017342 14541164.131337224 14687650.800611578 14741006.724690102 15232609.985641833 15492487.01229018 15546069.530804405 16396128.556039637 16650736.325063515 16751095.810126934 16969000.152617835 17237314.713261925 17237854.702976212 18282305.804329447 18320459.512689088

Equation: 1669.4006972691207 + (x4 / 67.98269572712144)
Residuals:
13143680.484055938 13419276.683734627 13559400.313037071 13658020.448014317 14423260.078432234 14526892.190518733 14541163.796741698 14687650.465106852 14741006.388987046 15232609.647521533 15492486.672476232 15546069.190635573 16396128.211431453 16650735.979249079 16751095.463606227 16968999.805391997 17237314.36442744 17237854.35396618 18282305.450449396 18320459.158414192

Equation: (cos(x4) / 49.95403249117608) + 1669.4704368402906
Residuals:
13143680.7926224 13419276.996505078 13559400.627072593 13658020.763800623 14423260.40577875 14526892.51866203 14541164.125112325 14687650.795602893 14741006.719944712 15232609.98402501 15492487.012747169 15546069.531680483 16396128.561584003 16650736.331659881 16751095.817290144 16969000.16030917 17237314.722010344 17237854.71182715 18282305.814953085 18320459.52336267

Equation: 1669.470731775158 + (sin(cos(x4)) / 43.38028387811117)
Residuals:
13143680.791344093 13419276.995414678 13559400.626059433 13658020.76290724 14423260.405850692 14526892.518798513 14541164.125266898 14687650.795918155 14741006.720292563 15232609.984677477 15492487.013490858 15546069.5324293 16396128.562017286 16650736.33191338 16751095.817428118 16969000.160327338 17237314.7217523 17237854.711539675 18282305.814079832 18320459.52247076

Equation: x3
Residuals:
438111.78584876173 476583.00678638567 495011.79826932924 509179.97492656595 511281.33575643005 512874.7047471096 532030.8682836276 536854.9083631745 556386.8798487977 565280.7480536816 573264.5839530258 589032.8026783968 603198.8688381158 612880.2670891548 639612.4417288756 691095.4500097124 721319.1525770288 726453.8559830734 758782.595067885 763393.4080028612

Equation: x0 ^ x0
Residuals:
386027236879482.06 406829393162296.7 457503557459653.44 565475433039292.4 2225930714117385.0 2608317016562080.5 3868338058260818.5 4245886458851414.0 4448506811702164.0 7138896950998267.0 7518889285983972.0 1.3490162327731826e+16 2.0808840248384012e+16 2.148632639503857e+16 2.3393505120967744e+16 2.535527768263687e+16 6.513586368826956e+16 8.495885720749592e+16 1.4731497322517488e+17 3.583715927516033e+17

Equation: x2 * (x4 ^ x1)
Residuals:
4453467125520011.5 1.1823529617379454e+16 1.471473995202652e+16 1.5046874047492478e+16 2.1315484936936316e+16 2.6788462565078844e+16 4.7882863542595736e+16 5.281989890619206e+16 7.67967977391778e+16 1.8003932881288496e+17 2.716655044205703e+17 3.5003229119816435e+17 5.647467527794382e+17 5.942140558867786e+17 1.164923273040195e+18 1.5795394753743964e+18 2.0864870929373222e+18 3.337505975181188e+18 3.993980089791519e+18 4.241875051016026e+18

Equation: x3 - -1488.7751530304663
Residuals:
436623.01069573127 475094.2316333552 493523.0231162988 507691.1997735355 509792.5606033996 511385.92959407915 530542.093130597 535366.133210144 554898.1046957673 563791.9729006512 571775.8087999953 587544.0275253663 601710.0936850854 611391.4919361244 638123.6665758451 689606.674856682 719830.3774239983 724965.080830043 757293.8199148546 761904.6328498307

Equation: 1493.2933193568274 + sin(x3)
Residuals:
436631.0745695485 475102.30977855425 493531.1456563085 507699.3652848597 509800.8395338032 511394.21545931755 530550.4223269456 535374.5806441823 554906.6139426411 563800.4855752975 571784.3383446718 587552.7395932459 601718.9473565263 611400.3872258404 638132.6007205979 689615.6967749799 719839.4847738594 724974.781599922 757303.550840677 761914.3690944968

Equation: 1491.8380136464232 + cos(cos(x2))
Residuals:
436632.2449777433 475103.49755852215 493532.482433237 507700.78794420697 509802.3419313376 511395.65149622224 530551.8831183894 535376.0636828449 554908.1033101085 563801.9493653513 571785.8016419989 587554.2022839661 601720.384544652 611401.8129128607 638134.0210212821 689617.1056703961 719840.9766312991 724976.1390169022 757304.8982428805 761915.7240255715

Equation: -767.6209743533536 + 2260.2478606560294
Residuals:
436632.1816253581 475103.51355705434 493532.50941975706 507700.81608335784 509802.4141402398 511395.79494933574 530552.0279072049 535376.229183196 554908.2735930069 563802.1456682396 571786.0003763617 587554.4020594807 601720.5913524249 611402.0235172564 638134.2290286091 689617.3045377479 719841.0696153366 724976.153698313 757304.9103697008 761915.7263935894

Equation: (sin(x1) / (x3 ^ x4)) + 1492.6312449309187
Residuals:
436632.1772667299 475103.5091984261 493532.5050611288 507700.8117247296 509802.4097816116 511395.7905907075 530552.0235485767 535376.2248245678 554908.2692343787 563802.1413096114 571785.9960177335 587554.3977008525 601720.5869937968 611402.0191586282 638134.2246699809 689617.3001791197 719841.0652567084 724976.1493396849 757304.9060110726 761915.7220349612

Equation: 1492.6318126388594 + (sin(sin(x1)) / (x4 ^ x4))
Residuals:
436632.17669902195 475103.50863071816 493532.5044934209 507700.8111570217 509802.40921390365 511395.7900229996 530552.0229808688 535376.2242568599 554908.2686666708 563802.1407419035 571785.9954500255 587554.3971331446 601720.5864260888 611402.0185909203 638134.224102273 689617.2996114118 719841.0646890005 724976.1487719769 757304.9054433646 761915.7214672533

Equation: (3.857314410640918 - -1488.8192122947419) - (0.1955020731104439 / x4)
Residuals:
436632.14675918524 475103.4784885714 493532.47418278654 507700.7808410408 509802.37887119834 511395.7596305468 530551.9925039929 535376.1936833371 554908.2380720177 563802.1100870556 571785.964754376 587554.3663908177 601720.5555634501 611401.9876933281 638134.1930458245 689617.2683410988 719841.0333002772 724976.1173531276 757304.8739369496 761915.689938335

Equation: (1492.6691490894066 - (0.18998880350627412 / x4)) - (-0.001468312097142612 * x3)
Residuals:
436632.13459882606 475103.4661709436 493532.46156981686 507700.76803733193 509802.36571991985 511395.7464633181 530551.9792372127 535376.1801825957 554908.2244647967 563802.0964758493 571785.9511167032 587554.3524858222 601720.5414810495 611401.9735621171 638134.1788737641 689617.2540763573 719841.0189470905 724976.1024418379 757304.8590023067 761915.6749997912

Equation: x2
Residuals:
2594669.0750542353 2711364.545700336 2912962.166684977 3099128.3963356283 3112695.820343106 3170006.8557492117 3202031.6007465115 3261982.125487591 3394406.5216909144 3692130.697779578 3742687.014519681 3839848.7532351105 3861019.9826378194 3900041.9717196776 3909243.16854503 3977299.071458556 3994963.840912246 4013693.7723897053 4049532.7498139283 4077874.807760692

Equation: x0 ^ x2
Residuals:
1.9581852502070865e+24 3.793745751068908e+24 5.169750030662498e+24 7.467524453808494e+24 1.348715345268232e+25 1.815269822407329e+25 2.1377840115408282e+25 3.4930876078680404e+25 4.348560221101305e+25 1.0204230270268977e+26 1.8958072416425174e+26 2.5130784201210265e+26 2.824347850256279e+26 3.314804545063757e+26 5.272473130689773e+26 6.230658297958113e+26 8.393239764013588e+26 1.586790085583313e+27 2.1632339208693003e+27 3.4694913199225404e+27

Equation: (x4 ^ x0) * x1
Residuals:
2.9791933058847403e+25 3.4511387094708965e+25 1.0308634319245543e+26 2.683792791168818e+26 3.251489030343531e+26 4.731020311349906e+26 7.93760891175074e+26 9.097997676477702e+26 1.1518606998214775e+27 1.8436911751949864e+27 4.619133950138541e+27 7.213870172955203e+27 8.589243803969398e+27 1.0046033276620831e+28 1.11811658141717e+28 1.4150800868897516e+28 3.053325534988856e+28 3.7298654166907663e+28 5.508668977174157e+28 6.346602433911436e+28

Equation: x4 + 953.5816227126678
Residuals:
2593715.5633368217 2710411.12575856 2912008.46041059 3098174.466242858 3111742.022506744 3169053.0814699805 3201077.7586006154 3261028.398151674 3393452.671864279 3691176.799665107 3741733.141884726 3838894.8426776654 3860066.0493635354 3899088.0739464024 3908289.4080800503 3976345.2693836717 3994010.028971532 4012740.1168166203 4048579.0948116006 4076921.2659445647

Equation: 957.9530443436516 + cos(x4)
Residuals:
2593729.1436695405 2710424.8592882156 2912022.6031811046 3098189.044885597 3111756.6903798208 3169067.8173377262 3201092.6259373226 3261043.338990434 3393467.977311504 3691192.7303939164 3741749.250739678 3838911.136873439 3860082.4442194724 3899104.470294239 3908305.815599271 3976361.8358328445 3994026.650524609 4012756.8092161003 4048595.9162437567 4076938.146470626

Equation: (x0 - x0) + 957.1197164626126
Residuals:
2593730.972252578 2710426.666456447 2912024.3001737283 3098190.5760829085 3111758.183810131 3169069.28132539 3201094.031558925 3261044.7112462665 3393469.1779774292 3691193.6228054864 3741750.0541076334 3838911.8477228926 3860083.1050184905 3899105.130352967 3908306.4701162702 3976362.411864918 3994027.1995298574 4012757.3236438846 4048596.3682719213 4076938.5702080987

Equation: 956.9636595970431 - (-0.04410761179737721 * x4)
Residuals:
2593730.2926021037 2710425.9809933775 2912023.6015196047 3098189.8655163376 3111757.470973635 3169068.5667884564 3201093.313797597 3261043.991714623 3393468.449932198 3691192.8807769413 3741749.308149871 3838911.0976709593 3860082.3527342826 3899104.3780356077 3908305.7175506004 3976361.65575101 3994026.4421775364 4012756.564691827 4048595.606380839 4076937.80695836

Equation: (sin(-0.13838991924654795) * cos(sin(x4))) + 957.24175271865
Residuals:
2593730.987512452 2710426.67882261 2912024.29892881 3098190.5580998436 3111758.1625987226 3169069.2577402038 3201094.00362922 3261044.681043734 3393469.138401862 3691193.5755058546 3741750.0066574286 3838911.8010924105 3860083.059248418 3899105.0845978316 3908306.4244750077 3976362.3682277296 3994027.15675349 4012757.282097974 4048596.329318327 4076938.5325898193

Equation: x3
Residuals:
6988978603.93051 7028197585.447048 7056081572.432598 7098736824.42606 7105724942.777032 7150188644.659232 7160010095.340647 7170416800.474787 7247555426.836149 7272114813.571967 7274295076.096105 7287116861.470308 7353806755.978462 7370966905.494923 7464305576.577361 7524956511.229588 7538742989.791059 7539206113.130748 7571781449.712653 7669060261.417022

Equation: x2 ^ x3
Residuals:
2.448930869432518e+182 3.523690699517772e+182 6.893030033063539e+182 7.669011648451496e+182 8.36388092685565e+182 2.996841400063848e+183 3.578850654978943e+183 5.026807123431745e+183 6.278405207838378e+183 8.734882433328645e+183 1.0878581233074526e+184 1.5315112691378128e+184 1.8830283722133122e+184 2.9241232872717755e+184 7.043487110196902e+184 1.3184405662994642e+185 3.2495665841420265e+185 7.154436399423888e+185 8.985383193767816e+185 4.964032236551847e+186

Equation: 1341.9320893818203 - x0
Residuals:
6988977447.383012 7028196428.989642 7056080416.210486 7098735668.262214 7105723786.885881 7150187489.090274 7160008939.917035 7170415645.105253 7247554271.529293 7272113658.562858 7274293921.230452 7287115706.756893 7353805601.469667 7370965751.137537 7464304422.429192 7524955357.274307 7538741836.066855 7539204959.631506 7571780296.391481 7669059108.484042

Equation: 1338.4726304225833 + sin(x0)
Residuals:
6988977359.1797 7028196340.748767 7056080327.85163 7098735579.843651 7105723698.135129 7150187400.271853 7160008850.913988 7170415556.087145 7247554182.466956 7272113569.038429 7274293831.519919 7287115616.863256 7353805511.232549 7370965660.759747 7464304332.00791 7524955266.732762 7538741745.447422 7539204868.854194 7571780205.353532 7669059017.248078

Equation: 1337.697433131805 + (x2 - x2)
Residuals:
6988977358.954999 7028196340.52423 7056080327.6356 7098735579.635753 7105723698.0049715 7150187400.162557 7160008850.867781 7170415556.046432 7247554182.442645 7272113569.204585 7274293831.770082 7287115617.198886 7353805511.733916 7370965661.330405 7464304332.600106 7524955267.384728 7538741746.138226 7539204869.623886 7571780206.253381 7669059018.246153

Equation: cos(cos(x4) / x4) + 1336.7248760194718
Residuals:
6988977358.927559 7028196340.496793 7056080327.608166 7098735579.608323 7105723697.977543 7150187400.135134 7160008850.84036 7170415556.0190115 7247554182.415236 7272113569.17718 7274293831.742678 7287115617.171483 7353805511.706522 7370965661.303012 7464304332.57272 7524955267.357342 7538741746.110839 7539204869.596499 7571780206.225993 7669059018.218758

Equation: (0.05164811253297935 * x4) + 1337.5030267310244
Residuals:
6988977354.352325 7028196335.9162 7056080323.02404 7098735575.017654 7105723693.386239 7150187395.538017 7160008846.241336 7170415551.419353 7247554177.804575 7272113564.563164 7274293827.128382 7287115612.555324 7353805507.081435 7370965656.675999 7464304327.933408 7524955262.709849 7538741741.461851 7539204864.947034 7571780201.572369 7669059013.552613

Equation: (sin(cos(x4)) / (x4 * x4)) + 1337.7488275428384
Residuals:
6988977358.903582 7028196340.472801 7056080327.584165 7098735579.584306 7105723697.953523 7150187400.111099 7160008850.81632 7170415555.99497 7247554182.391171 7272113569.153108 7274293831.718605 7287115617.147408 7353805511.682432 7370965661.27892 7464304332.548617 7524955267.33324 7538741746.086737 7539204869.572397 7571780206.201893 7669059018.19467

Equation: 1336.7421994359393 + cos(cos(x4) / -2.5721789090043514)
Residuals:
6988977358.913305 7028196340.486349 7056080327.600963 7098735579.6084175 7105723697.978419 7150187400.143654 7160008850.851531 7170415556.031077 7247554182.443053 7272113569.20964 7274293831.775515 7287115617.206801 7353805511.752402 7370965661.350809 7464304332.628764 7524955267.414521 7538741746.167828 7539204869.6534 7571780206.281615 7669059018.265259

Equation: (sin(25.37921948986152 / x4) * sin(cos(2429.9759576522647))) + 1337.712765972142
Residuals:
6988977358.952061 7028196340.521278 7056080327.632639 7098735579.632775 7105723698.001992 7150187400.159563 7160008850.864782 7170415556.043432 7247554182.439618 7272113569.20155 7274293831.767046 7287115617.195846 7353805511.730853 7370965661.327338 7464304332.597009 7524955267.381611 7538741746.135104 7539204869.620764 7571780206.250248 7669059018.24299

Equation: x0
Residuals:
265409191.76765037 268049810.11907217 274611048.7456016 277089071.97115904 277304742.14996684 286250963.7540151 293700618.28176594 296405265.62223136 298325827.48417884 302127961.1198917 303290699.7187722 303528179.71602285 309103080.8358598 309336107.67507464 310215089.939196 310384173.385915 312975362.39937353 313008260.7413756 314767795.78548944 320531177.64221156

Equation: x0 ^ x0
Residuals:
3.1241245138697124e+81 3.316187115943453e+81 6.039276023039181e+81 9.29242608691618e+81 1.2501347076685391e+82 1.8306507703585935e+82 2.1118864661501364e+82 3.23924618774019e+82 5.0064746122025955e+82 5.1247302680223444e+82 7.819673778209605e+82 2.83260876618952e+83 3.1018563275910425e+83 4.929469732543031e+83 5.159968582164095e+83 5.71877081350682e+83 6.24466775301599e+83 1.00281742601334e+84 3.0202893571240226e+84 4.657030970300677e+84

Equation: (x0 ^ x0) + x4
Residuals:
3.1241245138697124e+81 3.316187115943453e+81 6.039276023039181e+81 9.29242608691618e+81 1.2501347076685391e+82 1.8306507703585935e+82 2.1118864661501364e+82 3.23924618774019e+82 5.0064746122025955e+82 5.1247302680223444e+82 7.819673778209605e+82 2.83260876618952e+83 3.1018563275910425e+83 4.929469732543031e+83 5.159968582164095e+83 5.71877081350682e+83 6.24466775301599e+83 1.00281742601334e+84 3.0202893571240226e+84 4.657030970300677e+84

Equation: 1663.3406804791434 - x3
Residuals:
265407624.94127342 268048243.3184884 274609482.1166702 277087505.65374714 277303175.9747729 286249397.77509516 293699052.61146545 296403700.0594339 298324262.1172022 302126395.8226859 303289134.5086495 303526615.00103486 309101516.18078357 309334543.25857687 310213525.73182416 310382609.2277874 312973798.2764747 313006696.75839597 314766232.16746163 320529614.1956501

Equation: sin(x3) + 1659.912493369033
Residuals:
265407581.0801208 268048199.45085114 274609438.2243803 277087461.6212309 277303131.8793078 286249353.5767051 293699008.1144771 296403655.5381172 298324217.45939016 302126351.07649535 303289089.7614884 303526569.9070995 309101471.0203026 309334497.8563157 310213479.97121894 310382563.4146512 312973752.4310252 313006650.83135486 314766185.97084713 320529567.83584183

Equation: (x3 / x3) - -1658.1315929791454
Residuals:
265407581.0116183 268048199.375268 274609438.1246264 277087461.4384375 277303131.67797893 286249353.36009663 293699007.9170919 296403655.3450703 298324217.2960593 302126350.9365457 303289089.6218112 303526569.882001 309101471.0203764 309334497.9541434 310213480.2275906 310382563.6952915 312973752.7267004 313006651.1653282 314766186.4342042 320529568.3791458

Equation: 1658.9806788514786 - (sin(x4) / x4)
Residuals:
265407581.14440197 268048199.50725767 274609438.2552213 277087461.5688706 277303131.8083942 286249353.4911123 293699008.0500446 296403655.47902054 298324217.4308067 302126351.07281554 303289089.7588665 303526570.01921153 309101471.16024274 309334498.09419537 310213480.36805826 310382563.83605534 312973752.8688511 313006651.30795246 314766186.5774964 320529568.52625984

Equation: 1659.3102088523176 - (cos(sin(x4)) / x3)
Residuals:
265407580.84633964 268048199.20933902 274609437.9574625 277087461.27106017 277303131.51056325 286249353.1930466 293699007.7514513 296403655.18015957 298324217.1316868 302126350.7731859 303289089.4589542 303526569.7191663 309101470.8590404 309334497.79285234 310213480.0664373 310382563.53427166 312973752.5662968 313006651.0051022 314766186.27418196 320529568.2201589

Equation: (x4 * 0.07635092503667336) - -1658.8223459643077
Residuals:
265407577.64177918 268048195.9986029 274609434.7287626 277087458.0371739 277303128.275766 286249349.93385553 293699004.4712143 296403651.8920724 298324213.83799815 302126347.4698162 303289086.1509767 303526566.4103784 309101467.536171 309334494.4691095 310213476.7407198 310382560.20712703 312973749.23262274 313006647.669279 314766182.9354088 320529564.86519444

Equation: (0.10481310506827413 * cos(x4)) - -1659.1847541867924
Residuals:
265407581.0094557 268048199.3647261 274609438.08891875 277087461.39538306 277303131.63362664 286249353.2829828 293699007.814811 296403655.23438054 298324217.17969006 302126350.8111114 303289089.49240196 303526569.7518535 309101470.87960327 309334497.8127512 310213480.0848628 310382563.5516542 312973752.57924044 313006651.01671827 314766186.28409874 320529568.2230866

Equation: (0.250822012881569 * cos(cos(x4))) - -1658.9339257517947
Residuals:
265407580.98757312 268048199.3425647 274609438.07494116 277087461.3864479 277303131.6257095 286249353.3134629 293699007.89098 296403655.32875735 298324217.2871478 302126350.9406946 303289089.63214916 303526569.8935183 309101471.04986244 309334497.9847316 310213480.260576 310382563.72992474 312973752.7683924 313006651.2091846 314766186.4809031 320529568.43745977

Equation: (sin(0.25352931449144656) * cos(cos(x4))) - -1658.9339257549516
Residuals:
265407580.98757312 268048199.3425647 274609438.07494116 277087461.3864479 277303131.6257095 286249353.313463 293699007.89098 296403655.32875735 298324217.2871478 302126350.9406946 303289089.63214916 303526569.8935183 309101471.04986244 309334497.9847316 310213480.260576 310382563.72992474 312973752.7683924 313006651.2091846 314766186.4809031 320529568.43745977

Equation: ((0.0387401960958173 * x4) * cos(cos(x4))) - -1659.0036476547125
Residuals:
265407579.48945764 268048197.7854878 274609436.3986159 277087459.6924285 277303129.9293892 286249351.6419457 293699006.3451278 296403653.8444604 298324215.8496643 302126349.5862903 303289088.31727624 303526568.58618784 309101469.85771513 309334496.79965997 310213479.09089506 310382562.57082325 312973751.654591 313006650.1092581 314766185.3991767 320529567.42932194

Equation: (-0.0580828887065574 * cos(x4 * 1.9115685872163266)) - -1659.1345494316013
Residuals:
265407580.97755715 268048199.3500023 274609438.1266846 277087461.4482492 277303131.68913364 286249353.4006611 293699007.97065985 296403655.4001124 298324217.35103166 302126350.98924875 303289089.67251724 303526569.93225807 309101471.06080157 309334497.99375814 310213480.2653438 310382563.7316817 312973752.75635797 313006651.19257456 314766186.4579708 320529568.3819092

Equation: (cos(1.9115764788541134 * x4) * sin(sin(-0.058145196764867756))) - -1659.1345485531747
Residuals:
265407580.97757837 268048199.3500248 274609438.1267074 277087461.44827116 277303131.68915534 286249353.40067446 293699007.97066283 296403655.4001113 298324217.3510277 302126350.98924017 303289089.6725065 303526569.932247 309101471.06078494 309334497.9937412 310213480.2653262 310382563.7316637 312973752.7563382 313006651.1925543 314766186.4579499 320529568.3818869

Equation: 1659.0854968556894 + ((sin(x4) / (1.8298416746096293 * x4)) * sin(x4 - 0.48729633612110934))
Residuals:
265407581.05232313 268048199.4149845 274609438.1619135 277087461.4751951 277303131.71465236 286249353.39567477 293699007.9533722 296403655.38193643 298324217.3334333 302126350.97493637 303289089.66073567 303526569.921031 309101471.0611812 309334497.99506843 310213480.2687824 310382563.73667115 312973752.76893175 313006651.20783865 314766186.4770973 320529568.4239381

Equation: x4
Residuals:
4047304.932038931 4086714.536976059 4094871.0185530526 4126280.064097366 4141987.878348559 4278564.530727578 4313593.455237579 4347777.66192957 4832192.387336757 4860425.093265261 5000602.481342617 5114284.5761351 5170924.930908036 5190247.46871053 5371339.731836317 5421787.616598713 5430097.399357341 5481949.502710108 5572711.833677261 5765089.085479848

Equation: x4 ^ x4
Residuals:
1.6993492285776358e+27 2.030075163770384e+27 2.6129632258438765e+27 2.9576606883956243e+27 3.0350721917372765e+27 6.119868324363098e+27 6.533581154285002e+27 6.882354154368576e+27 4.9213851350081355e+28 5.008616023600078e+28 9.960025014751737e+28 1.2386327215945068e+29 1.7751849718422856e+29 1.898069795830081e+29 3.656529641025322e+29 4.101119380301992e+29 4.444922401973453e+29 4.517716511667593e+29 7.410619870634484e+29 1.336341514660588e+30

Equation: x4 * (x2 ^ x3)
Residuals:
1.175519368532821e+28 1.538566982375322e+28 3.1876366007952907e+28 3.294242467747543e+28 5.1156730287067635e+28 6.620794015584169e+28 9.868719064264382e+28 1.223585119771802e+29 1.5598101045302107e+29 2.035028500787361e+29 3.460990449884741e+29 5.0148803927631756e+29 5.9525658791293335e+29 9.648266775677039e+29 1.2205492985812837e+30 3.883594239498406e+30 6.34073016727532e+30 8.86378235005746e+30 1.3255192970546159e+31 2.1912705066334676e+31

Equation: x4 + 1859.16035093429
Residuals:
4045445.7716879966 4084855.376625125 4093011.8582021184 4124420.9037464317 4140128.7179976245 4276705.370376644 4311734.294886645 4345918.501578636 4830333.226985823 4858565.932914327 4998743.320991684 5112425.415784165 5169065.770557103 5188388.308359595 5369480.5714853825 5419928.45624778 5428238.239006407 5480090.342359173 5570852.6733263265 5763229.925128914

Equation: 1862.6273044517748 - sin(x4)
Residuals:
4045463.961608424 4084873.5978016984 4093030.120552099 4124439.1849629423 4140147.0030377964 4276723.745208468 4311752.676768995 4345936.888912013 4830351.734510747 4858584.440895201 4998761.841021127 5112443.937700703 5169084.294177079 5188406.832146971 5369499.0956832385 5419946.980468562 5428256.763267112 5480108.866631122 5570871.198814119 5763248.45593963

Equation: 1863.470732184435 - (x2 - x2)
Residuals:
4045462.155419708 4084871.804472744 4093028.3486288786 4124437.424877364 4140145.2455291003 4276722.071458743 4311751.012138658 4345935.231683768 4830350.441879483 4858583.152125557 4998760.708963778 5112442.857211058 5169083.30015673 5188405.854347793 5369498.277858263 5419946.190659052 5428255.993083495 5480108.100404026 5570870.552172236 5763247.94768185

Equation: 946.2058466665891 + 917.2648855177097
Residuals:
4045462.1554197087 4084871.8044727445 4093028.348628879 4124437.4248773647 4140145.2455291008 4276722.071458743 4311751.012138658 4345935.231683768 4830350.441879483 4858583.152125557 4998760.708963778 5112442.857211058 5169083.30015673 5188405.854347793 5369498.277858263 5419946.190659052 5428255.993083495 5480108.100404026 5570870.552172236 5763247.94768185

Equation: 1863.7051324306767 - (x3 / (x4 * x3))
Residuals:
4045461.969342384 4084871.6182926237 4093028.162303688 4124437.2384813144 4140145.059118306 4276721.884651564 4311750.825294881 4345935.0448109405 4830350.253936251 4858582.964173008 4998760.520649978 5112442.668784001 5169083.11154407 5188405.6657008 5369498.088877972 5419946.001620992 5428255.804005004 5480107.911317387 5570870.362838904 5763247.758058523

Equation: (cos(x4) / (x1 * x4)) + 1863.4940663598522
Residuals:
4045462.132722471 4084871.781868013 4093028.326157551 4124437.402465576 4140145.22312937 4276722.049389227 4311750.9900970645 4345935.209663488 4830350.420518683 4858583.130763698 4998760.687713968 5112442.835982283 5169083.278926938 5188405.8331072815 5369498.256612482 5419946.169404697 5428255.971821795 5480108.0791336 5570870.53084103 5763247.9262386765

Equation: (0.07896154217364176 * cos(x4)) + 1863.4985234671515
Residuals:
4045462.148975995 4084871.8013609126 4093028.350159466 4124437.428644867 4140145.2497592294 4276722.087671459 4311751.029405732 4345935.249780538 4830350.484634767 4858583.195033327 4998760.7567735 5112442.906130482 5169083.350426504 5188405.904801953 5369498.329002638 5419946.2417157255 5428256.044041666 5480108.15133863 5570870.60179852 5763247.994284791

Equation: (cos(x4) / ((x4 + x1) + x1)) + 1863.5007615431641
Residuals:
4045462.1297709425 4084871.7794795907 4093028.324571505 4124437.401249714 4140145.2219891855 4276722.050281329 4311750.991164553 4345935.210866662 4830350.425899673 4858583.136151931 4998760.693885689 5112442.8423190545 5169083.285369341 5188405.839524601 5369498.26309108 5419946.175850902 5428255.978237698 5480108.08551509 5570870.536928811 5763247.931724731

Equation: 1863.499175340286 + ((cos(x4) / x1) / (x4 + sin(x3)))
Residuals:
4045462.1275841566 4084871.776725477 4093028.321009926 4124437.397315417 4140145.2179793813 4276722.04422666 4311750.984935663 4345935.204502228 4830350.415335418 4858583.1255826615 4998760.682533929 5112442.830809015 5169083.273757207 5188405.827949323 5369498.251460711 5419946.16428307 5428255.966712369 5480108.0740336 5570870.52574804 5763247.921157771

Equation: (cos(x4 / 0.9202679894885034) / (x1 * x1)) + 1863.4728394904757
Residuals:
4045462.155403035 4084871.80437002 4093028.3484338177 4124437.4246167415 4140145.2452541497 4276722.070867689 4311751.011514426 4345935.231031683 4830350.440158439 4858583.150392188 4998760.706819981 5112442.854938486 5169083.297683232 5188405.851841814 5369498.275001083 5419946.187744755 5428255.99013013 5480108.097448739 5570870.548991299 5763247.944271099

Equation: (cos(x4 / 0.3842414011793359) * 0.04028587127917295) + 1863.462912163835
Residuals:
4045462.199515255 4084871.8463220685 4093028.386531575 4124437.4605451776 4140145.2807081523 4276722.090987438 4311751.030035311 4345935.248270275 4830350.41490968 4858583.124929707 4998760.676620538 5112442.8248203285 5169083.269379409 5188405.8240976725 5369498.2562182695 5419946.171100793 5428255.975072977 5480108.082714115 5570870.545374635 5763247.955609847

Equation: (sin(0.04028587127917295) * cos(x4 / 0.3842414011793359)) + 1863.462912163835
Residuals:
4045462.1995054437 4084871.846312864 4093028.3865234386 4124437.4605376455 4140145.2807007525 4276722.090984271 4311751.030032585 4345935.248267905 4830350.41491909 4858583.124939177 4998760.676631401 5112442.824831204 5169083.269389848 5188405.824107969 5369498.256226238 5419946.171108199 5428255.975079964 5480108.0827210145 5570870.545378589 5763247.955609817

Equation: (cos(x4 / 0.3842414011793359) * sin(0.04028587127917295)) + (1863.462912163835 + (x2 / (1863.4636353555836 ^ x0)))
Residuals:
4045462.1995054437 4084871.846312864 4093028.3865234386 4124437.4605376455 4140145.2807007525 4276722.090984271 4311751.030032585 4345935.248267905 4830350.41491909 4858583.124939177 4998760.676631401 5112442.824831204 5169083.269389848 5188405.824107969 5369498.256226238 5419946.171108199 5428255.975079964 5480108.0827210145 5570870.545378589 5763247.955609817

Equation: (1863.4629121663684 + ((x4 ^ x2) / (1863.462912163835 ^ x0))) + (0.04027495890445693 * cos(x4 / 0.38424140956440334))
Residuals:
4045462.199505447 4084871.8463128735 4093028.3865234554 4124437.460537666 4140145.280700774 4276722.09098431 4311751.030032625 4345935.248267945 4830350.414919127 4858583.124939213 4998760.676631419 5112442.824831215 5169083.269389847 5188405.824107966 5369498.256226213 5419946.17110817 5428255.975079933 5480108.082720983 5570870.545378544 5763247.955609764

Equation: (sin(0.04028585162487185) * cos(x4 / 0.38424140466698364)) + (1863.4629121622656 + ((x2 ^ x2) / (1863.462912163835 ^ x0)))
Residuals:
4045462.199505436 4084871.84631286 4093028.3865234386 4124437.460537648 4140145.2807007553 4276722.090984286 4311751.030032601 4345935.248267922 4830350.414919119 4858583.124939206 4998760.676631424 5112442.824831224 5169083.269389863 5188405.824107983 5369498.25622624 5419946.171108198 5428255.975079962 5480108.082721013 5570870.545378578 5763247.9556097975

Equation: (sin(sin(0.040295673068334266)) * cos(x4 / 0.38424155709171687)) + (1863.462911548714 + ((x2 ^ x2) / (446.7984443781782 ^ x0)))
Residuals:
4045462.1995054497 4084871.846313021 4093028.3865238195 4124437.4605381396 4140145.2807012703 4276722.090985421 4311751.030033791 4345935.248269153 4830350.414921118 4858583.124941202 4998760.676633187 5112442.824832862 5169083.269391253 5188405.824109321 5369498.25622702 5419946.1711088745 5428255.975080565 5480108.0827216 5570870.545378724 5763247.95560948

Equation: x3
Residuals:
2466304.2928538844 2544988.5769328815 2553210.5310484 2569788.5096402727 2580650.6239397153 2592040.9088342097 2872552.2187220864 2914186.2396563403 3047675.3424671213 3056098.407536647 3160156.985384303 3173775.7456721184 3189953.771523408 3205272.5055647204 3296257.146036228 3385139.9417066756 3412249.6324030347 3488883.7362218993 3634977.4797780775 3915555.1679934612

Equation: x3 ^ x3
Residuals:
9.222165394500471e+23 9.585157648519184e+23 1.1366377831319692e+24 1.4840932211384973e+24 1.63971012614901e+24 1.9041352925269974e+24 2.118615307936767e+24 4.0891562807888705e+24 6.103686069047156e+24 1.576654417840631e+25 2.0012928261774113e+25 2.0122659422653573e+25 2.482330188399359e+25 4.589214264819459e+25 4.897453746591119e+25 5.962587129001939e+25 6.450861961524277e+25 1.244991865648604e+26 3.696232106058083e+26 8.681170118666319e+26

Equation: (x3 ^ x0) * x2
Residuals:
1.3062501567569753e+25 1.3261127541221481e+25 2.0058964673180026e+25 2.5947277643140805e+25 4.887203284803496e+25 5.160679916291215e+25 5.437717464695466e+25 8.627234398654532e+25 1.1230729574508695e+26 1.8850370269738157e+26 2.2096480778283545e+26 6.577846626429582e+26 9.949866731624306e+26 1.1789512203517741e+27 1.7270893514710034e+27 2.210935624274389e+27 2.6705387548782323e+27 4.896673192443326e+27 1.1907522815939992e+28 2.830044404218531e+28

Equation: x0 + 1627.6378881001742
Residuals:
2464676.7510677483 2543361.0436662305 2551582.916466596 2568160.898371686 2579022.8314951523 2590413.1493207626 2870924.480135204 2912558.569061786 3046047.719367672 3054470.929615067 3158529.535273773 3172147.93265013 3188325.890680525 3203644.775485167 3294629.317520926 3383512.0996647445 3410621.75558116 3487255.8782144 3633349.6905557285 3913927.3758168924

Equation: sin(x0) + 1632.3401485891525
Residuals:
2464690.897911991 2543375.190522901 2551597.0637616185 2568175.0456890985 2579036.981622835 2590427.2996159014 2870938.630645085 2912572.724539897 3046061.878966365 3054485.099358369 3158543.70945356 3172162.200970591 3188340.21164263 3203659.098196582 3294643.702238152 3383526.5234149867 3410636.216162671 3487270.4513737746 3633364.455362546 3913942.3890367756

Equation: (x4 / x4) + 1630.6420006002272
Residuals:
2464691.457095712 2543375.7509869975 2551597.748407879 2568175.794718142 2579037.934317989 2590428.2571306177 2870939.5940766595 2912573.781497784 3046062.98554292 3054486.2899252246 3158544.9277971033 3172163.689460605 3188341.7681107684 3203660.6564969537 3294645.313278269 3383528.158301521 3410637.868728804 3487272.1371795926 3633366.1524677384 3913944.0532637215

Equation: 1631.4839991893261 - (sin(x4) / x4)
Residuals:
2464691.6110863765 2543375.9106183876 2551597.9080456863 2568175.955529333 2579038.09754034 2590428.4211974833 2870939.777107931 2912573.9662234574 3046063.178399899 3054486.4828353086 3158545.125933939 3172163.8883578973 3188341.9671493927 3203660.855976354 3294645.514556249 3383528.362413518 3410638.073922812 3487272.343089373 3633366.3594976855 3913944.2586590643

Equation: 1631.8304004901909 - (cos(sin(x4)) / x0)
Residuals:
2464691.321991328 2543375.6160050626 2551597.6130723287 2568175.659152412 2579037.797999211 2590428.1207082984 2870939.4519642387 2912573.638301737 3046062.837388302 3054486.1415393003 3158544.775562849 3172163.535973167 3188341.614301827 3203660.5023369654 3294645.1574778077 3383527.999961579 3410637.7093052096 3487271.9768514233 3633365.9905315656 3913943.8918852136

Equation: 1631.3349856737602 + (x4 * 0.07551388796864447)
Residuals:
2464690.346398853 2543374.6322743967 2551596.6296861097 2568174.674317202 2579036.8104468505 2590427.1320366273 2870938.439497456 2912572.623964677 3046061.812354836 3054485.1166240033 3158543.742221193 3172162.501847451 3188340.5801093644 3203659.467263604 3294644.1186241563 3383526.953038457 3410636.658070101 3487270.9220018703 3633364.9216692997 3913942.802318835

Equation: 1631.6940931944298 + (cos(x4) * 0.10141087611671917)
Residuals:
2464691.3038801434 2543375.5975315603 2551597.5949528213 2568175.6413578093 2579037.7813119977 2590428.1043003155 2870939.4532685 2912573.642678819 3046062.8593997294 3054486.163885925 3158544.81396348 3172163.577819599 3188341.6568925893 3203660.546630728 3294645.209538611 3383528.067291549 3410637.784503673 3487272.0587646337 3633366.094728536 3913944.02241853

Equation: (cos(x4) / (5.909041719269429 + x0)) + 1631.694156327003
Residuals:
2464691.364436567 2543375.658233908 2551597.655859396 2568175.702312168 2579037.8423839067 2590428.165273704 2870939.5069662924 2912573.6953051286 3046062.9043870685 3054486.2089179233 3158544.851582721 3172163.6144299163 3188341.693348729 3203660.5822548927 3294645.2414657823 3383528.091369786 3410637.8043986647 3487272.075106383 3633366.098200908 3913944.008987395

Equation: (cos(x4) / (x4 + (x0 / 0.6317891203054325))) + 1631.6943226610963
Residuals:
2464691.384166348 2543375.678054835 2551597.675559332 2568175.721940941 2579037.8617668264 2590428.1846245574 2870939.5241227415 2912573.7120066937 3046062.9186467705 3054486.2230931064 3158544.8634112827 3172163.625640718 3188341.7044161814 3203660.5930671715 3294645.251075218 3383528.098568394 3410637.810306302 3487272.0798879745 3633366.099090291 3913944.004867693

Equation: 1631.6517372684784 + (-0.05774347595976082 * cos(x4 / 0.5363958663835035))
Residuals:
2464691.3951919707 2543375.6949687265 2551597.692397425 2568175.7401789296 2579037.8830602113 2590428.207103056 2870939.581781237 2912573.7734123142 3046062.9990926497 3054486.3036224525 3158544.95617565 3172163.7199716945 3188341.7990168827 3203660.6886316156 3294645.350344087 3383528.202528385 3410637.915206756 3487272.1847776137 3633366.1984348227 3913944.0852236343

Equation: (sin(-0.05946974488178767) * cos(x4 / 0.539616919392255)) + 1631.653542787356
Residuals:
2464691.387741013 2543375.6854426754 2551597.682869144 2568175.730248425 2579037.872340057 2590428.196118875 2870939.567271188 2912573.758892736 3046062.985631336 3054486.290175424 3158544.944799719 3172163.709032798 3188341.7881640345 3203660.6780574997 3294645.341093707 3383528.1962550716 3410637.9105932377 3487272.1816023975 3633366.2003127965 3913944.09287039

Equation: ((0.19424844749091058 * cos(x4)) + 1631.7035662384658) + ((0.07486249630515864 * cos(x4)) / cos(x4 + -0.6665422772704787))
Residuals:
2464691.100568572 2543375.4022680544 2551597.399698343 2568175.44775412 2579037.591116305 2590427.9153088126 2870939.2962333765 2912573.4893121375 3046062.727270429 3054486.0319215986 3158544.7009326457 3172163.4681354603 3188341.54785307 3203660.4396512196 3294645.1118925936 3383527.989265817 3410637.717222096 3487272.000938226 3633366.073780798 3913944.068054515

Equation: x3
Residuals:
13145323.870633675 13420919.902812699 13561043.485110931 13659663.518028297 14424903.02363681 14528535.024107534 14542806.501612866 14689293.137200253 14742649.055200884 15234252.201633632 15494129.219473043 15547711.725858763 16397770.682282833 16652378.354255019 16752737.573768957 16970641.915244345 17238956.431827005 17239496.36007283 18283947.365842275 18322100.980639767

Equation: x0 ^ x0
Residuals:
3.752409521083797e+37 1.6363894257012512e+38 2.0538148775481134e+38 2.5900097816705244e+38 2.7965236568298366e+38 3.3313239328197974e+38 6.582772581391314e+38 7.208012780677318e+38 1.0100251738107983e+39 1.440519449355334e+39 2.3503166474840072e+39 3.1314074007703067e+39 5.140505024193262e+39 7.790015699707148e+39 9.142231236393173e+39 1.1191087302374465e+40 1.4517943389139142e+40 2.7786459977586257e+40 2.8378273016115955e+40 5.705996502763392e+40

Equation: x1 * (x2 ^ x0)
Residuals:
9.849579463771671e+38 3.200805755626825e+39 3.8552895796948184e+39 4.779783092331596e+39 5.458583215059121e+39 6.590979613874007e+39 1.3837921212993574e+40 1.556868629575261e+40 2.2840702906384425e+40 3.025042309683374e+40 4.609538813515312e+40 6.437221875216876e+40 9.445150053297272e+40 1.6610898290145475e+41 2.034607126591414e+41 2.6024334981761777e+41 3.865214273719916e+41 7.06887099448709e+41 7.461325181193102e+41 1.6567435938407804e+42

Equation: 1664.6063226740787 + x4
Residuals:
13143659.386063974 13419255.46180145 13559379.054385127 13657999.138880529 14423238.440259118 14526870.529619902 14541142.129351135 14687628.736815553 14740984.647410978 15232587.74403195 15492464.655541632 15546047.149929887 16396105.873365976 16650713.560385503 16751072.997434838 16968977.29198883 17237291.743272718 17237831.721052915 18282282.491329186 18320436.172846116

Equation: cos(x4) + 1669.4703301118875
Residuals:
13143680.389003495 13419276.708106408 13559400.37376858 13658020.559310036 14423260.526729984 14526892.662009887 14541164.274844434 14687651.004873576 14741006.942104707 15232610.35934102 15492487.489584623 15546070.029034043 16396129.287469104 16650737.109044604 16751096.622424198 16969000.99129694 17237315.604746632 17237855.59958233 18282306.789488982 18320460.500343446

Equation: 1669.470219139564 + sin(cos(x4))
Residuals:
13143680.400669409 13419276.712451613 13559400.376751773 13658020.560934389 14423260.526528677 14526892.661600942 14541164.274362884 14687651.00336771 14741006.940281702 15232610.350165922 15492487.470734032 15546070.007650942 16396129.221709877 16650737.028570732 16751096.533212475 16969000.89341636 17237315.48793486 17237855.480819732 18282306.633662026 18320460.343378887

Equation: -86.3400178062647 * -19.335890794474317
Residuals:
13143680.810150782 13419277.011679817 13559400.641530443 13658020.777261345 14423260.412591565 14526892.525017342 14541164.131337224 14687650.800611578 14741006.724690102 15232609.985641833 15492487.01229018 15546069.530804405 16396128.556039637 16650736.325063515 16751095.810126934 16969000.152617835 17237314.713261925 17237854.702976212 18282305.804329447 18320459.512689088

Equation: 1669.4006972691207 + (x4 / 67.98269572712144)
Residuals:
13143680.484055938 13419276.683734627 13559400.313037071 13658020.448014317 14423260.078432234 14526892.190518733 14541163.796741698 14687650.465106852 14741006.388987046 15232609.647521533 15492486.672476232 15546069.190635573 16396128.211431453 16650735.979249079 16751095.463606227 16968999.805391997 17237314.36442744 17237854.35396618 18282305.450449396 18320459.158414192

Equation: (cos(x4) / 49.95403249117608) + 1669.4704368402906
Residuals:
13143680.7926224 13419276.996505078 13559400.627072593 13658020.763800623 14423260.40577875 14526892.51866203 14541164.125112325 14687650.795602893 14741006.719944712 15232609.98402501 15492487.012747169 15546069.531680483 16396128.561584003 16650736.331659881 16751095.817290144 16969000.16030917 17237314.722010344 17237854.71182715 18282305.814953085 18320459.52336267

Equation: 1669.470731775158 + (sin(cos(x4)) / 43.38028387811117)
Residuals:
13143680.791344093 13419276.995414678 13559400.626059433 13658020.76290724 14423260.405850692 14526892.518798513 14541164.125266898 14687650.795918155 14741006.720292563 15232609.984677477 15492487.013490858 15546069.5324293 16396128.562017286 16650736.33191338 16751095.817428118 16969000.160327338 17237314.7217523 17237854.711539675 18282305.814079832 18320459.52247076

Equation: x3
Residuals:
438111.78584876173 476583.00678638567 495011.79826932924 509179.97492656595 511281.33575643005 512874.7047471096 532030.8682836276 536854.9083631745 556386.8798487977 565280.7480536816 573264.5839530258 589032.8026783968 603198.8688381158 612880.2670891548 639612.4417288756 691095.4500097124 721319.1525770288 726453.8559830734 758782.595067885 763393.4080028612

Equation: x0 ^ x0
Residuals:
386027236879482.06 406829393162296.7 457503557459653.44 565475433039292.4 2225930714117385.0 2608317016562080.5 3868338058260818.5 4245886458851414.0 4448506811702164.0 7138896950998267.0 7518889285983972.0 1.3490162327731826e+16 2.0808840248384012e+16 2.148632639503857e+16 2.3393505120967744e+16 2.535527768263687e+16 6.513586368826956e+16 8.495885720749592e+16 1.4731497322517488e+17 3.583715927516033e+17

Equation: x2 * (x4 ^ x1)
Residuals:
4453467125520011.5 1.1823529617379454e+16 1.471473995202652e+16 1.5046874047492478e+16 2.1315484936936316e+16 2.6788462565078844e+16 4.7882863542595736e+16 5.281989890619206e+16 7.67967977391778e+16 1.8003932881288496e+17 2.716655044205703e+17 3.5003229119816435e+17 5.647467527794382e+17 5.942140558867786e+17 1.164923273040195e+18 1.5795394753743964e+18 2.0864870929373222e+18 3.337505975181188e+18 3.993980089791519e+18 4.241875051016026e+18

Equation: x3 - -1488.7751530304663
Residuals:
436623.01069573127 475094.2316333552 493523.0231162988 507691.1997735355 509792.5606033996 511385.92959407915 530542.093130597 535366.133210144 554898.1046957673 563791.9729006512 571775.8087999953 587544.0275253663 601710.0936850854 611391.4919361244 638123.6665758451 689606.674856682 719830.3774239983 724965.080830043 757293.8199148546 761904.6328498307

Equation: 1493.2933193568274 + sin(x3)
Residuals:
436631.0745695485 475102.30977855425 493531.1456563085 507699.3652848597 509800.8395338032 511394.21545931755 530550.4223269456 535374.5806441823 554906.6139426411 563800.4855752975 571784.3383446718 587552.7395932459 601718.9473565263 611400.3872258404 638132.6007205979 689615.6967749799 719839.4847738594 724974.781599922 757303.550840677 761914.3690944968

Equation: 1491.8380136464232 + cos(cos(x2))
Residuals:
436632.2449777433 475103.49755852215 493532.482433237 507700.78794420697 509802.3419313376 511395.65149622224 530551.8831183894 535376.0636828449 554908.1033101085 563801.9493653513 571785.8016419989 587554.2022839661 601720.384544652 611401.8129128607 638134.0210212821 689617.1056703961 719840.9766312991 724976.1390169022 757304.8982428805 761915.7240255715

Equation: -767.6209743533536 + 2260.2478606560294
Residuals:
436632.1816253581 475103.51355705434 493532.50941975706 507700.81608335784 509802.4141402398 511395.79494933574 530552.0279072049 535376.229183196 554908.2735930069 563802.1456682396 571786.0003763617 587554.4020594807 601720.5913524249 611402.0235172564 638134.2290286091 689617.3045377479 719841.0696153366 724976.153698313 757304.9103697008 761915.7263935894

Equation: (sin(x1) / (x3 ^ x4)) + 1492.6312449309187
Residuals:
436632.1772667299 475103.5091984261 493532.5050611288 507700.8117247296 509802.4097816116 511395.7905907075 530552.0235485767 535376.2248245678 554908.2692343787 563802.1413096114 571785.9960177335 587554.3977008525 601720.5869937968 611402.0191586282 638134.2246699809 689617.3001791197 719841.0652567084 724976.1493396849 757304.9060110726 761915.7220349612

Equation: 1492.6318126388594 + (sin(sin(x1)) / (x4 ^ x4))
Residuals:
436632.17669902195 475103.50863071816 493532.5044934209 507700.8111570217 509802.40921390365 511395.7900229996 530552.0229808688 535376.2242568599 554908.2686666708 563802.1407419035 571785.9954500255 587554.3971331446 601720.5864260888 611402.0185909203 638134.224102273 689617.2996114118 719841.0646890005 724976.1487719769 757304.9054433646 761915.7214672533

Equation: (3.857314410640918 - -1488.8192122947419) - (0.1955020731104439 / x4)
Residuals:
436632.14675918524 475103.4784885714 493532.47418278654 507700.7808410408 509802.37887119834 511395.7596305468 530551.9925039929 535376.1936833371 554908.2380720177 563802.1100870556 571785.964754376 587554.3663908177 601720.5555634501 611401.9876933281 638134.1930458245 689617.2683410988 719841.0333002772 724976.1173531276 757304.8739369496 761915.689938335

Equation: (1492.6691490894066 - (0.18998880350627412 / x4)) - (-0.001468312097142612 * x3)
Residuals:
436632.13459882606 475103.4661709436 493532.46156981686 507700.76803733193 509802.36571991985 511395.7464633181 530551.9792372127 535376.1801825957 554908.2244647967 563802.0964758493 571785.9511167032 587554.3524858222 601720.5414810495 611401.9735621171 638134.1788737641 689617.2540763573 719841.0189470905 724976.1024418379 757304.8590023067 761915.6749997912

Equation: x2
Residuals:
2594669.0750542353 2711364.545700336 2912962.166684977 3099128.3963356283 3112695.820343106 3170006.8557492117 3202031.6007465115 3261982.125487591 3394406.5216909144 3692130.697779578 3742687.014519681 3839848.7532351105 3861019.9826378194 3900041.9717196776 3909243.16854503 3977299.071458556 3994963.840912246 4013693.7723897053 4049532.7498139283 4077874.807760692

Equation: x0 ^ x2
Residuals:
1.9581852502070865e+24 3.793745751068908e+24 5.169750030662498e+24 7.467524453808494e+24 1.348715345268232e+25 1.815269822407329e+25 2.1377840115408282e+25 3.4930876078680404e+25 4.348560221101305e+25 1.0204230270268977e+26 1.8958072416425174e+26 2.5130784201210265e+26 2.824347850256279e+26 3.314804545063757e+26 5.272473130689773e+26 6.230658297958113e+26 8.393239764013588e+26 1.586790085583313e+27 2.1632339208693003e+27 3.4694913199225404e+27

Equation: (x4 ^ x0) * x1
Residuals:
2.9791933058847403e+25 3.4511387094708965e+25 1.0308634319245543e+26 2.683792791168818e+26 3.251489030343531e+26 4.731020311349906e+26 7.93760891175074e+26 9.097997676477702e+26 1.1518606998214775e+27 1.8436911751949864e+27 4.619133950138541e+27 7.213870172955203e+27 8.589243803969398e+27 1.0046033276620831e+28 1.11811658141717e+28 1.4150800868897516e+28 3.053325534988856e+28 3.7298654166907663e+28 5.508668977174157e+28 6.346602433911436e+28

Equation: x4 + 953.5816227126678
Residuals:
2593715.5633368217 2710411.12575856 2912008.46041059 3098174.466242858 3111742.022506744 3169053.0814699805 3201077.7586006154 3261028.398151674 3393452.671864279 3691176.799665107 3741733.141884726 3838894.8426776654 3860066.0493635354 3899088.0739464024 3908289.4080800503 3976345.2693836717 3994010.028971532 4012740.1168166203 4048579.0948116006 4076921.2659445647

Equation: 957.9530443436516 + cos(x4)
Residuals:
2593729.1436695405 2710424.8592882156 2912022.6031811046 3098189.044885597 3111756.6903798208 3169067.8173377262 3201092.6259373226 3261043.338990434 3393467.977311504 3691192.7303939164 3741749.250739678 3838911.136873439 3860082.4442194724 3899104.470294239 3908305.815599271 3976361.8358328445 3994026.650524609 4012756.8092161003 4048595.9162437567 4076938.146470626

Equation: (x0 - x0) + 957.1197164626126
Residuals:
2593730.972252578 2710426.666456447 2912024.3001737283 3098190.5760829085 3111758.183810131 3169069.28132539 3201094.031558925 3261044.7112462665 3393469.1779774292 3691193.6228054864 3741750.0541076334 3838911.8477228926 3860083.1050184905 3899105.130352967 3908306.4701162702 3976362.411864918 3994027.1995298574 4012757.3236438846 4048596.3682719213 4076938.5702080987

Equation: 956.9636595970431 - (-0.04410761179737721 * x4)
Residuals:
2593730.2926021037 2710425.9809933775 2912023.6015196047 3098189.8655163376 3111757.470973635 3169068.5667884564 3201093.313797597 3261043.991714623 3393468.449932198 3691192.8807769413 3741749.308149871 3838911.0976709593 3860082.3527342826 3899104.3780356077 3908305.7175506004 3976361.65575101 3994026.4421775364 4012756.564691827 4048595.606380839 4076937.80695836

Equation: (sin(-0.13838991924654795) * cos(sin(x4))) + 957.24175271865
Residuals:
2593730.987512452 2710426.67882261 2912024.29892881 3098190.5580998436 3111758.1625987226 3169069.2577402038 3201094.00362922 3261044.681043734 3393469.138401862 3691193.5755058546 3741750.0066574286 3838911.8010924105 3860083.059248418 3899105.0845978316 3908306.4244750077 3976362.3682277296 3994027.15675349 4012757.282097974 4048596.329318327 4076938.5325898193

Equation: x3
Residuals:
6988978603.93051 7028197585.447048 7056081572.432598 7098736824.42606 7105724942.777032 7150188644.659232 7160010095.340647 7170416800.474787 7247555426.836149 7272114813.571967 7274295076.096105 7287116861.470308 7353806755.978462 7370966905.494923 7464305576.577361 7524956511.229588 7538742989.791059 7539206113.130748 7571781449.712653 7669060261.417022

Equation: x2 ^ x3
Residuals:
2.448930869432518e+182 3.523690699517772e+182 6.893030033063539e+182 7.669011648451496e+182 8.36388092685565e+182 2.996841400063848e+183 3.578850654978943e+183 5.026807123431745e+183 6.278405207838378e+183 8.734882433328645e+183 1.0878581233074526e+184 1.5315112691378128e+184 1.8830283722133122e+184 2.9241232872717755e+184 7.043487110196902e+184 1.3184405662994642e+185 3.2495665841420265e+185 7.154436399423888e+185 8.985383193767816e+185 4.964032236551847e+186

Equation: 1341.9320893818203 - x0
Residuals:
6988977447.383012 7028196428.989642 7056080416.210486 7098735668.262214 7105723786.885881 7150187489.090274 7160008939.917035 7170415645.105253 7247554271.529293 7272113658.562858 7274293921.230452 7287115706.756893 7353805601.469667 7370965751.137537 7464304422.429192 7524955357.274307 7538741836.066855 7539204959.631506 7571780296.391481 7669059108.484042

Equation: 1338.4726304225833 + sin(x0)
Residuals:
6988977359.1797 7028196340.748767 7056080327.85163 7098735579.843651 7105723698.135129 7150187400.271853 7160008850.913988 7170415556.087145 7247554182.466956 7272113569.038429 7274293831.519919 7287115616.863256 7353805511.232549 7370965660.759747 7464304332.00791 7524955266.732762 7538741745.447422 7539204868.854194 7571780205.353532 7669059017.248078

Equation: 1337.697433131805 + (x2 - x2)
Residuals:
6988977358.954999 7028196340.52423 7056080327.6356 7098735579.635753 7105723698.0049715 7150187400.162557 7160008850.867781 7170415556.046432 7247554182.442645 7272113569.204585 7274293831.770082 7287115617.198886 7353805511.733916 7370965661.330405 7464304332.600106 7524955267.384728 7538741746.138226 7539204869.623886 7571780206.253381 7669059018.246153

Equation: cos(cos(x4) / x4) + 1336.7248760194718
Residuals:
6988977358.927559 7028196340.496793 7056080327.608166 7098735579.608323 7105723697.977543 7150187400.135134 7160008850.84036 7170415556.0190115 7247554182.415236 7272113569.17718 7274293831.742678 7287115617.171483 7353805511.706522 7370965661.303012 7464304332.57272 7524955267.357342 7538741746.110839 7539204869.596499 7571780206.225993 7669059018.218758

Equation: (0.05164811253297935 * x4) + 1337.5030267310244
Residuals:
6988977354.352325 7028196335.9162 7056080323.02404 7098735575.017654 7105723693.386239 7150187395.538017 7160008846.241336 7170415551.419353 7247554177.804575 7272113564.563164 7274293827.128382 7287115612.555324 7353805507.081435 7370965656.675999 7464304327.933408 7524955262.709849 7538741741.461851 7539204864.947034 7571780201.572369 7669059013.552613

Equation: (sin(cos(x4)) / (x4 * x4)) + 1337.7488275428384
Residuals:
6988977358.903582 7028196340.472801 7056080327.584165 7098735579.584306 7105723697.953523 7150187400.111099 7160008850.81632 7170415555.99497 7247554182.391171 7272113569.153108 7274293831.718605 7287115617.147408 7353805511.682432 7370965661.27892 7464304332.548617 7524955267.33324 7538741746.086737 7539204869.572397 7571780206.201893 7669059018.19467

Equation: 1336.7421994359393 + cos(cos(x4) / -2.5721789090043514)
Residuals:
6988977358.913305 7028196340.486349 7056080327.600963 7098735579.6084175 7105723697.978419 7150187400.143654 7160008850.851531 7170415556.031077 7247554182.443053 7272113569.20964 7274293831.775515 7287115617.206801 7353805511.752402 7370965661.350809 7464304332.628764 7524955267.414521 7538741746.167828 7539204869.6534 7571780206.281615 7669059018.265259

Equation: (sin(25.37921948986152 / x4) * sin(cos(2429.9759576522647))) + 1337.712765972142
Residuals:
6988977358.952061 7028196340.521278 7056080327.632639 7098735579.632775 7105723698.001992 7150187400.159563 7160008850.864782 7170415556.043432 7247554182.439618 7272113569.20155 7274293831.767046 7287115617.195846 7353805511.730853 7370965661.327338 7464304332.597009 7524955267.381611 7538741746.135104 7539204869.620764 7571780206.250248 7669059018.24299

Equation: x0
Residuals:
265409191.76765037 268049810.11907217 274611048.7456016 277089071.97115904 277304742.14996684 286250963.7540151 293700618.28176594 296405265.62223136 298325827.48417884 302127961.1198917 303290699.7187722 303528179.71602285 309103080.8358598 309336107.67507464 310215089.939196 310384173.385915 312975362.39937353 313008260.7413756 314767795.78548944 320531177.64221156

Equation: x0 ^ x0
Residuals:
3.1241245138697124e+81 3.316187115943453e+81 6.039276023039181e+81 9.29242608691618e+81 1.2501347076685391e+82 1.8306507703585935e+82 2.1118864661501364e+82 3.23924618774019e+82 5.0064746122025955e+82 5.1247302680223444e+82 7.819673778209605e+82 2.83260876618952e+83 3.1018563275910425e+83 4.929469732543031e+83 5.159968582164095e+83 5.71877081350682e+83 6.24466775301599e+83 1.00281742601334e+84 3.0202893571240226e+84 4.657030970300677e+84

Equation: (x0 ^ x0) + x4
Residuals:
3.1241245138697124e+81 3.316187115943453e+81 6.039276023039181e+81 9.29242608691618e+81 1.2501347076685391e+82 1.8306507703585935e+82 2.1118864661501364e+82 3.23924618774019e+82 5.0064746122025955e+82 5.1247302680223444e+82 7.819673778209605e+82 2.83260876618952e+83 3.1018563275910425e+83 4.929469732543031e+83 5.159968582164095e+83 5.71877081350682e+83 6.24466775301599e+83 1.00281742601334e+84 3.0202893571240226e+84 4.657030970300677e+84

Equation: 1663.3406804791434 - x3
Residuals:
265407624.94127342 268048243.3184884 274609482.1166702 277087505.65374714 277303175.9747729 286249397.77509516 293699052.61146545 296403700.0594339 298324262.1172022 302126395.8226859 303289134.5086495 303526615.00103486 309101516.18078357 309334543.25857687 310213525.73182416 310382609.2277874 312973798.2764747 313006696.75839597 314766232.16746163 320529614.1956501

Equation: sin(x3) + 1659.912493369033
Residuals:
265407581.0801208 268048199.45085114 274609438.2243803 277087461.6212309 277303131.8793078 286249353.5767051 293699008.1144771 296403655.5381172 298324217.45939016 302126351.07649535 303289089.7614884 303526569.9070995 309101471.0203026 309334497.8563157 310213479.97121894 310382563.4146512 312973752.4310252 313006650.83135486 314766185.97084713 320529567.83584183

Equation: (x3 / x3) - -1658.1315929791454
Residuals:
265407581.0116183 268048199.375268 274609438.1246264 277087461.4384375 277303131.67797893 286249353.36009663 293699007.9170919 296403655.3450703 298324217.2960593 302126350.9365457 303289089.6218112 303526569.882001 309101471.0203764 309334497.9541434 310213480.2275906 310382563.6952915 312973752.7267004 313006651.1653282 314766186.4342042 320529568.3791458

Equation: 1658.9806788514786 - (sin(x4) / x4)
Residuals:
265407581.14440197 268048199.50725767 274609438.2552213 277087461.5688706 277303131.8083942 286249353.4911123 293699008.0500446 296403655.47902054 298324217.4308067 302126351.07281554 303289089.7588665 303526570.01921153 309101471.16024274 309334498.09419537 310213480.36805826 310382563.83605534 312973752.8688511 313006651.30795246 314766186.5774964 320529568.52625984

Equation: 1659.3102088523176 - (cos(sin(x4)) / x3)
Residuals:
265407580.84633964 268048199.20933902 274609437.9574625 277087461.27106017 277303131.51056325 286249353.1930466 293699007.7514513 296403655.18015957 298324217.1316868 302126350.7731859 303289089.4589542 303526569.7191663 309101470.8590404 309334497.79285234 310213480.0664373 310382563.53427166 312973752.5662968 313006651.0051022 314766186.27418196 320529568.2201589

Equation: (x4 * 0.07635092503667336) - -1658.8223459643077
Residuals:
265407577.64177918 268048195.9986029 274609434.7287626 277087458.0371739 277303128.275766 286249349.93385553 293699004.4712143 296403651.8920724 298324213.83799815 302126347.4698162 303289086.1509767 303526566.4103784 309101467.536171 309334494.4691095 310213476.7407198 310382560.20712703 312973749.23262274 313006647.669279 314766182.9354088 320529564.86519444

Equation: (0.10481310506827413 * cos(x4)) - -1659.1847541867924
Residuals:
265407581.0094557 268048199.3647261 274609438.08891875 277087461.39538306 277303131.63362664 286249353.2829828 293699007.814811 296403655.23438054 298324217.17969006 302126350.8111114 303289089.49240196 303526569.7518535 309101470.87960327 309334497.8127512 310213480.0848628 310382563.5516542 312973752.57924044 313006651.01671827 314766186.28409874 320529568.2230866

Equation: (0.250822012881569 * cos(cos(x4))) - -1658.9339257517947
Residuals:
265407580.98757312 268048199.3425647 274609438.07494116 277087461.3864479 277303131.6257095 286249353.3134629 293699007.89098 296403655.32875735 298324217.2871478 302126350.9406946 303289089.63214916 303526569.8935183 309101471.04986244 309334497.9847316 310213480.260576 310382563.72992474 312973752.7683924 313006651.2091846 314766186.4809031 320529568.43745977

Equation: (sin(0.25352931449144656) * cos(cos(x4))) - -1658.9339257549516
Residuals:
265407580.98757312 268048199.3425647 274609438.07494116 277087461.3864479 277303131.6257095 286249353.313463 293699007.89098 296403655.32875735 298324217.2871478 302126350.9406946 303289089.63214916 303526569.8935183 309101471.04986244 309334497.9847316 310213480.260576 310382563.72992474 312973752.7683924 313006651.2091846 314766186.4809031 320529568.43745977

Equation: ((0.0387401960958173 * x4) * cos(cos(x4))) - -1659.0036476547125
Residuals:
265407579.48945764 268048197.7854878 274609436.3986159 277087459.6924285 277303129.9293892 286249351.6419457 293699006.3451278 296403653.8444604 298324215.8496643 302126349.5862903 303289088.31727624 303526568.58618784 309101469.85771513 309334496.79965997 310213479.09089506 310382562.57082325 312973751.654591 313006650.1092581 314766185.3991767 320529567.42932194

Equation: (-0.0580828887065574 * cos(x4 * 1.9115685872163266)) - -1659.1345494316013
Residuals:
265407580.97755715 268048199.3500023 274609438.1266846 277087461.4482492 277303131.68913364 286249353.4006611 293699007.97065985 296403655.4001124 298324217.35103166 302126350.98924875 303289089.67251724 303526569.93225807 309101471.06080157 309334497.99375814 310213480.2653438 310382563.7316817 312973752.75635797 313006651.19257456 314766186.4579708 320529568.3819092

Equation: (cos(1.9115764788541134 * x4) * sin(sin(-0.058145196764867756))) - -1659.1345485531747
Residuals:
265407580.97757837 268048199.3500248 274609438.1267074 277087461.44827116 277303131.68915534 286249353.40067446 293699007.97066283 296403655.4001113 298324217.3510277 302126350.98924017 303289089.6725065 303526569.932247 309101471.06078494 309334497.9937412 310213480.2653262 310382563.7316637 312973752.7563382 313006651.1925543 314766186.4579499 320529568.3818869

Equation: 1659.0854968556894 + ((sin(x4) / (1.8298416746096293 * x4)) * sin(x4 - 0.48729633612110934))
Residuals:
265407581.05232313 268048199.4149845 274609438.1619135 277087461.4751951 277303131.71465236 286249353.39567477 293699007.9533722 296403655.38193643 298324217.3334333 302126350.97493637 303289089.66073567 303526569.921031 309101471.0611812 309334497.99506843 310213480.2687824 310382563.73667115 312973752.76893175 313006651.20783865 314766186.4770973 320529568.4239381

Equation: x4
Residuals:
4047304.932038931 4086714.536976059 4094871.0185530526 4126280.064097366 4141987.878348559 4278564.530727578 4313593.455237579 4347777.66192957 4832192.387336757 4860425.093265261 5000602.481342617 5114284.5761351 5170924.930908036 5190247.46871053 5371339.731836317 5421787.616598713 5430097.399357341 5481949.502710108 5572711.833677261 5765089.085479848

Equation: x4 ^ x4
Residuals:
1.6993492285776358e+27 2.030075163770384e+27 2.6129632258438765e+27 2.9576606883956243e+27 3.0350721917372765e+27 6.119868324363098e+27 6.533581154285002e+27 6.882354154368576e+27 4.9213851350081355e+28 5.008616023600078e+28 9.960025014751737e+28 1.2386327215945068e+29 1.7751849718422856e+29 1.898069795830081e+29 3.656529641025322e+29 4.101119380301992e+29 4.444922401973453e+29 4.517716511667593e+29 7.410619870634484e+29 1.336341514660588e+30

Equation: x4 * (x2 ^ x3)
Residuals:
1.175519368532821e+28 1.538566982375322e+28 3.1876366007952907e+28 3.294242467747543e+28 5.1156730287067635e+28 6.620794015584169e+28 9.868719064264382e+28 1.223585119771802e+29 1.5598101045302107e+29 2.035028500787361e+29 3.460990449884741e+29 5.0148803927631756e+29 5.9525658791293335e+29 9.648266775677039e+29 1.2205492985812837e+30 3.883594239498406e+30 6.34073016727532e+30 8.86378235005746e+30 1.3255192970546159e+31 2.1912705066334676e+31

Equation: x4 + 1859.16035093429
Residuals:
4045445.7716879966 4084855.376625125 4093011.8582021184 4124420.9037464317 4140128.7179976245 4276705.370376644 4311734.294886645 4345918.501578636 4830333.226985823 4858565.932914327 4998743.320991684 5112425.415784165 5169065.770557103 5188388.308359595 5369480.5714853825 5419928.45624778 5428238.239006407 5480090.342359173 5570852.6733263265 5763229.925128914

Equation: 1862.6273044517748 - sin(x4)
Residuals:
4045463.961608424 4084873.5978016984 4093030.120552099 4124439.1849629423 4140147.0030377964 4276723.745208468 4311752.676768995 4345936.888912013 4830351.734510747 4858584.440895201 4998761.841021127 5112443.937700703 5169084.294177079 5188406.832146971 5369499.0956832385 5419946.980468562 5428256.763267112 5480108.866631122 5570871.198814119 5763248.45593963

Equation: 1863.470732184435 - (x2 - x2)
Residuals:
4045462.155419708 4084871.804472744 4093028.3486288786 4124437.424877364 4140145.2455291003 4276722.071458743 4311751.012138658 4345935.231683768 4830350.441879483 4858583.152125557 4998760.708963778 5112442.857211058 5169083.30015673 5188405.854347793 5369498.277858263 5419946.190659052 5428255.993083495 5480108.100404026 5570870.552172236 5763247.94768185

Equation: 946.2058466665891 + 917.2648855177097
Residuals:
4045462.1554197087 4084871.8044727445 4093028.348628879 4124437.4248773647 4140145.2455291008 4276722.071458743 4311751.012138658 4345935.231683768 4830350.441879483 4858583.152125557 4998760.708963778 5112442.857211058 5169083.30015673 5188405.854347793 5369498.277858263 5419946.190659052 5428255.993083495 5480108.100404026 5570870.552172236 5763247.94768185

Equation: 1863.7051324306767 - (x3 / (x4 * x3))
Residuals:
4045461.969342384 4084871.6182926237 4093028.162303688 4124437.2384813144 4140145.059118306 4276721.884651564 4311750.825294881 4345935.0448109405 4830350.253936251 4858582.964173008 4998760.520649978 5112442.668784001 5169083.11154407 5188405.6657008 5369498.088877972 5419946.001620992 5428255.804005004 5480107.911317387 5570870.362838904 5763247.758058523

Equation: (cos(x4) / (x1 * x4)) + 1863.4940663598522
Residuals:
4045462.132722471 4084871.781868013 4093028.326157551 4124437.402465576 4140145.22312937 4276722.049389227 4311750.9900970645 4345935.209663488 4830350.420518683 4858583.130763698 4998760.687713968 5112442.835982283 5169083.278926938 5188405.8331072815 5369498.256612482 5419946.169404697 5428255.971821795 5480108.0791336 5570870.53084103 5763247.9262386765

Equation: (0.07896154217364176 * cos(x4)) + 1863.4985234671515
Residuals:
4045462.148975995 4084871.8013609126 4093028.350159466 4124437.428644867 4140145.2497592294 4276722.087671459 4311751.029405732 4345935.249780538 4830350.484634767 4858583.195033327 4998760.7567735 5112442.906130482 5169083.350426504 5188405.904801953 5369498.329002638 5419946.2417157255 5428256.044041666 5480108.15133863 5570870.60179852 5763247.994284791

Equation: (cos(x4) / ((x4 + x1) + x1)) + 1863.5007615431641
Residuals:
4045462.1297709425 4084871.7794795907 4093028.324571505 4124437.401249714 4140145.2219891855 4276722.050281329 4311750.991164553 4345935.210866662 4830350.425899673 4858583.136151931 4998760.693885689 5112442.8423190545 5169083.285369341 5188405.839524601 5369498.26309108 5419946.175850902 5428255.978237698 5480108.08551509 5570870.536928811 5763247.931724731

Equation: 1863.499175340286 + ((cos(x4) / x1) / (x4 + sin(x3)))
Residuals:
4045462.1275841566 4084871.776725477 4093028.321009926 4124437.397315417 4140145.2179793813 4276722.04422666 4311750.984935663 4345935.204502228 4830350.415335418 4858583.1255826615 4998760.682533929 5112442.830809015 5169083.273757207 5188405.827949323 5369498.251460711 5419946.16428307 5428255.966712369 5480108.0740336 5570870.52574804 5763247.921157771

Equation: (cos(x4 / 0.9202679894885034) / (x1 * x1)) + 1863.4728394904757
Residuals:
4045462.155403035 4084871.80437002 4093028.3484338177 4124437.4246167415 4140145.2452541497 4276722.070867689 4311751.011514426 4345935.231031683 4830350.440158439 4858583.150392188 4998760.706819981 5112442.854938486 5169083.297683232 5188405.851841814 5369498.275001083 5419946.187744755 5428255.99013013 5480108.097448739 5570870.548991299 5763247.944271099

Equation: (cos(x4 / 0.3842414011793359) * 0.04028587127917295) + 1863.462912163835
Residuals:
4045462.199515255 4084871.8463220685 4093028.386531575 4124437.4605451776 4140145.2807081523 4276722.090987438 4311751.030035311 4345935.248270275 4830350.41490968 4858583.124929707 4998760.676620538 5112442.8248203285 5169083.269379409 5188405.8240976725 5369498.2562182695 5419946.171100793 5428255.975072977 5480108.082714115 5570870.545374635 5763247.955609847

Equation: (sin(0.04028587127917295) * cos(x4 / 0.3842414011793359)) + 1863.462912163835
Residuals:
4045462.1995054437 4084871.846312864 4093028.3865234386 4124437.4605376455 4140145.2807007525 4276722.090984271 4311751.030032585 4345935.248267905 4830350.41491909 4858583.124939177 4998760.676631401 5112442.824831204 5169083.269389848 5188405.824107969 5369498.256226238 5419946.171108199 5428255.975079964 5480108.0827210145 5570870.545378589 5763247.955609817

Equation: (cos(x4 / 0.3842414011793359) * sin(0.04028587127917295)) + (1863.462912163835 + (x2 / (1863.4636353555836 ^ x0)))
Residuals:
4045462.1995054437 4084871.846312864 4093028.3865234386 4124437.4605376455 4140145.2807007525 4276722.090984271 4311751.030032585 4345935.248267905 4830350.41491909 4858583.124939177 4998760.676631401 5112442.824831204 5169083.269389848 5188405.824107969 5369498.256226238 5419946.171108199 5428255.975079964 5480108.0827210145 5570870.545378589 5763247.955609817

Equation: (1863.4629121663684 + ((x4 ^ x2) / (1863.462912163835 ^ x0))) + (0.04027495890445693 * cos(x4 / 0.38424140956440334))
Residuals:
4045462.199505447 4084871.8463128735 4093028.3865234554 4124437.460537666 4140145.280700774 4276722.09098431 4311751.030032625 4345935.248267945 4830350.414919127 4858583.124939213 4998760.676631419 5112442.824831215 5169083.269389847 5188405.824107966 5369498.256226213 5419946.17110817 5428255.975079933 5480108.082720983 5570870.545378544 5763247.955609764

Equation: (sin(0.04028585162487185) * cos(x4 / 0.38424140466698364)) + (1863.4629121622656 + ((x2 ^ x2) / (1863.462912163835 ^ x0)))
Residuals:
4045462.199505436 4084871.84631286 4093028.3865234386 4124437.460537648 4140145.2807007553 4276722.090984286 4311751.030032601 4345935.248267922 4830350.414919119 4858583.124939206 4998760.676631424 5112442.824831224 5169083.269389863 5188405.824107983 5369498.25622624 5419946.171108198 5428255.975079962 5480108.082721013 5570870.545378578 5763247.9556097975

Equation: (sin(sin(0.040295673068334266)) * cos(x4 / 0.38424155709171687)) + (1863.462911548714 + ((x2 ^ x2) / (446.7984443781782 ^ x0)))
Residuals:
4045462.1995054497 4084871.846313021 4093028.3865238195 4124437.4605381396 4140145.2807012703 4276722.090985421 4311751.030033791 4345935.248269153 4830350.414921118 4858583.124941202 4998760.676633187 5112442.824832862 5169083.269391253 5188405.824109321 5369498.25622702 5419946.1711088745 5428255.975080565 5480108.0827216 5570870.545378724 5763247.95560948

Equation: x3
Residuals:
2466304.2928538844 2544988.5769328815 2553210.5310484 2569788.5096402727 2580650.6239397153 2592040.9088342097 2872552.2187220864 2914186.2396563403 3047675.3424671213 3056098.407536647 3160156.985384303 3173775.7456721184 3189953.771523408 3205272.5055647204 3296257.146036228 3385139.9417066756 3412249.6324030347 3488883.7362218993 3634977.4797780775 3915555.1679934612

Equation: x3 ^ x3
Residuals:
9.222165394500471e+23 9.585157648519184e+23 1.1366377831319692e+24 1.4840932211384973e+24 1.63971012614901e+24 1.9041352925269974e+24 2.118615307936767e+24 4.0891562807888705e+24 6.103686069047156e+24 1.576654417840631e+25 2.0012928261774113e+25 2.0122659422653573e+25 2.482330188399359e+25 4.589214264819459e+25 4.897453746591119e+25 5.962587129001939e+25 6.450861961524277e+25 1.244991865648604e+26 3.696232106058083e+26 8.681170118666319e+26

Equation: (x3 ^ x0) * x2
Residuals:
1.3062501567569753e+25 1.3261127541221481e+25 2.0058964673180026e+25 2.5947277643140805e+25 4.887203284803496e+25 5.160679916291215e+25 5.437717464695466e+25 8.627234398654532e+25 1.1230729574508695e+26 1.8850370269738157e+26 2.2096480778283545e+26 6.577846626429582e+26 9.949866731624306e+26 1.1789512203517741e+27 1.7270893514710034e+27 2.210935624274389e+27 2.6705387548782323e+27 4.896673192443326e+27 1.1907522815939992e+28 2.830044404218531e+28

Equation: x0 + 1627.6378881001742
Residuals:
2464676.7510677483 2543361.0436662305 2551582.916466596 2568160.898371686 2579022.8314951523 2590413.1493207626 2870924.480135204 2912558.569061786 3046047.719367672 3054470.929615067 3158529.535273773 3172147.93265013 3188325.890680525 3203644.775485167 3294629.317520926 3383512.0996647445 3410621.75558116 3487255.8782144 3633349.6905557285 3913927.3758168924

Equation: sin(x0) + 1632.3401485891525
Residuals:
2464690.897911991 2543375.190522901 2551597.0637616185 2568175.0456890985 2579036.981622835 2590427.2996159014 2870938.630645085 2912572.724539897 3046061.878966365 3054485.099358369 3158543.70945356 3172162.200970591 3188340.21164263 3203659.098196582 3294643.702238152 3383526.5234149867 3410636.216162671 3487270.4513737746 3633364.455362546 3913942.3890367756

Equation: (x4 / x4) + 1630.6420006002272
Residuals:
2464691.457095712 2543375.7509869975 2551597.748407879 2568175.794718142 2579037.934317989 2590428.2571306177 2870939.5940766595 2912573.781497784 3046062.98554292 3054486.2899252246 3158544.9277971033 3172163.689460605 3188341.7681107684 3203660.6564969537 3294645.313278269 3383528.158301521 3410637.868728804 3487272.1371795926 3633366.1524677384 3913944.0532637215

Equation: 1631.4839991893261 - (sin(x4) / x4)
Residuals:
2464691.6110863765 2543375.9106183876 2551597.9080456863 2568175.955529333 2579038.09754034 2590428.4211974833 2870939.777107931 2912573.9662234574 3046063.178399899 3054486.4828353086 3158545.125933939 3172163.8883578973 3188341.9671493927 3203660.855976354 3294645.514556249 3383528.362413518 3410638.073922812 3487272.343089373 3633366.3594976855 3913944.2586590643

Equation: 1631.8304004901909 - (cos(sin(x4)) / x0)
Residuals:
2464691.321991328 2543375.6160050626 2551597.6130723287 2568175.659152412 2579037.797999211 2590428.1207082984 2870939.4519642387 2912573.638301737 3046062.837388302 3054486.1415393003 3158544.775562849 3172163.535973167 3188341.614301827 3203660.5023369654 3294645.1574778077 3383527.999961579 3410637.7093052096 3487271.9768514233 3633365.9905315656 3913943.8918852136

Equation: 1631.3349856737602 + (x4 * 0.07551388796864447)
Residuals:
2464690.346398853 2543374.6322743967 2551596.6296861097 2568174.674317202 2579036.8104468505 2590427.1320366273 2870938.439497456 2912572.623964677 3046061.812354836 3054485.1166240033 3158543.742221193 3172162.501847451 3188340.5801093644 3203659.467263604 3294644.1186241563 3383526.953038457 3410636.658070101 3487270.9220018703 3633364.9216692997 3913942.802318835

Equation: 1631.6940931944298 + (cos(x4) * 0.10141087611671917)
Residuals:
2464691.3038801434 2543375.5975315603 2551597.5949528213 2568175.6413578093 2579037.7813119977 2590428.1043003155 2870939.4532685 2912573.642678819 3046062.8593997294 3054486.163885925 3158544.81396348 3172163.577819599 3188341.6568925893 3203660.546630728 3294645.209538611 3383528.067291549 3410637.784503673 3487272.0587646337 3633366.094728536 3913944.02241853

Equation: (cos(x4) / (5.909041719269429 + x0)) + 1631.694156327003
Residuals:
2464691.364436567 2543375.658233908 2551597.655859396 2568175.702312168 2579037.8423839067 2590428.165273704 2870939.5069662924 2912573.6953051286 3046062.9043870685 3054486.2089179233 3158544.851582721 3172163.6144299163 3188341.693348729 3203660.5822548927 3294645.2414657823 3383528.091369786 3410637.8043986647 3487272.075106383 3633366.098200908 3913944.008987395

Equation: (cos(x4) / (x4 + (x0 / 0.6317891203054325))) + 1631.6943226610963
Residuals:
2464691.384166348 2543375.678054835 2551597.675559332 2568175.721940941 2579037.8617668264 2590428.1846245574 2870939.5241227415 2912573.7120066937 3046062.9186467705 3054486.2230931064 3158544.8634112827 3172163.625640718 3188341.7044161814 3203660.5930671715 3294645.251075218 3383528.098568394 3410637.810306302 3487272.0798879745 3633366.099090291 3913944.004867693

Equation: 1631.6517372684784 + (-0.05774347595976082 * cos(x4 / 0.5363958663835035))
Residuals:
2464691.3951919707 2543375.6949687265 2551597.692397425 2568175.7401789296 2579037.8830602113 2590428.207103056 2870939.581781237 2912573.7734123142 3046062.9990926497 3054486.3036224525 3158544.95617565 3172163.7199716945 3188341.7990168827 3203660.6886316156 3294645.350344087 3383528.202528385 3410637.915206756 3487272.1847776137 3633366.1984348227 3913944.0852236343

Equation: (sin(-0.05946974488178767) * cos(x4 / 0.539616919392255)) + 1631.653542787356
Residuals:
2464691.387741013 2543375.6854426754 2551597.682869144 2568175.730248425 2579037.872340057 2590428.196118875 2870939.567271188 2912573.758892736 3046062.985631336 3054486.290175424 3158544.944799719 3172163.709032798 3188341.7881640345 3203660.6780574997 3294645.341093707 3383528.1962550716 3410637.9105932377 3487272.1816023975 3633366.2003127965 3913944.09287039

Equation: ((0.19424844749091058 * cos(x4)) + 1631.7035662384658) + ((0.07486249630515864 * cos(x4)) / cos(x4 + -0.6665422772704787))
Residuals:
2464691.100568572 2543375.4022680544 2551597.399698343 2568175.44775412 2579037.591116305 2590427.9153088126 2870939.2962333765 2912573.4893121375 3046062.727270429 3054486.0319215986 3158544.7009326457 3172163.4681354603 3188341.54785307 3203660.4396512196 3294645.1118925936 3383527.989265817 3410637.717222096 3487272.000938226 3633366.073780798 3913944.068054515

Equation: x3
Residuals:
13145323.870633675 13420919.902812699 13561043.485110931 13659663.518028297 14424903.02363681 14528535.024107534 14542806.501612866 14689293.137200253 14742649.055200884 15234252.201633632 15494129.219473043 15547711.725858763 16397770.682282833 16652378.354255019 16752737.573768957 16970641.915244345 17238956.431827005 17239496.36007283 18283947.365842275 18322100.980639767

Equation: x0 ^ x0
Residuals:
3.752409521083797e+37 1.6363894257012512e+38 2.0538148775481134e+38 2.5900097816705244e+38 2.7965236568298366e+38 3.3313239328197974e+38 6.582772581391314e+38 7.208012780677318e+38 1.0100251738107983e+39 1.440519449355334e+39 2.3503166474840072e+39 3.1314074007703067e+39 5.140505024193262e+39 7.790015699707148e+39 9.142231236393173e+39 1.1191087302374465e+40 1.4517943389139142e+40 2.7786459977586257e+40 2.8378273016115955e+40 5.705996502763392e+40

Equation: x1 * (x2 ^ x0)
Residuals:
9.849579463771671e+38 3.200805755626825e+39 3.8552895796948184e+39 4.779783092331596e+39 5.458583215059121e+39 6.590979613874007e+39 1.3837921212993574e+40 1.556868629575261e+40 2.2840702906384425e+40 3.025042309683374e+40 4.609538813515312e+40 6.437221875216876e+40 9.445150053297272e+40 1.6610898290145475e+41 2.034607126591414e+41 2.6024334981761777e+41 3.865214273719916e+41 7.06887099448709e+41 7.461325181193102e+41 1.6567435938407804e+42

Equation: 1664.6063226740787 + x4
Residuals:
13143659.386063974 13419255.46180145 13559379.054385127 13657999.138880529 14423238.440259118 14526870.529619902 14541142.129351135 14687628.736815553 14740984.647410978 15232587.74403195 15492464.655541632 15546047.149929887 16396105.873365976 16650713.560385503 16751072.997434838 16968977.29198883 17237291.743272718 17237831.721052915 18282282.491329186 18320436.172846116

Equation: cos(x4) + 1669.4703301118875
Residuals:
13143680.389003495 13419276.708106408 13559400.37376858 13658020.559310036 14423260.526729984 14526892.662009887 14541164.274844434 14687651.004873576 14741006.942104707 15232610.35934102 15492487.489584623 15546070.029034043 16396129.287469104 16650737.109044604 16751096.622424198 16969000.99129694 17237315.604746632 17237855.59958233 18282306.789488982 18320460.500343446

Equation: 1669.470219139564 + sin(cos(x4))
Residuals:
13143680.400669409 13419276.712451613 13559400.376751773 13658020.560934389 14423260.526528677 14526892.661600942 14541164.274362884 14687651.00336771 14741006.940281702 15232610.350165922 15492487.470734032 15546070.007650942 16396129.221709877 16650737.028570732 16751096.533212475 16969000.89341636 17237315.48793486 17237855.480819732 18282306.633662026 18320460.343378887

Equation: -86.3400178062647 * -19.335890794474317
Residuals:
13143680.810150782 13419277.011679817 13559400.641530443 13658020.777261345 14423260.412591565 14526892.525017342 14541164.131337224 14687650.800611578 14741006.724690102 15232609.985641833 15492487.01229018 15546069.530804405 16396128.556039637 16650736.325063515 16751095.810126934 16969000.152617835 17237314.713261925 17237854.702976212 18282305.804329447 18320459.512689088

Equation: 1669.4006972691207 + (x4 / 67.98269572712144)
Residuals:
13143680.484055938 13419276.683734627 13559400.313037071 13658020.448014317 14423260.078432234 14526892.190518733 14541163.796741698 14687650.465106852 14741006.388987046 15232609.647521533 15492486.672476232 15546069.190635573 16396128.211431453 16650735.979249079 16751095.463606227 16968999.805391997 17237314.36442744 17237854.35396618 18282305.450449396 18320459.158414192

Equation: (cos(x4) / 49.95403249117608) + 1669.4704368402906
Residuals:
13143680.7926224 13419276.996505078 13559400.627072593 13658020.763800623 14423260.40577875 14526892.51866203 14541164.125112325 14687650.795602893 14741006.719944712 15232609.98402501 15492487.012747169 15546069.531680483 16396128.561584003 16650736.331659881 16751095.817290144 16969000.16030917 17237314.722010344 17237854.71182715 18282305.814953085 18320459.52336267

Equation: 1669.470731775158 + (sin(cos(x4)) / 43.38028387811117)
Residuals:
13143680.791344093 13419276.995414678 13559400.626059433 13658020.76290724 14423260.405850692 14526892.518798513 14541164.125266898 14687650.795918155 14741006.720292563 15232609.984677477 15492487.013490858 15546069.5324293 16396128.562017286 16650736.33191338 16751095.817428118 16969000.160327338 17237314.7217523 17237854.711539675 18282305.814079832 18320459.52247076

Equation: x3
Residuals:
438111.78584876173 476583.00678638567 495011.79826932924 509179.97492656595 511281.33575643005 512874.7047471096 532030.8682836276 536854.9083631745 556386.8798487977 565280.7480536816 573264.5839530258 589032.8026783968 603198.8688381158 612880.2670891548 639612.4417288756 691095.4500097124 721319.1525770288 726453.8559830734 758782.595067885 763393.4080028612

Equation: x0 ^ x0
Residuals:
386027236879482.06 406829393162296.7 457503557459653.44 565475433039292.4 2225930714117385.0 2608317016562080.5 3868338058260818.5 4245886458851414.0 4448506811702164.0 7138896950998267.0 7518889285983972.0 1.3490162327731826e+16 2.0808840248384012e+16 2.148632639503857e+16 2.3393505120967744e+16 2.535527768263687e+16 6.513586368826956e+16 8.495885720749592e+16 1.4731497322517488e+17 3.583715927516033e+17

Equation: x2 * (x4 ^ x1)
Residuals:
4453467125520011.5 1.1823529617379454e+16 1.471473995202652e+16 1.5046874047492478e+16 2.1315484936936316e+16 2.6788462565078844e+16 4.7882863542595736e+16 5.281989890619206e+16 7.67967977391778e+16 1.8003932881288496e+17 2.716655044205703e+17 3.5003229119816435e+17 5.647467527794382e+17 5.942140558867786e+17 1.164923273040195e+18 1.5795394753743964e+18 2.0864870929373222e+18 3.337505975181188e+18 3.993980089791519e+18 4.241875051016026e+18

Equation: x3 - -1488.7751530304663
Residuals:
436623.01069573127 475094.2316333552 493523.0231162988 507691.1997735355 509792.5606033996 511385.92959407915 530542.093130597 535366.133210144 554898.1046957673 563791.9729006512 571775.8087999953 587544.0275253663 601710.0936850854 611391.4919361244 638123.6665758451 689606.674856682 719830.3774239983 724965.080830043 757293.8199148546 761904.6328498307

Equation: 1493.2933193568274 + sin(x3)
Residuals:
436631.0745695485 475102.30977855425 493531.1456563085 507699.3652848597 509800.8395338032 511394.21545931755 530550.4223269456 535374.5806441823 554906.6139426411 563800.4855752975 571784.3383446718 587552.7395932459 601718.9473565263 611400.3872258404 638132.6007205979 689615.6967749799 719839.4847738594 724974.781599922 757303.550840677 761914.3690944968

Equation: 1491.8380136464232 + cos(cos(x2))
Residuals:
436632.2449777433 475103.49755852215 493532.482433237 507700.78794420697 509802.3419313376 511395.65149622224 530551.8831183894 535376.0636828449 554908.1033101085 563801.9493653513 571785.8016419989 587554.2022839661 601720.384544652 611401.8129128607 638134.0210212821 689617.1056703961 719840.9766312991 724976.1390169022 757304.8982428805 761915.7240255715

Equation: -767.6209743533536 + 2260.2478606560294
Residuals:
436632.1816253581 475103.51355705434 493532.50941975706 507700.81608335784 509802.4141402398 511395.79494933574 530552.0279072049 535376.229183196 554908.2735930069 563802.1456682396 571786.0003763617 587554.4020594807 601720.5913524249 611402.0235172564 638134.2290286091 689617.3045377479 719841.0696153366 724976.153698313 757304.9103697008 761915.7263935894

Equation: (sin(x1) / (x3 ^ x4)) + 1492.6312449309187
Residuals:
436632.1772667299 475103.5091984261 493532.5050611288 507700.8117247296 509802.4097816116 511395.7905907075 530552.0235485767 535376.2248245678 554908.2692343787 563802.1413096114 571785.9960177335 587554.3977008525 601720.5869937968 611402.0191586282 638134.2246699809 689617.3001791197 719841.0652567084 724976.1493396849 757304.9060110726 761915.7220349612

Equation: 1492.6318126388594 + (sin(sin(x1)) / (x4 ^ x4))
Residuals:
436632.17669902195 475103.50863071816 493532.5044934209 507700.8111570217 509802.40921390365 511395.7900229996 530552.0229808688 535376.2242568599 554908.2686666708 563802.1407419035 571785.9954500255 587554.3971331446 601720.5864260888 611402.0185909203 638134.224102273 689617.2996114118 719841.0646890005 724976.1487719769 757304.9054433646 761915.7214672533

Equation: (3.857314410640918 - -1488.8192122947419) - (0.1955020731104439 / x4)
Residuals:
436632.14675918524 475103.4784885714 493532.47418278654 507700.7808410408 509802.37887119834 511395.7596305468 530551.9925039929 535376.1936833371 554908.2380720177 563802.1100870556 571785.964754376 587554.3663908177 601720.5555634501 611401.9876933281 638134.1930458245 689617.2683410988 719841.0333002772 724976.1173531276 757304.8739369496 761915.689938335

Equation: (1492.6691490894066 - (0.18998880350627412 / x4)) - (-0.001468312097142612 * x3)
Residuals:
436632.13459882606 475103.4661709436 493532.46156981686 507700.76803733193 509802.36571991985 511395.7464633181 530551.9792372127 535376.1801825957 554908.2244647967 563802.0964758493 571785.9511167032 587554.3524858222 601720.5414810495 611401.9735621171 638134.1788737641 689617.2540763573 719841.0189470905 724976.1024418379 757304.8590023067 761915.6749997912

Equation: x2
Residuals:
2594669.0750542353 2711364.545700336 2912962.166684977 3099128.3963356283 3112695.820343106 3170006.8557492117 3202031.6007465115 3261982.125487591 3394406.5216909144 3692130.697779578 3742687.014519681 3839848.7532351105 3861019.9826378194 3900041.9717196776 3909243.16854503 3977299.071458556 3994963.840912246 4013693.7723897053 4049532.7498139283 4077874.807760692

Equation: x0 ^ x2
Residuals:
1.9581852502070865e+24 3.793745751068908e+24 5.169750030662498e+24 7.467524453808494e+24 1.348715345268232e+25 1.815269822407329e+25 2.1377840115408282e+25 3.4930876078680404e+25 4.348560221101305e+25 1.0204230270268977e+26 1.8958072416425174e+26 2.5130784201210265e+26 2.824347850256279e+26 3.314804545063757e+26 5.272473130689773e+26 6.230658297958113e+26 8.393239764013588e+26 1.586790085583313e+27 2.1632339208693003e+27 3.4694913199225404e+27

Equation: (x4 ^ x0) * x1
Residuals:
2.9791933058847403e+25 3.4511387094708965e+25 1.0308634319245543e+26 2.683792791168818e+26 3.251489030343531e+26 4.731020311349906e+26 7.93760891175074e+26 9.097997676477702e+26 1.1518606998214775e+27 1.8436911751949864e+27 4.619133950138541e+27 7.213870172955203e+27 8.589243803969398e+27 1.0046033276620831e+28 1.11811658141717e+28 1.4150800868897516e+28 3.053325534988856e+28 3.7298654166907663e+28 5.508668977174157e+28 6.346602433911436e+28

Equation: x4 + 953.5816227126678
Residuals:
2593715.5633368217 2710411.12575856 2912008.46041059 3098174.466242858 3111742.022506744 3169053.0814699805 3201077.7586006154 3261028.398151674 3393452.671864279 3691176.799665107 3741733.141884726 3838894.8426776654 3860066.0493635354 3899088.0739464024 3908289.4080800503 3976345.2693836717 3994010.028971532 4012740.1168166203 4048579.0948116006 4076921.2659445647

Equation: 957.9530443436516 + cos(x4)
Residuals:
2593729.1436695405 2710424.8592882156 2912022.6031811046 3098189.044885597 3111756.6903798208 3169067.8173377262 3201092.6259373226 3261043.338990434 3393467.977311504 3691192.7303939164 3741749.250739678 3838911.136873439 3860082.4442194724 3899104.470294239 3908305.815599271 3976361.8358328445 3994026.650524609 4012756.8092161003 4048595.9162437567 4076938.146470626

Equation: (x0 - x0) + 957.1197164626126
Residuals:
2593730.972252578 2710426.666456447 2912024.3001737283 3098190.5760829085 3111758.183810131 3169069.28132539 3201094.031558925 3261044.7112462665 3393469.1779774292 3691193.6228054864 3741750.0541076334 3838911.8477228926 3860083.1050184905 3899105.130352967 3908306.4701162702 3976362.411864918 3994027.1995298574 4012757.3236438846 4048596.3682719213 4076938.5702080987

Equation: 956.9636595970431 - (-0.04410761179737721 * x4)
Residuals:
2593730.2926021037 2710425.9809933775 2912023.6015196047 3098189.8655163376 3111757.470973635 3169068.5667884564 3201093.313797597 3261043.991714623 3393468.449932198 3691192.8807769413 3741749.308149871 3838911.0976709593 3860082.3527342826 3899104.3780356077 3908305.7175506004 3976361.65575101 3994026.4421775364 4012756.564691827 4048595.606380839 4076937.80695836

Equation: (sin(-0.13838991924654795) * cos(sin(x4))) + 957.24175271865
Residuals:
2593730.987512452 2710426.67882261 2912024.29892881 3098190.5580998436 3111758.1625987226 3169069.2577402038 3201094.00362922 3261044.681043734 3393469.138401862 3691193.5755058546 3741750.0066574286 3838911.8010924105 3860083.059248418 3899105.0845978316 3908306.4244750077 3976362.3682277296 3994027.15675349 4012757.282097974 4048596.329318327 4076938.5325898193

Equation: x3
Residuals:
6988978603.93051 7028197585.447048 7056081572.432598 7098736824.42606 7105724942.777032 7150188644.659232 7160010095.340647 7170416800.474787 7247555426.836149 7272114813.571967 7274295076.096105 7287116861.470308 7353806755.978462 7370966905.494923 7464305576.577361 7524956511.229588 7538742989.791059 7539206113.130748 7571781449.712653 7669060261.417022

Equation: x2 ^ x3
Residuals:
2.448930869432518e+182 3.523690699517772e+182 6.893030033063539e+182 7.669011648451496e+182 8.36388092685565e+182 2.996841400063848e+183 3.578850654978943e+183 5.026807123431745e+183 6.278405207838378e+183 8.734882433328645e+183 1.0878581233074526e+184 1.5315112691378128e+184 1.8830283722133122e+184 2.9241232872717755e+184 7.043487110196902e+184 1.3184405662994642e+185 3.2495665841420265e+185 7.154436399423888e+185 8.985383193767816e+185 4.964032236551847e+186

Equation: 1341.9320893818203 - x0
Residuals:
6988977447.383012 7028196428.989642 7056080416.210486 7098735668.262214 7105723786.885881 7150187489.090274 7160008939.917035 7170415645.105253 7247554271.529293 7272113658.562858 7274293921.230452 7287115706.756893 7353805601.469667 7370965751.137537 7464304422.429192 7524955357.274307 7538741836.066855 7539204959.631506 7571780296.391481 7669059108.484042

Equation: 1338.4726304225833 + sin(x0)
Residuals:
6988977359.1797 7028196340.748767 7056080327.85163 7098735579.843651 7105723698.135129 7150187400.271853 7160008850.913988 7170415556.087145 7247554182.466956 7272113569.038429 7274293831.519919 7287115616.863256 7353805511.232549 7370965660.759747 7464304332.00791 7524955266.732762 7538741745.447422 7539204868.854194 7571780205.353532 7669059017.248078

Equation: 1337.697433131805 + (x2 - x2)
Residuals:
6988977358.954999 7028196340.52423 7056080327.6356 7098735579.635753 7105723698.0049715 7150187400.162557 7160008850.867781 7170415556.046432 7247554182.442645 7272113569.204585 7274293831.770082 7287115617.198886 7353805511.733916 7370965661.330405 7464304332.600106 7524955267.384728 7538741746.138226 7539204869.623886 7571780206.253381 7669059018.246153

Equation: cos(cos(x4) / x4) + 1336.7248760194718
Residuals:
6988977358.927559 7028196340.496793 7056080327.608166 7098735579.608323 7105723697.977543 7150187400.135134 7160008850.84036 7170415556.0190115 7247554182.415236 7272113569.17718 7274293831.742678 7287115617.171483 7353805511.706522 7370965661.303012 7464304332.57272 7524955267.357342 7538741746.110839 7539204869.596499 7571780206.225993 7669059018.218758

Equation: (0.05164811253297935 * x4) + 1337.5030267310244
Residuals:
6988977354.352325 7028196335.9162 7056080323.02404 7098735575.017654 7105723693.386239 7150187395.538017 7160008846.241336 7170415551.419353 7247554177.804575 7272113564.563164 7274293827.128382 7287115612.555324 7353805507.081435 7370965656.675999 7464304327.933408 7524955262.709849 7538741741.461851 7539204864.947034 7571780201.572369 7669059013.552613

Equation: (sin(cos(x4)) / (x4 * x4)) + 1337.7488275428384
Residuals:
6988977358.903582 7028196340.472801 7056080327.584165 7098735579.584306 7105723697.953523 7150187400.111099 7160008850.81632 7170415555.99497 7247554182.391171 7272113569.153108 7274293831.718605 7287115617.147408 7353805511.682432 7370965661.27892 7464304332.548617 7524955267.33324 7538741746.086737 7539204869.572397 7571780206.201893 7669059018.19467

Equation: 1336.7421994359393 + cos(cos(x4) / -2.5721789090043514)
Residuals:
6988977358.913305 7028196340.486349 7056080327.600963 7098735579.6084175 7105723697.978419 7150187400.143654 7160008850.851531 7170415556.031077 7247554182.443053 7272113569.20964 7274293831.775515 7287115617.206801 7353805511.752402 7370965661.350809 7464304332.628764 7524955267.414521 7538741746.167828 7539204869.6534 7571780206.281615 7669059018.265259

Equation: (sin(25.37921948986152 / x4) * sin(cos(2429.9759576522647))) + 1337.712765972142
Residuals:
6988977358.952061 7028196340.521278 7056080327.632639 7098735579.632775 7105723698.001992 7150187400.159563 7160008850.864782 7170415556.043432 7247554182.439618 7272113569.20155 7274293831.767046 7287115617.195846 7353805511.730853 7370965661.327338 7464304332.597009 7524955267.381611 7538741746.135104 7539204869.620764 7571780206.250248 7669059018.24299

Equation: x0
Residuals:
265409191.76765037 268049810.11907217 274611048.7456016 277089071.97115904 277304742.14996684 286250963.7540151 293700618.28176594 296405265.62223136 298325827.48417884 302127961.1198917 303290699.7187722 303528179.71602285 309103080.8358598 309336107.67507464 310215089.939196 310384173.385915 312975362.39937353 313008260.7413756 314767795.78548944 320531177.64221156

Equation: x0 ^ x0
Residuals:
3.1241245138697124e+81 3.316187115943453e+81 6.039276023039181e+81 9.29242608691618e+81 1.2501347076685391e+82 1.8306507703585935e+82 2.1118864661501364e+82 3.23924618774019e+82 5.0064746122025955e+82 5.1247302680223444e+82 7.819673778209605e+82 2.83260876618952e+83 3.1018563275910425e+83 4.929469732543031e+83 5.159968582164095e+83 5.71877081350682e+83 6.24466775301599e+83 1.00281742601334e+84 3.0202893571240226e+84 4.657030970300677e+84

Equation: (x0 ^ x0) + x4
Residuals:
3.1241245138697124e+81 3.316187115943453e+81 6.039276023039181e+81 9.29242608691618e+81 1.2501347076685391e+82 1.8306507703585935e+82 2.1118864661501364e+82 3.23924618774019e+82 5.0064746122025955e+82 5.1247302680223444e+82 7.819673778209605e+82 2.83260876618952e+83 3.1018563275910425e+83 4.929469732543031e+83 5.159968582164095e+83 5.71877081350682e+83 6.24466775301599e+83 1.00281742601334e+84 3.0202893571240226e+84 4.657030970300677e+84

Equation: 1663.3406804791434 - x3
Residuals:
265407624.94127342 268048243.3184884 274609482.1166702 277087505.65374714 277303175.9747729 286249397.77509516 293699052.61146545 296403700.0594339 298324262.1172022 302126395.8226859 303289134.5086495 303526615.00103486 309101516.18078357 309334543.25857687 310213525.73182416 310382609.2277874 312973798.2764747 313006696.75839597 314766232.16746163 320529614.1956501

Equation: sin(x3) + 1659.912493369033
Residuals:
265407581.0801208 268048199.45085114 274609438.2243803 277087461.6212309 277303131.8793078 286249353.5767051 293699008.1144771 296403655.5381172 298324217.45939016 302126351.07649535 303289089.7614884 303526569.9070995 309101471.0203026 309334497.8563157 310213479.97121894 310382563.4146512 312973752.4310252 313006650.83135486 314766185.97084713 320529567.83584183

Equation: (x3 / x3) - -1658.1315929791454
Residuals:
265407581.0116183 268048199.375268 274609438.1246264 277087461.4384375 277303131.67797893 286249353.36009663 293699007.9170919 296403655.3450703 298324217.2960593 302126350.9365457 303289089.6218112 303526569.882001 309101471.0203764 309334497.9541434 310213480.2275906 310382563.6952915 312973752.7267004 313006651.1653282 314766186.4342042 320529568.3791458

Equation: 1658.9806788514786 - (sin(x4) / x4)
Residuals:
265407581.14440197 268048199.50725767 274609438.2552213 277087461.5688706 277303131.8083942 286249353.4911123 293699008.0500446 296403655.47902054 298324217.4308067 302126351.07281554 303289089.7588665 303526570.01921153 309101471.16024274 309334498.09419537 310213480.36805826 310382563.83605534 312973752.8688511 313006651.30795246 314766186.5774964 320529568.52625984

Equation: 1659.3102088523176 - (cos(sin(x4)) / x3)
Residuals:
265407580.84633964 268048199.20933902 274609437.9574625 277087461.27106017 277303131.51056325 286249353.1930466 293699007.7514513 296403655.18015957 298324217.1316868 302126350.7731859 303289089.4589542 303526569.7191663 309101470.8590404 309334497.79285234 310213480.0664373 310382563.53427166 312973752.5662968 313006651.0051022 314766186.27418196 320529568.2201589

Equation: (x4 * 0.07635092503667336) - -1658.8223459643077
Residuals:
265407577.64177918 268048195.9986029 274609434.7287626 277087458.0371739 277303128.275766 286249349.93385553 293699004.4712143 296403651.8920724 298324213.83799815 302126347.4698162 303289086.1509767 303526566.4103784 309101467.536171 309334494.4691095 310213476.7407198 310382560.20712703 312973749.23262274 313006647.669279 314766182.9354088 320529564.86519444

Equation: (0.10481310506827413 * cos(x4)) - -1659.1847541867924
Residuals:
265407581.0094557 268048199.3647261 274609438.08891875 277087461.39538306 277303131.63362664 286249353.2829828 293699007.814811 296403655.23438054 298324217.17969006 302126350.8111114 303289089.49240196 303526569.7518535 309101470.87960327 309334497.8127512 310213480.0848628 310382563.5516542 312973752.57924044 313006651.01671827 314766186.28409874 320529568.2230866

Equation: (0.250822012881569 * cos(cos(x4))) - -1658.9339257517947
Residuals:
265407580.98757312 268048199.3425647 274609438.07494116 277087461.3864479 277303131.6257095 286249353.3134629 293699007.89098 296403655.32875735 298324217.2871478 302126350.9406946 303289089.63214916 303526569.8935183 309101471.04986244 309334497.9847316 310213480.260576 310382563.72992474 312973752.7683924 313006651.2091846 314766186.4809031 320529568.43745977

Equation: (sin(0.25352931449144656) * cos(cos(x4))) - -1658.9339257549516
Residuals:
265407580.98757312 268048199.3425647 274609438.07494116 277087461.3864479 277303131.6257095 286249353.313463 293699007.89098 296403655.32875735 298324217.2871478 302126350.9406946 303289089.63214916 303526569.8935183 309101471.04986244 309334497.9847316 310213480.260576 310382563.72992474 312973752.7683924 313006651.2091846 314766186.4809031 320529568.43745977

Equation: ((0.0387401960958173 * x4) * cos(cos(x4))) - -1659.0036476547125
Residuals:
265407579.48945764 268048197.7854878 274609436.3986159 277087459.6924285 277303129.9293892 286249351.6419457 293699006.3451278 296403653.8444604 298324215.8496643 302126349.5862903 303289088.31727624 303526568.58618784 309101469.85771513 309334496.79965997 310213479.09089506 310382562.57082325 312973751.654591 313006650.1092581 314766185.3991767 320529567.42932194

Equation: (-0.0580828887065574 * cos(x4 * 1.9115685872163266)) - -1659.1345494316013
Residuals:
265407580.97755715 268048199.3500023 274609438.1266846 277087461.4482492 277303131.68913364 286249353.4006611 293699007.97065985 296403655.4001124 298324217.35103166 302126350.98924875 303289089.67251724 303526569.93225807 309101471.06080157 309334497.99375814 310213480.2653438 310382563.7316817 312973752.75635797 313006651.19257456 314766186.4579708 320529568.3819092

Equation: (cos(1.9115764788541134 * x4) * sin(sin(-0.058145196764867756))) - -1659.1345485531747
Residuals:
265407580.97757837 268048199.3500248 274609438.1267074 277087461.44827116 277303131.68915534 286249353.40067446 293699007.97066283 296403655.4001113 298324217.3510277 302126350.98924017 303289089.6725065 303526569.932247 309101471.06078494 309334497.9937412 310213480.2653262 310382563.7316637 312973752.7563382 313006651.1925543 314766186.4579499 320529568.3818869

Equation: 1659.0854968556894 + ((sin(x4) / (1.8298416746096293 * x4)) * sin(x4 - 0.48729633612110934))
Residuals:
265407581.05232313 268048199.4149845 274609438.1619135 277087461.4751951 277303131.71465236 286249353.39567477 293699007.9533722 296403655.38193643 298324217.3334333 302126350.97493637 303289089.66073567 303526569.921031 309101471.0611812 309334497.99506843 310213480.2687824 310382563.73667115 312973752.76893175 313006651.20783865 314766186.4770973 320529568.4239381

Equation: x4
Residuals:
4047304.932038931 4086714.536976059 4094871.0185530526 4126280.064097366 4141987.878348559 4278564.530727578 4313593.455237579 4347777.66192957 4832192.387336757 4860425.093265261 5000602.481342617 5114284.5761351 5170924.930908036 5190247.46871053 5371339.731836317 5421787.616598713 5430097.399357341 5481949.502710108 5572711.833677261 5765089.085479848

Equation: x4 ^ x4
Residuals:
1.6993492285776358e+27 2.030075163770384e+27 2.6129632258438765e+27 2.9576606883956243e+27 3.0350721917372765e+27 6.119868324363098e+27 6.533581154285002e+27 6.882354154368576e+27 4.9213851350081355e+28 5.008616023600078e+28 9.960025014751737e+28 1.2386327215945068e+29 1.7751849718422856e+29 1.898069795830081e+29 3.656529641025322e+29 4.101119380301992e+29 4.444922401973453e+29 4.517716511667593e+29 7.410619870634484e+29 1.336341514660588e+30

Equation: x4 * (x2 ^ x3)
Residuals:
1.175519368532821e+28 1.538566982375322e+28 3.1876366007952907e+28 3.294242467747543e+28 5.1156730287067635e+28 6.620794015584169e+28 9.868719064264382e+28 1.223585119771802e+29 1.5598101045302107e+29 2.035028500787361e+29 3.460990449884741e+29 5.0148803927631756e+29 5.9525658791293335e+29 9.648266775677039e+29 1.2205492985812837e+30 3.883594239498406e+30 6.34073016727532e+30 8.86378235005746e+30 1.3255192970546159e+31 2.1912705066334676e+31

Equation: x4 + 1859.16035093429
Residuals:
4045445.7716879966 4084855.376625125 4093011.8582021184 4124420.9037464317 4140128.7179976245 4276705.370376644 4311734.294886645 4345918.501578636 4830333.226985823 4858565.932914327 4998743.320991684 5112425.415784165 5169065.770557103 5188388.308359595 5369480.5714853825 5419928.45624778 5428238.239006407 5480090.342359173 5570852.6733263265 5763229.925128914

Equation: 1862.6273044517748 - sin(x4)
Residuals:
4045463.961608424 4084873.5978016984 4093030.120552099 4124439.1849629423 4140147.0030377964 4276723.745208468 4311752.676768995 4345936.888912013 4830351.734510747 4858584.440895201 4998761.841021127 5112443.937700703 5169084.294177079 5188406.832146971 5369499.0956832385 5419946.980468562 5428256.763267112 5480108.866631122 5570871.198814119 5763248.45593963

Equation: 1863.470732184435 - (x2 - x2)
Residuals:
4045462.155419708 4084871.804472744 4093028.3486288786 4124437.424877364 4140145.2455291003 4276722.071458743 4311751.012138658 4345935.231683768 4830350.441879483 4858583.152125557 4998760.708963778 5112442.857211058 5169083.30015673 5188405.854347793 5369498.277858263 5419946.190659052 5428255.993083495 5480108.100404026 5570870.552172236 5763247.94768185

Equation: 946.2058466665891 + 917.2648855177097
Residuals:
4045462.1554197087 4084871.8044727445 4093028.348628879 4124437.4248773647 4140145.2455291008 4276722.071458743 4311751.012138658 4345935.231683768 4830350.441879483 4858583.152125557 4998760.708963778 5112442.857211058 5169083.30015673 5188405.854347793 5369498.277858263 5419946.190659052 5428255.993083495 5480108.100404026 5570870.552172236 5763247.94768185

Equation: 1863.7051324306767 - (x3 / (x4 * x3))
Residuals:
4045461.969342384 4084871.6182926237 4093028.162303688 4124437.2384813144 4140145.059118306 4276721.884651564 4311750.825294881 4345935.0448109405 4830350.253936251 4858582.964173008 4998760.520649978 5112442.668784001 5169083.11154407 5188405.6657008 5369498.088877972 5419946.001620992 5428255.804005004 5480107.911317387 5570870.362838904 5763247.758058523

Equation: (cos(x4) / (x1 * x4)) + 1863.4940663598522
Residuals:
4045462.132722471 4084871.781868013 4093028.326157551 4124437.402465576 4140145.22312937 4276722.049389227 4311750.9900970645 4345935.209663488 4830350.420518683 4858583.130763698 4998760.687713968 5112442.835982283 5169083.278926938 5188405.8331072815 5369498.256612482 5419946.169404697 5428255.971821795 5480108.0791336 5570870.53084103 5763247.9262386765

Equation: (0.07896154217364176 * cos(x4)) + 1863.4985234671515
Residuals:
4045462.148975995 4084871.8013609126 4093028.350159466 4124437.428644867 4140145.2497592294 4276722.087671459 4311751.029405732 4345935.249780538 4830350.484634767 4858583.195033327 4998760.7567735 5112442.906130482 5169083.350426504 5188405.904801953 5369498.329002638 5419946.2417157255 5428256.044041666 5480108.15133863 5570870.60179852 5763247.994284791

Equation: (cos(x4) / ((x4 + x1) + x1)) + 1863.5007615431641
Residuals:
4045462.1297709425 4084871.7794795907 4093028.324571505 4124437.401249714 4140145.2219891855 4276722.050281329 4311750.991164553 4345935.210866662 4830350.425899673 4858583.136151931 4998760.693885689 5112442.8423190545 5169083.285369341 5188405.839524601 5369498.26309108 5419946.175850902 5428255.978237698 5480108.08551509 5570870.536928811 5763247.931724731

Equation: 1863.499175340286 + ((cos(x4) / x1) / (x4 + sin(x3)))
Residuals:
4045462.1275841566 4084871.776725477 4093028.321009926 4124437.397315417 4140145.2179793813 4276722.04422666 4311750.984935663 4345935.204502228 4830350.415335418 4858583.1255826615 4998760.682533929 5112442.830809015 5169083.273757207 5188405.827949323 5369498.251460711 5419946.16428307 5428255.966712369 5480108.0740336 5570870.52574804 5763247.921157771

Equation: (cos(x4 / 0.9202679894885034) / (x1 * x1)) + 1863.4728394904757
Residuals:
4045462.155403035 4084871.80437002 4093028.3484338177 4124437.4246167415 4140145.2452541497 4276722.070867689 4311751.011514426 4345935.231031683 4830350.440158439 4858583.150392188 4998760.706819981 5112442.854938486 5169083.297683232 5188405.851841814 5369498.275001083 5419946.187744755 5428255.99013013 5480108.097448739 5570870.548991299 5763247.944271099

Equation: (cos(x4 / 0.3842414011793359) * 0.04028587127917295) + 1863.462912163835
Residuals:
4045462.199515255 4084871.8463220685 4093028.386531575 4124437.4605451776 4140145.2807081523 4276722.090987438 4311751.030035311 4345935.248270275 4830350.41490968 4858583.124929707 4998760.676620538 5112442.8248203285 5169083.269379409 5188405.8240976725 5369498.2562182695 5419946.171100793 5428255.975072977 5480108.082714115 5570870.545374635 5763247.955609847

Equation: (sin(0.04028587127917295) * cos(x4 / 0.3842414011793359)) + 1863.462912163835
Residuals:
4045462.1995054437 4084871.846312864 4093028.3865234386 4124437.4605376455 4140145.2807007525 4276722.090984271 4311751.030032585 4345935.248267905 4830350.41491909 4858583.124939177 4998760.676631401 5112442.824831204 5169083.269389848 5188405.824107969 5369498.256226238 5419946.171108199 5428255.975079964 5480108.0827210145 5570870.545378589 5763247.955609817

Equation: (cos(x4 / 0.3842414011793359) * sin(0.04028587127917295)) + (1863.462912163835 + (x2 / (1863.4636353555836 ^ x0)))
Residuals:
4045462.1995054437 4084871.846312864 4093028.3865234386 4124437.4605376455 4140145.2807007525 4276722.090984271 4311751.030032585 4345935.248267905 4830350.41491909 4858583.124939177 4998760.676631401 5112442.824831204 5169083.269389848 5188405.824107969 5369498.256226238 5419946.171108199 5428255.975079964 5480108.0827210145 5570870.545378589 5763247.955609817

Equation: (1863.4629121663684 + ((x4 ^ x2) / (1863.462912163835 ^ x0))) + (0.04027495890445693 * cos(x4 / 0.38424140956440334))
Residuals:
4045462.199505447 4084871.8463128735 4093028.3865234554 4124437.460537666 4140145.280700774 4276722.09098431 4311751.030032625 4345935.248267945 4830350.414919127 4858583.124939213 4998760.676631419 5112442.824831215 5169083.269389847 5188405.824107966 5369498.256226213 5419946.17110817 5428255.975079933 5480108.082720983 5570870.545378544 5763247.955609764

Equation: (sin(0.04028585162487185) * cos(x4 / 0.38424140466698364)) + (1863.4629121622656 + ((x2 ^ x2) / (1863.462912163835 ^ x0)))
Residuals:
4045462.199505436 4084871.84631286 4093028.3865234386 4124437.460537648 4140145.2807007553 4276722.090984286 4311751.030032601 4345935.248267922 4830350.414919119 4858583.124939206 4998760.676631424 5112442.824831224 5169083.269389863 5188405.824107983 5369498.25622624 5419946.171108198 5428255.975079962 5480108.082721013 5570870.545378578 5763247.9556097975

Equation: (sin(sin(0.040295673068334266)) * cos(x4 / 0.38424155709171687)) + (1863.462911548714 + ((x2 ^ x2) / (446.7984443781782 ^ x0)))
Residuals:
4045462.1995054497 4084871.846313021 4093028.3865238195 4124437.4605381396 4140145.2807012703 4276722.090985421 4311751.030033791 4345935.248269153 4830350.414921118 4858583.124941202 4998760.676633187 5112442.824832862 5169083.269391253 5188405.824109321 5369498.25622702 5419946.1711088745 5428255.975080565 5480108.0827216 5570870.545378724 5763247.95560948

