Equation: x3
Residual Differences:
-2465701.9767538845 -2544371.4358328814 -2552484.3860484 -2568939.0666402727 -2579761.7632397152 -2591114.3482342097 -2871411.7633220865 -2913038.8539563403 -3046526.4569671215 -3054845.7324366467 -3158895.624884303 -3172339.2980721183 -3188396.064323408 -3203479.9328647205 -3293859.659036228 -3382456.0607066755 -3409111.611203035 -3485728.220721899 -3631817.4811780774 -3911769.807593461

Equation: x3 ^ x3
Residual Differences:
-9.222165394500471e+23 -9.585157648519184e+23 -1.1366377831319692e+24 -1.4840932211384973e+24 -1.63971012614901e+24 -1.9041352925269974e+24 -2.118615307936767e+24 -4.0891562807888705e+24 -6.103686069047156e+24 -1.576654417840631e+25 -2.0012928261774113e+25 -2.0122659422653573e+25 -2.482330188399359e+25 -4.589214264819459e+25 -4.897453746591119e+25 -5.962587129001939e+25 -6.450861961524277e+25 -1.244991865648604e+26 -3.696232106058083e+26 -8.681170118666319e+26

Equation: (x3 ^ x0) * x2
Residual Differences:
-1.3062501567569753e+25 -1.3261127541221481e+25 -2.0058964673180026e+25 -2.5947277643140805e+25 -4.887203284803496e+25 -5.160679916291215e+25 -5.437717464695466e+25 -8.627234398654532e+25 -1.1230729574508695e+26 -1.8850370269738157e+26 -2.2096480778283545e+26 -6.577846626429582e+26 -9.949866731624306e+26 -1.1789512203517741e+27 -1.7270893514710034e+27 -2.210935624274389e+27 -2.6705387548782323e+27 -4.896673192443326e+27 -1.1907522815939992e+28 -2.830044404218531e+28

Equation: x0 + 1627.6378881001742
Residual Differences:
-2463651.375079648 -2542350.3195781303 -2550681.225478496 -2567382.323083586 -2578283.7920070523 -2589711.9709326625 -2870437.455447104 -2912078.515073686 -3045569.232979572 -3054096.3781269668 -3158163.629685673 -3171957.1999620297 -3188256.3620924246 -3203479.471073267 -3293859.250009026 -3382455.6606528447 -3409111.16586926 -3485727.9050025 -3631817.3902438288 -3911769.6502049924

Equation: sin(x0) + 1632.3401485891525
Residual Differences:
-2463663.8105421504 -2542363.139315538 -2550694.4070536406 -2567396.168344221 -2578297.641872582 -2589725.8656317703 -2870451.358004359 -2912092.512521841 -3045583.2489917907 -3054110.5442438936 -3158177.8931298614 -3171971.580559196 -3188270.886604556 -3203493.496843598 -3293873.102965766 -3382469.520939128 -3409125.0530270343 -3485741.613141072 -3631830.9469868136 -3911783.4281625613

Equation: (x4 / x4) + 1630.6420006002272
Residual Differences:
-2463665.143195112 -2542364.2812863975 -2550695.4946072786 -2567397.008817542 -2578298.6852173884 -2589726.8941300176 -2870452.389076059 -2912093.598297184 -3045584.37824232 -3054111.6994246244 -3158179.039196503 -3171972.987860005 -3188272.3275101683 -3203495.204097554 -3293874.9370788694 -3382471.387602121 -3409126.940029404 -3485743.591580193 -3631832.921268339 -3911785.361064322

Equation: 1631.4839991893261 - (sin(x4) / x4)
Residual Differences:
-2463665.4702359103 -2542364.574111023 -2550695.7326623723 -2567397.2238727175 -2578298.8949774317 -2589727.096265375 -2870452.599049574 -2912093.8094110256 -3045584.593498693 -3054111.895782013 -3158179.2290314054 -3171973.1401410727 -3188272.479324353 -3203495.457074274 -3293875.1970566423 -3382471.6475977898 -3409127.1926027057 -3485743.8437601365 -3631833.1708999425 -3911785.602270096

Equation: 1631.8304004901909 - (cos(sin(x4)) / x0)
Residual Differences:
-2463665.145473743 -2542364.2638146337 -2550695.4507811475 -2567396.931123671 -2578298.6036943337 -2589726.807276816 -2870452.290905676 -2912093.4956976157 -3045584.2681190483 -3054111.5733947135 -3158178.8984209076 -3171972.8093115124 -3188272.1456008633 -3203495.089097188 -3293874.842257243 -3382471.2928856844 -3409126.8431874136 -3485743.4998713825 -3631832.8353140294 -3911785.273506811

Equation: 1631.3349856737602 + (x4 * 0.07551388796864447)
Residual Differences:
-2463664.1057976964 -2542363.2263131817 -2550694.4248694805 -2567395.9300077637 -2578297.6004227996 -2589725.8052430484 -2870451.2667393982 -2912092.4728027317 -3045583.2356052673 -3054110.5490475316 -3158177.871213441 -3171971.793139106 -3188271.131796908 -3203494.030074589 -3293873.780040112 -3382470.228087258 -3409125.787344601 -3485742.435592144 -3631831.7533748564 -3911784.1790352976

Equation: 1631.6940931944298 + (cos(x4) * 0.10141087611671917)
Residual Differences:
-2463665.03918777 -2542364.1768248407 -2550695.386648784 -2567396.8977909447 -2578298.573261436 -2589726.780758793 -2870452.285311987 -2912093.4963914063 -3045584.288037652 -3054111.603798953 -3158178.9514114903 -3171972.8773562275 -3188272.21673698 -3203495.102644362 -3293874.8704186548 -3382471.3445393112 -3409126.920138772 -3485743.5791188516 -3631832.9344065767 -3911785.408961324

Equation: (cos(x4) / (5.909041719269429 + x0)) + 1631.694156327003
Residual Differences:
-2463665.109676937 -2542364.245109142 -2550695.4528206447 -2567396.9602230927 -2578298.6357804304 -2589726.8429143904 -2870452.340119222 -2912093.5496544573 -3045584.333578866 -3054111.6486569666 -3158178.988422535 -3171972.913457166 -3188272.252393145 -3203495.139201098 -3293874.9029391217 -3382471.3688360476 -3409126.939629692 -3485743.5946979756 -3631832.936238968 -3911785.393097639

Equation: (cos(x4) / (x4 + (x0 / 0.6317891203054325))) + 1631.6943226610963
Residual Differences:
-2463665.143621771 -2542364.2749938946 -2550695.478002106 -2567396.98153309 -2578298.6564769405 -2589726.8630316444 -2870452.3574989187 -2912093.566275262 -3045584.3475347264 -3054111.661320112 -3158178.9980516513 -3171972.9214862864 -3188272.2601620182 -3203495.153252231 -3293874.914200413 -3382471.376647032 -3409126.944239786 -3485743.5979129924 -3631832.934787083 -3911785.385447248

Equation: 1631.6517372684784 + (-0.05774347595976082 * cos(x4 / 0.5363958663835035))
Residual Differences:
-2463665.121859738 -2542364.271071025 -2550695.4863846884 -2567397.000198925 -2578298.6788187274 -2589726.887493571 -2870452.4177068933 -2912093.6309978724 -3045584.4315174986 -3054111.746395733 -3158179.0954205315 -3171973.014335279 -3188272.3535228656 -3203495.2517997115 -3293875.0190236573 -3382471.485139903 -3409127.0491116997 -3485743.7024556883 -3631833.0322686746 -3911785.45990872

Equation: (sin(-0.05946974488178767) * cos(x4 / 0.539616919392255)) + 1631.653542787356
Residual Differences:
-2463665.1130410917 -2542364.2607464567 -2550695.4768894697 -2567396.990668292 -2578298.6686123325 -2589726.877145355 -2870452.4039868126 -2912093.6172756897 -3045584.4189062426 -3054111.734023862 -3158179.0852286126 -3171973.0044884374 -3188272.3437468912 -3203495.2403883287 -3293875.0101673133 -3382471.4798612716 -3409127.0464883414 -3485743.7013732055 -3631833.036554448 -3911785.4704730455

Equation: ((0.19424844749091058 * cos(x4)) + 1631.7035662384658) + ((0.07486249630515864 * cos(x4)) / cos(x4 + -0.6665422772704787))
Residual Differences:
-2463664.820264133 -2542363.975030748 -2550695.1933336915 -2567396.708343099 -2578298.387712102 -2589726.596822483 -2870452.1336473403 -2912093.3484039363 -3045584.161329968 -3054111.476921214 -3158178.8427407295 -3171972.7650724393 -3188272.1048854743 -3203495.001117851 -3293874.7837293036 -3382471.2769004884 -3409126.8561204136 -3485743.523194339 -3631832.9101121416 -3911785.4380233735

Equation: x3
Residual Differences:
-13144663.195433674 -13420142.6360127 -13560246.370610932 -13658695.078228297 -14423921.969636811 -14527526.278607534 -14541713.454712866 -14687955.851100253 -14741271.322500885 -15232838.478533633 -15492642.978373043 -15545895.481758762 -16395869.372082833 -16650307.269155018 -16750606.909068957 -16968435.372144345 -17236500.151627004 -17236718.07087283 -18280990.698542275 -18318631.940739766

Equation: x0 ^ x0
Residual Differences:
-3.752409521083797e+37 -1.6363894257012512e+38 -2.0538148775481134e+38 -2.5900097816705244e+38 -2.7965236568298366e+38 -3.3313239328197974e+38 -6.582772581391314e+38 -7.208012780677318e+38 -1.0100251738107983e+39 -1.440519449355334e+39 -2.3503166474840072e+39 -3.1314074007703067e+39 -5.140505024193262e+39 -7.790015699707148e+39 -9.142231236393173e+39 -1.1191087302374465e+40 -1.4517943389139142e+40 -2.7786459977586257e+40 -2.8378273016115955e+40 -5.705996502763392e+40

Equation: x1 * (x2 ^ x0)
Residual Differences:
-9.849579463771671e+38 -3.200805755626825e+39 -3.8552895796948184e+39 -4.779783092331596e+39 -5.458583215059121e+39 -6.590979613874007e+39 -1.3837921212993574e+40 -1.556868629575261e+40 -2.2840702906384425e+40 -3.025042309683374e+40 -4.609538813515312e+40 -6.437221875216876e+40 -9.445150053297272e+40 -1.6610898290145475e+41 -2.034607126591414e+41 -2.6024334981761777e+41 -3.865214273719916e+41 -7.06887099448709e+41 -7.461325181193102e+41 -1.6567435938407804e+42

Equation: 1664.6063226740787 + x4
Residual Differences:
-13142655.6822413 -13418368.240778776 -13558511.701262454 -13657303.135957854 -14422554.687136443 -14526214.610597229 -14540570.505028462 -14687301.095892878 -14740697.456888303 -15232336.537509277 -15492286.069118958 -15545895.763552561 -16395869.31198865 -16650307.333508177 -16750607.011357512 -16968435.422011506 -17236500.098695394 -17236718.140775587 -18280990.66035186 -18318632.00546879

Equation: cos(x4) + 1669.4703301118875
Residual Differences:
-13142675.868072674 -13418388.855075974 -13558532.398714362 -13657323.991637394 -14422576.467296652 -14526236.448809601 -14540592.360643672 -14687323.163255934 -14740719.558357293 -15232358.966933463 -15492308.718811175 -15545918.813401936 -16395892.888283132 -16650331.036876082 -16750630.789018609 -16968459.273813073 -17236524.1125151 -17236742.17092346 -18281015.109436616 -18318656.480865296

Equation: 1669.470219139564 + sin(cos(x4))
Residual Differences:
-13142675.723198563 -13418388.70306341 -13558532.24585161 -13657323.84157439 -14422576.372877792 -14526236.359170455 -14540592.272769388 -14687323.122670108 -14740719.522618921 -15232358.929143649 -15492308.67248407 -15545918.808887709 -16395892.83217325 -16650330.959274964 -16750630.700731322 -16968459.176683392 -17236523.996310033 -17236742.052049894 -18281014.952814113 -18318656.320215385

Equation: -86.3400178062647 * -19.335890794474317
Residual Differences:
-13142675.302495286 -13418388.172324322 -13558531.681274949 -13657323.23360585 -14422575.52543607 -14526235.499461846 -14540591.410581728 -14687322.346956084 -14740718.757834608 -15232358.042986339 -15492307.698834686 -15545918.7747599 -16395892.536995132 -16650330.50561901 -16750630.15148243 -16968458.59897333 -17236523.37461742 -17236741.266831707 -18281013.954884943 -18318655.20584458

Equation: 1669.4006972691207 + (x4 / 67.98269572712144)
Residual Differences:
-13142674.9919796 -13418387.857229656 -13558531.36546735 -13657322.916067878 -14422575.19700339 -14526235.170285374 -14540591.081159772 -14687322.012451805 -14740718.422596568 -15232357.704739729 -15492307.358760571 -15545918.436273655 -16395892.195363982 -16650330.164765937 -16750629.811099855 -16968458.258048903 -17236523.032237325 -17236740.926656082 -18281013.612231083 -18318654.864575744

Equation: (cos(x4) / 49.95403249117608) + 1669.4704368402906
Residual Differences:
-13142675.295621874 -13418388.167796552 -13558531.67744157 -13657323.230585063 -14422575.526095249 -14526235.500270905 -14540591.411405085 -14687322.345101735 -14740718.755664425 -15232358.043286918 -15492307.701057618 -15545918.775533453 -16395892.544027356 -16650330.51625393 -16750630.164244885 -16968458.612482548 -17236523.389388956 -17236741.28493018 -18281013.977997225 -18318655.231368463

Equation: 1669.470731775158 + (sin(cos(x4)) / 43.38028387811117)
Residual Differences:
-13142675.293458626 -13418388.1658242 -13558531.675554847 -13657323.228886016 -14422575.52623656 -14526235.500545112 -14540591.411722142 -14687322.34610311 -14740718.756729683 -15232358.044679297 -15492307.702544509 -15545918.775546612 -16395892.543799562 -16650330.516076662 -16750630.164143685 -16968458.612290673 -17236523.388948645 -17236741.284932517 -18281013.977889154 -18318655.231533002

Equation: x3
Residual Differences:
-437594.2721487617 -475963.38858638564 -494365.66616932926 -508348.80092656595 -510278.8497564301 -511801.3171471096 -530951.4690836276 -535578.3924631745 -555098.8405487977 -563849.0777536816 -571476.1782530257 -587229.3217783968 -601076.8477381158 -610733.8368891549 -637402.5164288756 -688883.4097097124 -718987.2736770288 -724015.0808830734 -756258.765767885 -760218.8627028612

Equation: x0 ^ x0
Residual Differences:
-386027236879003.56 -406829393161725.3 -457503557459073.44 -565475433038528.5 -2225930714116481.0 -2608317016561120.5 -3868338058259868.0 -4245886458850295.0 -4448506811701047.5 -7138896950997170.0 -7518889285982624.0 -1.349016232773047e+16 -2.0808840248382916e+16 -2.1486326395037452e+16 -2.3393505120966588e+16 -2.5355277682636092e+16 -6.5135863688268744e+16 -8.495885720749506e+16 -1.473149732251747e+17 -3.58371592751603e+17

Equation: x2 * (x4 ^ x1)
Residual Differences:
-4453467125519592.5 -1.1823529617378946e+16 -1.4714739952026034e+16 -1.504687404749184e+16 -2.1315484936935556e+16 -2.678846256507809e+16 -4.788286354259507e+16 -5.281989890619138e+16 -7.679679773917714e+16 -1.800393288128843e+17 -2.7166550442056976e+17 -3.5003229119816384e+17 -5.647467527794376e+17 -5.942140558867785e+17 -1.1649232730401946e+18 -1.5795394753743956e+18 -2.086487092937321e+18 -3.3375059751811866e+18 -3.993980089791515e+18 -4.241875051016019e+18

Equation: x3 - -1488.7751530304663
Residual Differences:
-435651.7492427008 -474225.07468032476 -492680.3800632683 -507033.598620505 -509306.2714503691 -510970.5420410487 -530132.7171775666 -535153.8739571136 -554697.3688427368 -563734.8680476208 -571476.1782530259 -587229.3217783967 -601076.8477381159 -610733.8368891549 -637402.5164288756 -688883.4097097124 -718987.2736770288 -724015.0808830734 -756258.765767885 -760218.8627028611

Equation: 1493.2933193568274 + sin(x3)
Residual Differences:
-435658.5497273109 -474232.044861321 -492687.51104635734 -507040.9719425509 -509313.85119330056 -510978.5030668029 -530140.7246929223 -535162.0326913358 -554705.6128190066 -563743.1884849538 -571484.8101674907 -587237.7091297181 -601085.0779148925 -610741.8106942739 -637410.2289266562 -688891.209203604 -718995.1029373623 -724023.478760231 -756267.0883867388 -760227.1779553749

Equation: 1491.8380136464232 + cos(cos(x2))
Residual Differences:
-435660.57817323954 -474234.0133123673 -492689.54319764423 -507042.98046689405 -509315.8847603645 -510980.2590609524 -530142.4610197172 -535163.774312515 -554707.345533618 -563744.7756855927 -571486.2230971887 -587239.3271949397 -601086.8365015085 -610743.653691283 -637412.1493225017 -688893.1392358576 -718997.1347682434 -724025.3708852039 -756268.9416840147 -760229.0220864713

Equation: -767.6209743533536 + 2260.2478606560294
Residual Differences:
-435660.26663905545 -474233.78097075166 -492689.3493334544 -507042.79909705516 -509315.7568539372 -510980.23596303305 -530142.4822209022 -535163.8179968933 -554707.3985067043 -563744.9414819368 -571486.4193626643 -587239.4953457833 -601086.9494387276 -610743.751103559 -637412.1904149118 -688893.1501240506 -718997.0175016393 -724025.1777846158 -756268.7519560035 -760228.8350798921

Equation: (sin(x1) / (x3 ^ x4)) + 1492.6312449309187
Residual Differences:
-435660.2558666237 -474233.77113722835 -492689.34222997085 -507042.79418121744 -509315.7516888495 -510980.229791312 -530142.4772225986 -535163.8144460119 -554707.394632191 -563744.9366529328 -571486.4171411388 -587239.4936799605 -601086.9480818923 -610743.7498773901 -637412.1896202863 -688893.1493240383 -718997.0167379923 -724025.1771124273 -756268.7513472527 -760228.834728885

Equation: 1492.6318126388594 + (sin(sin(x1)) / (x4 ^ x4))
Residual Differences:
-435660.2545640542 -474233.7699290561 -492689.341123813 -507042.7934849406 -509315.75055802916 -510980.2286331278 -530142.4759136845 -535163.8128967895 -554707.3929372472 -563744.934746645 -571486.4181816065 -587239.4941961229 -601086.9483426374 -610743.7499514598 -637412.1895503821 -688893.1492705924 -718997.0166604732 -724025.1770698554 -756268.7512513045 -760228.8347800237

Equation: (3.857314410640918 - -1488.8192122947419) - (0.1955020731104439 / x4)
Residual Differences:
-435660.2448335937 -474233.75712991087 -492689.32342395023 -507042.7731750909 -509315.7282835244 -510980.2042205094 -530142.4500957784 -535163.7855639737 -554707.3653557603 -563744.9064585922 -571486.388081931 -587239.4641512823 -601086.9184954361 -610743.7204523721 -637412.160761408 -688893.1203810598 -718996.9877809705 -724025.1486384312 -756268.722900247 -760228.8088357857

Equation: (1492.6691490894066 - (0.18998880350627412 / x4)) - (-0.001468312097142612 * x3)
Residual Differences:
-435660.2335866877 -474233.74566304823 -492689.3116292888 -507042.7610412977 -509315.71580605715 -510980.1915263274 -530142.4373079576 -535163.7725220103 -554707.3522083225 -563744.8932996886 -571486.3739269204 -587239.4500930129 -601086.9045356055 -610743.706759592 -637412.1473932229 -688893.1069178608 -718996.9743121347 -724025.1346349675 -756268.7090567949 -760228.7949333226

Equation: x2
Residual Differences:
-2594170.685654235 -2710848.793200336 -2912428.8034849768 -3098591.0676356284 -3112075.3243431062 -3169385.7137492117 -3201269.2855465114 -3261103.094887591 -3393509.8662909144 -3691191.150379578 -3741746.054119681 -3838884.5720351106 -3860053.0541378194 -3899070.7949196775 -3907937.72304503 -3975888.556658556 -3993499.1229122463 -4011343.2186897052 -4047106.0781139284 -4075357.397660692

Equation: x0 ^ x2
Residual Differences:
-1.9581852502070865e+24 -3.793745751068908e+24 -5.169750030662498e+24 -7.467524453808494e+24 -1.348715345268232e+25 -1.815269822407329e+25 -2.1377840115408282e+25 -3.4930876078680404e+25 -4.348560221101305e+25 -1.0204230270268977e+26 -1.8958072416425174e+26 -2.5130784201210265e+26 -2.824347850256279e+26 -3.314804545063757e+26 -5.272473130689773e+26 -6.230658297958113e+26 -8.393239764013588e+26 -1.586790085583313e+27 -2.1632339208693003e+27 -3.4694913199225404e+27

Equation: (x4 ^ x0) * x1
Residual Differences:
-2.9791933058847403e+25 -3.4511387094708965e+25 -1.0308634319245543e+26 -2.683792791168818e+26 -3.251489030343531e+26 -4.731020311349906e+26 -7.93760891175074e+26 -9.097997676477702e+26 -1.1518606998214775e+27 -1.8436911751949864e+27 -4.619133950138541e+27 -7.213870172955203e+27 -8.589243803969398e+27 -1.0046033276620831e+28 -1.11811658141717e+28 -1.4150800868897516e+28 -3.053325534988856e+28 -3.7298654166907663e+28 -5.508668977174157e+28 -6.346602433911436e+28

Equation: x4 + 953.5816227126678
Residual Differences:
-2593260.377314109 -2709973.562235847 -2911588.6971878773 -3097758.9796201456 -3111409.7032840312 -3168721.472347268 -3200887.318577903 -3260954.610628961 -3393396.581241566 -3691163.625642394 -3741721.4005620135 -3838883.553700378 -3860052.042686248 -3899069.853369115 -3907936.964002763 -3975887.9669063846 -3993498.4170942446 -4011342.657439333 -4047105.5865343134 -4075357.1770672775

Equation: 957.9530443436516 + cos(x4)
Residual Differences:
-2593273.592997771 -2709986.9430010966 -2911602.551935824 -3097773.3027188773 -3111424.200005466 -3168736.074026682 -3200902.070747135 -3260969.501230238 -3393411.8780311723 -3691179.5737907514 -3741737.5312534706 -3838899.6921243602 -3860068.260018863 -3899086.054512064 -3907953.124583684 -3975904.220293423 -3993514.7232871302 -4011359.0139956325 -4047122.068827702 -4075373.716626193

Equation: (x0 - x0) + 957.1197164626126
Residual Differences:
-2593275.2629361153 -2709988.5902399844 -2911604.0838572658 -3097774.667566446 -3111425.5285936687 -3168737.3764089276 -3200903.3171424624 -3260970.726629804 -3393412.9438609667 -3691180.3408890236 -3741738.211091171 -3838900.439639355 -3860068.9346349533 -3899086.7069694297 -3907953.687732733 -3975904.489081381 -3993514.9515463198 -4011359.003760347 -4047121.9080883837 -4075373.3177245613

Equation: 956.9636595970431 - (-0.04410761179737721 * x4)
Residual Differences:
-2593274.6063668784 -2709987.9273906117 -2911603.4051880254 -3097773.975608601 -3111424.8305770545 -3168736.67491875 -3200902.611483987 -3260970.015791495 -3393412.222144902 -3691179.6036194144 -3741737.469618877 -3838899.694840914 -3860068.189571437 -3899085.96359737 -3907952.950088944 -3975903.7603277 -3993514.2222511265 -4011358.2827631654 -4047121.188183613 -4075372.6057987157

Equation: (sin(-0.13838991924654795) * cos(sin(x4))) + 957.24175271865
Residual Differences:
-2593275.2930068816 -2709988.6175925154 -2911604.0983040864 -3097774.66545127 -3111425.523042471 -3168737.368039505 -3200903.304103053 -3260970.7096419754 -3393412.9158984465 -3691180.3039519517 -3741738.173771184 -3838900.3935279893 -3860068.8919731867 -3899086.6666721394 -3907953.656038685 -3975904.4764815513 -3993514.940661105 -4011359.004139759 -4047121.9138013255 -4075373.3276019567

Equation: x3
Residual Differences:
-6988978104.36261 -7028196945.019148 -7056080930.977798 -7098736022.382959 -7105724040.863232 -7150187720.974833 -7160009111.782746 -7170415791.335687 -7247554402.0835495 -7272113689.015067 -7274293815.106404 -7287115555.404208 -7353805368.699263 -7370965511.830623 -7464304152.308661 -7524954985.535687 -7538741283.7699585 -7539203550.542348 -7571778792.337353 -7669056965.889022

Equation: x2 ^ x3
Residual Differences:
-2.448930869432518e+182 -3.523690699517772e+182 -6.893030033063539e+182 -7.669011648451496e+182 -8.36388092685565e+182 -2.996841400063848e+183 -3.578850654978943e+183 -5.026807123431745e+183 -6.278405207838378e+183 -8.734882433328645e+183 -1.0878581233074526e+184 -1.5315112691378128e+184 -1.8830283722133122e+184 -2.9241232872717755e+184 -7.043487110196902e+184 -1.3184405662994642e+185 -3.2495665841420265e+185 -7.154436399423888e+185 -8.985383193767816e+185 -4.964032236551847e+186

Equation: 1341.9320893818203 - x0
Residual Differences:
-6988976611.490222 -7028195734.345653 -7056079722.651097 -7098735135.534824 -7105723354.144392 -7150187078.455185 -7160008589.394646 -7170415320.335363 -7247553962.880604 -7272113449.963268 -7274293849.090363 -7287115679.852203 -7353805547.084157 -7370965690.267527 -7464304330.762681 -7524955164.065996 -7538741462.458445 -7539203729.381795 -7571778971.226171 -7669057144.988332

Equation: 1338.4726304225833 + sin(x0)
Residual Differences:
-6988976523.604665 -7028195646.412281 -7056079634.599076 -7098735047.400148 -7105723265.664684 -7150186989.907367 -7160008500.635542 -7170415231.507221 -7247553873.922936 -7272113360.445239 -7274293759.371338 -7287115589.904179 -7353805456.921997 -7370965600.0198965 -7464304240.582808 -7524955073.802808 -7538741372.129741 -7539203638.913937 -7571778880.528255 -7669057054.299802

Equation: 1337.697433131805 + (x2 - x2)
Residual Differences:
-6988976524.067566 -7028195646.576097 -7056079634.763667 -7098735047.40942 -7105723265.696838 -7150186989.958723 -7160008500.668247 -7170415231.440799 -7247553873.779012 -7272113360.432952 -7274293759.43695 -7287115590.039853 -7353805457.62875 -7370965600.806738 -7464304241.399739 -7524955074.679261 -7538741373.044659 -7539203639.9069195 -7571778881.649414 -7669057055.488886

Equation: cos(cos(x4) / x4) + 1336.7248760194718
Residual Differences:
-6988976524.065575 -7028195646.57363 -7056079634.756908 -7098735047.402352 -7105723265.689454 -7150186989.950069 -7160008500.658489 -7170415231.421077 -7247553873.75134 -7272113360.4051285 -7274293759.405891 -7287115590.008037 -7353805457.607515 -7370965600.794659 -7464304241.389113 -7524955074.670734 -7538741373.0372305 -7539203639.90684 -7571778881.649451 -7669057055.488118

Equation: (0.05164811253297935 * x4) + 1337.5030267310244
Residual Differences:
-6988976519.501906 -7028195642.004105 -7056079630.181023 -7098735042.819787 -7105723261.106123 -7150186985.3604555 -7160008496.066623 -7170415226.826872 -7247553869.145381 -7272113355.795799 -7274293754.795913 -7287115585.396092 -7353805452.978476 -7370965596.166197 -7464304236.749043 -7524955070.023737 -7538741368.38955 -7539203635.275111 -7571778877.018844 -7669057050.854641

Equation: (sin(cos(x4)) / (x4 * x4)) + 1337.7488275428384
Residual Differences:
-6988976524.055106 -7028195646.562608 -7056079634.742694 -7098735047.387961 -7105723265.674905 -7150186989.934942 -7160008500.642934 -7170415231.403182 -7247553873.732139 -7272113360.385893 -7274293759.38603 -7287115589.988007 -7353805457.579798 -7370965600.770482 -7464304241.365824 -7524955074.64902 -7538741373.016508 -7539203639.903287 -7571778881.650579 -7669057055.496965

Equation: 1336.7421994359393 + cos(cos(x4) / -2.5721789090043514)
Residual Differences:
-6988976524.05508 -7028195646.567658 -7056079634.758601 -7098735047.411571 -7105723265.699676 -7150186989.96873 -7160008500.680384 -7170415231.445762 -7247553873.789965 -7272113360.448336 -7274293759.447987 -7287115590.052201 -7353805457.645583 -7370965600.842185 -7464304241.44644 -7524955074.731649 -7538741373.099342 -7539203639.9807625 -7571778881.722354 -7669057055.549786

Equation: (sin(25.37921948986152 / x4) * sin(cos(2429.9759576522647))) + 1337.712765972142
Residual Differences:
-6988976524.090155 -7028195646.599695 -7056079634.791199 -7098735047.43699 -7105723265.724441 -7150186989.986248 -7160008500.695488 -7170415231.459787 -7247553873.787222 -7272113360.440921 -7274293759.439888 -7287115590.041558 -7353805457.623829 -7370965600.818522 -7464304241.41443 -7524955074.698393 -7538741373.066242 -7539203639.952364 -7571778881.698422 -7669057055.542325

Equation: x0
Residual Differences:
-265408560.68235037 -268049169.86807218 -274610288.6938016 -277088178.28835905 -277303836.40136683 -286249862.8668151 -293699491.4824659 -296404131.67603135 -298324647.5673788 -302126471.9406917 -303289045.6584722 -303526390.5258229 -309100857.3266598 -309333556.34257466 -310212313.344796 -310381371.70111495 -312972524.0816735 -313005206.15127563 -314764317.88528943 -320527622.29781157

Equation: x0 ^ x0
Residual Differences:
-3.1241245138697124e+81 -3.316187115943453e+81 -6.039276023039181e+81 -9.29242608691618e+81 -1.2501347076685391e+82 -1.8306507703585935e+82 -2.1118864661501364e+82 -3.23924618774019e+82 -5.0064746122025955e+82 -5.1247302680223444e+82 -7.819673778209605e+82 -2.83260876618952e+83 -3.1018563275910425e+83 -4.929469732543031e+83 -5.159968582164095e+83 -5.71877081350682e+83 -6.24466775301599e+83 -1.00281742601334e+84 -3.0202893571240226e+84 -4.657030970300677e+84

Equation: (x0 ^ x0) + x4
Residual Differences:
-3.1241245138697124e+81 -3.316187115943453e+81 -6.039276023039181e+81 -9.29242608691618e+81 -1.2501347076685391e+82 -1.8306507703585935e+82 -2.1118864661501364e+82 -3.23924618774019e+82 -5.0064746122025955e+82 -5.1247302680223444e+82 -7.819673778209605e+82 -2.83260876618952e+83 -3.1018563275910425e+83 -4.929469732543031e+83 -5.159968582164095e+83 -5.71877081350682e+83 -6.24466775301599e+83 -1.00281742601334e+84 -3.0202893571240226e+84 -4.657030970300677e+84

Equation: 1663.3406804791434 - x3
Residual Differences:
-265406599.18359295 -268047226.7904079 -274608585.7282897 -277086743.2064667 -277302425.8006924 -286248842.9148147 -293698523.940685 -296403178.5482534 -298323787.11072177 -302126230.1906054 -303289133.89646906 -303526480.40151536 -309100947.14726406 -309333646.26695734 -310212403.1474046 -310381461.45386785 -312972613.6632552 -313005295.77227646 -314764407.7469421 -320527712.24633056

Equation: sin(x3) + 1659.912493369033
Residual Differences:
-265406555.60653675 -268047183.20635715 -274608542.1080806 -277086699.41122603 -277302381.92784494 -286248798.9381904 -293698479.64584297 -296403134.2256563 -298323742.6132812 -302126185.6005648 -303289089.2540746 -303526435.21876734 -309100901.95950574 -309333600.8717828 -310212357.5391617 -310381415.86196214 -312972568.1641367 -313005250.2904489 -314764362.10382414 -320527666.4955643

Equation: (x3 / x3) - -1658.1315929791454
Residual Differences:
-265406556.0746253 -268047183.65207502 -274608542.3590334 -277086699.3872445 -277302381.83808595 -286248798.8307037 -293698479.5078989 -296403134.0844773 -298323742.4324663 -302126185.43685275 -303289089.0286182 -303526435.294494 -309100902.1056694 -309333601.1342364 -310212358.0045836 -310381416.3595845 -312972568.6770934 -313005250.83232117 -314764362.7574972 -320527667.2177388

Equation: 1658.9806788514786 - (sin(x4) / x4)
Residual Differences:
-265406556.35017622 -268047183.92651898 -274608542.63167614 -277086699.58893013 -277302382.0210383 -286248799.00486255 -293698479.6832559 -296403134.2165695 -298323742.5495955 -302126185.5483941 -303289089.1042685 -303526435.4950353 -309100902.31184214 -309333601.3405791 -310212358.2096401 -310381416.5555397 -312972568.8733916 -313005251.02681756 -314764362.94616693 -320527667.4082344

Equation: 1659.3102088523176 - (cos(sin(x4)) / x3)
Residual Differences:
-265406556.02575707 -268047183.60117942 -274608542.2919825 -277086699.29385406 -277302381.73504406 -286248798.72443247 -293698479.39855516 -296403133.95319504 -298323742.28550494 -302126185.2849746 -303289088.8337126 -303526435.1681807 -309100901.99394655 -309333601.024321 -310212357.90306205 -310381416.2598245 -312972568.58071107 -313005250.7374488 -314764362.6622493 -320527667.12361884

Equation: (x4 * 0.07635092503667336) - -1658.8223459643077
Residual Differences:
-265406552.7721993 -268047180.34274668 -274608539.03040713 -277086696.0343139 -277302378.47847974 -286248795.44403046 -293698476.1013449 -296403130.6542577 -298323738.98993015 -302126181.98198336 -303289085.5399663 -303526431.8441781 -309100898.6561321 -309333597.6842752 -310212354.5612757 -310381412.93037534 -312972565.2431621 -313005247.3988616 -314764359.32743764 -320527663.7742336

Equation: (0.10481310506827413 * cos(x4)) - -1659.1847541867924
Residual Differences:
-265406556.12407973 -268047183.69314736 -274608542.3749363 -277086699.3918835 -277302381.8390056 -286248798.797351 -293698479.449251 -296403134.00651175 -298323742.34273505 -302126185.3347039 -303289088.8896164 -303526435.1783396 -309100901.9964143 -309333601.02490604 -310212357.90544116 -310381416.2806262 -312972568.5959361 -313005250.7533342 -314764362.6852851 -320527667.1418481

Equation: (0.250822012881569 * cos(cos(x4))) - -1658.9339257517947
Residual Differences:
-265406556.11265737 -268047183.68144342 -274608542.37141234 -277086699.3895299 -277302381.8353757 -286248798.8307269 -293698479.52819926 -296403134.0946082 -298323742.43965024 -302126185.451656 -303289089.0071608 -303526435.3418556 -309100902.1829817 -309333601.21291447 -310212358.0896777 -310381416.4458596 -312972568.76997125 -313005250.92624515 -314764362.8504004 -320527667.3209269

Equation: (sin(0.25352931449144656) * cos(cos(x4))) - -1658.9339257549516
Residual Differences:
-265406556.11265737 -268047183.68144342 -274608542.37141234 -277086699.3895299 -277302381.8353757 -286248798.830727 -293698479.52819926 -296403134.0946082 -298323742.43965024 -302126185.451656 -303289089.0071608 -303526435.3418556 -309100902.1829817 -309333601.21291447 -310212358.0896777 -310381416.4458596 -312972568.76997125 -313005250.92624515 -314764362.8504004 -320527667.3209269

Equation: ((0.0387401960958173 * x4) * cos(cos(x4))) - -1659.0036476547125
Residual Differences:
-265406554.61407742 -268047182.12388393 -274608540.6945811 -277086697.6934967 -277302380.1375527 -286248797.15811545 -293698477.98128927 -296403132.6125875 -298323741.0061302 -302126184.10203683 -303289087.7002092 -303526434.026882 -309100900.985857 -309333600.02298635 -310212356.9182107 -310381415.2928686 -312972567.66299635 -313005249.8346522 -314764361.78099704 -320527666.3262643

Equation: (-0.0580828887065574 * cos(x4 * 1.9115685872163266)) - -1659.1345494316013
Residual Differences:
-265406556.0941811 -268047183.68045127 -274608542.41476583 -277086699.45038825 -277302381.8999483 -286248798.92013156 -293698479.6101689 -296403134.17316526 -298323742.5123377 -302126185.50966763 -303289089.05729365 -303526435.3714955 -309100902.18891746 -309333601.2170999 -310212358.09350455 -310381416.4557831 -312972568.76688874 -313005250.92022157 -314764362.84225976 -320527667.28134894

Equation: (cos(1.9115764788541134 * x4) * sin(sin(-0.058145196764867756))) - -1659.1345485531747
Residual Differences:
-265406556.09420046 -268047183.68047193 -274608542.41478676 -277086699.4504076 -277302381.8999674 -286248798.9201423 -293698479.6101692 -296403134.17316175 -298323742.51233155 -302126185.509657 -303289089.057283 -303526435.37148404 -309100902.1888993 -309333601.2170814 -310212358.09348464 -310381416.4557616 -312972568.7668654 -313005250.92019755 -314764362.84223473 -320527667.2813224

Equation: 1659.0854968556894 + ((sin(x4) / (1.8298416746096293 * x4)) * sin(x4 - 0.48729633612110934))
Residual Differences:
-265406556.1634088 -268047183.73994216 -274608542.4445642 -277086699.47924113 -277302381.92817605 -286248798.91806954 -293698479.5958171 -296403134.15718704 -298323742.49600685 -302126185.4960965 -303289089.0429746 -303526435.3629011 -309100902.191532 -309333601.22061443 -310212358.0982689 -310381416.45958596 -312972568.7780474 -313005250.93359244 -314764362.85825604 -320527667.3199002

Equation: x4
Residual Differences:
-4046641.564838931 -4085597.814276059 -4093665.8967530527 -4124911.953897366 -4140561.4426485593 -4277116.282027578 -4312074.479937579 -4346240.94272957 -4830604.144036757 -4858628.713765261 -4998461.8431426175 -5112134.373535099 -5168687.957508037 -5187906.45751053 -5368910.909636317 -5419286.695898714 -5427430.8125573415 -5479097.101110107 -5569762.554877261 -5761860.742979848

Equation: x4 ^ x4
Residual Differences:
-1.6993492285776358e+27 -2.030075163770384e+27 -2.6129632258438765e+27 -2.9576606883956243e+27 -3.0350721917372765e+27 -6.119868324363098e+27 -6.533581154285002e+27 -6.882354154368576e+27 -4.9213851350081355e+28 -5.008616023600078e+28 -9.960025014751737e+28 -1.2386327215945068e+29 -1.7751849718422856e+29 -1.898069795830081e+29 -3.656529641025322e+29 -4.101119380301992e+29 -4.444922401973453e+29 -4.517716511667593e+29 -7.410619870634484e+29 -1.336341514660588e+30

Equation: x4 * (x2 ^ x3)
Residual Differences:
-1.175519368532821e+28 -1.538566982375322e+28 -3.1876366007952907e+28 -3.294242467747543e+28 -5.1156730287067635e+28 -6.620794015584169e+28 -9.868719064264382e+28 -1.223585119771802e+29 -1.5598101045302107e+29 -2.035028500787361e+29 -3.460990449884741e+29 -5.0148803927631756e+29 -5.9525658791293335e+29 -9.648266775677039e+29 -1.2205492985812837e+30 -3.883594239498406e+30 -6.34073016727532e+30 -8.86378235005746e+30 -1.3255192970546159e+31 -2.1912705066334676e+31

Equation: x4 + 1859.16035093429
Residual Differences:
-4044249.978537062 -4084112.9389741905 -4092357.819651184 -4123929.8535954976 -4139695.99334669 -4276294.4587257095 -4311394.10983571 -4345596.060427701 -4830062.309934889 -4858503.152063393 -4998461.843142618 -5112134.373535099 -5168687.957508037 -5187906.457510529 -5368910.909636317 -5419286.695898714 -5427430.812557341 -5479097.101110107 -5569762.554877261 -5761860.742979849

Equation: 1862.6273044517748 - sin(x4)
Residual Differences:
-4044267.8454143326 -4084130.8703937996 -4092375.8011501925 -4123947.9101235894 -4139714.0575670074 -4276312.656862384 -4311412.317820256 -4345614.306845632 -4830080.700622509 -4858521.62897189 -4998480.335058115 -5112152.866204638 -5168706.407363308 -5187924.894174422 -5368929.301373685 -5419305.061809068 -5427449.156967992 -5479115.331516617 -5569780.6629553875 -5761878.747378514

Equation: 1863.470732184435 - (x2 - x2)
Residual Differences:
-4044265.434187524 -4084128.7994405595 -4092373.789796694 -4123946.0616451795 -4139712.2188969157 -4276310.969126559 -4311410.642706473 -4345612.675451584 -4830079.455547298 -4858520.442593372 -4998479.076995962 -5112151.659343243 -5168705.274688914 -5187923.774779978 -5368928.334190447 -5419304.119591236 -5427448.232515679 -5479114.40983621 -5569779.872404421 -5761878.113614034

Equation: 946.2058466665891 + 917.2648855177097
Residual Differences:
-4044265.4341875245 -4084128.7994405604 -4092373.7897966946 -4123946.0616451805 -4139712.2188969166 -4276310.969126559 -4311410.642706474 -4345612.675451584 -4830079.455547298 -4858520.442593372 -4998479.076995962 -5112151.659343243 -5168705.274688914 -5187923.774779977 -5368928.334190447 -5419304.119591236 -5427448.232515679 -5479114.40983621 -5569779.872404421 -5761878.113614034

Equation: 1863.7051324306767 - (x3 / (x4 * x3))
Residual Differences:
-4044265.3093667547 -4084128.6460255682 -4092373.6329165385 -4123945.8910177476 -4139712.047561975 -4276310.790655255 -4311410.463827938 -4345612.492540486 -4830079.268991705 -4858520.2484625 -4998478.89909316 -5112151.481402415 -5168705.099374528 -5187923.60022524 -5368928.161849853 -5419303.94855473 -5427448.062529006 -5479114.245052543 -5569779.71220418 -5761877.9568714965

Equation: (cos(x4) / (x1 * x4)) + 1863.4940663598522
Residual Differences:
-4044265.480965244 -4084128.824181725 -4092373.811027999 -4123946.066824976 -4139712.2205071836 -4276310.961785578 -4311410.633782815 -4345612.661937452 -4830079.439265716 -4858520.416861986 -4998479.066111605 -5112151.649170995 -5168705.267565973 -5187923.768478538 -5368928.330551075 -5419304.117389939 -5427448.231491991 -5479114.413934317 -5569779.880937917 -5761878.1254741

Equation: (0.07896154217364176 * cos(x4)) + 1863.4985234671515
Residual Differences:
-4044265.4766375767 -4084128.8336444073 -4092373.8264672616 -4123946.0893952674 -4139712.246444686 -4276311.001655388 -4311410.675876175 -4345612.70479185 -4830079.506362613 -4858520.483348258 -4998479.133223119 -5112151.716794946 -5168705.337869254 -5187923.839410634 -5368928.40365863 -5419304.191240882 -5427448.3059086315 -5479114.492296455 -5569779.962348288 -5761878.207536848

Equation: (cos(x4) / ((x4 + x1) + x1)) + 1863.5007615431641
Residual Differences:
-4044265.479991086 -4084128.8270671144 -4092373.81490412 -4123946.070797421 -4139712.225094535 -4276310.967597702 -4311410.63988636 -4345612.667233045 -4830079.44809181 -4858520.423212349 -4998479.072985878 -5112151.656227619 -5168705.276027057 -5187923.777297439 -5368928.340706556 -5419304.128224198 -5427448.242881044 -5479114.428231937 -5569779.897877149 -5761878.144216993

Equation: 1863.499175340286 + ((cos(x4) / x1) / (x4 + sin(x3)))
Residual Differences:
-4044265.469899622 -4084128.813610797 -4092373.804173739 -4123946.0593678458 -4139712.2138510994 -4276310.954442154 -4311410.6270122 -4345612.655776191 -4830079.433545576 -4858520.4096106235 -4998479.063917909 -5112151.646653634 -5168705.265439834 -5187923.766380385 -5368928.329125374 -5419304.116302729 -5427448.230687026 -5479114.414458029 -5569779.882598305 -5761878.128016156

Equation: (cos(x4 / 0.9202679894885034) / (x1 * x1)) + 1863.4728394904757
Residual Differences:
-4044265.522007285 -4084128.8591294335 -4092373.844368037 -4123946.094021091 -4139712.2465317477 -4276310.984834868 -4311410.656738368 -4345612.683863757 -4830079.459020391 -4858520.435548437 -4998479.084670137 -5112151.666257707 -5168705.284174355 -5187923.785039247 -5368928.346632947 -5419304.133109861 -5427448.246422421 -5479114.427586592 -5569779.893419282 -5761878.137463515

Equation: (cos(x4 / 0.3842414011793359) * 0.04028587127917295) + 1863.462912163835
Residual Differences:
-4044265.5188384084 -4084128.8873948753 -4092373.871984008 -4123946.1276294105 -4139712.2834177073 -4276311.007373249 -4311410.6786837885 -4345612.702964197 -4830079.434705275 -4858520.407235586 -4998479.060352323 -5112151.642779617 -5168705.264284592 -5187923.766097874 -5368928.337634174 -5419304.126770299 -5427448.242438625 -5479114.4239677135 -5569779.897818558 -5761878.151590717

Equation: (sin(0.04028587127917295) * cos(x4 / 0.3842414011793359)) + 1863.462912163835
Residual Differences:
-4044265.518819743 -4084128.8873753157 -4092373.8719660086 -4123946.1276157936 -4139712.2834044867 -4276311.007367134 -4311410.678678287 -4345612.702960987 -4830079.4347151425 -4858520.407249379 -4998479.060356824 -5112151.642784095 -5168705.264287406 -5187923.766100222 -5368928.337633243 -5419304.126768358 -5427448.2424359415 -5479114.42396389 -5569779.897811685 -5761878.1515804455

Equation: (cos(x4 / 0.3842414011793359) * sin(0.04028587127917295)) + (1863.462912163835 + (x2 / (1863.4636353555836 ^ x0)))
Residual Differences:
-4044265.5188197424 -4084128.8873753157 -4092373.871966008 -4123946.1276157936 -4139712.2834044867 -4276311.007367134 -4311410.678678287 -4345612.702960987 -4830079.4347151425 -4858520.407249379 -4998479.060356824 -5112151.642784095 -5168705.264287406 -5187923.766100222 -5368928.337633243 -5419304.126768358 -5427448.2424359415 -5479114.42396389 -5569779.897811685 -5761878.1515804455

Equation: (1863.4629121663684 + ((x4 ^ x2) / (1863.462912163835 ^ x0))) + (0.04027495890445693 * cos(x4 / 0.38424140956440334))
Residual Differences:
-4044265.518819721 -4084128.8873753017 -4092373.8719660053 -4123946.127615809 -4139712.283404504 -4276311.007367175 -4311410.678678329 -4345612.702961032 -4830079.434715187 -4858520.407249427 -4998479.0603568265 -5112151.642784092 -5168705.264287389 -5187923.766100203 -5368928.337633201 -5419304.126768312 -5427448.242435894 -5479114.423963844 -5569779.897811627 -5761878.151580383

Equation: (sin(0.04028585162487185) * cos(x4 / 0.38424140466698364)) + (1863.4629121622656 + ((x2 ^ x2) / (1863.462912163835 ^ x0)))
Residual Differences:
-4044265.5188197154 -4084128.887375291 -4092373.87196599 -4123946.1276157894 -4139712.2834044835 -4276311.007367149 -4311410.678678303 -4345612.702961007 -4830079.434715178 -4858520.407249421 -4998479.06035683 -5112151.642784099 -5168705.264287402 -5187923.766100218 -5368928.337633225 -5419304.126768337 -5427448.242435919 -5479114.423963867 -5569779.897811653 -5761878.151580407

Equation: (sin(sin(0.040295673068334266)) * cos(x4 / 0.38424155709171687)) + (1863.462911548714 + ((x2 ^ x2) / (446.7984443781782 ^ x0)))
Residual Differences:
-4044265.518819123 -4084128.887374738 -4092373.871965782 -4123946.127616362 -4139712.2834051284 -4276311.00736872 -4311410.678679953 -4345612.702962933 -4830079.434718 -4858520.407252623 -4998479.060357202 -5112151.642784343 -5168705.264287288 -5187923.766100025 -5368928.337632398 -5419304.126767373 -5427448.242434859 -5479114.423962741 -5569779.897810133 -5761878.15157853

Equation: x3
Residual Differences:
-2465701.9767538845 -2544371.4358328814 -2552484.3860484 -2568939.0666402727 -2579761.7632397152 -2591114.3482342097 -2871411.7633220865 -2913038.8539563403 -3046526.4569671215 -3054845.7324366467 -3158895.624884303 -3172339.2980721183 -3188396.064323408 -3203479.9328647205 -3293859.659036228 -3382456.0607066755 -3409111.611203035 -3485728.220721899 -3631817.4811780774 -3911769.807593461

Equation: x3 ^ x3
Residual Differences:
-9.222165394500471e+23 -9.585157648519184e+23 -1.1366377831319692e+24 -1.4840932211384973e+24 -1.63971012614901e+24 -1.9041352925269974e+24 -2.118615307936767e+24 -4.0891562807888705e+24 -6.103686069047156e+24 -1.576654417840631e+25 -2.0012928261774113e+25 -2.0122659422653573e+25 -2.482330188399359e+25 -4.589214264819459e+25 -4.897453746591119e+25 -5.962587129001939e+25 -6.450861961524277e+25 -1.244991865648604e+26 -3.696232106058083e+26 -8.681170118666319e+26

Equation: (x3 ^ x0) * x2
Residual Differences:
-1.3062501567569753e+25 -1.3261127541221481e+25 -2.0058964673180026e+25 -2.5947277643140805e+25 -4.887203284803496e+25 -5.160679916291215e+25 -5.437717464695466e+25 -8.627234398654532e+25 -1.1230729574508695e+26 -1.8850370269738157e+26 -2.2096480778283545e+26 -6.577846626429582e+26 -9.949866731624306e+26 -1.1789512203517741e+27 -1.7270893514710034e+27 -2.210935624274389e+27 -2.6705387548782323e+27 -4.896673192443326e+27 -1.1907522815939992e+28 -2.830044404218531e+28

Equation: x0 + 1627.6378881001742
Residual Differences:
-2463651.375079648 -2542350.3195781303 -2550681.225478496 -2567382.323083586 -2578283.7920070523 -2589711.9709326625 -2870437.455447104 -2912078.515073686 -3045569.232979572 -3054096.3781269668 -3158163.629685673 -3171957.1999620297 -3188256.3620924246 -3203479.471073267 -3293859.250009026 -3382455.6606528447 -3409111.16586926 -3485727.9050025 -3631817.3902438288 -3911769.6502049924

Equation: sin(x0) + 1632.3401485891525
Residual Differences:
-2463663.8105421504 -2542363.139315538 -2550694.4070536406 -2567396.168344221 -2578297.641872582 -2589725.8656317703 -2870451.358004359 -2912092.512521841 -3045583.2489917907 -3054110.5442438936 -3158177.8931298614 -3171971.580559196 -3188270.886604556 -3203493.496843598 -3293873.102965766 -3382469.520939128 -3409125.0530270343 -3485741.613141072 -3631830.9469868136 -3911783.4281625613

Equation: (x4 / x4) + 1630.6420006002272
Residual Differences:
-2463665.143195112 -2542364.2812863975 -2550695.4946072786 -2567397.008817542 -2578298.6852173884 -2589726.8941300176 -2870452.389076059 -2912093.598297184 -3045584.37824232 -3054111.6994246244 -3158179.039196503 -3171972.987860005 -3188272.3275101683 -3203495.204097554 -3293874.9370788694 -3382471.387602121 -3409126.940029404 -3485743.591580193 -3631832.921268339 -3911785.361064322

Equation: 1631.4839991893261 - (sin(x4) / x4)
Residual Differences:
-2463665.4702359103 -2542364.574111023 -2550695.7326623723 -2567397.2238727175 -2578298.8949774317 -2589727.096265375 -2870452.599049574 -2912093.8094110256 -3045584.593498693 -3054111.895782013 -3158179.2290314054 -3171973.1401410727 -3188272.479324353 -3203495.457074274 -3293875.1970566423 -3382471.6475977898 -3409127.1926027057 -3485743.8437601365 -3631833.1708999425 -3911785.602270096

Equation: 1631.8304004901909 - (cos(sin(x4)) / x0)
Residual Differences:
-2463665.145473743 -2542364.2638146337 -2550695.4507811475 -2567396.931123671 -2578298.6036943337 -2589726.807276816 -2870452.290905676 -2912093.4956976157 -3045584.2681190483 -3054111.5733947135 -3158178.8984209076 -3171972.8093115124 -3188272.1456008633 -3203495.089097188 -3293874.842257243 -3382471.2928856844 -3409126.8431874136 -3485743.4998713825 -3631832.8353140294 -3911785.273506811

Equation: 1631.3349856737602 + (x4 * 0.07551388796864447)
Residual Differences:
-2463664.1057976964 -2542363.2263131817 -2550694.4248694805 -2567395.9300077637 -2578297.6004227996 -2589725.8052430484 -2870451.2667393982 -2912092.4728027317 -3045583.2356052673 -3054110.5490475316 -3158177.871213441 -3171971.793139106 -3188271.131796908 -3203494.030074589 -3293873.780040112 -3382470.228087258 -3409125.787344601 -3485742.435592144 -3631831.7533748564 -3911784.1790352976

Equation: 1631.6940931944298 + (cos(x4) * 0.10141087611671917)
Residual Differences:
-2463665.03918777 -2542364.1768248407 -2550695.386648784 -2567396.8977909447 -2578298.573261436 -2589726.780758793 -2870452.285311987 -2912093.4963914063 -3045584.288037652 -3054111.603798953 -3158178.9514114903 -3171972.8773562275 -3188272.21673698 -3203495.102644362 -3293874.8704186548 -3382471.3445393112 -3409126.920138772 -3485743.5791188516 -3631832.9344065767 -3911785.408961324

Equation: (cos(x4) / (5.909041719269429 + x0)) + 1631.694156327003
Residual Differences:
-2463665.109676937 -2542364.245109142 -2550695.4528206447 -2567396.9602230927 -2578298.6357804304 -2589726.8429143904 -2870452.340119222 -2912093.5496544573 -3045584.333578866 -3054111.6486569666 -3158178.988422535 -3171972.913457166 -3188272.252393145 -3203495.139201098 -3293874.9029391217 -3382471.3688360476 -3409126.939629692 -3485743.5946979756 -3631832.936238968 -3911785.393097639

Equation: (cos(x4) / (x4 + (x0 / 0.6317891203054325))) + 1631.6943226610963
Residual Differences:
-2463665.143621771 -2542364.2749938946 -2550695.478002106 -2567396.98153309 -2578298.6564769405 -2589726.8630316444 -2870452.3574989187 -2912093.566275262 -3045584.3475347264 -3054111.661320112 -3158178.9980516513 -3171972.9214862864 -3188272.2601620182 -3203495.153252231 -3293874.914200413 -3382471.376647032 -3409126.944239786 -3485743.5979129924 -3631832.934787083 -3911785.385447248

Equation: 1631.6517372684784 + (-0.05774347595976082 * cos(x4 / 0.5363958663835035))
Residual Differences:
-2463665.121859738 -2542364.271071025 -2550695.4863846884 -2567397.000198925 -2578298.6788187274 -2589726.887493571 -2870452.4177068933 -2912093.6309978724 -3045584.4315174986 -3054111.746395733 -3158179.0954205315 -3171973.014335279 -3188272.3535228656 -3203495.2517997115 -3293875.0190236573 -3382471.485139903 -3409127.0491116997 -3485743.7024556883 -3631833.0322686746 -3911785.45990872

Equation: (sin(-0.05946974488178767) * cos(x4 / 0.539616919392255)) + 1631.653542787356
Residual Differences:
-2463665.1130410917 -2542364.2607464567 -2550695.4768894697 -2567396.990668292 -2578298.6686123325 -2589726.877145355 -2870452.4039868126 -2912093.6172756897 -3045584.4189062426 -3054111.734023862 -3158179.0852286126 -3171973.0044884374 -3188272.3437468912 -3203495.2403883287 -3293875.0101673133 -3382471.4798612716 -3409127.0464883414 -3485743.7013732055 -3631833.036554448 -3911785.4704730455

Equation: ((0.19424844749091058 * cos(x4)) + 1631.7035662384658) + ((0.07486249630515864 * cos(x4)) / cos(x4 + -0.6665422772704787))
Residual Differences:
-2463664.820264133 -2542363.975030748 -2550695.1933336915 -2567396.708343099 -2578298.387712102 -2589726.596822483 -2870452.1336473403 -2912093.3484039363 -3045584.161329968 -3054111.476921214 -3158178.8427407295 -3171972.7650724393 -3188272.1048854743 -3203495.001117851 -3293874.7837293036 -3382471.2769004884 -3409126.8561204136 -3485743.523194339 -3631832.9101121416 -3911785.4380233735

Equation: x3
Residual Differences:
-13144663.195433674 -13420142.6360127 -13560246.370610932 -13658695.078228297 -14423921.969636811 -14527526.278607534 -14541713.454712866 -14687955.851100253 -14741271.322500885 -15232838.478533633 -15492642.978373043 -15545895.481758762 -16395869.372082833 -16650307.269155018 -16750606.909068957 -16968435.372144345 -17236500.151627004 -17236718.07087283 -18280990.698542275 -18318631.940739766

Equation: x0 ^ x0
Residual Differences:
-3.752409521083797e+37 -1.6363894257012512e+38 -2.0538148775481134e+38 -2.5900097816705244e+38 -2.7965236568298366e+38 -3.3313239328197974e+38 -6.582772581391314e+38 -7.208012780677318e+38 -1.0100251738107983e+39 -1.440519449355334e+39 -2.3503166474840072e+39 -3.1314074007703067e+39 -5.140505024193262e+39 -7.790015699707148e+39 -9.142231236393173e+39 -1.1191087302374465e+40 -1.4517943389139142e+40 -2.7786459977586257e+40 -2.8378273016115955e+40 -5.705996502763392e+40

Equation: x1 * (x2 ^ x0)
Residual Differences:
-9.849579463771671e+38 -3.200805755626825e+39 -3.8552895796948184e+39 -4.779783092331596e+39 -5.458583215059121e+39 -6.590979613874007e+39 -1.3837921212993574e+40 -1.556868629575261e+40 -2.2840702906384425e+40 -3.025042309683374e+40 -4.609538813515312e+40 -6.437221875216876e+40 -9.445150053297272e+40 -1.6610898290145475e+41 -2.034607126591414e+41 -2.6024334981761777e+41 -3.865214273719916e+41 -7.06887099448709e+41 -7.461325181193102e+41 -1.6567435938407804e+42

Equation: 1664.6063226740787 + x4
Residual Differences:
-13142655.6822413 -13418368.240778776 -13558511.701262454 -13657303.135957854 -14422554.687136443 -14526214.610597229 -14540570.505028462 -14687301.095892878 -14740697.456888303 -15232336.537509277 -15492286.069118958 -15545895.763552561 -16395869.31198865 -16650307.333508177 -16750607.011357512 -16968435.422011506 -17236500.098695394 -17236718.140775587 -18280990.66035186 -18318632.00546879

Equation: cos(x4) + 1669.4703301118875
Residual Differences:
-13142675.868072674 -13418388.855075974 -13558532.398714362 -13657323.991637394 -14422576.467296652 -14526236.448809601 -14540592.360643672 -14687323.163255934 -14740719.558357293 -15232358.966933463 -15492308.718811175 -15545918.813401936 -16395892.888283132 -16650331.036876082 -16750630.789018609 -16968459.273813073 -17236524.1125151 -17236742.17092346 -18281015.109436616 -18318656.480865296

Equation: 1669.470219139564 + sin(cos(x4))
Residual Differences:
-13142675.723198563 -13418388.70306341 -13558532.24585161 -13657323.84157439 -14422576.372877792 -14526236.359170455 -14540592.272769388 -14687323.122670108 -14740719.522618921 -15232358.929143649 -15492308.67248407 -15545918.808887709 -16395892.83217325 -16650330.959274964 -16750630.700731322 -16968459.176683392 -17236523.996310033 -17236742.052049894 -18281014.952814113 -18318656.320215385

Equation: -86.3400178062647 * -19.335890794474317
Residual Differences:
-13142675.302495286 -13418388.172324322 -13558531.681274949 -13657323.23360585 -14422575.52543607 -14526235.499461846 -14540591.410581728 -14687322.346956084 -14740718.757834608 -15232358.042986339 -15492307.698834686 -15545918.7747599 -16395892.536995132 -16650330.50561901 -16750630.15148243 -16968458.59897333 -17236523.37461742 -17236741.266831707 -18281013.954884943 -18318655.20584458

Equation: 1669.4006972691207 + (x4 / 67.98269572712144)
Residual Differences:
-13142674.9919796 -13418387.857229656 -13558531.36546735 -13657322.916067878 -14422575.19700339 -14526235.170285374 -14540591.081159772 -14687322.012451805 -14740718.422596568 -15232357.704739729 -15492307.358760571 -15545918.436273655 -16395892.195363982 -16650330.164765937 -16750629.811099855 -16968458.258048903 -17236523.032237325 -17236740.926656082 -18281013.612231083 -18318654.864575744

Equation: (cos(x4) / 49.95403249117608) + 1669.4704368402906
Residual Differences:
-13142675.295621874 -13418388.167796552 -13558531.67744157 -13657323.230585063 -14422575.526095249 -14526235.500270905 -14540591.411405085 -14687322.345101735 -14740718.755664425 -15232358.043286918 -15492307.701057618 -15545918.775533453 -16395892.544027356 -16650330.51625393 -16750630.164244885 -16968458.612482548 -17236523.389388956 -17236741.28493018 -18281013.977997225 -18318655.231368463

Equation: 1669.470731775158 + (sin(cos(x4)) / 43.38028387811117)
Residual Differences:
-13142675.293458626 -13418388.1658242 -13558531.675554847 -13657323.228886016 -14422575.52623656 -14526235.500545112 -14540591.411722142 -14687322.34610311 -14740718.756729683 -15232358.044679297 -15492307.702544509 -15545918.775546612 -16395892.543799562 -16650330.516076662 -16750630.164143685 -16968458.612290673 -17236523.388948645 -17236741.284932517 -18281013.977889154 -18318655.231533002

Equation: x3
Residual Differences:
-437594.2721487617 -475963.38858638564 -494365.66616932926 -508348.80092656595 -510278.8497564301 -511801.3171471096 -530951.4690836276 -535578.3924631745 -555098.8405487977 -563849.0777536816 -571476.1782530257 -587229.3217783968 -601076.8477381158 -610733.8368891549 -637402.5164288756 -688883.4097097124 -718987.2736770288 -724015.0808830734 -756258.765767885 -760218.8627028612

Equation: x0 ^ x0
Residual Differences:
-386027236879003.56 -406829393161725.3 -457503557459073.44 -565475433038528.5 -2225930714116481.0 -2608317016561120.5 -3868338058259868.0 -4245886458850295.0 -4448506811701047.5 -7138896950997170.0 -7518889285982624.0 -1.349016232773047e+16 -2.0808840248382916e+16 -2.1486326395037452e+16 -2.3393505120966588e+16 -2.5355277682636092e+16 -6.5135863688268744e+16 -8.495885720749506e+16 -1.473149732251747e+17 -3.58371592751603e+17

Equation: x2 * (x4 ^ x1)
Residual Differences:
-4453467125519592.5 -1.1823529617378946e+16 -1.4714739952026034e+16 -1.504687404749184e+16 -2.1315484936935556e+16 -2.678846256507809e+16 -4.788286354259507e+16 -5.281989890619138e+16 -7.679679773917714e+16 -1.800393288128843e+17 -2.7166550442056976e+17 -3.5003229119816384e+17 -5.647467527794376e+17 -5.942140558867785e+17 -1.1649232730401946e+18 -1.5795394753743956e+18 -2.086487092937321e+18 -3.3375059751811866e+18 -3.993980089791515e+18 -4.241875051016019e+18

Equation: x3 - -1488.7751530304663
Residual Differences:
-435651.7492427008 -474225.07468032476 -492680.3800632683 -507033.598620505 -509306.2714503691 -510970.5420410487 -530132.7171775666 -535153.8739571136 -554697.3688427368 -563734.8680476208 -571476.1782530259 -587229.3217783967 -601076.8477381159 -610733.8368891549 -637402.5164288756 -688883.4097097124 -718987.2736770288 -724015.0808830734 -756258.765767885 -760218.8627028611

Equation: 1493.2933193568274 + sin(x3)
Residual Differences:
-435658.5497273109 -474232.044861321 -492687.51104635734 -507040.9719425509 -509313.85119330056 -510978.5030668029 -530140.7246929223 -535162.0326913358 -554705.6128190066 -563743.1884849538 -571484.8101674907 -587237.7091297181 -601085.0779148925 -610741.8106942739 -637410.2289266562 -688891.209203604 -718995.1029373623 -724023.478760231 -756267.0883867388 -760227.1779553749

Equation: 1491.8380136464232 + cos(cos(x2))
Residual Differences:
-435660.57817323954 -474234.0133123673 -492689.54319764423 -507042.98046689405 -509315.8847603645 -510980.2590609524 -530142.4610197172 -535163.774312515 -554707.345533618 -563744.7756855927 -571486.2230971887 -587239.3271949397 -601086.8365015085 -610743.653691283 -637412.1493225017 -688893.1392358576 -718997.1347682434 -724025.3708852039 -756268.9416840147 -760229.0220864713

Equation: -767.6209743533536 + 2260.2478606560294
Residual Differences:
-435660.26663905545 -474233.78097075166 -492689.3493334544 -507042.79909705516 -509315.7568539372 -510980.23596303305 -530142.4822209022 -535163.8179968933 -554707.3985067043 -563744.9414819368 -571486.4193626643 -587239.4953457833 -601086.9494387276 -610743.751103559 -637412.1904149118 -688893.1501240506 -718997.0175016393 -724025.1777846158 -756268.7519560035 -760228.8350798921

Equation: (sin(x1) / (x3 ^ x4)) + 1492.6312449309187
Residual Differences:
-435660.2558666237 -474233.77113722835 -492689.34222997085 -507042.79418121744 -509315.7516888495 -510980.229791312 -530142.4772225986 -535163.8144460119 -554707.394632191 -563744.9366529328 -571486.4171411388 -587239.4936799605 -601086.9480818923 -610743.7498773901 -637412.1896202863 -688893.1493240383 -718997.0167379923 -724025.1771124273 -756268.7513472527 -760228.834728885

Equation: 1492.6318126388594 + (sin(sin(x1)) / (x4 ^ x4))
Residual Differences:
-435660.2545640542 -474233.7699290561 -492689.341123813 -507042.7934849406 -509315.75055802916 -510980.2286331278 -530142.4759136845 -535163.8128967895 -554707.3929372472 -563744.934746645 -571486.4181816065 -587239.4941961229 -601086.9483426374 -610743.7499514598 -637412.1895503821 -688893.1492705924 -718997.0166604732 -724025.1770698554 -756268.7512513045 -760228.8347800237

Equation: (3.857314410640918 - -1488.8192122947419) - (0.1955020731104439 / x4)
Residual Differences:
-435660.2448335937 -474233.75712991087 -492689.32342395023 -507042.7731750909 -509315.7282835244 -510980.2042205094 -530142.4500957784 -535163.7855639737 -554707.3653557603 -563744.9064585922 -571486.388081931 -587239.4641512823 -601086.9184954361 -610743.7204523721 -637412.160761408 -688893.1203810598 -718996.9877809705 -724025.1486384312 -756268.722900247 -760228.8088357857

Equation: (1492.6691490894066 - (0.18998880350627412 / x4)) - (-0.001468312097142612 * x3)
Residual Differences:
-435660.2335866877 -474233.74566304823 -492689.3116292888 -507042.7610412977 -509315.71580605715 -510980.1915263274 -530142.4373079576 -535163.7725220103 -554707.3522083225 -563744.8932996886 -571486.3739269204 -587239.4500930129 -601086.9045356055 -610743.706759592 -637412.1473932229 -688893.1069178608 -718996.9743121347 -724025.1346349675 -756268.7090567949 -760228.7949333226

Equation: x2
Residual Differences:
-2594170.685654235 -2710848.793200336 -2912428.8034849768 -3098591.0676356284 -3112075.3243431062 -3169385.7137492117 -3201269.2855465114 -3261103.094887591 -3393509.8662909144 -3691191.150379578 -3741746.054119681 -3838884.5720351106 -3860053.0541378194 -3899070.7949196775 -3907937.72304503 -3975888.556658556 -3993499.1229122463 -4011343.2186897052 -4047106.0781139284 -4075357.397660692

Equation: x0 ^ x2
Residual Differences:
-1.9581852502070865e+24 -3.793745751068908e+24 -5.169750030662498e+24 -7.467524453808494e+24 -1.348715345268232e+25 -1.815269822407329e+25 -2.1377840115408282e+25 -3.4930876078680404e+25 -4.348560221101305e+25 -1.0204230270268977e+26 -1.8958072416425174e+26 -2.5130784201210265e+26 -2.824347850256279e+26 -3.314804545063757e+26 -5.272473130689773e+26 -6.230658297958113e+26 -8.393239764013588e+26 -1.586790085583313e+27 -2.1632339208693003e+27 -3.4694913199225404e+27

Equation: (x4 ^ x0) * x1
Residual Differences:
-2.9791933058847403e+25 -3.4511387094708965e+25 -1.0308634319245543e+26 -2.683792791168818e+26 -3.251489030343531e+26 -4.731020311349906e+26 -7.93760891175074e+26 -9.097997676477702e+26 -1.1518606998214775e+27 -1.8436911751949864e+27 -4.619133950138541e+27 -7.213870172955203e+27 -8.589243803969398e+27 -1.0046033276620831e+28 -1.11811658141717e+28 -1.4150800868897516e+28 -3.053325534988856e+28 -3.7298654166907663e+28 -5.508668977174157e+28 -6.346602433911436e+28

Equation: x4 + 953.5816227126678
Residual Differences:
-2593260.377314109 -2709973.562235847 -2911588.6971878773 -3097758.9796201456 -3111409.7032840312 -3168721.472347268 -3200887.318577903 -3260954.610628961 -3393396.581241566 -3691163.625642394 -3741721.4005620135 -3838883.553700378 -3860052.042686248 -3899069.853369115 -3907936.964002763 -3975887.9669063846 -3993498.4170942446 -4011342.657439333 -4047105.5865343134 -4075357.1770672775

Equation: 957.9530443436516 + cos(x4)
Residual Differences:
-2593273.592997771 -2709986.9430010966 -2911602.551935824 -3097773.3027188773 -3111424.200005466 -3168736.074026682 -3200902.070747135 -3260969.501230238 -3393411.8780311723 -3691179.5737907514 -3741737.5312534706 -3838899.6921243602 -3860068.260018863 -3899086.054512064 -3907953.124583684 -3975904.220293423 -3993514.7232871302 -4011359.0139956325 -4047122.068827702 -4075373.716626193

Equation: (x0 - x0) + 957.1197164626126
Residual Differences:
-2593275.2629361153 -2709988.5902399844 -2911604.0838572658 -3097774.667566446 -3111425.5285936687 -3168737.3764089276 -3200903.3171424624 -3260970.726629804 -3393412.9438609667 -3691180.3408890236 -3741738.211091171 -3838900.439639355 -3860068.9346349533 -3899086.7069694297 -3907953.687732733 -3975904.489081381 -3993514.9515463198 -4011359.003760347 -4047121.9080883837 -4075373.3177245613

Equation: 956.9636595970431 - (-0.04410761179737721 * x4)
Residual Differences:
-2593274.6063668784 -2709987.9273906117 -2911603.4051880254 -3097773.975608601 -3111424.8305770545 -3168736.67491875 -3200902.611483987 -3260970.015791495 -3393412.222144902 -3691179.6036194144 -3741737.469618877 -3838899.694840914 -3860068.189571437 -3899085.96359737 -3907952.950088944 -3975903.7603277 -3993514.2222511265 -4011358.2827631654 -4047121.188183613 -4075372.6057987157

Equation: (sin(-0.13838991924654795) * cos(sin(x4))) + 957.24175271865
Residual Differences:
-2593275.2930068816 -2709988.6175925154 -2911604.0983040864 -3097774.66545127 -3111425.523042471 -3168737.368039505 -3200903.304103053 -3260970.7096419754 -3393412.9158984465 -3691180.3039519517 -3741738.173771184 -3838900.3935279893 -3860068.8919731867 -3899086.6666721394 -3907953.656038685 -3975904.4764815513 -3993514.940661105 -4011359.004139759 -4047121.9138013255 -4075373.3276019567

Equation: x3
Residual Differences:
-6988978104.36261 -7028196945.019148 -7056080930.977798 -7098736022.382959 -7105724040.863232 -7150187720.974833 -7160009111.782746 -7170415791.335687 -7247554402.0835495 -7272113689.015067 -7274293815.106404 -7287115555.404208 -7353805368.699263 -7370965511.830623 -7464304152.308661 -7524954985.535687 -7538741283.7699585 -7539203550.542348 -7571778792.337353 -7669056965.889022

Equation: x2 ^ x3
Residual Differences:
-2.448930869432518e+182 -3.523690699517772e+182 -6.893030033063539e+182 -7.669011648451496e+182 -8.36388092685565e+182 -2.996841400063848e+183 -3.578850654978943e+183 -5.026807123431745e+183 -6.278405207838378e+183 -8.734882433328645e+183 -1.0878581233074526e+184 -1.5315112691378128e+184 -1.8830283722133122e+184 -2.9241232872717755e+184 -7.043487110196902e+184 -1.3184405662994642e+185 -3.2495665841420265e+185 -7.154436399423888e+185 -8.985383193767816e+185 -4.964032236551847e+186

Equation: 1341.9320893818203 - x0
Residual Differences:
-6988976611.490222 -7028195734.345653 -7056079722.651097 -7098735135.534824 -7105723354.144392 -7150187078.455185 -7160008589.394646 -7170415320.335363 -7247553962.880604 -7272113449.963268 -7274293849.090363 -7287115679.852203 -7353805547.084157 -7370965690.267527 -7464304330.762681 -7524955164.065996 -7538741462.458445 -7539203729.381795 -7571778971.226171 -7669057144.988332

Equation: 1338.4726304225833 + sin(x0)
Residual Differences:
-6988976523.604665 -7028195646.412281 -7056079634.599076 -7098735047.400148 -7105723265.664684 -7150186989.907367 -7160008500.635542 -7170415231.507221 -7247553873.922936 -7272113360.445239 -7274293759.371338 -7287115589.904179 -7353805456.921997 -7370965600.0198965 -7464304240.582808 -7524955073.802808 -7538741372.129741 -7539203638.913937 -7571778880.528255 -7669057054.299802

Equation: 1337.697433131805 + (x2 - x2)
Residual Differences:
-6988976524.067566 -7028195646.576097 -7056079634.763667 -7098735047.40942 -7105723265.696838 -7150186989.958723 -7160008500.668247 -7170415231.440799 -7247553873.779012 -7272113360.432952 -7274293759.43695 -7287115590.039853 -7353805457.62875 -7370965600.806738 -7464304241.399739 -7524955074.679261 -7538741373.044659 -7539203639.9069195 -7571778881.649414 -7669057055.488886

Equation: cos(cos(x4) / x4) + 1336.7248760194718
Residual Differences:
-6988976524.065575 -7028195646.57363 -7056079634.756908 -7098735047.402352 -7105723265.689454 -7150186989.950069 -7160008500.658489 -7170415231.421077 -7247553873.75134 -7272113360.4051285 -7274293759.405891 -7287115590.008037 -7353805457.607515 -7370965600.794659 -7464304241.389113 -7524955074.670734 -7538741373.0372305 -7539203639.90684 -7571778881.649451 -7669057055.488118

Equation: (0.05164811253297935 * x4) + 1337.5030267310244
Residual Differences:
-6988976519.501906 -7028195642.004105 -7056079630.181023 -7098735042.819787 -7105723261.106123 -7150186985.3604555 -7160008496.066623 -7170415226.826872 -7247553869.145381 -7272113355.795799 -7274293754.795913 -7287115585.396092 -7353805452.978476 -7370965596.166197 -7464304236.749043 -7524955070.023737 -7538741368.38955 -7539203635.275111 -7571778877.018844 -7669057050.854641

Equation: (sin(cos(x4)) / (x4 * x4)) + 1337.7488275428384
Residual Differences:
-6988976524.055106 -7028195646.562608 -7056079634.742694 -7098735047.387961 -7105723265.674905 -7150186989.934942 -7160008500.642934 -7170415231.403182 -7247553873.732139 -7272113360.385893 -7274293759.38603 -7287115589.988007 -7353805457.579798 -7370965600.770482 -7464304241.365824 -7524955074.64902 -7538741373.016508 -7539203639.903287 -7571778881.650579 -7669057055.496965

Equation: 1336.7421994359393 + cos(cos(x4) / -2.5721789090043514)
Residual Differences:
-6988976524.05508 -7028195646.567658 -7056079634.758601 -7098735047.411571 -7105723265.699676 -7150186989.96873 -7160008500.680384 -7170415231.445762 -7247553873.789965 -7272113360.448336 -7274293759.447987 -7287115590.052201 -7353805457.645583 -7370965600.842185 -7464304241.44644 -7524955074.731649 -7538741373.099342 -7539203639.9807625 -7571778881.722354 -7669057055.549786

Equation: (sin(25.37921948986152 / x4) * sin(cos(2429.9759576522647))) + 1337.712765972142
Residual Differences:
-6988976524.090155 -7028195646.599695 -7056079634.791199 -7098735047.43699 -7105723265.724441 -7150186989.986248 -7160008500.695488 -7170415231.459787 -7247553873.787222 -7272113360.440921 -7274293759.439888 -7287115590.041558 -7353805457.623829 -7370965600.818522 -7464304241.41443 -7524955074.698393 -7538741373.066242 -7539203639.952364 -7571778881.698422 -7669057055.542325

Equation: x0
Residual Differences:
-265408560.68235037 -268049169.86807218 -274610288.6938016 -277088178.28835905 -277303836.40136683 -286249862.8668151 -293699491.4824659 -296404131.67603135 -298324647.5673788 -302126471.9406917 -303289045.6584722 -303526390.5258229 -309100857.3266598 -309333556.34257466 -310212313.344796 -310381371.70111495 -312972524.0816735 -313005206.15127563 -314764317.88528943 -320527622.29781157

Equation: x0 ^ x0
Residual Differences:
-3.1241245138697124e+81 -3.316187115943453e+81 -6.039276023039181e+81 -9.29242608691618e+81 -1.2501347076685391e+82 -1.8306507703585935e+82 -2.1118864661501364e+82 -3.23924618774019e+82 -5.0064746122025955e+82 -5.1247302680223444e+82 -7.819673778209605e+82 -2.83260876618952e+83 -3.1018563275910425e+83 -4.929469732543031e+83 -5.159968582164095e+83 -5.71877081350682e+83 -6.24466775301599e+83 -1.00281742601334e+84 -3.0202893571240226e+84 -4.657030970300677e+84

Equation: (x0 ^ x0) + x4
Residual Differences:
-3.1241245138697124e+81 -3.316187115943453e+81 -6.039276023039181e+81 -9.29242608691618e+81 -1.2501347076685391e+82 -1.8306507703585935e+82 -2.1118864661501364e+82 -3.23924618774019e+82 -5.0064746122025955e+82 -5.1247302680223444e+82 -7.819673778209605e+82 -2.83260876618952e+83 -3.1018563275910425e+83 -4.929469732543031e+83 -5.159968582164095e+83 -5.71877081350682e+83 -6.24466775301599e+83 -1.00281742601334e+84 -3.0202893571240226e+84 -4.657030970300677e+84

Equation: 1663.3406804791434 - x3
Residual Differences:
-265406599.18359295 -268047226.7904079 -274608585.7282897 -277086743.2064667 -277302425.8006924 -286248842.9148147 -293698523.940685 -296403178.5482534 -298323787.11072177 -302126230.1906054 -303289133.89646906 -303526480.40151536 -309100947.14726406 -309333646.26695734 -310212403.1474046 -310381461.45386785 -312972613.6632552 -313005295.77227646 -314764407.7469421 -320527712.24633056

Equation: sin(x3) + 1659.912493369033
Residual Differences:
-265406555.60653675 -268047183.20635715 -274608542.1080806 -277086699.41122603 -277302381.92784494 -286248798.9381904 -293698479.64584297 -296403134.2256563 -298323742.6132812 -302126185.6005648 -303289089.2540746 -303526435.21876734 -309100901.95950574 -309333600.8717828 -310212357.5391617 -310381415.86196214 -312972568.1641367 -313005250.2904489 -314764362.10382414 -320527666.4955643

Equation: (x3 / x3) - -1658.1315929791454
Residual Differences:
-265406556.0746253 -268047183.65207502 -274608542.3590334 -277086699.3872445 -277302381.83808595 -286248798.8307037 -293698479.5078989 -296403134.0844773 -298323742.4324663 -302126185.43685275 -303289089.0286182 -303526435.294494 -309100902.1056694 -309333601.1342364 -310212358.0045836 -310381416.3595845 -312972568.6770934 -313005250.83232117 -314764362.7574972 -320527667.2177388

Equation: 1658.9806788514786 - (sin(x4) / x4)
Residual Differences:
-265406556.35017622 -268047183.92651898 -274608542.63167614 -277086699.58893013 -277302382.0210383 -286248799.00486255 -293698479.6832559 -296403134.2165695 -298323742.5495955 -302126185.5483941 -303289089.1042685 -303526435.4950353 -309100902.31184214 -309333601.3405791 -310212358.2096401 -310381416.5555397 -312972568.8733916 -313005251.02681756 -314764362.94616693 -320527667.4082344

Equation: 1659.3102088523176 - (cos(sin(x4)) / x3)
Residual Differences:
-265406556.02575707 -268047183.60117942 -274608542.2919825 -277086699.29385406 -277302381.73504406 -286248798.72443247 -293698479.39855516 -296403133.95319504 -298323742.28550494 -302126185.2849746 -303289088.8337126 -303526435.1681807 -309100901.99394655 -309333601.024321 -310212357.90306205 -310381416.2598245 -312972568.58071107 -313005250.7374488 -314764362.6622493 -320527667.12361884

Equation: (x4 * 0.07635092503667336) - -1658.8223459643077
Residual Differences:
-265406552.7721993 -268047180.34274668 -274608539.03040713 -277086696.0343139 -277302378.47847974 -286248795.44403046 -293698476.1013449 -296403130.6542577 -298323738.98993015 -302126181.98198336 -303289085.5399663 -303526431.8441781 -309100898.6561321 -309333597.6842752 -310212354.5612757 -310381412.93037534 -312972565.2431621 -313005247.3988616 -314764359.32743764 -320527663.7742336

Equation: (0.10481310506827413 * cos(x4)) - -1659.1847541867924
Residual Differences:
-265406556.12407973 -268047183.69314736 -274608542.3749363 -277086699.3918835 -277302381.8390056 -286248798.797351 -293698479.449251 -296403134.00651175 -298323742.34273505 -302126185.3347039 -303289088.8896164 -303526435.1783396 -309100901.9964143 -309333601.02490604 -310212357.90544116 -310381416.2806262 -312972568.5959361 -313005250.7533342 -314764362.6852851 -320527667.1418481

Equation: (0.250822012881569 * cos(cos(x4))) - -1658.9339257517947
Residual Differences:
-265406556.11265737 -268047183.68144342 -274608542.37141234 -277086699.3895299 -277302381.8353757 -286248798.8307269 -293698479.52819926 -296403134.0946082 -298323742.43965024 -302126185.451656 -303289089.0071608 -303526435.3418556 -309100902.1829817 -309333601.21291447 -310212358.0896777 -310381416.4458596 -312972568.76997125 -313005250.92624515 -314764362.8504004 -320527667.3209269

Equation: (sin(0.25352931449144656) * cos(cos(x4))) - -1658.9339257549516
Residual Differences:
-265406556.11265737 -268047183.68144342 -274608542.37141234 -277086699.3895299 -277302381.8353757 -286248798.830727 -293698479.52819926 -296403134.0946082 -298323742.43965024 -302126185.451656 -303289089.0071608 -303526435.3418556 -309100902.1829817 -309333601.21291447 -310212358.0896777 -310381416.4458596 -312972568.76997125 -313005250.92624515 -314764362.8504004 -320527667.3209269

Equation: ((0.0387401960958173 * x4) * cos(cos(x4))) - -1659.0036476547125
Residual Differences:
-265406554.61407742 -268047182.12388393 -274608540.6945811 -277086697.6934967 -277302380.1375527 -286248797.15811545 -293698477.98128927 -296403132.6125875 -298323741.0061302 -302126184.10203683 -303289087.7002092 -303526434.026882 -309100900.985857 -309333600.02298635 -310212356.9182107 -310381415.2928686 -312972567.66299635 -313005249.8346522 -314764361.78099704 -320527666.3262643

Equation: (-0.0580828887065574 * cos(x4 * 1.9115685872163266)) - -1659.1345494316013
Residual Differences:
-265406556.0941811 -268047183.68045127 -274608542.41476583 -277086699.45038825 -277302381.8999483 -286248798.92013156 -293698479.6101689 -296403134.17316526 -298323742.5123377 -302126185.50966763 -303289089.05729365 -303526435.3714955 -309100902.18891746 -309333601.2170999 -310212358.09350455 -310381416.4557831 -312972568.76688874 -313005250.92022157 -314764362.84225976 -320527667.28134894

Equation: (cos(1.9115764788541134 * x4) * sin(sin(-0.058145196764867756))) - -1659.1345485531747
Residual Differences:
-265406556.09420046 -268047183.68047193 -274608542.41478676 -277086699.4504076 -277302381.8999674 -286248798.9201423 -293698479.6101692 -296403134.17316175 -298323742.51233155 -302126185.509657 -303289089.057283 -303526435.37148404 -309100902.1888993 -309333601.2170814 -310212358.09348464 -310381416.4557616 -312972568.7668654 -313005250.92019755 -314764362.84223473 -320527667.2813224

Equation: 1659.0854968556894 + ((sin(x4) / (1.8298416746096293 * x4)) * sin(x4 - 0.48729633612110934))
Residual Differences:
-265406556.1634088 -268047183.73994216 -274608542.4445642 -277086699.47924113 -277302381.92817605 -286248798.91806954 -293698479.5958171 -296403134.15718704 -298323742.49600685 -302126185.4960965 -303289089.0429746 -303526435.3629011 -309100902.191532 -309333601.22061443 -310212358.0982689 -310381416.45958596 -312972568.7780474 -313005250.93359244 -314764362.85825604 -320527667.3199002

Equation: x4
Residual Differences:
-4046641.564838931 -4085597.814276059 -4093665.8967530527 -4124911.953897366 -4140561.4426485593 -4277116.282027578 -4312074.479937579 -4346240.94272957 -4830604.144036757 -4858628.713765261 -4998461.8431426175 -5112134.373535099 -5168687.957508037 -5187906.45751053 -5368910.909636317 -5419286.695898714 -5427430.8125573415 -5479097.101110107 -5569762.554877261 -5761860.742979848

Equation: x4 ^ x4
Residual Differences:
-1.6993492285776358e+27 -2.030075163770384e+27 -2.6129632258438765e+27 -2.9576606883956243e+27 -3.0350721917372765e+27 -6.119868324363098e+27 -6.533581154285002e+27 -6.882354154368576e+27 -4.9213851350081355e+28 -5.008616023600078e+28 -9.960025014751737e+28 -1.2386327215945068e+29 -1.7751849718422856e+29 -1.898069795830081e+29 -3.656529641025322e+29 -4.101119380301992e+29 -4.444922401973453e+29 -4.517716511667593e+29 -7.410619870634484e+29 -1.336341514660588e+30

Equation: x4 * (x2 ^ x3)
Residual Differences:
-1.175519368532821e+28 -1.538566982375322e+28 -3.1876366007952907e+28 -3.294242467747543e+28 -5.1156730287067635e+28 -6.620794015584169e+28 -9.868719064264382e+28 -1.223585119771802e+29 -1.5598101045302107e+29 -2.035028500787361e+29 -3.460990449884741e+29 -5.0148803927631756e+29 -5.9525658791293335e+29 -9.648266775677039e+29 -1.2205492985812837e+30 -3.883594239498406e+30 -6.34073016727532e+30 -8.86378235005746e+30 -1.3255192970546159e+31 -2.1912705066334676e+31

Equation: x4 + 1859.16035093429
Residual Differences:
-4044249.978537062 -4084112.9389741905 -4092357.819651184 -4123929.8535954976 -4139695.99334669 -4276294.4587257095 -4311394.10983571 -4345596.060427701 -4830062.309934889 -4858503.152063393 -4998461.843142618 -5112134.373535099 -5168687.957508037 -5187906.457510529 -5368910.909636317 -5419286.695898714 -5427430.812557341 -5479097.101110107 -5569762.554877261 -5761860.742979849

Equation: 1862.6273044517748 - sin(x4)
Residual Differences:
-4044267.8454143326 -4084130.8703937996 -4092375.8011501925 -4123947.9101235894 -4139714.0575670074 -4276312.656862384 -4311412.317820256 -4345614.306845632 -4830080.700622509 -4858521.62897189 -4998480.335058115 -5112152.866204638 -5168706.407363308 -5187924.894174422 -5368929.301373685 -5419305.061809068 -5427449.156967992 -5479115.331516617 -5569780.6629553875 -5761878.747378514

Equation: 1863.470732184435 - (x2 - x2)
Residual Differences:
-4044265.434187524 -4084128.7994405595 -4092373.789796694 -4123946.0616451795 -4139712.2188969157 -4276310.969126559 -4311410.642706473 -4345612.675451584 -4830079.455547298 -4858520.442593372 -4998479.076995962 -5112151.659343243 -5168705.274688914 -5187923.774779978 -5368928.334190447 -5419304.119591236 -5427448.232515679 -5479114.40983621 -5569779.872404421 -5761878.113614034

Equation: 946.2058466665891 + 917.2648855177097
Residual Differences:
-4044265.4341875245 -4084128.7994405604 -4092373.7897966946 -4123946.0616451805 -4139712.2188969166 -4276310.969126559 -4311410.642706474 -4345612.675451584 -4830079.455547298 -4858520.442593372 -4998479.076995962 -5112151.659343243 -5168705.274688914 -5187923.774779977 -5368928.334190447 -5419304.119591236 -5427448.232515679 -5479114.40983621 -5569779.872404421 -5761878.113614034

Equation: 1863.7051324306767 - (x3 / (x4 * x3))
Residual Differences:
-4044265.3093667547 -4084128.6460255682 -4092373.6329165385 -4123945.8910177476 -4139712.047561975 -4276310.790655255 -4311410.463827938 -4345612.492540486 -4830079.268991705 -4858520.2484625 -4998478.89909316 -5112151.481402415 -5168705.099374528 -5187923.60022524 -5368928.161849853 -5419303.94855473 -5427448.062529006 -5479114.245052543 -5569779.71220418 -5761877.9568714965

Equation: (cos(x4) / (x1 * x4)) + 1863.4940663598522
Residual Differences:
-4044265.480965244 -4084128.824181725 -4092373.811027999 -4123946.066824976 -4139712.2205071836 -4276310.961785578 -4311410.633782815 -4345612.661937452 -4830079.439265716 -4858520.416861986 -4998479.066111605 -5112151.649170995 -5168705.267565973 -5187923.768478538 -5368928.330551075 -5419304.117389939 -5427448.231491991 -5479114.413934317 -5569779.880937917 -5761878.1254741

Equation: (0.07896154217364176 * cos(x4)) + 1863.4985234671515
Residual Differences:
-4044265.4766375767 -4084128.8336444073 -4092373.8264672616 -4123946.0893952674 -4139712.246444686 -4276311.001655388 -4311410.675876175 -4345612.70479185 -4830079.506362613 -4858520.483348258 -4998479.133223119 -5112151.716794946 -5168705.337869254 -5187923.839410634 -5368928.40365863 -5419304.191240882 -5427448.3059086315 -5479114.492296455 -5569779.962348288 -5761878.207536848

Equation: (cos(x4) / ((x4 + x1) + x1)) + 1863.5007615431641
Residual Differences:
-4044265.479991086 -4084128.8270671144 -4092373.81490412 -4123946.070797421 -4139712.225094535 -4276310.967597702 -4311410.63988636 -4345612.667233045 -4830079.44809181 -4858520.423212349 -4998479.072985878 -5112151.656227619 -5168705.276027057 -5187923.777297439 -5368928.340706556 -5419304.128224198 -5427448.242881044 -5479114.428231937 -5569779.897877149 -5761878.144216993

Equation: 1863.499175340286 + ((cos(x4) / x1) / (x4 + sin(x3)))
Residual Differences:
-4044265.469899622 -4084128.813610797 -4092373.804173739 -4123946.0593678458 -4139712.2138510994 -4276310.954442154 -4311410.6270122 -4345612.655776191 -4830079.433545576 -4858520.4096106235 -4998479.063917909 -5112151.646653634 -5168705.265439834 -5187923.766380385 -5368928.329125374 -5419304.116302729 -5427448.230687026 -5479114.414458029 -5569779.882598305 -5761878.128016156

Equation: (cos(x4 / 0.9202679894885034) / (x1 * x1)) + 1863.4728394904757
Residual Differences:
-4044265.522007285 -4084128.8591294335 -4092373.844368037 -4123946.094021091 -4139712.2465317477 -4276310.984834868 -4311410.656738368 -4345612.683863757 -4830079.459020391 -4858520.435548437 -4998479.084670137 -5112151.666257707 -5168705.284174355 -5187923.785039247 -5368928.346632947 -5419304.133109861 -5427448.246422421 -5479114.427586592 -5569779.893419282 -5761878.137463515

Equation: (cos(x4 / 0.3842414011793359) * 0.04028587127917295) + 1863.462912163835
Residual Differences:
-4044265.5188384084 -4084128.8873948753 -4092373.871984008 -4123946.1276294105 -4139712.2834177073 -4276311.007373249 -4311410.6786837885 -4345612.702964197 -4830079.434705275 -4858520.407235586 -4998479.060352323 -5112151.642779617 -5168705.264284592 -5187923.766097874 -5368928.337634174 -5419304.126770299 -5427448.242438625 -5479114.4239677135 -5569779.897818558 -5761878.151590717

Equation: (sin(0.04028587127917295) * cos(x4 / 0.3842414011793359)) + 1863.462912163835
Residual Differences:
-4044265.518819743 -4084128.8873753157 -4092373.8719660086 -4123946.1276157936 -4139712.2834044867 -4276311.007367134 -4311410.678678287 -4345612.702960987 -4830079.4347151425 -4858520.407249379 -4998479.060356824 -5112151.642784095 -5168705.264287406 -5187923.766100222 -5368928.337633243 -5419304.126768358 -5427448.2424359415 -5479114.42396389 -5569779.897811685 -5761878.1515804455

Equation: (cos(x4 / 0.3842414011793359) * sin(0.04028587127917295)) + (1863.462912163835 + (x2 / (1863.4636353555836 ^ x0)))
Residual Differences:
-4044265.5188197424 -4084128.8873753157 -4092373.871966008 -4123946.1276157936 -4139712.2834044867 -4276311.007367134 -4311410.678678287 -4345612.702960987 -4830079.4347151425 -4858520.407249379 -4998479.060356824 -5112151.642784095 -5168705.264287406 -5187923.766100222 -5368928.337633243 -5419304.126768358 -5427448.2424359415 -5479114.42396389 -5569779.897811685 -5761878.1515804455

Equation: (1863.4629121663684 + ((x4 ^ x2) / (1863.462912163835 ^ x0))) + (0.04027495890445693 * cos(x4 / 0.38424140956440334))
Residual Differences:
-4044265.518819721 -4084128.8873753017 -4092373.8719660053 -4123946.127615809 -4139712.283404504 -4276311.007367175 -4311410.678678329 -4345612.702961032 -4830079.434715187 -4858520.407249427 -4998479.0603568265 -5112151.642784092 -5168705.264287389 -5187923.766100203 -5368928.337633201 -5419304.126768312 -5427448.242435894 -5479114.423963844 -5569779.897811627 -5761878.151580383

Equation: (sin(0.04028585162487185) * cos(x4 / 0.38424140466698364)) + (1863.4629121622656 + ((x2 ^ x2) / (1863.462912163835 ^ x0)))
Residual Differences:
-4044265.5188197154 -4084128.887375291 -4092373.87196599 -4123946.1276157894 -4139712.2834044835 -4276311.007367149 -4311410.678678303 -4345612.702961007 -4830079.434715178 -4858520.407249421 -4998479.06035683 -5112151.642784099 -5168705.264287402 -5187923.766100218 -5368928.337633225 -5419304.126768337 -5427448.242435919 -5479114.423963867 -5569779.897811653 -5761878.151580407

Equation: (sin(sin(0.040295673068334266)) * cos(x4 / 0.38424155709171687)) + (1863.462911548714 + ((x2 ^ x2) / (446.7984443781782 ^ x0)))
Residual Differences:
-4044265.518819123 -4084128.887374738 -4092373.871965782 -4123946.127616362 -4139712.2834051284 -4276311.00736872 -4311410.678679953 -4345612.702962933 -4830079.434718 -4858520.407252623 -4998479.060357202 -5112151.642784343 -5168705.264287288 -5187923.766100025 -5368928.337632398 -5419304.126767373 -5427448.242434859 -5479114.423962741 -5569779.897810133 -5761878.15157853

Equation: x3
Residual Differences:
-2465701.9767538845 -2544371.4358328814 -2552484.3860484 -2568939.0666402727 -2579761.7632397152 -2591114.3482342097 -2871411.7633220865 -2913038.8539563403 -3046526.4569671215 -3054845.7324366467 -3158895.624884303 -3172339.2980721183 -3188396.064323408 -3203479.9328647205 -3293859.659036228 -3382456.0607066755 -3409111.611203035 -3485728.220721899 -3631817.4811780774 -3911769.807593461

Equation: x3 ^ x3
Residual Differences:
-9.222165394500471e+23 -9.585157648519184e+23 -1.1366377831319692e+24 -1.4840932211384973e+24 -1.63971012614901e+24 -1.9041352925269974e+24 -2.118615307936767e+24 -4.0891562807888705e+24 -6.103686069047156e+24 -1.576654417840631e+25 -2.0012928261774113e+25 -2.0122659422653573e+25 -2.482330188399359e+25 -4.589214264819459e+25 -4.897453746591119e+25 -5.962587129001939e+25 -6.450861961524277e+25 -1.244991865648604e+26 -3.696232106058083e+26 -8.681170118666319e+26

Equation: (x3 ^ x0) * x2
Residual Differences:
-1.3062501567569753e+25 -1.3261127541221481e+25 -2.0058964673180026e+25 -2.5947277643140805e+25 -4.887203284803496e+25 -5.160679916291215e+25 -5.437717464695466e+25 -8.627234398654532e+25 -1.1230729574508695e+26 -1.8850370269738157e+26 -2.2096480778283545e+26 -6.577846626429582e+26 -9.949866731624306e+26 -1.1789512203517741e+27 -1.7270893514710034e+27 -2.210935624274389e+27 -2.6705387548782323e+27 -4.896673192443326e+27 -1.1907522815939992e+28 -2.830044404218531e+28

Equation: x0 + 1627.6378881001742
Residual Differences:
-2463651.375079648 -2542350.3195781303 -2550681.225478496 -2567382.323083586 -2578283.7920070523 -2589711.9709326625 -2870437.455447104 -2912078.515073686 -3045569.232979572 -3054096.3781269668 -3158163.629685673 -3171957.1999620297 -3188256.3620924246 -3203479.471073267 -3293859.250009026 -3382455.6606528447 -3409111.16586926 -3485727.9050025 -3631817.3902438288 -3911769.6502049924

Equation: sin(x0) + 1632.3401485891525
Residual Differences:
-2463663.8105421504 -2542363.139315538 -2550694.4070536406 -2567396.168344221 -2578297.641872582 -2589725.8656317703 -2870451.358004359 -2912092.512521841 -3045583.2489917907 -3054110.5442438936 -3158177.8931298614 -3171971.580559196 -3188270.886604556 -3203493.496843598 -3293873.102965766 -3382469.520939128 -3409125.0530270343 -3485741.613141072 -3631830.9469868136 -3911783.4281625613

Equation: (x4 / x4) + 1630.6420006002272
Residual Differences:
-2463665.143195112 -2542364.2812863975 -2550695.4946072786 -2567397.008817542 -2578298.6852173884 -2589726.8941300176 -2870452.389076059 -2912093.598297184 -3045584.37824232 -3054111.6994246244 -3158179.039196503 -3171972.987860005 -3188272.3275101683 -3203495.204097554 -3293874.9370788694 -3382471.387602121 -3409126.940029404 -3485743.591580193 -3631832.921268339 -3911785.361064322

Equation: 1631.4839991893261 - (sin(x4) / x4)
Residual Differences:
-2463665.4702359103 -2542364.574111023 -2550695.7326623723 -2567397.2238727175 -2578298.8949774317 -2589727.096265375 -2870452.599049574 -2912093.8094110256 -3045584.593498693 -3054111.895782013 -3158179.2290314054 -3171973.1401410727 -3188272.479324353 -3203495.457074274 -3293875.1970566423 -3382471.6475977898 -3409127.1926027057 -3485743.8437601365 -3631833.1708999425 -3911785.602270096

Equation: 1631.8304004901909 - (cos(sin(x4)) / x0)
Residual Differences:
-2463665.145473743 -2542364.2638146337 -2550695.4507811475 -2567396.931123671 -2578298.6036943337 -2589726.807276816 -2870452.290905676 -2912093.4956976157 -3045584.2681190483 -3054111.5733947135 -3158178.8984209076 -3171972.8093115124 -3188272.1456008633 -3203495.089097188 -3293874.842257243 -3382471.2928856844 -3409126.8431874136 -3485743.4998713825 -3631832.8353140294 -3911785.273506811

Equation: 1631.3349856737602 + (x4 * 0.07551388796864447)
Residual Differences:
-2463664.1057976964 -2542363.2263131817 -2550694.4248694805 -2567395.9300077637 -2578297.6004227996 -2589725.8052430484 -2870451.2667393982 -2912092.4728027317 -3045583.2356052673 -3054110.5490475316 -3158177.871213441 -3171971.793139106 -3188271.131796908 -3203494.030074589 -3293873.780040112 -3382470.228087258 -3409125.787344601 -3485742.435592144 -3631831.7533748564 -3911784.1790352976

Equation: 1631.6940931944298 + (cos(x4) * 0.10141087611671917)
Residual Differences:
-2463665.03918777 -2542364.1768248407 -2550695.386648784 -2567396.8977909447 -2578298.573261436 -2589726.780758793 -2870452.285311987 -2912093.4963914063 -3045584.288037652 -3054111.603798953 -3158178.9514114903 -3171972.8773562275 -3188272.21673698 -3203495.102644362 -3293874.8704186548 -3382471.3445393112 -3409126.920138772 -3485743.5791188516 -3631832.9344065767 -3911785.408961324

Equation: (cos(x4) / (5.909041719269429 + x0)) + 1631.694156327003
Residual Differences:
-2463665.109676937 -2542364.245109142 -2550695.4528206447 -2567396.9602230927 -2578298.6357804304 -2589726.8429143904 -2870452.340119222 -2912093.5496544573 -3045584.333578866 -3054111.6486569666 -3158178.988422535 -3171972.913457166 -3188272.252393145 -3203495.139201098 -3293874.9029391217 -3382471.3688360476 -3409126.939629692 -3485743.5946979756 -3631832.936238968 -3911785.393097639

Equation: (cos(x4) / (x4 + (x0 / 0.6317891203054325))) + 1631.6943226610963
Residual Differences:
-2463665.143621771 -2542364.2749938946 -2550695.478002106 -2567396.98153309 -2578298.6564769405 -2589726.8630316444 -2870452.3574989187 -2912093.566275262 -3045584.3475347264 -3054111.661320112 -3158178.9980516513 -3171972.9214862864 -3188272.2601620182 -3203495.153252231 -3293874.914200413 -3382471.376647032 -3409126.944239786 -3485743.5979129924 -3631832.934787083 -3911785.385447248

Equation: 1631.6517372684784 + (-0.05774347595976082 * cos(x4 / 0.5363958663835035))
Residual Differences:
-2463665.121859738 -2542364.271071025 -2550695.4863846884 -2567397.000198925 -2578298.6788187274 -2589726.887493571 -2870452.4177068933 -2912093.6309978724 -3045584.4315174986 -3054111.746395733 -3158179.0954205315 -3171973.014335279 -3188272.3535228656 -3203495.2517997115 -3293875.0190236573 -3382471.485139903 -3409127.0491116997 -3485743.7024556883 -3631833.0322686746 -3911785.45990872

Equation: (sin(-0.05946974488178767) * cos(x4 / 0.539616919392255)) + 1631.653542787356
Residual Differences:
-2463665.1130410917 -2542364.2607464567 -2550695.4768894697 -2567396.990668292 -2578298.6686123325 -2589726.877145355 -2870452.4039868126 -2912093.6172756897 -3045584.4189062426 -3054111.734023862 -3158179.0852286126 -3171973.0044884374 -3188272.3437468912 -3203495.2403883287 -3293875.0101673133 -3382471.4798612716 -3409127.0464883414 -3485743.7013732055 -3631833.036554448 -3911785.4704730455

Equation: ((0.19424844749091058 * cos(x4)) + 1631.7035662384658) + ((0.07486249630515864 * cos(x4)) / cos(x4 + -0.6665422772704787))
Residual Differences:
-2463664.820264133 -2542363.975030748 -2550695.1933336915 -2567396.708343099 -2578298.387712102 -2589726.596822483 -2870452.1336473403 -2912093.3484039363 -3045584.161329968 -3054111.476921214 -3158178.8427407295 -3171972.7650724393 -3188272.1048854743 -3203495.001117851 -3293874.7837293036 -3382471.2769004884 -3409126.8561204136 -3485743.523194339 -3631832.9101121416 -3911785.4380233735

Equation: x3
Residual Differences:
-13144663.195433674 -13420142.6360127 -13560246.370610932 -13658695.078228297 -14423921.969636811 -14527526.278607534 -14541713.454712866 -14687955.851100253 -14741271.322500885 -15232838.478533633 -15492642.978373043 -15545895.481758762 -16395869.372082833 -16650307.269155018 -16750606.909068957 -16968435.372144345 -17236500.151627004 -17236718.07087283 -18280990.698542275 -18318631.940739766

Equation: x0 ^ x0
Residual Differences:
-3.752409521083797e+37 -1.6363894257012512e+38 -2.0538148775481134e+38 -2.5900097816705244e+38 -2.7965236568298366e+38 -3.3313239328197974e+38 -6.582772581391314e+38 -7.208012780677318e+38 -1.0100251738107983e+39 -1.440519449355334e+39 -2.3503166474840072e+39 -3.1314074007703067e+39 -5.140505024193262e+39 -7.790015699707148e+39 -9.142231236393173e+39 -1.1191087302374465e+40 -1.4517943389139142e+40 -2.7786459977586257e+40 -2.8378273016115955e+40 -5.705996502763392e+40

Equation: x1 * (x2 ^ x0)
Residual Differences:
-9.849579463771671e+38 -3.200805755626825e+39 -3.8552895796948184e+39 -4.779783092331596e+39 -5.458583215059121e+39 -6.590979613874007e+39 -1.3837921212993574e+40 -1.556868629575261e+40 -2.2840702906384425e+40 -3.025042309683374e+40 -4.609538813515312e+40 -6.437221875216876e+40 -9.445150053297272e+40 -1.6610898290145475e+41 -2.034607126591414e+41 -2.6024334981761777e+41 -3.865214273719916e+41 -7.06887099448709e+41 -7.461325181193102e+41 -1.6567435938407804e+42

Equation: 1664.6063226740787 + x4
Residual Differences:
-13142655.6822413 -13418368.240778776 -13558511.701262454 -13657303.135957854 -14422554.687136443 -14526214.610597229 -14540570.505028462 -14687301.095892878 -14740697.456888303 -15232336.537509277 -15492286.069118958 -15545895.763552561 -16395869.31198865 -16650307.333508177 -16750607.011357512 -16968435.422011506 -17236500.098695394 -17236718.140775587 -18280990.66035186 -18318632.00546879

Equation: cos(x4) + 1669.4703301118875
Residual Differences:
-13142675.868072674 -13418388.855075974 -13558532.398714362 -13657323.991637394 -14422576.467296652 -14526236.448809601 -14540592.360643672 -14687323.163255934 -14740719.558357293 -15232358.966933463 -15492308.718811175 -15545918.813401936 -16395892.888283132 -16650331.036876082 -16750630.789018609 -16968459.273813073 -17236524.1125151 -17236742.17092346 -18281015.109436616 -18318656.480865296

Equation: 1669.470219139564 + sin(cos(x4))
Residual Differences:
-13142675.723198563 -13418388.70306341 -13558532.24585161 -13657323.84157439 -14422576.372877792 -14526236.359170455 -14540592.272769388 -14687323.122670108 -14740719.522618921 -15232358.929143649 -15492308.67248407 -15545918.808887709 -16395892.83217325 -16650330.959274964 -16750630.700731322 -16968459.176683392 -17236523.996310033 -17236742.052049894 -18281014.952814113 -18318656.320215385

Equation: -86.3400178062647 * -19.335890794474317
Residual Differences:
-13142675.302495286 -13418388.172324322 -13558531.681274949 -13657323.23360585 -14422575.52543607 -14526235.499461846 -14540591.410581728 -14687322.346956084 -14740718.757834608 -15232358.042986339 -15492307.698834686 -15545918.7747599 -16395892.536995132 -16650330.50561901 -16750630.15148243 -16968458.59897333 -17236523.37461742 -17236741.266831707 -18281013.954884943 -18318655.20584458

Equation: 1669.4006972691207 + (x4 / 67.98269572712144)
Residual Differences:
-13142674.9919796 -13418387.857229656 -13558531.36546735 -13657322.916067878 -14422575.19700339 -14526235.170285374 -14540591.081159772 -14687322.012451805 -14740718.422596568 -15232357.704739729 -15492307.358760571 -15545918.436273655 -16395892.195363982 -16650330.164765937 -16750629.811099855 -16968458.258048903 -17236523.032237325 -17236740.926656082 -18281013.612231083 -18318654.864575744

Equation: (cos(x4) / 49.95403249117608) + 1669.4704368402906
Residual Differences:
-13142675.295621874 -13418388.167796552 -13558531.67744157 -13657323.230585063 -14422575.526095249 -14526235.500270905 -14540591.411405085 -14687322.345101735 -14740718.755664425 -15232358.043286918 -15492307.701057618 -15545918.775533453 -16395892.544027356 -16650330.51625393 -16750630.164244885 -16968458.612482548 -17236523.389388956 -17236741.28493018 -18281013.977997225 -18318655.231368463

Equation: 1669.470731775158 + (sin(cos(x4)) / 43.38028387811117)
Residual Differences:
-13142675.293458626 -13418388.1658242 -13558531.675554847 -13657323.228886016 -14422575.52623656 -14526235.500545112 -14540591.411722142 -14687322.34610311 -14740718.756729683 -15232358.044679297 -15492307.702544509 -15545918.775546612 -16395892.543799562 -16650330.516076662 -16750630.164143685 -16968458.612290673 -17236523.388948645 -17236741.284932517 -18281013.977889154 -18318655.231533002

Equation: x3
Residual Differences:
-437594.2721487617 -475963.38858638564 -494365.66616932926 -508348.80092656595 -510278.8497564301 -511801.3171471096 -530951.4690836276 -535578.3924631745 -555098.8405487977 -563849.0777536816 -571476.1782530257 -587229.3217783968 -601076.8477381158 -610733.8368891549 -637402.5164288756 -688883.4097097124 -718987.2736770288 -724015.0808830734 -756258.765767885 -760218.8627028612

Equation: x0 ^ x0
Residual Differences:
-386027236879003.56 -406829393161725.3 -457503557459073.44 -565475433038528.5 -2225930714116481.0 -2608317016561120.5 -3868338058259868.0 -4245886458850295.0 -4448506811701047.5 -7138896950997170.0 -7518889285982624.0 -1.349016232773047e+16 -2.0808840248382916e+16 -2.1486326395037452e+16 -2.3393505120966588e+16 -2.5355277682636092e+16 -6.5135863688268744e+16 -8.495885720749506e+16 -1.473149732251747e+17 -3.58371592751603e+17

Equation: x2 * (x4 ^ x1)
Residual Differences:
-4453467125519592.5 -1.1823529617378946e+16 -1.4714739952026034e+16 -1.504687404749184e+16 -2.1315484936935556e+16 -2.678846256507809e+16 -4.788286354259507e+16 -5.281989890619138e+16 -7.679679773917714e+16 -1.800393288128843e+17 -2.7166550442056976e+17 -3.5003229119816384e+17 -5.647467527794376e+17 -5.942140558867785e+17 -1.1649232730401946e+18 -1.5795394753743956e+18 -2.086487092937321e+18 -3.3375059751811866e+18 -3.993980089791515e+18 -4.241875051016019e+18

Equation: x3 - -1488.7751530304663
Residual Differences:
-435651.7492427008 -474225.07468032476 -492680.3800632683 -507033.598620505 -509306.2714503691 -510970.5420410487 -530132.7171775666 -535153.8739571136 -554697.3688427368 -563734.8680476208 -571476.1782530259 -587229.3217783967 -601076.8477381159 -610733.8368891549 -637402.5164288756 -688883.4097097124 -718987.2736770288 -724015.0808830734 -756258.765767885 -760218.8627028611

Equation: 1493.2933193568274 + sin(x3)
Residual Differences:
-435658.5497273109 -474232.044861321 -492687.51104635734 -507040.9719425509 -509313.85119330056 -510978.5030668029 -530140.7246929223 -535162.0326913358 -554705.6128190066 -563743.1884849538 -571484.8101674907 -587237.7091297181 -601085.0779148925 -610741.8106942739 -637410.2289266562 -688891.209203604 -718995.1029373623 -724023.478760231 -756267.0883867388 -760227.1779553749

Equation: 1491.8380136464232 + cos(cos(x2))
Residual Differences:
-435660.57817323954 -474234.0133123673 -492689.54319764423 -507042.98046689405 -509315.8847603645 -510980.2590609524 -530142.4610197172 -535163.774312515 -554707.345533618 -563744.7756855927 -571486.2230971887 -587239.3271949397 -601086.8365015085 -610743.653691283 -637412.1493225017 -688893.1392358576 -718997.1347682434 -724025.3708852039 -756268.9416840147 -760229.0220864713

Equation: -767.6209743533536 + 2260.2478606560294
Residual Differences:
-435660.26663905545 -474233.78097075166 -492689.3493334544 -507042.79909705516 -509315.7568539372 -510980.23596303305 -530142.4822209022 -535163.8179968933 -554707.3985067043 -563744.9414819368 -571486.4193626643 -587239.4953457833 -601086.9494387276 -610743.751103559 -637412.1904149118 -688893.1501240506 -718997.0175016393 -724025.1777846158 -756268.7519560035 -760228.8350798921

Equation: (sin(x1) / (x3 ^ x4)) + 1492.6312449309187
Residual Differences:
-435660.2558666237 -474233.77113722835 -492689.34222997085 -507042.79418121744 -509315.7516888495 -510980.229791312 -530142.4772225986 -535163.8144460119 -554707.394632191 -563744.9366529328 -571486.4171411388 -587239.4936799605 -601086.9480818923 -610743.7498773901 -637412.1896202863 -688893.1493240383 -718997.0167379923 -724025.1771124273 -756268.7513472527 -760228.834728885

Equation: 1492.6318126388594 + (sin(sin(x1)) / (x4 ^ x4))
Residual Differences:
-435660.2545640542 -474233.7699290561 -492689.341123813 -507042.7934849406 -509315.75055802916 -510980.2286331278 -530142.4759136845 -535163.8128967895 -554707.3929372472 -563744.934746645 -571486.4181816065 -587239.4941961229 -601086.9483426374 -610743.7499514598 -637412.1895503821 -688893.1492705924 -718997.0166604732 -724025.1770698554 -756268.7512513045 -760228.8347800237

Equation: (3.857314410640918 - -1488.8192122947419) - (0.1955020731104439 / x4)
Residual Differences:
-435660.2448335937 -474233.75712991087 -492689.32342395023 -507042.7731750909 -509315.7282835244 -510980.2042205094 -530142.4500957784 -535163.7855639737 -554707.3653557603 -563744.9064585922 -571486.388081931 -587239.4641512823 -601086.9184954361 -610743.7204523721 -637412.160761408 -688893.1203810598 -718996.9877809705 -724025.1486384312 -756268.722900247 -760228.8088357857

Equation: (1492.6691490894066 - (0.18998880350627412 / x4)) - (-0.001468312097142612 * x3)
Residual Differences:
-435660.2335866877 -474233.74566304823 -492689.3116292888 -507042.7610412977 -509315.71580605715 -510980.1915263274 -530142.4373079576 -535163.7725220103 -554707.3522083225 -563744.8932996886 -571486.3739269204 -587239.4500930129 -601086.9045356055 -610743.706759592 -637412.1473932229 -688893.1069178608 -718996.9743121347 -724025.1346349675 -756268.7090567949 -760228.7949333226

Equation: x2
Residual Differences:
-2594170.685654235 -2710848.793200336 -2912428.8034849768 -3098591.0676356284 -3112075.3243431062 -3169385.7137492117 -3201269.2855465114 -3261103.094887591 -3393509.8662909144 -3691191.150379578 -3741746.054119681 -3838884.5720351106 -3860053.0541378194 -3899070.7949196775 -3907937.72304503 -3975888.556658556 -3993499.1229122463 -4011343.2186897052 -4047106.0781139284 -4075357.397660692

Equation: x0 ^ x2
Residual Differences:
-1.9581852502070865e+24 -3.793745751068908e+24 -5.169750030662498e+24 -7.467524453808494e+24 -1.348715345268232e+25 -1.815269822407329e+25 -2.1377840115408282e+25 -3.4930876078680404e+25 -4.348560221101305e+25 -1.0204230270268977e+26 -1.8958072416425174e+26 -2.5130784201210265e+26 -2.824347850256279e+26 -3.314804545063757e+26 -5.272473130689773e+26 -6.230658297958113e+26 -8.393239764013588e+26 -1.586790085583313e+27 -2.1632339208693003e+27 -3.4694913199225404e+27

Equation: (x4 ^ x0) * x1
Residual Differences:
-2.9791933058847403e+25 -3.4511387094708965e+25 -1.0308634319245543e+26 -2.683792791168818e+26 -3.251489030343531e+26 -4.731020311349906e+26 -7.93760891175074e+26 -9.097997676477702e+26 -1.1518606998214775e+27 -1.8436911751949864e+27 -4.619133950138541e+27 -7.213870172955203e+27 -8.589243803969398e+27 -1.0046033276620831e+28 -1.11811658141717e+28 -1.4150800868897516e+28 -3.053325534988856e+28 -3.7298654166907663e+28 -5.508668977174157e+28 -6.346602433911436e+28

Equation: x4 + 953.5816227126678
Residual Differences:
-2593260.377314109 -2709973.562235847 -2911588.6971878773 -3097758.9796201456 -3111409.7032840312 -3168721.472347268 -3200887.318577903 -3260954.610628961 -3393396.581241566 -3691163.625642394 -3741721.4005620135 -3838883.553700378 -3860052.042686248 -3899069.853369115 -3907936.964002763 -3975887.9669063846 -3993498.4170942446 -4011342.657439333 -4047105.5865343134 -4075357.1770672775

Equation: 957.9530443436516 + cos(x4)
Residual Differences:
-2593273.592997771 -2709986.9430010966 -2911602.551935824 -3097773.3027188773 -3111424.200005466 -3168736.074026682 -3200902.070747135 -3260969.501230238 -3393411.8780311723 -3691179.5737907514 -3741737.5312534706 -3838899.6921243602 -3860068.260018863 -3899086.054512064 -3907953.124583684 -3975904.220293423 -3993514.7232871302 -4011359.0139956325 -4047122.068827702 -4075373.716626193

Equation: (x0 - x0) + 957.1197164626126
Residual Differences:
-2593275.2629361153 -2709988.5902399844 -2911604.0838572658 -3097774.667566446 -3111425.5285936687 -3168737.3764089276 -3200903.3171424624 -3260970.726629804 -3393412.9438609667 -3691180.3408890236 -3741738.211091171 -3838900.439639355 -3860068.9346349533 -3899086.7069694297 -3907953.687732733 -3975904.489081381 -3993514.9515463198 -4011359.003760347 -4047121.9080883837 -4075373.3177245613

Equation: 956.9636595970431 - (-0.04410761179737721 * x4)
Residual Differences:
-2593274.6063668784 -2709987.9273906117 -2911603.4051880254 -3097773.975608601 -3111424.8305770545 -3168736.67491875 -3200902.611483987 -3260970.015791495 -3393412.222144902 -3691179.6036194144 -3741737.469618877 -3838899.694840914 -3860068.189571437 -3899085.96359737 -3907952.950088944 -3975903.7603277 -3993514.2222511265 -4011358.2827631654 -4047121.188183613 -4075372.6057987157

Equation: (sin(-0.13838991924654795) * cos(sin(x4))) + 957.24175271865
Residual Differences:
-2593275.2930068816 -2709988.6175925154 -2911604.0983040864 -3097774.66545127 -3111425.523042471 -3168737.368039505 -3200903.304103053 -3260970.7096419754 -3393412.9158984465 -3691180.3039519517 -3741738.173771184 -3838900.3935279893 -3860068.8919731867 -3899086.6666721394 -3907953.656038685 -3975904.4764815513 -3993514.940661105 -4011359.004139759 -4047121.9138013255 -4075373.3276019567

Equation: x3
Residual Differences:
-6988978104.36261 -7028196945.019148 -7056080930.977798 -7098736022.382959 -7105724040.863232 -7150187720.974833 -7160009111.782746 -7170415791.335687 -7247554402.0835495 -7272113689.015067 -7274293815.106404 -7287115555.404208 -7353805368.699263 -7370965511.830623 -7464304152.308661 -7524954985.535687 -7538741283.7699585 -7539203550.542348 -7571778792.337353 -7669056965.889022

Equation: x2 ^ x3
Residual Differences:
-2.448930869432518e+182 -3.523690699517772e+182 -6.893030033063539e+182 -7.669011648451496e+182 -8.36388092685565e+182 -2.996841400063848e+183 -3.578850654978943e+183 -5.026807123431745e+183 -6.278405207838378e+183 -8.734882433328645e+183 -1.0878581233074526e+184 -1.5315112691378128e+184 -1.8830283722133122e+184 -2.9241232872717755e+184 -7.043487110196902e+184 -1.3184405662994642e+185 -3.2495665841420265e+185 -7.154436399423888e+185 -8.985383193767816e+185 -4.964032236551847e+186

Equation: 1341.9320893818203 - x0
Residual Differences:
-6988976611.490222 -7028195734.345653 -7056079722.651097 -7098735135.534824 -7105723354.144392 -7150187078.455185 -7160008589.394646 -7170415320.335363 -7247553962.880604 -7272113449.963268 -7274293849.090363 -7287115679.852203 -7353805547.084157 -7370965690.267527 -7464304330.762681 -7524955164.065996 -7538741462.458445 -7539203729.381795 -7571778971.226171 -7669057144.988332

Equation: 1338.4726304225833 + sin(x0)
Residual Differences:
-6988976523.604665 -7028195646.412281 -7056079634.599076 -7098735047.400148 -7105723265.664684 -7150186989.907367 -7160008500.635542 -7170415231.507221 -7247553873.922936 -7272113360.445239 -7274293759.371338 -7287115589.904179 -7353805456.921997 -7370965600.0198965 -7464304240.582808 -7524955073.802808 -7538741372.129741 -7539203638.913937 -7571778880.528255 -7669057054.299802

Equation: 1337.697433131805 + (x2 - x2)
Residual Differences:
-6988976524.067566 -7028195646.576097 -7056079634.763667 -7098735047.40942 -7105723265.696838 -7150186989.958723 -7160008500.668247 -7170415231.440799 -7247553873.779012 -7272113360.432952 -7274293759.43695 -7287115590.039853 -7353805457.62875 -7370965600.806738 -7464304241.399739 -7524955074.679261 -7538741373.044659 -7539203639.9069195 -7571778881.649414 -7669057055.488886

Equation: cos(cos(x4) / x4) + 1336.7248760194718
Residual Differences:
-6988976524.065575 -7028195646.57363 -7056079634.756908 -7098735047.402352 -7105723265.689454 -7150186989.950069 -7160008500.658489 -7170415231.421077 -7247553873.75134 -7272113360.4051285 -7274293759.405891 -7287115590.008037 -7353805457.607515 -7370965600.794659 -7464304241.389113 -7524955074.670734 -7538741373.0372305 -7539203639.90684 -7571778881.649451 -7669057055.488118

Equation: (0.05164811253297935 * x4) + 1337.5030267310244
Residual Differences:
-6988976519.501906 -7028195642.004105 -7056079630.181023 -7098735042.819787 -7105723261.106123 -7150186985.3604555 -7160008496.066623 -7170415226.826872 -7247553869.145381 -7272113355.795799 -7274293754.795913 -7287115585.396092 -7353805452.978476 -7370965596.166197 -7464304236.749043 -7524955070.023737 -7538741368.38955 -7539203635.275111 -7571778877.018844 -7669057050.854641

Equation: (sin(cos(x4)) / (x4 * x4)) + 1337.7488275428384
Residual Differences:
-6988976524.055106 -7028195646.562608 -7056079634.742694 -7098735047.387961 -7105723265.674905 -7150186989.934942 -7160008500.642934 -7170415231.403182 -7247553873.732139 -7272113360.385893 -7274293759.38603 -7287115589.988007 -7353805457.579798 -7370965600.770482 -7464304241.365824 -7524955074.64902 -7538741373.016508 -7539203639.903287 -7571778881.650579 -7669057055.496965

Equation: 1336.7421994359393 + cos(cos(x4) / -2.5721789090043514)
Residual Differences:
-6988976524.05508 -7028195646.567658 -7056079634.758601 -7098735047.411571 -7105723265.699676 -7150186989.96873 -7160008500.680384 -7170415231.445762 -7247553873.789965 -7272113360.448336 -7274293759.447987 -7287115590.052201 -7353805457.645583 -7370965600.842185 -7464304241.44644 -7524955074.731649 -7538741373.099342 -7539203639.9807625 -7571778881.722354 -7669057055.549786

Equation: (sin(25.37921948986152 / x4) * sin(cos(2429.9759576522647))) + 1337.712765972142
Residual Differences:
-6988976524.090155 -7028195646.599695 -7056079634.791199 -7098735047.43699 -7105723265.724441 -7150186989.986248 -7160008500.695488 -7170415231.459787 -7247553873.787222 -7272113360.440921 -7274293759.439888 -7287115590.041558 -7353805457.623829 -7370965600.818522 -7464304241.41443 -7524955074.698393 -7538741373.066242 -7539203639.952364 -7571778881.698422 -7669057055.542325

Equation: x0
Residual Differences:
-265408560.68235037 -268049169.86807218 -274610288.6938016 -277088178.28835905 -277303836.40136683 -286249862.8668151 -293699491.4824659 -296404131.67603135 -298324647.5673788 -302126471.9406917 -303289045.6584722 -303526390.5258229 -309100857.3266598 -309333556.34257466 -310212313.344796 -310381371.70111495 -312972524.0816735 -313005206.15127563 -314764317.88528943 -320527622.29781157

Equation: x0 ^ x0
Residual Differences:
-3.1241245138697124e+81 -3.316187115943453e+81 -6.039276023039181e+81 -9.29242608691618e+81 -1.2501347076685391e+82 -1.8306507703585935e+82 -2.1118864661501364e+82 -3.23924618774019e+82 -5.0064746122025955e+82 -5.1247302680223444e+82 -7.819673778209605e+82 -2.83260876618952e+83 -3.1018563275910425e+83 -4.929469732543031e+83 -5.159968582164095e+83 -5.71877081350682e+83 -6.24466775301599e+83 -1.00281742601334e+84 -3.0202893571240226e+84 -4.657030970300677e+84

Equation: (x0 ^ x0) + x4
Residual Differences:
-3.1241245138697124e+81 -3.316187115943453e+81 -6.039276023039181e+81 -9.29242608691618e+81 -1.2501347076685391e+82 -1.8306507703585935e+82 -2.1118864661501364e+82 -3.23924618774019e+82 -5.0064746122025955e+82 -5.1247302680223444e+82 -7.819673778209605e+82 -2.83260876618952e+83 -3.1018563275910425e+83 -4.929469732543031e+83 -5.159968582164095e+83 -5.71877081350682e+83 -6.24466775301599e+83 -1.00281742601334e+84 -3.0202893571240226e+84 -4.657030970300677e+84

Equation: 1663.3406804791434 - x3
Residual Differences:
-265406599.18359295 -268047226.7904079 -274608585.7282897 -277086743.2064667 -277302425.8006924 -286248842.9148147 -293698523.940685 -296403178.5482534 -298323787.11072177 -302126230.1906054 -303289133.89646906 -303526480.40151536 -309100947.14726406 -309333646.26695734 -310212403.1474046 -310381461.45386785 -312972613.6632552 -313005295.77227646 -314764407.7469421 -320527712.24633056

Equation: sin(x3) + 1659.912493369033
Residual Differences:
-265406555.60653675 -268047183.20635715 -274608542.1080806 -277086699.41122603 -277302381.92784494 -286248798.9381904 -293698479.64584297 -296403134.2256563 -298323742.6132812 -302126185.6005648 -303289089.2540746 -303526435.21876734 -309100901.95950574 -309333600.8717828 -310212357.5391617 -310381415.86196214 -312972568.1641367 -313005250.2904489 -314764362.10382414 -320527666.4955643

Equation: (x3 / x3) - -1658.1315929791454
Residual Differences:
-265406556.0746253 -268047183.65207502 -274608542.3590334 -277086699.3872445 -277302381.83808595 -286248798.8307037 -293698479.5078989 -296403134.0844773 -298323742.4324663 -302126185.43685275 -303289089.0286182 -303526435.294494 -309100902.1056694 -309333601.1342364 -310212358.0045836 -310381416.3595845 -312972568.6770934 -313005250.83232117 -314764362.7574972 -320527667.2177388

Equation: 1658.9806788514786 - (sin(x4) / x4)
Residual Differences:
-265406556.35017622 -268047183.92651898 -274608542.63167614 -277086699.58893013 -277302382.0210383 -286248799.00486255 -293698479.6832559 -296403134.2165695 -298323742.5495955 -302126185.5483941 -303289089.1042685 -303526435.4950353 -309100902.31184214 -309333601.3405791 -310212358.2096401 -310381416.5555397 -312972568.8733916 -313005251.02681756 -314764362.94616693 -320527667.4082344

Equation: 1659.3102088523176 - (cos(sin(x4)) / x3)
Residual Differences:
-265406556.02575707 -268047183.60117942 -274608542.2919825 -277086699.29385406 -277302381.73504406 -286248798.72443247 -293698479.39855516 -296403133.95319504 -298323742.28550494 -302126185.2849746 -303289088.8337126 -303526435.1681807 -309100901.99394655 -309333601.024321 -310212357.90306205 -310381416.2598245 -312972568.58071107 -313005250.7374488 -314764362.6622493 -320527667.12361884

Equation: (x4 * 0.07635092503667336) - -1658.8223459643077
Residual Differences:
-265406552.7721993 -268047180.34274668 -274608539.03040713 -277086696.0343139 -277302378.47847974 -286248795.44403046 -293698476.1013449 -296403130.6542577 -298323738.98993015 -302126181.98198336 -303289085.5399663 -303526431.8441781 -309100898.6561321 -309333597.6842752 -310212354.5612757 -310381412.93037534 -312972565.2431621 -313005247.3988616 -314764359.32743764 -320527663.7742336

Equation: (0.10481310506827413 * cos(x4)) - -1659.1847541867924
Residual Differences:
-265406556.12407973 -268047183.69314736 -274608542.3749363 -277086699.3918835 -277302381.8390056 -286248798.797351 -293698479.449251 -296403134.00651175 -298323742.34273505 -302126185.3347039 -303289088.8896164 -303526435.1783396 -309100901.9964143 -309333601.02490604 -310212357.90544116 -310381416.2806262 -312972568.5959361 -313005250.7533342 -314764362.6852851 -320527667.1418481

Equation: (0.250822012881569 * cos(cos(x4))) - -1658.9339257517947
Residual Differences:
-265406556.11265737 -268047183.68144342 -274608542.37141234 -277086699.3895299 -277302381.8353757 -286248798.8307269 -293698479.52819926 -296403134.0946082 -298323742.43965024 -302126185.451656 -303289089.0071608 -303526435.3418556 -309100902.1829817 -309333601.21291447 -310212358.0896777 -310381416.4458596 -312972568.76997125 -313005250.92624515 -314764362.8504004 -320527667.3209269

Equation: (sin(0.25352931449144656) * cos(cos(x4))) - -1658.9339257549516
Residual Differences:
-265406556.11265737 -268047183.68144342 -274608542.37141234 -277086699.3895299 -277302381.8353757 -286248798.830727 -293698479.52819926 -296403134.0946082 -298323742.43965024 -302126185.451656 -303289089.0071608 -303526435.3418556 -309100902.1829817 -309333601.21291447 -310212358.0896777 -310381416.4458596 -312972568.76997125 -313005250.92624515 -314764362.8504004 -320527667.3209269

Equation: ((0.0387401960958173 * x4) * cos(cos(x4))) - -1659.0036476547125
Residual Differences:
-265406554.61407742 -268047182.12388393 -274608540.6945811 -277086697.6934967 -277302380.1375527 -286248797.15811545 -293698477.98128927 -296403132.6125875 -298323741.0061302 -302126184.10203683 -303289087.7002092 -303526434.026882 -309100900.985857 -309333600.02298635 -310212356.9182107 -310381415.2928686 -312972567.66299635 -313005249.8346522 -314764361.78099704 -320527666.3262643

Equation: (-0.0580828887065574 * cos(x4 * 1.9115685872163266)) - -1659.1345494316013
Residual Differences:
-265406556.0941811 -268047183.68045127 -274608542.41476583 -277086699.45038825 -277302381.8999483 -286248798.92013156 -293698479.6101689 -296403134.17316526 -298323742.5123377 -302126185.50966763 -303289089.05729365 -303526435.3714955 -309100902.18891746 -309333601.2170999 -310212358.09350455 -310381416.4557831 -312972568.76688874 -313005250.92022157 -314764362.84225976 -320527667.28134894

Equation: (cos(1.9115764788541134 * x4) * sin(sin(-0.058145196764867756))) - -1659.1345485531747
Residual Differences:
-265406556.09420046 -268047183.68047193 -274608542.41478676 -277086699.4504076 -277302381.8999674 -286248798.9201423 -293698479.6101692 -296403134.17316175 -298323742.51233155 -302126185.509657 -303289089.057283 -303526435.37148404 -309100902.1888993 -309333601.2170814 -310212358.09348464 -310381416.4557616 -312972568.7668654 -313005250.92019755 -314764362.84223473 -320527667.2813224

Equation: 1659.0854968556894 + ((sin(x4) / (1.8298416746096293 * x4)) * sin(x4 - 0.48729633612110934))
Residual Differences:
-265406556.1634088 -268047183.73994216 -274608542.4445642 -277086699.47924113 -277302381.92817605 -286248798.91806954 -293698479.5958171 -296403134.15718704 -298323742.49600685 -302126185.4960965 -303289089.0429746 -303526435.3629011 -309100902.191532 -309333601.22061443 -310212358.0982689 -310381416.45958596 -312972568.7780474 -313005250.93359244 -314764362.85825604 -320527667.3199002

Equation: x4
Residual Differences:
-4046641.564838931 -4085597.814276059 -4093665.8967530527 -4124911.953897366 -4140561.4426485593 -4277116.282027578 -4312074.479937579 -4346240.94272957 -4830604.144036757 -4858628.713765261 -4998461.8431426175 -5112134.373535099 -5168687.957508037 -5187906.45751053 -5368910.909636317 -5419286.695898714 -5427430.8125573415 -5479097.101110107 -5569762.554877261 -5761860.742979848

Equation: x4 ^ x4
Residual Differences:
-1.6993492285776358e+27 -2.030075163770384e+27 -2.6129632258438765e+27 -2.9576606883956243e+27 -3.0350721917372765e+27 -6.119868324363098e+27 -6.533581154285002e+27 -6.882354154368576e+27 -4.9213851350081355e+28 -5.008616023600078e+28 -9.960025014751737e+28 -1.2386327215945068e+29 -1.7751849718422856e+29 -1.898069795830081e+29 -3.656529641025322e+29 -4.101119380301992e+29 -4.444922401973453e+29 -4.517716511667593e+29 -7.410619870634484e+29 -1.336341514660588e+30

Equation: x4 * (x2 ^ x3)
Residual Differences:
-1.175519368532821e+28 -1.538566982375322e+28 -3.1876366007952907e+28 -3.294242467747543e+28 -5.1156730287067635e+28 -6.620794015584169e+28 -9.868719064264382e+28 -1.223585119771802e+29 -1.5598101045302107e+29 -2.035028500787361e+29 -3.460990449884741e+29 -5.0148803927631756e+29 -5.9525658791293335e+29 -9.648266775677039e+29 -1.2205492985812837e+30 -3.883594239498406e+30 -6.34073016727532e+30 -8.86378235005746e+30 -1.3255192970546159e+31 -2.1912705066334676e+31

Equation: x4 + 1859.16035093429
Residual Differences:
-4044249.978537062 -4084112.9389741905 -4092357.819651184 -4123929.8535954976 -4139695.99334669 -4276294.4587257095 -4311394.10983571 -4345596.060427701 -4830062.309934889 -4858503.152063393 -4998461.843142618 -5112134.373535099 -5168687.957508037 -5187906.457510529 -5368910.909636317 -5419286.695898714 -5427430.812557341 -5479097.101110107 -5569762.554877261 -5761860.742979849

Equation: 1862.6273044517748 - sin(x4)
Residual Differences:
-4044267.8454143326 -4084130.8703937996 -4092375.8011501925 -4123947.9101235894 -4139714.0575670074 -4276312.656862384 -4311412.317820256 -4345614.306845632 -4830080.700622509 -4858521.62897189 -4998480.335058115 -5112152.866204638 -5168706.407363308 -5187924.894174422 -5368929.301373685 -5419305.061809068 -5427449.156967992 -5479115.331516617 -5569780.6629553875 -5761878.747378514

Equation: 1863.470732184435 - (x2 - x2)
Residual Differences:
-4044265.434187524 -4084128.7994405595 -4092373.789796694 -4123946.0616451795 -4139712.2188969157 -4276310.969126559 -4311410.642706473 -4345612.675451584 -4830079.455547298 -4858520.442593372 -4998479.076995962 -5112151.659343243 -5168705.274688914 -5187923.774779978 -5368928.334190447 -5419304.119591236 -5427448.232515679 -5479114.40983621 -5569779.872404421 -5761878.113614034

Equation: 946.2058466665891 + 917.2648855177097
Residual Differences:
-4044265.4341875245 -4084128.7994405604 -4092373.7897966946 -4123946.0616451805 -4139712.2188969166 -4276310.969126559 -4311410.642706474 -4345612.675451584 -4830079.455547298 -4858520.442593372 -4998479.076995962 -5112151.659343243 -5168705.274688914 -5187923.774779977 -5368928.334190447 -5419304.119591236 -5427448.232515679 -5479114.40983621 -5569779.872404421 -5761878.113614034

Equation: 1863.7051324306767 - (x3 / (x4 * x3))
Residual Differences:
-4044265.3093667547 -4084128.6460255682 -4092373.6329165385 -4123945.8910177476 -4139712.047561975 -4276310.790655255 -4311410.463827938 -4345612.492540486 -4830079.268991705 -4858520.2484625 -4998478.89909316 -5112151.481402415 -5168705.099374528 -5187923.60022524 -5368928.161849853 -5419303.94855473 -5427448.062529006 -5479114.245052543 -5569779.71220418 -5761877.9568714965

Equation: (cos(x4) / (x1 * x4)) + 1863.4940663598522
Residual Differences:
-4044265.480965244 -4084128.824181725 -4092373.811027999 -4123946.066824976 -4139712.2205071836 -4276310.961785578 -4311410.633782815 -4345612.661937452 -4830079.439265716 -4858520.416861986 -4998479.066111605 -5112151.649170995 -5168705.267565973 -5187923.768478538 -5368928.330551075 -5419304.117389939 -5427448.231491991 -5479114.413934317 -5569779.880937917 -5761878.1254741

Equation: (0.07896154217364176 * cos(x4)) + 1863.4985234671515
Residual Differences:
-4044265.4766375767 -4084128.8336444073 -4092373.8264672616 -4123946.0893952674 -4139712.246444686 -4276311.001655388 -4311410.675876175 -4345612.70479185 -4830079.506362613 -4858520.483348258 -4998479.133223119 -5112151.716794946 -5168705.337869254 -5187923.839410634 -5368928.40365863 -5419304.191240882 -5427448.3059086315 -5479114.492296455 -5569779.962348288 -5761878.207536848

Equation: (cos(x4) / ((x4 + x1) + x1)) + 1863.5007615431641
Residual Differences:
-4044265.479991086 -4084128.8270671144 -4092373.81490412 -4123946.070797421 -4139712.225094535 -4276310.967597702 -4311410.63988636 -4345612.667233045 -4830079.44809181 -4858520.423212349 -4998479.072985878 -5112151.656227619 -5168705.276027057 -5187923.777297439 -5368928.340706556 -5419304.128224198 -5427448.242881044 -5479114.428231937 -5569779.897877149 -5761878.144216993

Equation: 1863.499175340286 + ((cos(x4) / x1) / (x4 + sin(x3)))
Residual Differences:
-4044265.469899622 -4084128.813610797 -4092373.804173739 -4123946.0593678458 -4139712.2138510994 -4276310.954442154 -4311410.6270122 -4345612.655776191 -4830079.433545576 -4858520.4096106235 -4998479.063917909 -5112151.646653634 -5168705.265439834 -5187923.766380385 -5368928.329125374 -5419304.116302729 -5427448.230687026 -5479114.414458029 -5569779.882598305 -5761878.128016156

Equation: (cos(x4 / 0.9202679894885034) / (x1 * x1)) + 1863.4728394904757
Residual Differences:
-4044265.522007285 -4084128.8591294335 -4092373.844368037 -4123946.094021091 -4139712.2465317477 -4276310.984834868 -4311410.656738368 -4345612.683863757 -4830079.459020391 -4858520.435548437 -4998479.084670137 -5112151.666257707 -5168705.284174355 -5187923.785039247 -5368928.346632947 -5419304.133109861 -5427448.246422421 -5479114.427586592 -5569779.893419282 -5761878.137463515

Equation: (cos(x4 / 0.3842414011793359) * 0.04028587127917295) + 1863.462912163835
Residual Differences:
-4044265.5188384084 -4084128.8873948753 -4092373.871984008 -4123946.1276294105 -4139712.2834177073 -4276311.007373249 -4311410.6786837885 -4345612.702964197 -4830079.434705275 -4858520.407235586 -4998479.060352323 -5112151.642779617 -5168705.264284592 -5187923.766097874 -5368928.337634174 -5419304.126770299 -5427448.242438625 -5479114.4239677135 -5569779.897818558 -5761878.151590717

Equation: (sin(0.04028587127917295) * cos(x4 / 0.3842414011793359)) + 1863.462912163835
Residual Differences:
-4044265.518819743 -4084128.8873753157 -4092373.8719660086 -4123946.1276157936 -4139712.2834044867 -4276311.007367134 -4311410.678678287 -4345612.702960987 -4830079.4347151425 -4858520.407249379 -4998479.060356824 -5112151.642784095 -5168705.264287406 -5187923.766100222 -5368928.337633243 -5419304.126768358 -5427448.2424359415 -5479114.42396389 -5569779.897811685 -5761878.1515804455

Equation: (cos(x4 / 0.3842414011793359) * sin(0.04028587127917295)) + (1863.462912163835 + (x2 / (1863.4636353555836 ^ x0)))
Residual Differences:
-4044265.5188197424 -4084128.8873753157 -4092373.871966008 -4123946.1276157936 -4139712.2834044867 -4276311.007367134 -4311410.678678287 -4345612.702960987 -4830079.4347151425 -4858520.407249379 -4998479.060356824 -5112151.642784095 -5168705.264287406 -5187923.766100222 -5368928.337633243 -5419304.126768358 -5427448.2424359415 -5479114.42396389 -5569779.897811685 -5761878.1515804455

Equation: (1863.4629121663684 + ((x4 ^ x2) / (1863.462912163835 ^ x0))) + (0.04027495890445693 * cos(x4 / 0.38424140956440334))
Residual Differences:
-4044265.518819721 -4084128.8873753017 -4092373.8719660053 -4123946.127615809 -4139712.283404504 -4276311.007367175 -4311410.678678329 -4345612.702961032 -4830079.434715187 -4858520.407249427 -4998479.0603568265 -5112151.642784092 -5168705.264287389 -5187923.766100203 -5368928.337633201 -5419304.126768312 -5427448.242435894 -5479114.423963844 -5569779.897811627 -5761878.151580383

Equation: (sin(0.04028585162487185) * cos(x4 / 0.38424140466698364)) + (1863.4629121622656 + ((x2 ^ x2) / (1863.462912163835 ^ x0)))
Residual Differences:
-4044265.5188197154 -4084128.887375291 -4092373.87196599 -4123946.1276157894 -4139712.2834044835 -4276311.007367149 -4311410.678678303 -4345612.702961007 -4830079.434715178 -4858520.407249421 -4998479.06035683 -5112151.642784099 -5168705.264287402 -5187923.766100218 -5368928.337633225 -5419304.126768337 -5427448.242435919 -5479114.423963867 -5569779.897811653 -5761878.151580407

Equation: (sin(sin(0.040295673068334266)) * cos(x4 / 0.38424155709171687)) + (1863.462911548714 + ((x2 ^ x2) / (446.7984443781782 ^ x0)))
Residual Differences:
-4044265.518819123 -4084128.887374738 -4092373.871965782 -4123946.127616362 -4139712.2834051284 -4276311.00736872 -4311410.678679953 -4345612.702962933 -4830079.434718 -4858520.407252623 -4998479.060357202 -5112151.642784343 -5168705.264287288 -5187923.766100025 -5368928.337632398 -5419304.126767373 -5427448.242434859 -5479114.423962741 -5569779.897810133 -5761878.15157853

