Complexity,Loss,Equation
1,1.0266541685651738,"0.009307279070433425"
2,0.5145009447148395,"sin(x0)"
4,0.5144470816789913,"sin(x0 / 0.9998173905379201)"
5,0.5023041639905296,"sin(square(x0) + x0)"
6,0.2983558204429372,"sin(x0 + sin(square(x0)))"
7,0.2891341658798892,"sin(sin(sin(square(x0))) + x0)"
8,6.502758012477672e-33,"sin(x0) + sin(x0 + square(x0))"
