Complexity,Loss,Equation
1,1.0219523685602063,"0.005993683306238118"
2,0.5104878370116502,"sin(x0)"
3,0.5023041639905296,"sin(square(x0))"
5,0.5022627468511919,"sin(square(x0)) / 0.9910730517751171"
6,7.032196154189724e-33,"sin(x0) + sin(square(x0))"
7,6.690150996066551e-33,"sin(x0 * x0) + sin(x0)"
