Equation: x4
Residuals:
256.6705 302.6808 355.01869999999997 414.31419999999997 481.2377 556.5803999999999 640.9489 735.2131999999999 840.2183 956.8561 1086.0664000000002 1228.8385 1386.2123000000001 1559.2793 1749.1843000000001 1957.3418 2184.5956 2432.4543000000003 2702.2876 2995.5249

Equation: x0 ^ x0
Residuals:
232.75130000000001 272.4317840113833 316.7717715959693 365.9426775264222 420.0242650078526 479.02734369665 542.6043901833308 610.334134474099 681.4042429387326 754.5516458990462 827.9090017919789 898.8023448956536 963.482598808377 1016.769689727214 1051.581075993239 1058.2934144515993 1023.9043167054356 930.9798523472291 756.1040012831197 467.9206799655981

Equation: (x0 ^ x0) + x2
Residuals:
229.7109 269.2903840113833 313.5293715959693 362.59927752642216 416.5798650078526 475.48184369665 538.9578901833307 606.5866344740989 677.5557429387326 750.6021458990461 823.8585017919789 894.6508448956536 959.2300988083771 1012.4161897272139 1047.126575993239 1053.7378144515992 1019.2477167054356 926.2222523472292 751.2454012831197 462.96107996559795

Equation: x4 + 1168.7237224918651
Residuals:
912.0532224918651 866.0429224918653 813.7050224918651 754.4095224918652 687.486022491865 612.1433224918652 527.774822491865 433.51052249186523 328.50542249186503 211.86762249186518 82.65732249186499 60.11477750813492 217.488577508135 390.5555775081348 580.460577508135 788.6180775081348 1015.8718775081352 1263.730577508135 1533.563877508135 1826.8011775081347

Equation: 1172.098237466676 - sin(x4)
Residuals:
912.2861822518759 866.2758339805569 813.9374760130531 754.6400835916655 687.7122465791235 612.3617700472493 527.9811183529941 433.69938009133375 328.67070357335103 212.00239967327116 82.75394987149161 60.064586422026196 217.4936653386535 390.62525288281654 580.6045201823272 788.8463280881194 1016.194480941346 1264.1577249189666 1534.1057238995877 1827.4677382586608

Equation: 1173.8162661982803 - (x4 / x0)
Residuals:
913.038032864947 866.9276100873485 814.4895319696732 755.0938035885316 688.0700294180217 612.6269140742326 528.1580597203679 433.7933701852244 328.68784826807894 211.94959647890755 82.63881707481687 60.233787908892964 217.7081166321368 390.8756674271863 580.8812387789517 789.1394289115708 1016.4938373760885 1264.4531626069434 1534.3871035497584 1827.7250592367498

Equation: 1172.5501481842696 + ((x4 - x1) * x3)
Residuals:
912.9843205442695 866.8791411442696 814.4463617442696 755.0559823442696 688.0376029442696 612.5999296042697 528.1365502042695 433.7773708042696 328.67739140426954 211.9447120042696 82.63953260426956 60.22744679573043 217.69612619573036 390.85800559573045 580.8578849957305 789.1103583357303 1016.4590377357306 1264.4126171357304 1534.3407965357303 1827.6729759357304

Equation: (cos(x4) * (x4 - x0)) + 1172.8381830360813
Residuals:
913.0062322982711 866.8948483391637 814.4566872548301 755.0617415139976 688.0395952751419 612.5989280206321 528.1333016284316 433.7725793368213 328.6717144882804 211.9387537244113 82.63383752978507 60.232399161457124 217.69992630243178 390.8603180205273 580.8584518618727 789.1089999756757 1016.4556603444562 1264.4072080402902 1534.3334261541622 1827.663797059333

Equation: (cos(x4) * 0.07803719881462712) + 1172.8367298968685
Residuals:
913.0075368565091 866.8961557682223 814.4579694180834 755.0629705323369 688.0407438111286 612.5999694383889 528.1342105955919 433.77333177801415 328.67228792349977 211.93912749813921 82.6339930215197 60.23247834741528 217.70025416986937 390.86090603858656 580.8593088481557 789.1101322807795 1016.4570709686539 1264.4088974169088 1534.335391875392 1827.6660339007683

Equation: 1172.6476204008436 + (cos(cos(x0)) * 0.19126181922780888)
Residuals:
913.0012650215598 866.8884921460913 814.4497529826267 755.0550427148422 688.0339072797472 612.5949481980282 528.1316011136962 433.77356455400513 328.67558343750363 211.94545706284316 82.64304644657022 60.22131436899804 217.68790300520072 390.84859002148823 580.8485180019734 789.1025765722022 1016.4545991844184 1264.4134199933717 1534.3487834799482 1827.6900358597445

Equation: cos(cos(x1) * (x3 * 0.126050816264653)) + 1171.845883853617
Residuals:
913.0221494595097 866.9049514525038 814.4615373402455 755.0621871222091 688.0367206028511 612.5939826200639 528.1276221441535 433.767486800333 328.6684127759703 211.93822126963641 82.63672012673533 60.22588856532752 217.69009431544964 390.8480571658338 580.8452798240028 789.0970681370588 1016.4477174172769 1264.4065295642006 1534.3437014485942 1827.688978991651

Equation: (1172.943667021407 - (-0.05221756673715561 * cos(x4))) - (cos(sin(x0)) * (x3 * (x3 - x1)))
Residuals:
913.0178268529568 866.9012681783215 814.458900270082 755.0608352238274 688.0367079798714 612.59517513046 528.1297055045661 433.7700007598926 328.6707995641269 211.93989327582767 82.6371416854729 60.227111373242224 217.69312373952198 390.85274271594903 580.8510951855562 789.1030739096543 1016.4525565613574 1264.408460754768 1534.3406664772463 1827.6787034717527

Equation: (0.26616244000532696 * cos(cos(x0))) + ((sin(x2) * (0.23678358870927857 / x4)) + 1172.6274478126838)
Residuals:
913.0299542950785 866.9088547786487 814.4629054853795 755.0621289375157 688.0360750265622 612.5933222794011 528.1272698811126 433.76754386351445 328.66879722150236 211.93871514671832 82.63702529106331 60.22608641366401 217.69105433548793 390.84990694035423 580.8479375175882 789.1001689129671 1016.4505495553549 1264.407992876088 1534.342290130538 1827.68279836948

Equation: x4
Residuals:
256.6705 302.6808 355.01869999999997 414.31419999999997 481.2377 556.5803999999999 640.9489 735.2131999999999 840.2183 956.8561 1086.0664000000002 1228.8385 1386.2123000000001 1559.2793 1749.1843000000001 1957.3418 2184.5956 2432.4543000000003 2702.2876 2995.5249

Equation: x0 ^ x0
Residuals:
232.75130000000001 272.4317840113833 316.7717715959693 365.9426775264222 420.0242650078526 479.02734369665 542.6043901833308 610.334134474099 681.4042429387326 754.5516458990462 827.9090017919789 898.8023448956536 963.482598808377 1016.769689727214 1051.581075993239 1058.2934144515993 1023.9043167054356 930.9798523472291 756.1040012831197 467.9206799655981

Equation: (x0 ^ x0) + x2
Residuals:
229.7109 269.2903840113833 313.5293715959693 362.59927752642216 416.5798650078526 475.48184369665 538.9578901833307 606.5866344740989 677.5557429387326 750.6021458990461 823.8585017919789 894.6508448956536 959.2300988083771 1012.4161897272139 1047.126575993239 1053.7378144515992 1019.2477167054356 926.2222523472292 751.2454012831197 462.96107996559795

Equation: x4 + 1168.7237224918651
Residuals:
912.0532224918651 866.0429224918653 813.7050224918651 754.4095224918652 687.486022491865 612.1433224918652 527.774822491865 433.51052249186523 328.50542249186503 211.86762249186518 82.65732249186499 60.11477750813492 217.488577508135 390.5555775081348 580.460577508135 788.6180775081348 1015.8718775081352 1263.730577508135 1533.563877508135 1826.8011775081347

Equation: 1172.098237466676 - sin(x4)
Residuals:
912.2861822518759 866.2758339805569 813.9374760130531 754.6400835916655 687.7122465791235 612.3617700472493 527.9811183529941 433.69938009133375 328.67070357335103 212.00239967327116 82.75394987149161 60.064586422026196 217.4936653386535 390.62525288281654 580.6045201823272 788.8463280881194 1016.194480941346 1264.1577249189666 1534.1057238995877 1827.4677382586608

Equation: 1173.8162661982803 - (x4 / x0)
Residuals:
913.038032864947 866.9276100873485 814.4895319696732 755.0938035885316 688.0700294180217 612.6269140742326 528.1580597203679 433.7933701852244 328.68784826807894 211.94959647890755 82.63881707481687 60.233787908892964 217.7081166321368 390.8756674271863 580.8812387789517 789.1394289115708 1016.4938373760885 1264.4531626069434 1534.3871035497584 1827.7250592367498

Equation: 1172.5501481842696 + ((x4 - x1) * x3)
Residuals:
912.9843205442695 866.8791411442696 814.4463617442696 755.0559823442696 688.0376029442696 612.5999296042697 528.1365502042695 433.7773708042696 328.67739140426954 211.9447120042696 82.63953260426956 60.22744679573043 217.69612619573036 390.85800559573045 580.8578849957305 789.1103583357303 1016.4590377357306 1264.4126171357304 1534.3407965357303 1827.6729759357304

Equation: (cos(x4) * (x4 - x0)) + 1172.8381830360813
Residuals:
913.0062322982711 866.8948483391637 814.4566872548301 755.0617415139976 688.0395952751419 612.5989280206321 528.1333016284316 433.7725793368213 328.6717144882804 211.9387537244113 82.63383752978507 60.232399161457124 217.69992630243178 390.8603180205273 580.8584518618727 789.1089999756757 1016.4556603444562 1264.4072080402902 1534.3334261541622 1827.663797059333

Equation: (cos(x4) * 0.07803719881462712) + 1172.8367298968685
Residuals:
913.0075368565091 866.8961557682223 814.4579694180834 755.0629705323369 688.0407438111286 612.5999694383889 528.1342105955919 433.77333177801415 328.67228792349977 211.93912749813921 82.6339930215197 60.23247834741528 217.70025416986937 390.86090603858656 580.8593088481557 789.1101322807795 1016.4570709686539 1264.4088974169088 1534.335391875392 1827.6660339007683

Equation: 1172.6476204008436 + (cos(cos(x0)) * 0.19126181922780888)
Residuals:
913.0012650215598 866.8884921460913 814.4497529826267 755.0550427148422 688.0339072797472 612.5949481980282 528.1316011136962 433.77356455400513 328.67558343750363 211.94545706284316 82.64304644657022 60.22131436899804 217.68790300520072 390.84859002148823 580.8485180019734 789.1025765722022 1016.4545991844184 1264.4134199933717 1534.3487834799482 1827.6900358597445

Equation: cos(cos(x1) * (x3 * 0.126050816264653)) + 1171.845883853617
Residuals:
913.0221494595097 866.9049514525038 814.4615373402455 755.0621871222091 688.0367206028511 612.5939826200639 528.1276221441535 433.767486800333 328.6684127759703 211.93822126963641 82.63672012673533 60.22588856532752 217.69009431544964 390.8480571658338 580.8452798240028 789.0970681370588 1016.4477174172769 1264.4065295642006 1534.3437014485942 1827.688978991651

Equation: (1172.943667021407 - (-0.05221756673715561 * cos(x4))) - (cos(sin(x0)) * (x3 * (x3 - x1)))
Residuals:
913.0178268529568 866.9012681783215 814.458900270082 755.0608352238274 688.0367079798714 612.59517513046 528.1297055045661 433.7700007598926 328.6707995641269 211.93989327582767 82.6371416854729 60.227111373242224 217.69312373952198 390.85274271594903 580.8510951855562 789.1030739096543 1016.4525565613574 1264.408460754768 1534.3406664772463 1827.6787034717527

Equation: (0.26616244000532696 * cos(cos(x0))) + ((sin(x2) * (0.23678358870927857 / x4)) + 1172.6274478126838)
Residuals:
913.0299542950785 866.9088547786487 814.4629054853795 755.0621289375157 688.0360750265622 612.5933222794011 528.1272698811126 433.76754386351445 328.66879722150236 211.93871514671832 82.63702529106331 60.22608641366401 217.69105433548793 390.84990694035423 580.8479375175882 789.1001689129671 1016.4505495553549 1264.407992876088 1534.342290130538 1827.68279836948

Equation: x4
Residuals:
256.6705 302.6808 355.01869999999997 414.31419999999997 481.2377 556.5803999999999 640.9489 735.2131999999999 840.2183 956.8561 1086.0664000000002 1228.8385 1386.2123000000001 1559.2793 1749.1843000000001 1957.3418 2184.5956 2432.4543000000003 2702.2876 2995.5249

Equation: x0 ^ x0
Residuals:
232.75130000000001 272.4317840113833 316.7717715959693 365.9426775264222 420.0242650078526 479.02734369665 542.6043901833308 610.334134474099 681.4042429387326 754.5516458990462 827.9090017919789 898.8023448956536 963.482598808377 1016.769689727214 1051.581075993239 1058.2934144515993 1023.9043167054356 930.9798523472291 756.1040012831197 467.9206799655981

Equation: (x0 ^ x0) + x2
Residuals:
229.7109 269.2903840113833 313.5293715959693 362.59927752642216 416.5798650078526 475.48184369665 538.9578901833307 606.5866344740989 677.5557429387326 750.6021458990461 823.8585017919789 894.6508448956536 959.2300988083771 1012.4161897272139 1047.126575993239 1053.7378144515992 1019.2477167054356 926.2222523472292 751.2454012831197 462.96107996559795

Equation: x4 + 1168.7237224918651
Residuals:
912.0532224918651 866.0429224918653 813.7050224918651 754.4095224918652 687.486022491865 612.1433224918652 527.774822491865 433.51052249186523 328.50542249186503 211.86762249186518 82.65732249186499 60.11477750813492 217.488577508135 390.5555775081348 580.460577508135 788.6180775081348 1015.8718775081352 1263.730577508135 1533.563877508135 1826.8011775081347

Equation: 1172.098237466676 - sin(x4)
Residuals:
912.2861822518759 866.2758339805569 813.9374760130531 754.6400835916655 687.7122465791235 612.3617700472493 527.9811183529941 433.69938009133375 328.67070357335103 212.00239967327116 82.75394987149161 60.064586422026196 217.4936653386535 390.62525288281654 580.6045201823272 788.8463280881194 1016.194480941346 1264.1577249189666 1534.1057238995877 1827.4677382586608

Equation: 1173.8162661982803 - (x4 / x0)
Residuals:
913.038032864947 866.9276100873485 814.4895319696732 755.0938035885316 688.0700294180217 612.6269140742326 528.1580597203679 433.7933701852244 328.68784826807894 211.94959647890755 82.63881707481687 60.233787908892964 217.7081166321368 390.8756674271863 580.8812387789517 789.1394289115708 1016.4938373760885 1264.4531626069434 1534.3871035497584 1827.7250592367498

Equation: 1172.5501481842696 + ((x4 - x1) * x3)
Residuals:
912.9843205442695 866.8791411442696 814.4463617442696 755.0559823442696 688.0376029442696 612.5999296042697 528.1365502042695 433.7773708042696 328.67739140426954 211.9447120042696 82.63953260426956 60.22744679573043 217.69612619573036 390.85800559573045 580.8578849957305 789.1103583357303 1016.4590377357306 1264.4126171357304 1534.3407965357303 1827.6729759357304

Equation: (cos(x4) * (x4 - x0)) + 1172.8381830360813
Residuals:
913.0062322982711 866.8948483391637 814.4566872548301 755.0617415139976 688.0395952751419 612.5989280206321 528.1333016284316 433.7725793368213 328.6717144882804 211.9387537244113 82.63383752978507 60.232399161457124 217.69992630243178 390.8603180205273 580.8584518618727 789.1089999756757 1016.4556603444562 1264.4072080402902 1534.3334261541622 1827.663797059333

Equation: (cos(x4) * 0.07803719881462712) + 1172.8367298968685
Residuals:
913.0075368565091 866.8961557682223 814.4579694180834 755.0629705323369 688.0407438111286 612.5999694383889 528.1342105955919 433.77333177801415 328.67228792349977 211.93912749813921 82.6339930215197 60.23247834741528 217.70025416986937 390.86090603858656 580.8593088481557 789.1101322807795 1016.4570709686539 1264.4088974169088 1534.335391875392 1827.6660339007683

Equation: 1172.6476204008436 + (cos(cos(x0)) * 0.19126181922780888)
Residuals:
913.0012650215598 866.8884921460913 814.4497529826267 755.0550427148422 688.0339072797472 612.5949481980282 528.1316011136962 433.77356455400513 328.67558343750363 211.94545706284316 82.64304644657022 60.22131436899804 217.68790300520072 390.84859002148823 580.8485180019734 789.1025765722022 1016.4545991844184 1264.4134199933717 1534.3487834799482 1827.6900358597445

Equation: cos(cos(x1) * (x3 * 0.126050816264653)) + 1171.845883853617
Residuals:
913.0221494595097 866.9049514525038 814.4615373402455 755.0621871222091 688.0367206028511 612.5939826200639 528.1276221441535 433.767486800333 328.6684127759703 211.93822126963641 82.63672012673533 60.22588856532752 217.69009431544964 390.8480571658338 580.8452798240028 789.0970681370588 1016.4477174172769 1264.4065295642006 1534.3437014485942 1827.688978991651

Equation: (1172.943667021407 - (-0.05221756673715561 * cos(x4))) - (cos(sin(x0)) * (x3 * (x3 - x1)))
Residuals:
913.0178268529568 866.9012681783215 814.458900270082 755.0608352238274 688.0367079798714 612.59517513046 528.1297055045661 433.7700007598926 328.6707995641269 211.93989327582767 82.6371416854729 60.227111373242224 217.69312373952198 390.85274271594903 580.8510951855562 789.1030739096543 1016.4525565613574 1264.408460754768 1534.3406664772463 1827.6787034717527

Equation: (0.26616244000532696 * cos(cos(x0))) + ((sin(x2) * (0.23678358870927857 / x4)) + 1172.6274478126838)
Residuals:
913.0299542950785 866.9088547786487 814.4629054853795 755.0621289375157 688.0360750265622 612.5933222794011 528.1272698811126 433.76754386351445 328.66879722150236 211.93871514671832 82.63702529106331 60.22608641366401 217.69105433548793 390.84990694035423 580.8479375175882 789.1001689129671 1016.4505495553549 1264.407992876088 1534.342290130538 1827.68279836948

Equation: x4
Residuals:
256.6705 302.6808 355.01869999999997 414.31419999999997 481.2377 556.5803999999999 640.9489 735.2131999999999 840.2183 956.8561 1086.0664000000002 1228.8385 1386.2123000000001 1559.2793 1749.1843000000001 1957.3418 2184.5956 2432.4543000000003 2702.2876 2995.5249

Equation: x0 ^ x0
Residuals:
232.75130000000001 272.4317840113833 316.7717715959693 365.9426775264222 420.0242650078526 479.02734369665 542.6043901833308 610.334134474099 681.4042429387326 754.5516458990462 827.9090017919789 898.8023448956536 963.482598808377 1016.769689727214 1051.581075993239 1058.2934144515993 1023.9043167054356 930.9798523472291 756.1040012831197 467.9206799655981

Equation: (x0 ^ x0) + x2
Residuals:
229.7109 269.2903840113833 313.5293715959693 362.59927752642216 416.5798650078526 475.48184369665 538.9578901833307 606.5866344740989 677.5557429387326 750.6021458990461 823.8585017919789 894.6508448956536 959.2300988083771 1012.4161897272139 1047.126575993239 1053.7378144515992 1019.2477167054356 926.2222523472292 751.2454012831197 462.96107996559795

Equation: x0 + 1168.8045229023342
Residuals:
912.0532229023341 866.0429229023343 813.7050229023341 754.4095229023343 687.4860229023341 612.1433229023343 527.7748229023341 433.5105229023343 328.5054229023341 211.86762290233423 82.65732290233404 60.114777097665865 217.48857709766594 390.5555770976657 580.4605770976659 788.6180770976657 1015.8718770976661 1263.730577097666 1533.563877097666 1826.8011770976657

Equation: 1172.102629094928 - sin(x4)
Residuals:
912.2905738801277 866.2802256088089 813.9418676413052 754.6444752199176 687.7166382073754 612.3661616755011 527.9855099812462 433.7037717195858 328.6750952016031 212.0067913015232 82.75834149974366 60.06019479377437 217.48927371040145 390.6208612545645 580.6001285540754 788.8419364598674 1016.190089313094 1264.1533332907145 1534.1013322713357 1827.4633466304088

Equation: 1171.8158450480319 + (x0 / x4)
Residuals:
913.038318093994 866.9278506172066 814.4897319129034 755.0939665682164 688.0701586384819 612.6270123505223 528.1581296177246 433.793413967486 328.68786796453776 211.9495939139183 82.63879389302929 60.23383022093935 217.70817672745784 390.8757440823533 580.8813308802423 789.1395354567549 1016.4939574216298 1264.4532953021142 1534.3872481138378 1827.725214951968

Equation: 1172.5501485942566 + (x3 * (x3 - x0))
Residuals:
912.9843209542565 866.8791415542566 814.4463621542566 755.0559827542567 688.0376033542566 612.5999300142565 528.1365506142565 433.7773712142566 328.67739181425657 211.94471241425663 82.63953301425659 60.227446385743406 217.69612578574356 390.8580051857434 580.8578845857435 789.1103579257433 1016.4590373257436 1264.4126167257434 1534.3407961257435 1827.6729755257434

Equation: ((x4 - x0) * cos(x4)) + 1172.838183446082
Residuals:
913.0062327082718 866.8948487491643 814.4566876648307 755.0617419239983 688.0395956851426 612.5989284306328 528.1333020384325 433.772579746822 328.67171489828104 211.93875413441197 82.63383793978574 60.23239875145646 217.6999258924311 390.8603176105264 580.858451451872 789.1089995656748 1016.4556599344555 1264.4072076302896 1534.3334257441616 1827.6637966493324

Equation: (0.0780333445893504 * cos(x4)) + 1172.8367282797165
Residuals:
913.0075390864623 866.8961580021805 814.4579716167948 755.0629726569088 688.040745823424 612.5999713012501 528.1342122736789 433.77333323774064 328.6722891335054 211.93912842960867 82.63399364847646 60.23247804784387 217.70025421721925 390.8609064488578 580.859309633649 789.1101334503542 1016.4570725264957 1264.4088993636221 1534.3353942076178 1827.6660366112183

Equation: (0.10809371580198827 / cos(sin(x1))) + 1172.6437475390771
Residuals:
913.0013386658508 866.8892637316014 814.4506926159293 755.0556285606168 688.0336847354151 612.5935847365348 528.1289395590841 433.76965771171785 328.67071413802967 211.94012897403604 82.63793677173999 60.225447505807324 217.69035751212004 390.8488850461513 580.8465512330672 789.0987192195396 1016.4496852047732 1264.4085883042267 1534.3452250791659 1827.6887160499166

Equation: (sin(0.10809371580198827) / cos(sin(x0))) + 1172.6437475390771
Residuals:
913.0014141060939 866.8891197741018 814.4503277741992 755.0550391745691 688.0328653366284 612.5925287996537 528.1276419850781 433.7681169337061 328.6689364406508 211.93813401096145 82.6357642943376 60.22773067544881 217.6926524009864 390.8510607625831 580.8484544051055 789.1001942976166 1016.4506053898858 1264.4088838788632 1534.3449013718764 1827.6878510498543

Equation: 1172.8018460986616 + (0.04297647253801416 * cos(x4 / 0.3793251121894125))
Residuals:
913.0391736063162 866.9173691881379 814.469506606137 755.0662175232331 688.0375804189457 612.5925871896019 528.1249242779061 433.76435954101703 328.665559248083 211.93610893192545 82.63554964754462 60.22617558689626 217.68976843966902 390.8475187656768 580.8449489392308 789.0972580121529 1016.4485017264653 1264.4076232804375 1534.344363441664 1827.6879502329887

Equation: 1172.8026074666384 + (sin(sin(-0.04513434037377588)) * cos(x4 / 0.5324394069635909))
Residuals:
913.0116602630261 866.8970166136089 814.4563152886797 755.0596209119282 688.0365404567456 612.5957266926883 528.1306665968405 433.77110307792896 328.671830336007 211.94070343880253 82.63764710881992 60.22693440090143 217.6932466966764 390.8530942803502 580.8515696250993 789.1035366479744 1016.4528463935796 1264.4083887808279 1534.340012966749 1827.6772149478938

Equation: (cos(cos(x1)) * 0.23854204862496653) + ((sin(x4) / (x4 * x4)) + 1172.6496125740764)
Residuals:
913.0350721714516 866.9119686492522 814.4645890434472 755.062833754702 688.0361461043622 612.5930126811928 528.1267562831656 433.7669398644066 328.66816831772974 211.93809315364228 82.63642241739558 60.22666431882931 217.69159600535545 390.8503861100439 580.848306246791 789.1003541491998 1016.450454263902 1264.4074998470953 1534.3412697075246 1827.6811185394276

Equation: (cos(cos(x0)) * sin(sin(0.2584271881151971))) + (1172.6370521940482 + (sin(x4) / (x4 * 4.456239433421058)))
Residuals:
913.0288811276279 866.9083741025843 814.4629010830938 755.0624811509816 688.0366644079177 612.5940333628395 528.1279946579882 433.768185993001 328.6692755673545 211.93896722639147 82.63701021943098 60.22638576505642 217.69163024512636 390.850727049919 580.8489465063528 789.1012917344242 1016.4516956752577 1264.4090623206403 1534.3431797064252 1827.6834082751022

Equation: (((-0.14925794676812393 / x1) + 1172.7040589899755) + (sin(x3) / (x3 * x2))) + (cos(cos(x2)) * 0.2155201949585343)
Residuals:
913.0294056441136 866.9080700299444 814.4621915562793 755.061667824115 688.0359444787343 612.5935162349998 528.1277175448151 433.7681310695468 328.66938679694124 211.93916778495168 82.63722002519967 60.22623307350568 217.6915718243265 390.8507579874481 580.849010736127 789.1012775832512 1016.4514372623457 1264.408346166195 1534.3417566225842 1827.6810093630402

Equation: x4
Residuals:
256.6705 302.6808 355.01869999999997 414.31419999999997 481.2377 556.5803999999999 640.9489 735.2131999999999 840.2183 956.8561 1086.0664000000002 1228.8385 1386.2123000000001 1559.2793 1749.1843000000001 1957.3418 2184.5956 2432.4543000000003 2702.2876 2995.5249

Equation: x1 ^ x0
Residuals:
232.20221939759202 271.7518493936817 315.92702958034096 364.88983815395227 418.70801273511677 477.3764714008822 540.5282666685599 607.7158328187036 678.0930870645992 750.3530753714551 822.5712888318185 891.9991569164188 954.7900693783054 1005.6362194385086 1037.2874942030203 1039.8957283771824 1000.176504953027 900.3100448694452 716.3754440993825 416.34876244660063

Equation: x4 + (x0 ^ x0)
Residuals:
229.6705 269.2499840113833 313.4889715959693 362.5588775264222 416.53946500785264 475.44144369665 538.9174901833308 606.5462344740989 677.5153429387326 750.5617458990462 823.818101791979 894.6104448956537 959.189698808377 1012.3757897272139 1047.086175993239 1053.6974144515993 1019.2073167054357 926.1818523472291 751.2050012831198 462.9206799655981

Equation: x0 + 1168.804522591264
Residuals:
912.053222591264 866.042922591264 813.705022591264 754.4095225912641 687.4860225912639 612.1433225912641 527.774822591264 433.51052259126413 328.50542259126394 211.86762259126408 82.65732259126389 60.11477740873602 217.4885774087361 390.55557740873587 580.4605774087361 788.6180774087359 1015.8718774087363 1263.730577408736 1533.563877408736 1826.8011774087358

Equation: 1172.0982375662386 - sin(x4)
Residuals:
912.2861823514385 866.2758340801195 813.9374761126157 754.6400836912281 687.7122466786861 612.3617701468119 527.9811184525568 433.69938019089636 328.67070367291365 212.00239977283377 82.75394997105423 60.06458632246358 217.4936652390909 390.6252527832539 580.6045200827648 788.8463279885568 1016.1944808417834 1264.157724819404 1534.105723800025 1827.4677381590982

Equation: (x0 / x4) + 1171.8158447375667
Residuals:
913.0383177835287 866.9278503067414 814.489731602438 755.093966257751 688.0701583280165 612.6270120400571 528.1581293072593 433.7934136570209 328.68786765407265 211.94959360345297 82.63879358256395 60.233830531404465 217.70817703792318 390.87574439281866 580.8813311907077 789.13953576722 1016.4939577320949 1264.4532956125793 1534.3872484243032 1827.7252152624333

Equation: 1172.5501482838094 - ((x0 - x3) * x3)
Residuals:
912.9843206438094 866.8791412438095 814.4463618438094 755.0559824438095 688.0376030438092 612.5999297038094 528.1365503038094 433.77737090380947 328.6773915038094 211.94471210380948 82.63953270380921 60.22744669619078 217.6961260961907 390.8580054961906 580.8578848961906 789.1103582361905 1016.4590376361907 1264.4126170361908 1534.3407964361907 1827.6729758361905

Equation: 1172.8381831355987 + ((x4 - x0) * cos(x4))
Residuals:
913.0062323977885 866.894848438681 814.4566873543474 755.061741613515 688.0395953746593 612.5989281201495 528.1333017279492 433.7725794363387 328.67171458779774 211.93875382392866 82.63383762930243 60.23239906193976 217.6999262029144 390.8603179210097 580.8584517623553 789.1089998761581 1016.4556602449388 1264.4072079407729 1534.3334260546449 1827.6637969598157

Equation: (0.07803630150259039 * cos(x4)) + 1172.836729524481
Residuals:
913.007537379776 866.8961562924217 814.4579699340768 755.0629710310697 688.040744283722 612.5999698761924 528.1342109903774 433.77333212196254 328.67228820931007 211.93912771910277 82.63399317158905 60.23247827356545 217.7002541767872 390.86090612999715 580.8593090269226 789.1101325489653 1016.4570713272333 1264.4088978660222 1534.3353924142577 1827.6660345276891

Equation: 1172.6476218229668 + (cos(cos(x0)) * 0.19126011080406918)
Residuals:
913.0012655062775 866.8884926439653 814.4497534790642 755.0550431952928 688.0339077301444 612.5949486051844 528.1316014658921 433.77356484132133 328.67558365229877 211.9454572001623 82.64304650448594 60.22131438914403 217.68790309869382 390.8485901803035 580.8485182150266 789.1025768258212 1016.4545994628461 1264.4134202796524 1534.3487837567295 1827.690036110154

Equation: 1172.6501907591667 - (sin(-0.1051011280059851) / cos(sin(x0)))
Residuals:
913.0048518486122 866.8925849419359 814.4537899632126 755.0584679511629 688.0362299538376 612.5957978888424 528.1307838350072 433.7710995010307 328.6717281565658 211.94070514070177 82.63808911213891 60.22567078021643 217.69086496484988 390.84953787964764 580.8471688996985 789.0990980052843 1016.4496301508648 1264.4079478474598 1534.343917969184 1827.6867394013773

Equation: ((0.01790632901262441 * cos(x0)) + 1172.6926235550225) - (-0.08182977219349488 / cos(sin(x0)))
Residuals:
913.0062478263579 866.8940291761785 814.4552290044285 755.0598479387833 688.0374925575802 612.5968767181777 528.131603062784 433.7715737767726 328.6717667349277 211.94022085482516 82.63701377999814 60.22736360413387 217.6931304864363 390.8522272379669 580.85000037532 789.1016426553956 1016.4513253023645 1264.408141198734 1534.3419389152436 1827.6819799763512

Equation: (1172.4282804004167 + (0.794579027156154 / x4)) + ((0.053326489270670394 * x0) * cos(cos(x0)))
Residuals:
913.0226737290383 866.9048685920784 814.4613427854692 755.0621847814367 688.0370410001349 612.594609848186 528.1284258240969 433.76825987079246 328.66890975160425 211.93819732938346 82.6359700320968 60.227491845558916 217.69256119114107 390.851243397924 580.8488498048655 789.1004609879762 1016.4501209350324 1264.406864495615 1534.3406214656736 1827.6808910943662

Equation: x4
Residuals:
256.6705 302.6808 355.01869999999997 414.31419999999997 481.2377 556.5803999999999 640.9489 735.2131999999999 840.2183 956.8561 1086.0664000000002 1228.8385 1386.2123000000001 1559.2793 1749.1843000000001 1957.3418 2184.5956 2432.4543000000003 2702.2876 2995.5249

Equation: x0 ^ x0
Residuals:
232.75130000000001 272.4317840113833 316.7717715959693 365.9426775264222 420.0242650078526 479.02734369665 542.6043901833308 610.334134474099 681.4042429387326 754.5516458990462 827.9090017919789 898.8023448956536 963.482598808377 1016.769689727214 1051.581075993239 1058.2934144515993 1023.9043167054356 930.9798523472291 756.1040012831197 467.9206799655981

Equation: (x0 ^ x0) + x4
Residuals:
229.6705 269.2499840113833 313.4889715959693 362.5588775264222 416.53946500785264 475.44144369665 538.9174901833308 606.5462344740989 677.5153429387326 750.5617458990462 823.818101791979 894.6104448956537 959.189698808377 1012.3757897272139 1047.086175993239 1053.6974144515993 1019.2073167054357 926.1818523472291 751.2050012831198 462.9206799655981

Equation: 1168.8045225104956 + x0
Residuals:
912.0532225104956 866.0429225104956 813.7050225104956 754.4095225104955 687.4860225104956 612.1433225104955 527.7748225104956 433.51052251049555 328.5054225104956 211.8676225104955 82.65732251049553 60.114777489504604 217.48857748950445 390.55557748950446 580.4605774895044 788.6180774895042 1015.8718774895046 1263.7305774895044 1533.5638774895044 1826.8011774895042

Equation: 1171.9753100013907 - sin(x4)
Residuals:
912.1632547865905 866.1529065152715 813.8145485477678 754.5171561263802 687.5893191138382 612.2388425819639 527.8581908877088 433.5764526260484 328.5477761080657 211.87947220798583 82.63102240620651 60.187513887311525 217.61659280393883 390.74818034810187 580.7274476476125 788.9692555534045 1016.3174084066313 1264.2806523842519 1534.2286513648728 1827.5906657239461

Equation: (x0 / x4) + 1171.8143622146245
Residuals:
913.0368352605866 866.9263677837992 814.488249079496 755.092483734809 688.0686758050745 612.6255295171148 528.1566467843172 433.7919311340786 328.68638513113035 211.9481110805109 82.63731105962188 60.23531305434676 217.70965956086525 390.87722691576073 580.8828137136497 789.1410182901623 1016.4954402550372 1264.4547781355216 1534.3887309472452 1827.7266977853753

Equation: ((x4 - x1) * x0) + 1172.5538205629957
Residuals:
912.9843205629958 866.8791411629957 814.4463617629956 755.0559823629957 688.0376029629956 612.5999296229958 528.1365502229958 433.77737082299564 328.6773914229956 211.94471202299565 82.6395326229956 60.22744677700439 217.69612617700432 390.8580055770042 580.8578849770042 789.1103583170043 1016.4590377170045 1264.4126171170044 1534.3407965170043 1827.6729759170041

Equation: (cos(x4) * (x4 - x0)) + 1172.8381830548212
Residuals:
913.006232317011 866.8948483579036 814.45668727357 755.0617415327375 688.0395952938816 612.5989280393718 528.1333016471715 433.7725793555612 328.6717145070203 211.9387537431512 82.63383754852498 60.23239914271744 217.6999262836921 390.8603180017874 580.858451843133 789.1089999569358 1016.4556603257163 1264.4072080215503 1534.3334261354223 1827.6637970405932

Equation: 1172.8367298336907 + (cos(x4) * 0.07803704283041668)
Residuals:
913.0075369490274 866.8961558609028 814.4579695093373 755.0629706205901 688.040743894838 612.5999695160507 528.1342106657755 433.7733318393607 328.6722879747398 211.93912753810673 82.63399304916334 60.23247833302139 217.70025416951557 390.8609060529209 580.8593088776754 789.1101323258433 1016.4570710294313 1264.4088974934243 1534.3353919675096 1827.6660340081928

Equation: 1172.6450905087625 + (cos(cos(x0)) * 0.19200201328215433)
Residuals:
912.9991412710943 866.8863626955147 814.4476241544967 755.0529208130769 688.0317983990383 612.5928580519466 528.1295347797461 433.7715263299799 328.6735766340165 211.94348382677663 82.64110761292136 60.223219381509125 217.6897762392698 390.85043495389664 580.8503394353231 789.104380429962 1016.4563922935304 1264.4152096999646 1534.3505773022944 1827.6918411079673

Equation: (cos(x0) / (x2 / 0.28870531781852393)) + 1172.8412515451923
Residuals:
912.9959454610031 866.8868238596281 814.4508733289736 755.0580231094542 688.0378020494929 612.5988437974762 528.1346672896607 433.77510584415245 328.6750887619197 211.9426461642547 82.63790932240772 60.22848900301983 217.69651421931758 390.8577295612622 580.8569957582015 789.1089642260577 1016.4573028994073 1264.410756508955 1534.3390727307014 1827.6716953279529

Equation: 1172.841284823356 + ((cos(x0) / x4) * sin(sin(0.3009557547446698)))
Residuals:
912.9961171650071 866.886953680676 814.4509649194724 755.0580806293145 688.0378300105042 612.5988469068096 528.1346504051148 433.77507379745794 328.67504629899156 211.9425978707127 82.63785956007996 60.228536149616275 217.69655498735483 390.8577605455455 580.857013939298 789.108966974735 1016.4572880380249 1264.410722274335 1534.3390177900924 1827.6716187755246

Equation: (0.04298087351187875 * cos(x4 / -0.3793299583637452)) + 1172.8018481615209
Residuals:
913.0391788054011 866.9173729753545 814.469508820797 755.0662180994319 688.0375793940966 612.5925847052093 528.1249205790716 433.7643549601885 328.6655541883439 211.9361038431789 82.63554499847487 60.22617933936408 217.68977088143652 390.8475195549561 580.8449478323464 789.0972548817019 1016.4484965803765 1264.4076162603676 1534.3443548203052 1827.6879404002532

Equation: 1172.8017945254196 + (cos(x3 / 0.5291000252797071) * sin(sin(-0.04556502309704574)))
Residuals:
913.0105055863663 866.8958003700106 814.4550716001984 755.0583857134774 688.0353494628412 612.5946134613006 528.1296603553251 433.7702272168965 328.67110091146776 211.9401280948598 82.63722441688515 60.22721514862178 217.69340522264815 390.8531585912808 580.8515748426414 789.1035234517974 1016.4528591722069 1264.4084734265834 1534.3402146441229 1827.6775757816697

Equation: x4
Residuals:
256.6705 302.6808 355.01869999999997 414.31419999999997 481.2377 556.5803999999999 640.9489 735.2131999999999 840.2183 956.8561 1086.0664000000002 1228.8385 1386.2123000000001 1559.2793 1749.1843000000001 1957.3418 2184.5956 2432.4543000000003 2702.2876 2995.5249

Equation: x0 ^ x1
Residuals:
232.1454188757616 271.6587248292005 315.7839137150001 364.67833588676757 418.40340029518416 476.9454082051834 539.9263085280419 606.8832335903064 676.9497433153269 748.7915975495102 820.4476945385868 889.1203603707919 950.8970504129151 1000.3813608254095 1030.2040402069752 1030.353780790022 987.3348648884526 883.0342268738714 693.1380792892089 385.0919265959351

Equation: (x0 ^ x0) + x3
Residuals:
229.69070000000002 269.2701840113833 313.5091715959693 362.57907752642217 416.5596650078526 475.46164369665 538.9376901833308 606.566434474099 677.5355429387326 750.5819458990462 823.8383017919789 894.6306448956536 959.209898808377 1012.395989727214 1047.106375993239 1053.7176144515993 1019.2275167054356 926.202052347229 751.2252012831198 462.940879965598

Equation: x4 + 1102.648502796926
Residuals:
845.978002796926 799.967702796926 747.629802796926 688.334302796926 621.410802796926 546.0681027969262 461.699602796926 367.43530279692595 262.430202796926 145.79240279692613 16.582102796925938 126.1899972030742 283.56379720307405 456.6307972030738 646.535797203074 854.6932972030738 1081.9470972030742 1329.805797203074 1599.639097203074 1892.8763972030738

Equation: (x4 * x4) + 1102.648502796926
Residuals:
852.388531436926 806.9097540369262 755.1237786369261 696.400605236926 630.0698338369259 555.340881606926 471.60593440692605 377.99558920692607 273.66484600692604 157.721804806926 29.226665606925962 112.80987159307415 269.4277067930741 441.71833999307387 630.826571193074 838.1660812030739 1064.5822882030743 1311.582993203074 1580.537896203074 1872.8763972030738

Equation: 1139.433666620951 + (x3 * (x3 + x3))
Residuals:
898.4169113409511 853.5624957409511 802.421284140951 744.363276540951 678.7180729409508 604.6957996009511 521.6872444009509 428.8236932009511 325.26014600095084 210.10470280095092 82.41756360095087 58.790571599049144 214.55960279904912 385.98102999904904 574.199653199049 780.628242099049 1006.1140168990491 1252.1638876990492 1520.147554499049 1811.494417299049

Equation: ((x3 - x3) + 42.66968691320664) + 1130.1261091454357
Residuals:
913.0444960586423 866.9331960586424 814.4942960586422 755.0977960586423 688.0732960586422 612.6294960586423 528.1599960586423 433.79469605864233 328.68859605864225 211.94979605864228 82.6384960586422 60.23460394135782 217.70940394135778 390.87740394135767 580.8834039413578 789.1420039413576 1016.4968039413579 1264.4565039413578 1534.3908039413577 1827.7291039413576

Equation: 1172.765286899929 + ((x3 * (x3 + x3)) * 0.0009144847736799606)
Residuals:
913.0311193558172 866.9209687574635 814.4832554737461 755.0879795046657 688.0647408502218 612.6222408147079 528.1540768264827 433.79015015289406 328.6854607939423 211.94810874962718 82.63829401994872 60.23328339509294 217.706523495498 390.87292628126625 580.8772917523979 789.1342182351111 1016.4873090400242 1264.4452625303006 1534.37777870594 1827.7142575669427

Equation: 1172.7654725651466 + ((x2 * (x1 + x2)) * (x3 + (0.0009201729068579415 - x3)))
Residuals:
913.0311282676213 866.9209754319095 814.4832601429327 755.0879824006914 688.0647422051854 612.6222408595269 528.1540757946664 433.79014827654123 328.6854583051512 211.94810588049677 82.63829100257726 60.23328632860671 217.70652611305536 390.8729283507687 580.8772930417467 789.1342185110907 1016.4873080714237 1264.4452600850207 1534.3777745518826 1827.7142514720092

Equation: 1172.7949972159488 + (((x3 + x3) * x4) * ((-0.0017656712797175507 - x3) + (1.000427931575351 * x3)))
Residuals:
913.0350989379 866.9240935806015 814.4855821466986 755.0895699269714 688.0656622121996 612.6225650444504 528.1538823284989 433.78951999508126 328.68448333497724 211.9468776389674 82.63690819783119 60.23471969765137 217.70790075670016 390.87412968853505 580.8782012023767 789.1347078545768 1016.4872484911334 1264.4445158321178 1534.3762045867502 1827.7117094642508

Equation: x4
Residuals:
256.6705 302.6808 355.01869999999997 414.31419999999997 481.2377 556.5803999999999 640.9489 735.2131999999999 840.2183 956.8561 1086.0664000000002 1228.8385 1386.2123000000001 1559.2793 1749.1843000000001 1957.3418 2184.5956 2432.4543000000003 2702.2876 2995.5249

Equation: x0 ^ x0
Residuals:
232.75130000000001 272.4317840113833 316.7717715959693 365.9426775264222 420.0242650078526 479.02734369665 542.6043901833308 610.334134474099 681.4042429387326 754.5516458990462 827.9090017919789 898.8023448956536 963.482598808377 1016.769689727214 1051.581075993239 1058.2934144515993 1023.9043167054356 930.9798523472291 756.1040012831197 467.9206799655981

Equation: (x0 ^ x0) + x2
Residuals:
229.7109 269.2903840113833 313.5293715959693 362.59927752642216 416.5798650078526 475.48184369665 538.9578901833307 606.5866344740989 677.5557429387326 750.6021458990461 823.8585017919789 894.6508448956536 959.2300988083771 1012.4161897272139 1047.126575993239 1053.7378144515992 1019.2477167054356 926.2222523472292 751.2454012831197 462.96107996559795

Equation: x0 + 1168.8045225521969
Residuals:
912.0532225521969 866.0429225521971 813.7050225521969 754.409522552197 687.4860225521968 612.143322552197 527.7748225521968 433.510522552197 328.5054225521968 211.86762255219696 82.65732255219677 60.114777447803135 217.4885774478032 390.555577447803 580.4605774478032 788.618077447803 1015.8718774478034 1263.7305774478032 1533.5638774478032 1826.801177447803

Equation: 1172.098237527159 - sin(x4)
Residuals:
912.2861823123588 866.2758340410398 813.9374760735361 754.6400836521485 687.7122466396065 612.3617701077322 527.9811184134771 433.69938015181674 328.670703633834 212.00239973375415 82.75394993197483 60.064586361543206 217.4936652781705 390.62525282233355 580.6045201218444 788.8463280276362 1016.194480880863 1264.1577248584836 1534.1057238391045 1827.4677381981778

Equation: 1173.8162662587602 - (x4 / x0)
Residuals:
913.0380329254268 866.9276101478283 814.489532030153 755.0938036490114 688.0700294785015 612.6269141347124 528.1580597808477 433.7933702457042 328.68784832855874 211.94959653938736 82.6388171352969 60.23378784841316 217.708116571657 390.87566736670647 580.8812387184719 789.139428851091 1016.4938373156085 1264.4531625464633 1534.3871034892784 1827.7250591762697

Equation: ((x4 - x1) * x3) - -1172.5501482447355
Residuals:
912.9843206047354 866.8791412047356 814.4463618047355 755.0559824047356 688.0376030047355 612.5999296647354 528.1365502647354 433.77737086473553 328.6773914647355 211.94471206473554 82.6395326647355 60.22744673526449 217.69612613526465 390.8580055352645 580.8578849352646 789.1103582752644 1016.4590376752647 1264.4126170752645 1534.3407964752646 1827.6729758752645

Equation: 1172.8381830965473 - (cos(x4) * (x0 - x4))
Residuals:
913.0062323587371 866.8948483996296 814.456687315296 755.0617415744636 688.0395953356078 612.598928081098 528.1333016888977 433.77257939728725 328.6717145487463 211.93875378487724 82.633837590251 60.23239910099119 217.69992624196584 390.86031796006114 580.8584518014068 789.1089999152096 1016.4556602839903 1264.4072079798243 1534.3334260936963 1827.6637969988672

Equation: 1172.8367296731801 - (-0.07803665485721467 * cos(x4))
Residuals:
913.0075371757733 866.8961560880518 814.4579697329384 755.0629708367281 688.0407440996739 612.5999697058445 528.1342108369697 433.773331988574 328.6722880988158 211.93912763414482 82.63399311454873 60.23247830059108 217.70025417200713 390.86090609194457 580.85930895447 789.1101324413 1016.4570711839717 1264.4088976871092 1534.3353922000008 1827.6660342787568

Equation: 1172.6476212618666 - (cos(cos(x0)) * -0.19126078512951908)
Residuals:
913.001265315177 866.888492447672 814.4497532833379 755.0550430058767 688.0339075525903 612.5949484446979 528.1316013270989 433.77356472813653 328.6755835677385 211.9454571461822 82.64304648184702 60.22131438097176 217.68790306157075 390.8485901173974 580.8485181307126 789.1025767254955 1016.4545993527283 1264.4134201664351 1534.3487836472616 1827.6900360110951

Equation: 1172.7002794504017 - ((-0.030076512981448606 * x0) * cos(cos(x0)))
Residuals:
912.9984880495573 866.8881366033486 814.4509609849383 755.0570365352934 688.0360119281736 612.5966097084976 528.1324035453526 433.7732402139568 328.67401987640994 211.942698446049 82.6392885918583 60.22573599126645 217.69253258341996 390.8528776653609 580.8518518410365 789.1043169274383 1016.4541211722367 1264.4101452644818 1534.3422133509969 1827.6797763904467

Equation: 1172.80266710454 - (0.044910390549641376 * cos(x2 / 0.5278100503360484))
Residuals:
913.0124551848495 866.8976007241745 814.4566965324516 755.0598157742924 688.0365723495752 612.5956239647693 528.130460895426 433.7708268636691 328.6715150288263 211.94037758353625 82.6373348001514 60.22721475758067 217.6934832303475 390.85328206832855 580.8517106614593 789.1036393433556 1016.4529248129936 1264.4084612920824 1534.340100773261 1827.6773403808825

Equation: 1172.8026314180447 - (sin(0.0447729259610028) * cos(x0 / 0.5225741501382004))
Residuals:
913.0129968394518 866.8979731957918 814.4569157458416 755.0599048302425 688.0365594748296 612.5955402065393 528.1303379906897 433.77069474279733 328.6713998127419 211.94029978853496 82.63730793305308 60.22718513824202 217.6933999362252 390.85315616269713 580.8515608051046 789.1034906534485 1016.4528072496323 1264.4084076856886 1534.3401446240682 1827.6775135098653

Equation: (1172.67538779142 - (cos(x4) / (x1 ^ x2))) - ((-0.035245015327009806 * x4) * cos(cos(x1)))
Residuals:
913.0180756050796 866.901374398823 814.4590033146012 755.0609800513336 688.036867950585 612.5952848542705 528.1296953525343 433.76982508314586 328.6704539090382 211.9394181799155 82.63661372848401 60.22759796011519 217.69347968578268 390.85290443603003 580.8510377885871 789.1028118905431 1016.4521310176249 1264.407911748942 1534.3399961435573 1827.6778345564428

Equation: (1172.7673906946502 + (sin(x2) * 0.12305089899263104)) - (cos(cos(x0)) * (0.2011179949249378 * sin(x0)))
Residuals:
913.0129483323234 866.900398975062 814.4600860265157 755.0625415495641 688.0378710322311 612.5952127725226 528.1284925931855 433.7677961966215 328.6681410014404 211.93746295623055 82.63561787748858 60.227199985562265 217.6915215009792 390.8495499411665 580.846796227009 789.0985030517791 1016.4488029945262 1264.406721125591 1534.3420684369828 1827.6841220838085

Equation: (1172.771422508333 + (sin(x4) * 0.11582031126279148)) - ((sin(0.19073809617910906) * sin(x0)) * cos(cos(x0)))
Residuals:
913.0124793539597 866.900004739316 814.4598235944311 755.0624369503342 688.0379203066116 612.5953855642084 528.1287375596919 433.7680491497729 328.66833398168535 211.93753425655473 82.6355220227631 60.22748328819671 217.69198046321003 390.85013677596316 580.8474269007174 789.0990608754366 1016.449146432423 1264.4066943552796 1534.341514085363 1827.682894588156

Equation: (1172.733589084624 - (-0.19700974729774734 / x1)) - (((0.003090881998173892 * x3) * x4) * cos(x1 / -0.49970027506912285))
Residuals:
913.0192050943705 866.9030373142152 814.4605757372121 755.0620378087532 688.037192279264 612.594846495571 528.128626078457 433.76837394574386 328.66894080079726 211.9381845700084 82.63597421470695 60.227401394044364 217.6923196455466 390.8508057809913 580.8482105476803 789.0996786534349 1016.4493482421049 1264.406379750272 1534.3408589018331 1827.6824636750491

Equation: x4
Residuals:
256.6705 302.6808 355.01869999999997 414.31419999999997 481.2377 556.5803999999999 640.9489 735.2131999999999 840.2183 956.8561 1086.0664000000002 1228.8385 1386.2123000000001 1559.2793 1749.1843000000001 1957.3418 2184.5956 2432.4543000000003 2702.2876 2995.5249

Equation: x0 ^ x0
Residuals:
232.75130000000001 272.4317840113833 316.7717715959693 365.9426775264222 420.0242650078526 479.02734369665 542.6043901833308 610.334134474099 681.4042429387326 754.5516458990462 827.9090017919789 898.8023448956536 963.482598808377 1016.769689727214 1051.581075993239 1058.2934144515993 1023.9043167054356 930.9798523472291 756.1040012831197 467.9206799655981

Equation: (x0 ^ x0) + x4
Residuals:
229.6705 269.2499840113833 313.4889715959693 362.5588775264222 416.53946500785264 475.44144369665 538.9174901833308 606.5462344740989 677.5153429387326 750.5617458990462 823.818101791979 894.6104448956537 959.189698808377 1012.3757897272139 1047.086175993239 1053.6974144515993 1019.2073167054357 926.1818523472291 751.2050012831198 462.9206799655981

Equation: x1 - -1168.037385130068
Residuals:
911.306285130068 865.295985130068 812.958085130068 753.6625851300681 686.7390851300679 611.3963851300681 527.027885130068 432.7635851300681 327.7584851300679 211.12068513006807 81.91038513006788 60.86171486993203 218.2355148699321 391.3025148699319 581.2075148699321 789.3650148699319 1016.6188148699323 1264.477514869932 1534.310814869932 1827.5481148699319

Equation: cos(x0) + 1172.7129767190816
Residuals:
911.971684222481 865.8512004877205 813.4133006880847 754.0279746292009 687.0247084225596 611.6120211970896 527.1831343448496 432.8675598686375 327.8197909494435 211.14733305757 81.9097100122749 60.88312912636911 218.27190240364712 391.34898663241347 581.2601084563246 789.4207368440418 1016.6756640013703 1264.5345122798624 1534.3680095936709 1827.606583357164

Equation: (x4 - x1) + 1172.7129767190816
Residuals:
913.0222767190816 866.9109767190816 814.4720767190815 755.0755767190816 688.0510767190815 612.6072767190816 528.1377767190816 433.7724767190816 328.66637671908154 211.92757671908157 82.6162767190815 60.256823280918525 217.73162328091848 390.8996232809184 580.9056232809185 789.1642232809183 1016.5190232809186 1264.4787232809185 1534.4130232809184 1827.7513232809183

Equation: 1173.795552731984 - cos(sin(5303.030478412251))
Residuals:
913.0444964269719 866.933196426972 814.4942964269719 755.097796426972 688.0732964269719 612.629496426972 528.1599964269719 433.794696426972 328.6885964269719 211.94979642697194 82.63849642697187 60.23460357302815 217.7094035730281 390.877403573028 580.8834035730281 789.142003573028 1016.4968035730283 1264.4565035730282 1534.390803573028 1827.729103573028

Equation: (x4 - x1) + ((x1 - x3) + 1172.7755960586421)
Residuals:
913.044496058642 866.9331960586421 814.494296058642 755.0977960586421 688.073296058642 612.6294960586421 528.159996058642 433.7946960586421 328.688596058642 211.94979605864205 82.63849605864198 60.234603941358046 217.709403941358 390.8774039413579 580.883403941358 789.1420039413579 1016.4968039413582 1264.456503941358 1534.390803941358 1827.7291039413578

Equation: (x3 - x3) + ((x2 * (x4 - x3)) + 1172.7143584961425)
Residuals:
913.0244745761426 866.9152147761426 814.4783549761426 755.0838951761426 688.0614353761425 612.6196775961424 528.1522177961424 433.78895799614247 328.6848981961424 211.94813839614244 82.63887859614238 60.232181203857635 217.70494100385758 390.87090080385747 580.8748606038575 789.1314183838574 1016.4841781838577 1264.4418379838576 1534.3740977838575 1827.7103575838573

Equation: (x4 - x1) + (((-0.2110335397029714 - x3) / x2) + 1173.793485831572)
Residuals:
913.0267321742562 866.9178773959375 814.4812702814538 755.0869246364704 688.0644526473591 612.622566951385 528.1548733703892 433.79128241870944 328.6868017625312 211.94953828385633 82.6396981782691 60.232012961563896 217.705490074296 390.87222856826793 580.8770242682604 789.1344722551132 1016.4881713302423 1264.44681714886 1534.3801067958727 1827.7174375936443

Equation: (4146.949089782809 / (-4211.974224535262 / x3)) + (1172.7129767190816 + x4)
Residuals:
913.0291267535819 866.919386007808 814.482045262034 755.0871045162602 688.0641637704864 612.6219245685287 528.1539838227548 433.7902430769809 328.6857023312069 211.94846158543305 82.6387208396593 60.23281990611463 217.7060606518885 390.8725013976623 580.8769421434363 789.133981345394 1016.487222091168 1264.4453628369417 1534.3781035827155 1827.7148443284893

Equation: ((0.08992099618038397 / x0) + ((x4 - x3) * x4)) + ((x4 - x3) * 58053.99197670918)
Residuals:
913.0315437549192 866.9213077084796 814.4835332491066 755.0882147271212 688.0649471633744 612.6224274406949 528.1542491116898 433.79030993535116 328.6856067964121 211.94823690156363 82.63839773890481 60.23321295661344 217.70649723279485 390.8729569456234 580.8773937812189 789.1344076959128 1016.4876032293387 1264.4456801037818 1534.3783394926363 1827.7149824729404

Equation: (1172.5030232030078 + ((0.009323031898420386 / x3) / (x3 - x2))) + ((x1 * (x4 * x4)) * ((0.0430409401323849 / x0) / x3))
Residuals:
913.0368968986226 866.9251254837072 814.4860524047695 755.0896507869855 688.0654968893625 612.6222703339469 528.1535512403841 433.7892233458638 328.6842716754569 211.94678277825255 82.63694453829044 60.234553987040044 217.70762270568002 390.8737706103693 580.8778058819323 789.1343338796596 1016.4869655220025 1264.4444050478496 1534.3763581781516 1827.7122301697298

Equation: x4
Residuals:
256.6705 302.6808 355.01869999999997 414.31419999999997 481.2377 556.5803999999999 640.9489 735.2131999999999 840.2183 956.8561 1086.0664000000002 1228.8385 1386.2123000000001 1559.2793 1749.1843000000001 1957.3418 2184.5956 2432.4543000000003 2702.2876 2995.5249

Equation: x0 ^ x0
Residuals:
232.75130000000001 272.4317840113833 316.7717715959693 365.9426775264222 420.0242650078526 479.02734369665 542.6043901833308 610.334134474099 681.4042429387326 754.5516458990462 827.9090017919789 898.8023448956536 963.482598808377 1016.769689727214 1051.581075993239 1058.2934144515993 1023.9043167054356 930.9798523472291 756.1040012831197 467.9206799655981

Equation: (x0 ^ x0) + x2
Residuals:
229.7109 269.2903840113833 313.5293715959693 362.59927752642216 416.5798650078526 475.48184369665 538.9578901833307 606.5866344740989 677.5557429387326 750.6021458990461 823.8585017919789 894.6508448956536 959.2300988083771 1012.4161897272139 1047.126575993239 1053.7378144515992 1019.2477167054356 926.2222523472292 751.2454012831197 462.96107996559795

Equation: x4 + 1168.7237224918651
Residuals:
912.0532224918651 866.0429224918653 813.7050224918651 754.4095224918652 687.486022491865 612.1433224918652 527.774822491865 433.51052249186523 328.50542249186503 211.86762249186518 82.65732249186499 60.11477750813492 217.488577508135 390.5555775081348 580.460577508135 788.6180775081348 1015.8718775081352 1263.730577508135 1533.563877508135 1826.8011775081347

Equation: 1172.098237466676 - sin(x4)
Residuals:
912.2861822518759 866.2758339805569 813.9374760130531 754.6400835916655 687.7122465791235 612.3617700472493 527.9811183529941 433.69938009133375 328.67070357335103 212.00239967327116 82.75394987149161 60.064586422026196 217.4936653386535 390.62525288281654 580.6045201823272 788.8463280881194 1016.194480941346 1264.1577249189666 1534.1057238995877 1827.4677382586608

Equation: 1173.8162661982803 - (x4 / x0)
Residuals:
913.038032864947 866.9276100873485 814.4895319696732 755.0938035885316 688.0700294180217 612.6269140742326 528.1580597203679 433.7933701852244 328.68784826807894 211.94959647890755 82.63881707481687 60.233787908892964 217.7081166321368 390.8756674271863 580.8812387789517 789.1394289115708 1016.4938373760885 1264.4531626069434 1534.3871035497584 1827.7250592367498

Equation: 1172.5501481842696 + ((x4 - x1) * x3)
Residuals:
912.9843205442695 866.8791411442696 814.4463617442696 755.0559823442696 688.0376029442696 612.5999296042697 528.1365502042695 433.7773708042696 328.67739140426954 211.9447120042696 82.63953260426956 60.22744679573043 217.69612619573036 390.85800559573045 580.8578849957305 789.1103583357303 1016.4590377357306 1264.4126171357304 1534.3407965357303 1827.6729759357304

Equation: (cos(x4) * (x4 - x0)) + 1172.8381830360813
Residuals:
913.0062322982711 866.8948483391637 814.4566872548301 755.0617415139976 688.0395952751419 612.5989280206321 528.1333016284316 433.7725793368213 328.6717144882804 211.9387537244113 82.63383752978507 60.232399161457124 217.69992630243178 390.8603180205273 580.8584518618727 789.1089999756757 1016.4556603444562 1264.4072080402902 1534.3334261541622 1827.663797059333

Equation: (cos(x4) * 0.07803719881462712) + 1172.8367298968685
Residuals:
913.0075368565091 866.8961557682223 814.4579694180834 755.0629705323369 688.0407438111286 612.5999694383889 528.1342105955919 433.77333177801415 328.67228792349977 211.93912749813921 82.6339930215197 60.23247834741528 217.70025416986937 390.86090603858656 580.8593088481557 789.1101322807795 1016.4570709686539 1264.4088974169088 1534.335391875392 1827.6660339007683

Equation: 1172.6476204008436 + (cos(cos(x0)) * 0.19126181922780888)
Residuals:
913.0012650215598 866.8884921460913 814.4497529826267 755.0550427148422 688.0339072797472 612.5949481980282 528.1316011136962 433.77356455400513 328.67558343750363 211.94545706284316 82.64304644657022 60.22131436899804 217.68790300520072 390.84859002148823 580.8485180019734 789.1025765722022 1016.4545991844184 1264.4134199933717 1534.3487834799482 1827.6900358597445

Equation: cos(cos(x1) * (x3 * 0.126050816264653)) + 1171.845883853617
Residuals:
913.0221494595097 866.9049514525038 814.4615373402455 755.0621871222091 688.0367206028511 612.5939826200639 528.1276221441535 433.767486800333 328.6684127759703 211.93822126963641 82.63672012673533 60.22588856532752 217.69009431544964 390.8480571658338 580.8452798240028 789.0970681370588 1016.4477174172769 1264.4065295642006 1534.3437014485942 1827.688978991651

Equation: (1172.943667021407 - (-0.05221756673715561 * cos(x4))) - (cos(sin(x0)) * (x3 * (x3 - x1)))
Residuals:
913.0178268529568 866.9012681783215 814.458900270082 755.0608352238274 688.0367079798714 612.59517513046 528.1297055045661 433.7700007598926 328.6707995641269 211.93989327582767 82.6371416854729 60.227111373242224 217.69312373952198 390.85274271594903 580.8510951855562 789.1030739096543 1016.4525565613574 1264.408460754768 1534.3406664772463 1827.6787034717527

Equation: (0.26616244000532696 * cos(cos(x0))) + ((sin(x2) * (0.23678358870927857 / x4)) + 1172.6274478126838)
Residuals:
913.0299542950785 866.9088547786487 814.4629054853795 755.0621289375157 688.0360750265622 612.5933222794011 528.1272698811126 433.76754386351445 328.66879722150236 211.93871514671832 82.63702529106331 60.22608641366401 217.69105433548793 390.84990694035423 580.8479375175882 789.1001689129671 1016.4505495553549 1264.407992876088 1534.342290130538 1827.68279836948

Equation: x4
Residuals:
256.6705 302.6808 355.01869999999997 414.31419999999997 481.2377 556.5803999999999 640.9489 735.2131999999999 840.2183 956.8561 1086.0664000000002 1228.8385 1386.2123000000001 1559.2793 1749.1843000000001 1957.3418 2184.5956 2432.4543000000003 2702.2876 2995.5249

Equation: x0 ^ x0
Residuals:
232.75130000000001 272.4317840113833 316.7717715959693 365.9426775264222 420.0242650078526 479.02734369665 542.6043901833308 610.334134474099 681.4042429387326 754.5516458990462 827.9090017919789 898.8023448956536 963.482598808377 1016.769689727214 1051.581075993239 1058.2934144515993 1023.9043167054356 930.9798523472291 756.1040012831197 467.9206799655981

Equation: (x0 ^ x0) + x2
Residuals:
229.7109 269.2903840113833 313.5293715959693 362.59927752642216 416.5798650078526 475.48184369665 538.9578901833307 606.5866344740989 677.5557429387326 750.6021458990461 823.8585017919789 894.6508448956536 959.2300988083771 1012.4161897272139 1047.126575993239 1053.7378144515992 1019.2477167054356 926.2222523472292 751.2454012831197 462.96107996559795

Equation: x0 + 1168.8045229023342
Residuals:
912.0532229023341 866.0429229023343 813.7050229023341 754.4095229023343 687.4860229023341 612.1433229023343 527.7748229023341 433.5105229023343 328.5054229023341 211.86762290233423 82.65732290233404 60.114777097665865 217.48857709766594 390.5555770976657 580.4605770976659 788.6180770976657 1015.8718770976661 1263.730577097666 1533.563877097666 1826.8011770976657

Equation: 1172.102629094928 - sin(x4)
Residuals:
912.2905738801277 866.2802256088089 813.9418676413052 754.6444752199176 687.7166382073754 612.3661616755011 527.9855099812462 433.7037717195858 328.6750952016031 212.0067913015232 82.75834149974366 60.06019479377437 217.48927371040145 390.6208612545645 580.6001285540754 788.8419364598674 1016.190089313094 1264.1533332907145 1534.1013322713357 1827.4633466304088

Equation: 1171.8158450480319 + (x0 / x4)
Residuals:
913.038318093994 866.9278506172066 814.4897319129034 755.0939665682164 688.0701586384819 612.6270123505223 528.1581296177246 433.793413967486 328.68786796453776 211.9495939139183 82.63879389302929 60.23383022093935 217.70817672745784 390.8757440823533 580.8813308802423 789.1395354567549 1016.4939574216298 1264.4532953021142 1534.3872481138378 1827.725214951968

Equation: 1172.5501485942566 + (x3 * (x3 - x0))
Residuals:
912.9843209542565 866.8791415542566 814.4463621542566 755.0559827542567 688.0376033542566 612.5999300142565 528.1365506142565 433.7773712142566 328.67739181425657 211.94471241425663 82.63953301425659 60.227446385743406 217.69612578574356 390.8580051857434 580.8578845857435 789.1103579257433 1016.4590373257436 1264.4126167257434 1534.3407961257435 1827.6729755257434

Equation: ((x4 - x0) * cos(x4)) + 1172.838183446082
Residuals:
913.0062327082718 866.8948487491643 814.4566876648307 755.0617419239983 688.0395956851426 612.5989284306328 528.1333020384325 433.772579746822 328.67171489828104 211.93875413441197 82.63383793978574 60.23239875145646 217.6999258924311 390.8603176105264 580.858451451872 789.1089995656748 1016.4556599344555 1264.4072076302896 1534.3334257441616 1827.6637966493324

Equation: (0.0780333445893504 * cos(x4)) + 1172.8367282797165
Residuals:
913.0075390864623 866.8961580021805 814.4579716167948 755.0629726569088 688.040745823424 612.5999713012501 528.1342122736789 433.77333323774064 328.6722891335054 211.93912842960867 82.63399364847646 60.23247804784387 217.70025421721925 390.8609064488578 580.859309633649 789.1101334503542 1016.4570725264957 1264.4088993636221 1534.3353942076178 1827.6660366112183

Equation: (0.10809371580198827 / cos(sin(x1))) + 1172.6437475390771
Residuals:
913.0013386658508 866.8892637316014 814.4506926159293 755.0556285606168 688.0336847354151 612.5935847365348 528.1289395590841 433.76965771171785 328.67071413802967 211.94012897403604 82.63793677173999 60.225447505807324 217.69035751212004 390.8488850461513 580.8465512330672 789.0987192195396 1016.4496852047732 1264.4085883042267 1534.3452250791659 1827.6887160499166

Equation: (sin(0.10809371580198827) / cos(sin(x0))) + 1172.6437475390771
Residuals:
913.0014141060939 866.8891197741018 814.4503277741992 755.0550391745691 688.0328653366284 612.5925287996537 528.1276419850781 433.7681169337061 328.6689364406508 211.93813401096145 82.6357642943376 60.22773067544881 217.6926524009864 390.8510607625831 580.8484544051055 789.1001942976166 1016.4506053898858 1264.4088838788632 1534.3449013718764 1827.6878510498543

Equation: 1172.8018460986616 + (0.04297647253801416 * cos(x4 / 0.3793251121894125))
Residuals:
913.0391736063162 866.9173691881379 814.469506606137 755.0662175232331 688.0375804189457 612.5925871896019 528.1249242779061 433.76435954101703 328.665559248083 211.93610893192545 82.63554964754462 60.22617558689626 217.68976843966902 390.8475187656768 580.8449489392308 789.0972580121529 1016.4485017264653 1264.4076232804375 1534.344363441664 1827.6879502329887

Equation: 1172.8026074666384 + (sin(sin(-0.04513434037377588)) * cos(x4 / 0.5324394069635909))
Residuals:
913.0116602630261 866.8970166136089 814.4563152886797 755.0596209119282 688.0365404567456 612.5957266926883 528.1306665968405 433.77110307792896 328.671830336007 211.94070343880253 82.63764710881992 60.22693440090143 217.6932466966764 390.8530942803502 580.8515696250993 789.1035366479744 1016.4528463935796 1264.4083887808279 1534.340012966749 1827.6772149478938

Equation: (cos(cos(x1)) * 0.23854204862496653) + ((sin(x4) / (x4 * x4)) + 1172.6496125740764)
Residuals:
913.0350721714516 866.9119686492522 814.4645890434472 755.062833754702 688.0361461043622 612.5930126811928 528.1267562831656 433.7669398644066 328.66816831772974 211.93809315364228 82.63642241739558 60.22666431882931 217.69159600535545 390.8503861100439 580.848306246791 789.1003541491998 1016.450454263902 1264.4074998470953 1534.3412697075246 1827.6811185394276

Equation: (cos(cos(x0)) * sin(sin(0.2584271881151971))) + (1172.6370521940482 + (sin(x4) / (x4 * 4.456239433421058)))
Residuals:
913.0288811276279 866.9083741025843 814.4629010830938 755.0624811509816 688.0366644079177 612.5940333628395 528.1279946579882 433.768185993001 328.6692755673545 211.93896722639147 82.63701021943098 60.22638576505642 217.69163024512636 390.850727049919 580.8489465063528 789.1012917344242 1016.4516956752577 1264.4090623206403 1534.3431797064252 1827.6834082751022

Equation: (((-0.14925794676812393 / x1) + 1172.7040589899755) + (sin(x3) / (x3 * x2))) + (cos(cos(x2)) * 0.2155201949585343)
Residuals:
913.0294056441136 866.9080700299444 814.4621915562793 755.061667824115 688.0359444787343 612.5935162349998 528.1277175448151 433.7681310695468 328.66938679694124 211.93916778495168 82.63722002519967 60.22623307350568 217.6915718243265 390.8507579874481 580.849010736127 789.1012775832512 1016.4514372623457 1264.408346166195 1534.3417566225842 1827.6810093630402

Equation: x4
Residuals:
256.6705 302.6808 355.01869999999997 414.31419999999997 481.2377 556.5803999999999 640.9489 735.2131999999999 840.2183 956.8561 1086.0664000000002 1228.8385 1386.2123000000001 1559.2793 1749.1843000000001 1957.3418 2184.5956 2432.4543000000003 2702.2876 2995.5249

Equation: x1 ^ x0
Residuals:
232.20221939759202 271.7518493936817 315.92702958034096 364.88983815395227 418.70801273511677 477.3764714008822 540.5282666685599 607.7158328187036 678.0930870645992 750.3530753714551 822.5712888318185 891.9991569164188 954.7900693783054 1005.6362194385086 1037.2874942030203 1039.8957283771824 1000.176504953027 900.3100448694452 716.3754440993825 416.34876244660063

Equation: x4 + (x0 ^ x0)
Residuals:
229.6705 269.2499840113833 313.4889715959693 362.5588775264222 416.53946500785264 475.44144369665 538.9174901833308 606.5462344740989 677.5153429387326 750.5617458990462 823.818101791979 894.6104448956537 959.189698808377 1012.3757897272139 1047.086175993239 1053.6974144515993 1019.2073167054357 926.1818523472291 751.2050012831198 462.9206799655981

Equation: x0 + 1168.804522591264
Residuals:
912.053222591264 866.042922591264 813.705022591264 754.4095225912641 687.4860225912639 612.1433225912641 527.774822591264 433.51052259126413 328.50542259126394 211.86762259126408 82.65732259126389 60.11477740873602 217.4885774087361 390.55557740873587 580.4605774087361 788.6180774087359 1015.8718774087363 1263.730577408736 1533.563877408736 1826.8011774087358

Equation: 1172.0982375662386 - sin(x4)
Residuals:
912.2861823514385 866.2758340801195 813.9374761126157 754.6400836912281 687.7122466786861 612.3617701468119 527.9811184525568 433.69938019089636 328.67070367291365 212.00239977283377 82.75394997105423 60.06458632246358 217.4936652390909 390.6252527832539 580.6045200827648 788.8463279885568 1016.1944808417834 1264.157724819404 1534.105723800025 1827.4677381590982

Equation: (x0 / x4) + 1171.8158447375667
Residuals:
913.0383177835287 866.9278503067414 814.489731602438 755.093966257751 688.0701583280165 612.6270120400571 528.1581293072593 433.7934136570209 328.68786765407265 211.94959360345297 82.63879358256395 60.233830531404465 217.70817703792318 390.87574439281866 580.8813311907077 789.13953576722 1016.4939577320949 1264.4532956125793 1534.3872484243032 1827.7252152624333

Equation: 1172.5501482838094 - ((x0 - x3) * x3)
Residuals:
912.9843206438094 866.8791412438095 814.4463618438094 755.0559824438095 688.0376030438092 612.5999297038094 528.1365503038094 433.77737090380947 328.6773915038094 211.94471210380948 82.63953270380921 60.22744669619078 217.6961260961907 390.8580054961906 580.8578848961906 789.1103582361905 1016.4590376361907 1264.4126170361908 1534.3407964361907 1827.6729758361905

Equation: 1172.8381831355987 + ((x4 - x0) * cos(x4))
Residuals:
913.0062323977885 866.894848438681 814.4566873543474 755.061741613515 688.0395953746593 612.5989281201495 528.1333017279492 433.7725794363387 328.67171458779774 211.93875382392866 82.63383762930243 60.23239906193976 217.6999262029144 390.8603179210097 580.8584517623553 789.1089998761581 1016.4556602449388 1264.4072079407729 1534.3334260546449 1827.6637969598157

Equation: (0.07803630150259039 * cos(x4)) + 1172.836729524481
Residuals:
913.007537379776 866.8961562924217 814.4579699340768 755.0629710310697 688.040744283722 612.5999698761924 528.1342109903774 433.77333212196254 328.67228820931007 211.93912771910277 82.63399317158905 60.23247827356545 217.7002541767872 390.86090612999715 580.8593090269226 789.1101325489653 1016.4570713272333 1264.4088978660222 1534.3353924142577 1827.6660345276891

Equation: 1172.6476218229668 + (cos(cos(x0)) * 0.19126011080406918)
Residuals:
913.0012655062775 866.8884926439653 814.4497534790642 755.0550431952928 688.0339077301444 612.5949486051844 528.1316014658921 433.77356484132133 328.67558365229877 211.9454572001623 82.64304650448594 60.22131438914403 217.68790309869382 390.8485901803035 580.8485182150266 789.1025768258212 1016.4545994628461 1264.4134202796524 1534.3487837567295 1827.690036110154

Equation: 1172.6501907591667 - (sin(-0.1051011280059851) / cos(sin(x0)))
Residuals:
913.0048518486122 866.8925849419359 814.4537899632126 755.0584679511629 688.0362299538376 612.5957978888424 528.1307838350072 433.7710995010307 328.6717281565658 211.94070514070177 82.63808911213891 60.22567078021643 217.69086496484988 390.84953787964764 580.8471688996985 789.0990980052843 1016.4496301508648 1264.4079478474598 1534.343917969184 1827.6867394013773

Equation: ((0.01790632901262441 * cos(x0)) + 1172.6926235550225) - (-0.08182977219349488 / cos(sin(x0)))
Residuals:
913.0062478263579 866.8940291761785 814.4552290044285 755.0598479387833 688.0374925575802 612.5968767181777 528.131603062784 433.7715737767726 328.6717667349277 211.94022085482516 82.63701377999814 60.22736360413387 217.6931304864363 390.8522272379669 580.85000037532 789.1016426553956 1016.4513253023645 1264.408141198734 1534.3419389152436 1827.6819799763512

Equation: (1172.4282804004167 + (0.794579027156154 / x4)) + ((0.053326489270670394 * x0) * cos(cos(x0)))
Residuals:
913.0226737290383 866.9048685920784 814.4613427854692 755.0621847814367 688.0370410001349 612.594609848186 528.1284258240969 433.76825987079246 328.66890975160425 211.93819732938346 82.6359700320968 60.227491845558916 217.69256119114107 390.851243397924 580.8488498048655 789.1004609879762 1016.4501209350324 1264.406864495615 1534.3406214656736 1827.6808910943662

Equation: x4
Residuals:
256.6705 302.6808 355.01869999999997 414.31419999999997 481.2377 556.5803999999999 640.9489 735.2131999999999 840.2183 956.8561 1086.0664000000002 1228.8385 1386.2123000000001 1559.2793 1749.1843000000001 1957.3418 2184.5956 2432.4543000000003 2702.2876 2995.5249

Equation: x0 ^ x0
Residuals:
232.75130000000001 272.4317840113833 316.7717715959693 365.9426775264222 420.0242650078526 479.02734369665 542.6043901833308 610.334134474099 681.4042429387326 754.5516458990462 827.9090017919789 898.8023448956536 963.482598808377 1016.769689727214 1051.581075993239 1058.2934144515993 1023.9043167054356 930.9798523472291 756.1040012831197 467.9206799655981

Equation: (x0 ^ x0) + x4
Residuals:
229.6705 269.2499840113833 313.4889715959693 362.5588775264222 416.53946500785264 475.44144369665 538.9174901833308 606.5462344740989 677.5153429387326 750.5617458990462 823.818101791979 894.6104448956537 959.189698808377 1012.3757897272139 1047.086175993239 1053.6974144515993 1019.2073167054357 926.1818523472291 751.2050012831198 462.9206799655981

Equation: 1168.8045225104956 + x0
Residuals:
912.0532225104956 866.0429225104956 813.7050225104956 754.4095225104955 687.4860225104956 612.1433225104955 527.7748225104956 433.51052251049555 328.5054225104956 211.8676225104955 82.65732251049553 60.114777489504604 217.48857748950445 390.55557748950446 580.4605774895044 788.6180774895042 1015.8718774895046 1263.7305774895044 1533.5638774895044 1826.8011774895042

Equation: 1171.9753100013907 - sin(x4)
Residuals:
912.1632547865905 866.1529065152715 813.8145485477678 754.5171561263802 687.5893191138382 612.2388425819639 527.8581908877088 433.5764526260484 328.5477761080657 211.87947220798583 82.63102240620651 60.187513887311525 217.61659280393883 390.74818034810187 580.7274476476125 788.9692555534045 1016.3174084066313 1264.2806523842519 1534.2286513648728 1827.5906657239461

Equation: (x0 / x4) + 1171.8143622146245
Residuals:
913.0368352605866 866.9263677837992 814.488249079496 755.092483734809 688.0686758050745 612.6255295171148 528.1566467843172 433.7919311340786 328.68638513113035 211.9481110805109 82.63731105962188 60.23531305434676 217.70965956086525 390.87722691576073 580.8828137136497 789.1410182901623 1016.4954402550372 1264.4547781355216 1534.3887309472452 1827.7266977853753

Equation: ((x4 - x1) * x0) + 1172.5538205629957
Residuals:
912.9843205629958 866.8791411629957 814.4463617629956 755.0559823629957 688.0376029629956 612.5999296229958 528.1365502229958 433.77737082299564 328.6773914229956 211.94471202299565 82.6395326229956 60.22744677700439 217.69612617700432 390.8580055770042 580.8578849770042 789.1103583170043 1016.4590377170045 1264.4126171170044 1534.3407965170043 1827.6729759170041

Equation: (cos(x4) * (x4 - x0)) + 1172.8381830548212
Residuals:
913.006232317011 866.8948483579036 814.45668727357 755.0617415327375 688.0395952938816 612.5989280393718 528.1333016471715 433.7725793555612 328.6717145070203 211.9387537431512 82.63383754852498 60.23239914271744 217.6999262836921 390.8603180017874 580.858451843133 789.1089999569358 1016.4556603257163 1264.4072080215503 1534.3334261354223 1827.6637970405932

Equation: 1172.8367298336907 + (cos(x4) * 0.07803704283041668)
Residuals:
913.0075369490274 866.8961558609028 814.4579695093373 755.0629706205901 688.040743894838 612.5999695160507 528.1342106657755 433.7733318393607 328.6722879747398 211.93912753810673 82.63399304916334 60.23247833302139 217.70025416951557 390.8609060529209 580.8593088776754 789.1101323258433 1016.4570710294313 1264.4088974934243 1534.3353919675096 1827.6660340081928

Equation: 1172.6450905087625 + (cos(cos(x0)) * 0.19200201328215433)
Residuals:
912.9991412710943 866.8863626955147 814.4476241544967 755.0529208130769 688.0317983990383 612.5928580519466 528.1295347797461 433.7715263299799 328.6735766340165 211.94348382677663 82.64110761292136 60.223219381509125 217.6897762392698 390.85043495389664 580.8503394353231 789.104380429962 1016.4563922935304 1264.4152096999646 1534.3505773022944 1827.6918411079673

Equation: (cos(x0) / (x2 / 0.28870531781852393)) + 1172.8412515451923
Residuals:
912.9959454610031 866.8868238596281 814.4508733289736 755.0580231094542 688.0378020494929 612.5988437974762 528.1346672896607 433.77510584415245 328.6750887619197 211.9426461642547 82.63790932240772 60.22848900301983 217.69651421931758 390.8577295612622 580.8569957582015 789.1089642260577 1016.4573028994073 1264.410756508955 1534.3390727307014 1827.6716953279529

Equation: 1172.841284823356 + ((cos(x0) / x4) * sin(sin(0.3009557547446698)))
Residuals:
912.9961171650071 866.886953680676 814.4509649194724 755.0580806293145 688.0378300105042 612.5988469068096 528.1346504051148 433.77507379745794 328.67504629899156 211.9425978707127 82.63785956007996 60.228536149616275 217.69655498735483 390.8577605455455 580.857013939298 789.108966974735 1016.4572880380249 1264.410722274335 1534.3390177900924 1827.6716187755246

Equation: (0.04298087351187875 * cos(x4 / -0.3793299583637452)) + 1172.8018481615209
Residuals:
913.0391788054011 866.9173729753545 814.469508820797 755.0662180994319 688.0375793940966 612.5925847052093 528.1249205790716 433.7643549601885 328.6655541883439 211.9361038431789 82.63554499847487 60.22617933936408 217.68977088143652 390.8475195549561 580.8449478323464 789.0972548817019 1016.4484965803765 1264.4076162603676 1534.3443548203052 1827.6879404002532

Equation: 1172.8017945254196 + (cos(x3 / 0.5291000252797071) * sin(sin(-0.04556502309704574)))
Residuals:
913.0105055863663 866.8958003700106 814.4550716001984 755.0583857134774 688.0353494628412 612.5946134613006 528.1296603553251 433.7702272168965 328.67110091146776 211.9401280948598 82.63722441688515 60.22721514862178 217.69340522264815 390.8531585912808 580.8515748426414 789.1035234517974 1016.4528591722069 1264.4084734265834 1534.3402146441229 1827.6775757816697

Equation: x4
Residuals:
256.6705 302.6808 355.01869999999997 414.31419999999997 481.2377 556.5803999999999 640.9489 735.2131999999999 840.2183 956.8561 1086.0664000000002 1228.8385 1386.2123000000001 1559.2793 1749.1843000000001 1957.3418 2184.5956 2432.4543000000003 2702.2876 2995.5249

Equation: x0 ^ x1
Residuals:
232.1454188757616 271.6587248292005 315.7839137150001 364.67833588676757 418.40340029518416 476.9454082051834 539.9263085280419 606.8832335903064 676.9497433153269 748.7915975495102 820.4476945385868 889.1203603707919 950.8970504129151 1000.3813608254095 1030.2040402069752 1030.353780790022 987.3348648884526 883.0342268738714 693.1380792892089 385.0919265959351

Equation: (x0 ^ x0) + x3
Residuals:
229.69070000000002 269.2701840113833 313.5091715959693 362.57907752642217 416.5596650078526 475.46164369665 538.9376901833308 606.566434474099 677.5355429387326 750.5819458990462 823.8383017919789 894.6306448956536 959.209898808377 1012.395989727214 1047.106375993239 1053.7176144515993 1019.2275167054356 926.202052347229 751.2252012831198 462.940879965598

Equation: x4 + 1102.648502796926
Residuals:
845.978002796926 799.967702796926 747.629802796926 688.334302796926 621.410802796926 546.0681027969262 461.699602796926 367.43530279692595 262.430202796926 145.79240279692613 16.582102796925938 126.1899972030742 283.56379720307405 456.6307972030738 646.535797203074 854.6932972030738 1081.9470972030742 1329.805797203074 1599.639097203074 1892.8763972030738

Equation: (x4 * x4) + 1102.648502796926
Residuals:
852.388531436926 806.9097540369262 755.1237786369261 696.400605236926 630.0698338369259 555.340881606926 471.60593440692605 377.99558920692607 273.66484600692604 157.721804806926 29.226665606925962 112.80987159307415 269.4277067930741 441.71833999307387 630.826571193074 838.1660812030739 1064.5822882030743 1311.582993203074 1580.537896203074 1872.8763972030738

Equation: 1139.433666620951 + (x3 * (x3 + x3))
Residuals:
898.4169113409511 853.5624957409511 802.421284140951 744.363276540951 678.7180729409508 604.6957996009511 521.6872444009509 428.8236932009511 325.26014600095084 210.10470280095092 82.41756360095087 58.790571599049144 214.55960279904912 385.98102999904904 574.199653199049 780.628242099049 1006.1140168990491 1252.1638876990492 1520.147554499049 1811.494417299049

Equation: ((x3 - x3) + 42.66968691320664) + 1130.1261091454357
Residuals:
913.0444960586423 866.9331960586424 814.4942960586422 755.0977960586423 688.0732960586422 612.6294960586423 528.1599960586423 433.79469605864233 328.68859605864225 211.94979605864228 82.6384960586422 60.23460394135782 217.70940394135778 390.87740394135767 580.8834039413578 789.1420039413576 1016.4968039413579 1264.4565039413578 1534.3908039413577 1827.7291039413576

Equation: 1172.765286899929 + ((x3 * (x3 + x3)) * 0.0009144847736799606)
Residuals:
913.0311193558172 866.9209687574635 814.4832554737461 755.0879795046657 688.0647408502218 612.6222408147079 528.1540768264827 433.79015015289406 328.6854607939423 211.94810874962718 82.63829401994872 60.23328339509294 217.706523495498 390.87292628126625 580.8772917523979 789.1342182351111 1016.4873090400242 1264.4452625303006 1534.37777870594 1827.7142575669427

Equation: 1172.7654725651466 + ((x2 * (x1 + x2)) * (x3 + (0.0009201729068579415 - x3)))
Residuals:
913.0311282676213 866.9209754319095 814.4832601429327 755.0879824006914 688.0647422051854 612.6222408595269 528.1540757946664 433.79014827654123 328.6854583051512 211.94810588049677 82.63829100257726 60.23328632860671 217.70652611305536 390.8729283507687 580.8772930417467 789.1342185110907 1016.4873080714237 1264.4452600850207 1534.3777745518826 1827.7142514720092

Equation: 1172.7949972159488 + (((x3 + x3) * x4) * ((-0.0017656712797175507 - x3) + (1.000427931575351 * x3)))
Residuals:
913.0350989379 866.9240935806015 814.4855821466986 755.0895699269714 688.0656622121996 612.6225650444504 528.1538823284989 433.78951999508126 328.68448333497724 211.9468776389674 82.63690819783119 60.23471969765137 217.70790075670016 390.87412968853505 580.8782012023767 789.1347078545768 1016.4872484911334 1264.4445158321178 1534.3762045867502 1827.7117094642508

Equation: x4
Residuals:
256.6705 302.6808 355.01869999999997 414.31419999999997 481.2377 556.5803999999999 640.9489 735.2131999999999 840.2183 956.8561 1086.0664000000002 1228.8385 1386.2123000000001 1559.2793 1749.1843000000001 1957.3418 2184.5956 2432.4543000000003 2702.2876 2995.5249

Equation: x0 ^ x0
Residuals:
232.75130000000001 272.4317840113833 316.7717715959693 365.9426775264222 420.0242650078526 479.02734369665 542.6043901833308 610.334134474099 681.4042429387326 754.5516458990462 827.9090017919789 898.8023448956536 963.482598808377 1016.769689727214 1051.581075993239 1058.2934144515993 1023.9043167054356 930.9798523472291 756.1040012831197 467.9206799655981

Equation: (x0 ^ x0) + x2
Residuals:
229.7109 269.2903840113833 313.5293715959693 362.59927752642216 416.5798650078526 475.48184369665 538.9578901833307 606.5866344740989 677.5557429387326 750.6021458990461 823.8585017919789 894.6508448956536 959.2300988083771 1012.4161897272139 1047.126575993239 1053.7378144515992 1019.2477167054356 926.2222523472292 751.2454012831197 462.96107996559795

Equation: x0 + 1168.8045225521969
Residuals:
912.0532225521969 866.0429225521971 813.7050225521969 754.409522552197 687.4860225521968 612.143322552197 527.7748225521968 433.510522552197 328.5054225521968 211.86762255219696 82.65732255219677 60.114777447803135 217.4885774478032 390.555577447803 580.4605774478032 788.618077447803 1015.8718774478034 1263.7305774478032 1533.5638774478032 1826.801177447803

Equation: 1172.098237527159 - sin(x4)
Residuals:
912.2861823123588 866.2758340410398 813.9374760735361 754.6400836521485 687.7122466396065 612.3617701077322 527.9811184134771 433.69938015181674 328.670703633834 212.00239973375415 82.75394993197483 60.064586361543206 217.4936652781705 390.62525282233355 580.6045201218444 788.8463280276362 1016.194480880863 1264.1577248584836 1534.1057238391045 1827.4677381981778

Equation: 1173.8162662587602 - (x4 / x0)
Residuals:
913.0380329254268 866.9276101478283 814.489532030153 755.0938036490114 688.0700294785015 612.6269141347124 528.1580597808477 433.7933702457042 328.68784832855874 211.94959653938736 82.6388171352969 60.23378784841316 217.708116571657 390.87566736670647 580.8812387184719 789.139428851091 1016.4938373156085 1264.4531625464633 1534.3871034892784 1827.7250591762697

Equation: ((x4 - x1) * x3) - -1172.5501482447355
Residuals:
912.9843206047354 866.8791412047356 814.4463618047355 755.0559824047356 688.0376030047355 612.5999296647354 528.1365502647354 433.77737086473553 328.6773914647355 211.94471206473554 82.6395326647355 60.22744673526449 217.69612613526465 390.8580055352645 580.8578849352646 789.1103582752644 1016.4590376752647 1264.4126170752645 1534.3407964752646 1827.6729758752645

Equation: 1172.8381830965473 - (cos(x4) * (x0 - x4))
Residuals:
913.0062323587371 866.8948483996296 814.456687315296 755.0617415744636 688.0395953356078 612.598928081098 528.1333016888977 433.77257939728725 328.6717145487463 211.93875378487724 82.633837590251 60.23239910099119 217.69992624196584 390.86031796006114 580.8584518014068 789.1089999152096 1016.4556602839903 1264.4072079798243 1534.3334260936963 1827.6637969988672

Equation: 1172.8367296731801 - (-0.07803665485721467 * cos(x4))
Residuals:
913.0075371757733 866.8961560880518 814.4579697329384 755.0629708367281 688.0407440996739 612.5999697058445 528.1342108369697 433.773331988574 328.6722880988158 211.93912763414482 82.63399311454873 60.23247830059108 217.70025417200713 390.86090609194457 580.85930895447 789.1101324413 1016.4570711839717 1264.4088976871092 1534.3353922000008 1827.6660342787568

Equation: 1172.6476212618666 - (cos(cos(x0)) * -0.19126078512951908)
Residuals:
913.001265315177 866.888492447672 814.4497532833379 755.0550430058767 688.0339075525903 612.5949484446979 528.1316013270989 433.77356472813653 328.6755835677385 211.9454571461822 82.64304648184702 60.22131438097176 217.68790306157075 390.8485901173974 580.8485181307126 789.1025767254955 1016.4545993527283 1264.4134201664351 1534.3487836472616 1827.6900360110951

Equation: 1172.7002794504017 - ((-0.030076512981448606 * x0) * cos(cos(x0)))
Residuals:
912.9984880495573 866.8881366033486 814.4509609849383 755.0570365352934 688.0360119281736 612.5966097084976 528.1324035453526 433.7732402139568 328.67401987640994 211.942698446049 82.6392885918583 60.22573599126645 217.69253258341996 390.8528776653609 580.8518518410365 789.1043169274383 1016.4541211722367 1264.4101452644818 1534.3422133509969 1827.6797763904467

Equation: 1172.80266710454 - (0.044910390549641376 * cos(x2 / 0.5278100503360484))
Residuals:
913.0124551848495 866.8976007241745 814.4566965324516 755.0598157742924 688.0365723495752 612.5956239647693 528.130460895426 433.7708268636691 328.6715150288263 211.94037758353625 82.6373348001514 60.22721475758067 217.6934832303475 390.85328206832855 580.8517106614593 789.1036393433556 1016.4529248129936 1264.4084612920824 1534.340100773261 1827.6773403808825

Equation: 1172.8026314180447 - (sin(0.0447729259610028) * cos(x0 / 0.5225741501382004))
Residuals:
913.0129968394518 866.8979731957918 814.4569157458416 755.0599048302425 688.0365594748296 612.5955402065393 528.1303379906897 433.77069474279733 328.6713998127419 211.94029978853496 82.63730793305308 60.22718513824202 217.6933999362252 390.85315616269713 580.8515608051046 789.1034906534485 1016.4528072496323 1264.4084076856886 1534.3401446240682 1827.6775135098653

Equation: (1172.67538779142 - (cos(x4) / (x1 ^ x2))) - ((-0.035245015327009806 * x4) * cos(cos(x1)))
Residuals:
913.0180756050796 866.901374398823 814.4590033146012 755.0609800513336 688.036867950585 612.5952848542705 528.1296953525343 433.76982508314586 328.6704539090382 211.9394181799155 82.63661372848401 60.22759796011519 217.69347968578268 390.85290443603003 580.8510377885871 789.1028118905431 1016.4521310176249 1264.407911748942 1534.3399961435573 1827.6778345564428

Equation: (1172.7673906946502 + (sin(x2) * 0.12305089899263104)) - (cos(cos(x0)) * (0.2011179949249378 * sin(x0)))
Residuals:
913.0129483323234 866.900398975062 814.4600860265157 755.0625415495641 688.0378710322311 612.5952127725226 528.1284925931855 433.7677961966215 328.6681410014404 211.93746295623055 82.63561787748858 60.227199985562265 217.6915215009792 390.8495499411665 580.846796227009 789.0985030517791 1016.4488029945262 1264.406721125591 1534.3420684369828 1827.6841220838085

Equation: (1172.771422508333 + (sin(x4) * 0.11582031126279148)) - ((sin(0.19073809617910906) * sin(x0)) * cos(cos(x0)))
Residuals:
913.0124793539597 866.900004739316 814.4598235944311 755.0624369503342 688.0379203066116 612.5953855642084 528.1287375596919 433.7680491497729 328.66833398168535 211.93753425655473 82.6355220227631 60.22748328819671 217.69198046321003 390.85013677596316 580.8474269007174 789.0990608754366 1016.449146432423 1264.4066943552796 1534.341514085363 1827.682894588156

Equation: (1172.733589084624 - (-0.19700974729774734 / x1)) - (((0.003090881998173892 * x3) * x4) * cos(x1 / -0.49970027506912285))
Residuals:
913.0192050943705 866.9030373142152 814.4605757372121 755.0620378087532 688.037192279264 612.594846495571 528.128626078457 433.76837394574386 328.66894080079726 211.9381845700084 82.63597421470695 60.227401394044364 217.6923196455466 390.8508057809913 580.8482105476803 789.0996786534349 1016.4493482421049 1264.406379750272 1534.3408589018331 1827.6824636750491

Equation: x4
Residuals:
256.6705 302.6808 355.01869999999997 414.31419999999997 481.2377 556.5803999999999 640.9489 735.2131999999999 840.2183 956.8561 1086.0664000000002 1228.8385 1386.2123000000001 1559.2793 1749.1843000000001 1957.3418 2184.5956 2432.4543000000003 2702.2876 2995.5249

Equation: x0 ^ x0
Residuals:
232.75130000000001 272.4317840113833 316.7717715959693 365.9426775264222 420.0242650078526 479.02734369665 542.6043901833308 610.334134474099 681.4042429387326 754.5516458990462 827.9090017919789 898.8023448956536 963.482598808377 1016.769689727214 1051.581075993239 1058.2934144515993 1023.9043167054356 930.9798523472291 756.1040012831197 467.9206799655981

Equation: (x0 ^ x0) + x4
Residuals:
229.6705 269.2499840113833 313.4889715959693 362.5588775264222 416.53946500785264 475.44144369665 538.9174901833308 606.5462344740989 677.5153429387326 750.5617458990462 823.818101791979 894.6104448956537 959.189698808377 1012.3757897272139 1047.086175993239 1053.6974144515993 1019.2073167054357 926.1818523472291 751.2050012831198 462.9206799655981

Equation: x1 - -1168.037385130068
Residuals:
911.306285130068 865.295985130068 812.958085130068 753.6625851300681 686.7390851300679 611.3963851300681 527.027885130068 432.7635851300681 327.7584851300679 211.12068513006807 81.91038513006788 60.86171486993203 218.2355148699321 391.3025148699319 581.2075148699321 789.3650148699319 1016.6188148699323 1264.477514869932 1534.310814869932 1827.5481148699319

Equation: cos(x0) + 1172.7129767190816
Residuals:
911.971684222481 865.8512004877205 813.4133006880847 754.0279746292009 687.0247084225596 611.6120211970896 527.1831343448496 432.8675598686375 327.8197909494435 211.14733305757 81.9097100122749 60.88312912636911 218.27190240364712 391.34898663241347 581.2601084563246 789.4207368440418 1016.6756640013703 1264.5345122798624 1534.3680095936709 1827.606583357164

Equation: (x4 - x1) + 1172.7129767190816
Residuals:
913.0222767190816 866.9109767190816 814.4720767190815 755.0755767190816 688.0510767190815 612.6072767190816 528.1377767190816 433.7724767190816 328.66637671908154 211.92757671908157 82.6162767190815 60.256823280918525 217.73162328091848 390.8996232809184 580.9056232809185 789.1642232809183 1016.5190232809186 1264.4787232809185 1534.4130232809184 1827.7513232809183

Equation: 1173.795552731984 - cos(sin(5303.030478412251))
Residuals:
913.0444964269719 866.933196426972 814.4942964269719 755.097796426972 688.0732964269719 612.629496426972 528.1599964269719 433.794696426972 328.6885964269719 211.94979642697194 82.63849642697187 60.23460357302815 217.7094035730281 390.877403573028 580.8834035730281 789.142003573028 1016.4968035730283 1264.4565035730282 1534.390803573028 1827.729103573028

Equation: (x4 - x1) + ((x1 - x3) + 1172.7755960586421)
Residuals:
913.044496058642 866.9331960586421 814.494296058642 755.0977960586421 688.073296058642 612.6294960586421 528.159996058642 433.7946960586421 328.688596058642 211.94979605864205 82.63849605864198 60.234603941358046 217.709403941358 390.8774039413579 580.883403941358 789.1420039413579 1016.4968039413582 1264.456503941358 1534.390803941358 1827.7291039413578

Equation: (x3 - x3) + ((x2 * (x4 - x3)) + 1172.7143584961425)
Residuals:
913.0244745761426 866.9152147761426 814.4783549761426 755.0838951761426 688.0614353761425 612.6196775961424 528.1522177961424 433.78895799614247 328.6848981961424 211.94813839614244 82.63887859614238 60.232181203857635 217.70494100385758 390.87090080385747 580.8748606038575 789.1314183838574 1016.4841781838577 1264.4418379838576 1534.3740977838575 1827.7103575838573

Equation: (x4 - x1) + (((-0.2110335397029714 - x3) / x2) + 1173.793485831572)
Residuals:
913.0267321742562 866.9178773959375 814.4812702814538 755.0869246364704 688.0644526473591 612.622566951385 528.1548733703892 433.79128241870944 328.6868017625312 211.94953828385633 82.6396981782691 60.232012961563896 217.705490074296 390.87222856826793 580.8770242682604 789.1344722551132 1016.4881713302423 1264.44681714886 1534.3801067958727 1827.7174375936443

Equation: (4146.949089782809 / (-4211.974224535262 / x3)) + (1172.7129767190816 + x4)
Residuals:
913.0291267535819 866.919386007808 814.482045262034 755.0871045162602 688.0641637704864 612.6219245685287 528.1539838227548 433.7902430769809 328.6857023312069 211.94846158543305 82.6387208396593 60.23281990611463 217.7060606518885 390.8725013976623 580.8769421434363 789.133981345394 1016.487222091168 1264.4453628369417 1534.3781035827155 1827.7148443284893

Equation: ((0.08992099618038397 / x0) + ((x4 - x3) * x4)) + ((x4 - x3) * 58053.99197670918)
Residuals:
913.0315437549192 866.9213077084796 814.4835332491066 755.0882147271212 688.0649471633744 612.6224274406949 528.1542491116898 433.79030993535116 328.6856067964121 211.94823690156363 82.63839773890481 60.23321295661344 217.70649723279485 390.8729569456234 580.8773937812189 789.1344076959128 1016.4876032293387 1264.4456801037818 1534.3783394926363 1827.7149824729404

Equation: (1172.5030232030078 + ((0.009323031898420386 / x3) / (x3 - x2))) + ((x1 * (x4 * x4)) * ((0.0430409401323849 / x0) / x3))
Residuals:
913.0368968986226 866.9251254837072 814.4860524047695 755.0896507869855 688.0654968893625 612.6222703339469 528.1535512403841 433.7892233458638 328.6842716754569 211.94678277825255 82.63694453829044 60.234553987040044 217.70762270568002 390.8737706103693 580.8778058819323 789.1343338796596 1016.4869655220025 1264.4444050478496 1534.3763581781516 1827.7122301697298

Equation: x4
Residuals:
256.6705 302.6808 355.01869999999997 414.31419999999997 481.2377 556.5803999999999 640.9489 735.2131999999999 840.2183 956.8561 1086.0664000000002 1228.8385 1386.2123000000001 1559.2793 1749.1843000000001 1957.3418 2184.5956 2432.4543000000003 2702.2876 2995.5249

Equation: x0 ^ x0
Residuals:
232.75130000000001 272.4317840113833 316.7717715959693 365.9426775264222 420.0242650078526 479.02734369665 542.6043901833308 610.334134474099 681.4042429387326 754.5516458990462 827.9090017919789 898.8023448956536 963.482598808377 1016.769689727214 1051.581075993239 1058.2934144515993 1023.9043167054356 930.9798523472291 756.1040012831197 467.9206799655981

Equation: (x0 ^ x0) + x2
Residuals:
229.7109 269.2903840113833 313.5293715959693 362.59927752642216 416.5798650078526 475.48184369665 538.9578901833307 606.5866344740989 677.5557429387326 750.6021458990461 823.8585017919789 894.6508448956536 959.2300988083771 1012.4161897272139 1047.126575993239 1053.7378144515992 1019.2477167054356 926.2222523472292 751.2454012831197 462.96107996559795

Equation: x4 + 1168.7237224918651
Residuals:
912.0532224918651 866.0429224918653 813.7050224918651 754.4095224918652 687.486022491865 612.1433224918652 527.774822491865 433.51052249186523 328.50542249186503 211.86762249186518 82.65732249186499 60.11477750813492 217.488577508135 390.5555775081348 580.460577508135 788.6180775081348 1015.8718775081352 1263.730577508135 1533.563877508135 1826.8011775081347

Equation: 1172.098237466676 - sin(x4)
Residuals:
912.2861822518759 866.2758339805569 813.9374760130531 754.6400835916655 687.7122465791235 612.3617700472493 527.9811183529941 433.69938009133375 328.67070357335103 212.00239967327116 82.75394987149161 60.064586422026196 217.4936653386535 390.62525288281654 580.6045201823272 788.8463280881194 1016.194480941346 1264.1577249189666 1534.1057238995877 1827.4677382586608

Equation: 1173.8162661982803 - (x4 / x0)
Residuals:
913.038032864947 866.9276100873485 814.4895319696732 755.0938035885316 688.0700294180217 612.6269140742326 528.1580597203679 433.7933701852244 328.68784826807894 211.94959647890755 82.63881707481687 60.233787908892964 217.7081166321368 390.8756674271863 580.8812387789517 789.1394289115708 1016.4938373760885 1264.4531626069434 1534.3871035497584 1827.7250592367498

Equation: 1172.5501481842696 + ((x4 - x1) * x3)
Residuals:
912.9843205442695 866.8791411442696 814.4463617442696 755.0559823442696 688.0376029442696 612.5999296042697 528.1365502042695 433.7773708042696 328.67739140426954 211.9447120042696 82.63953260426956 60.22744679573043 217.69612619573036 390.85800559573045 580.8578849957305 789.1103583357303 1016.4590377357306 1264.4126171357304 1534.3407965357303 1827.6729759357304

Equation: (cos(x4) * (x4 - x0)) + 1172.8381830360813
Residuals:
913.0062322982711 866.8948483391637 814.4566872548301 755.0617415139976 688.0395952751419 612.5989280206321 528.1333016284316 433.7725793368213 328.6717144882804 211.9387537244113 82.63383752978507 60.232399161457124 217.69992630243178 390.8603180205273 580.8584518618727 789.1089999756757 1016.4556603444562 1264.4072080402902 1534.3334261541622 1827.663797059333

Equation: (cos(x4) * 0.07803719881462712) + 1172.8367298968685
Residuals:
913.0075368565091 866.8961557682223 814.4579694180834 755.0629705323369 688.0407438111286 612.5999694383889 528.1342105955919 433.77333177801415 328.67228792349977 211.93912749813921 82.6339930215197 60.23247834741528 217.70025416986937 390.86090603858656 580.8593088481557 789.1101322807795 1016.4570709686539 1264.4088974169088 1534.335391875392 1827.6660339007683

Equation: 1172.6476204008436 + (cos(cos(x0)) * 0.19126181922780888)
Residuals:
913.0012650215598 866.8884921460913 814.4497529826267 755.0550427148422 688.0339072797472 612.5949481980282 528.1316011136962 433.77356455400513 328.67558343750363 211.94545706284316 82.64304644657022 60.22131436899804 217.68790300520072 390.84859002148823 580.8485180019734 789.1025765722022 1016.4545991844184 1264.4134199933717 1534.3487834799482 1827.6900358597445

Equation: cos(cos(x1) * (x3 * 0.126050816264653)) + 1171.845883853617
Residuals:
913.0221494595097 866.9049514525038 814.4615373402455 755.0621871222091 688.0367206028511 612.5939826200639 528.1276221441535 433.767486800333 328.6684127759703 211.93822126963641 82.63672012673533 60.22588856532752 217.69009431544964 390.8480571658338 580.8452798240028 789.0970681370588 1016.4477174172769 1264.4065295642006 1534.3437014485942 1827.688978991651

Equation: (1172.943667021407 - (-0.05221756673715561 * cos(x4))) - (cos(sin(x0)) * (x3 * (x3 - x1)))
Residuals:
913.0178268529568 866.9012681783215 814.458900270082 755.0608352238274 688.0367079798714 612.59517513046 528.1297055045661 433.7700007598926 328.6707995641269 211.93989327582767 82.6371416854729 60.227111373242224 217.69312373952198 390.85274271594903 580.8510951855562 789.1030739096543 1016.4525565613574 1264.408460754768 1534.3406664772463 1827.6787034717527

Equation: (0.26616244000532696 * cos(cos(x0))) + ((sin(x2) * (0.23678358870927857 / x4)) + 1172.6274478126838)
Residuals:
913.0299542950785 866.9088547786487 814.4629054853795 755.0621289375157 688.0360750265622 612.5933222794011 528.1272698811126 433.76754386351445 328.66879722150236 211.93871514671832 82.63702529106331 60.22608641366401 217.69105433548793 390.84990694035423 580.8479375175882 789.1001689129671 1016.4505495553549 1264.407992876088 1534.342290130538 1827.68279836948

Equation: x4
Residuals:
256.6705 302.6808 355.01869999999997 414.31419999999997 481.2377 556.5803999999999 640.9489 735.2131999999999 840.2183 956.8561 1086.0664000000002 1228.8385 1386.2123000000001 1559.2793 1749.1843000000001 1957.3418 2184.5956 2432.4543000000003 2702.2876 2995.5249

Equation: x0 ^ x0
Residuals:
232.75130000000001 272.4317840113833 316.7717715959693 365.9426775264222 420.0242650078526 479.02734369665 542.6043901833308 610.334134474099 681.4042429387326 754.5516458990462 827.9090017919789 898.8023448956536 963.482598808377 1016.769689727214 1051.581075993239 1058.2934144515993 1023.9043167054356 930.9798523472291 756.1040012831197 467.9206799655981

Equation: (x0 ^ x0) + x2
Residuals:
229.7109 269.2903840113833 313.5293715959693 362.59927752642216 416.5798650078526 475.48184369665 538.9578901833307 606.5866344740989 677.5557429387326 750.6021458990461 823.8585017919789 894.6508448956536 959.2300988083771 1012.4161897272139 1047.126575993239 1053.7378144515992 1019.2477167054356 926.2222523472292 751.2454012831197 462.96107996559795

Equation: x0 + 1168.8045229023342
Residuals:
912.0532229023341 866.0429229023343 813.7050229023341 754.4095229023343 687.4860229023341 612.1433229023343 527.7748229023341 433.5105229023343 328.5054229023341 211.86762290233423 82.65732290233404 60.114777097665865 217.48857709766594 390.5555770976657 580.4605770976659 788.6180770976657 1015.8718770976661 1263.730577097666 1533.563877097666 1826.8011770976657

Equation: 1172.102629094928 - sin(x4)
Residuals:
912.2905738801277 866.2802256088089 813.9418676413052 754.6444752199176 687.7166382073754 612.3661616755011 527.9855099812462 433.7037717195858 328.6750952016031 212.0067913015232 82.75834149974366 60.06019479377437 217.48927371040145 390.6208612545645 580.6001285540754 788.8419364598674 1016.190089313094 1264.1533332907145 1534.1013322713357 1827.4633466304088

Equation: 1171.8158450480319 + (x0 / x4)
Residuals:
913.038318093994 866.9278506172066 814.4897319129034 755.0939665682164 688.0701586384819 612.6270123505223 528.1581296177246 433.793413967486 328.68786796453776 211.9495939139183 82.63879389302929 60.23383022093935 217.70817672745784 390.8757440823533 580.8813308802423 789.1395354567549 1016.4939574216298 1264.4532953021142 1534.3872481138378 1827.725214951968

Equation: 1172.5501485942566 + (x3 * (x3 - x0))
Residuals:
912.9843209542565 866.8791415542566 814.4463621542566 755.0559827542567 688.0376033542566 612.5999300142565 528.1365506142565 433.7773712142566 328.67739181425657 211.94471241425663 82.63953301425659 60.227446385743406 217.69612578574356 390.8580051857434 580.8578845857435 789.1103579257433 1016.4590373257436 1264.4126167257434 1534.3407961257435 1827.6729755257434

Equation: ((x4 - x0) * cos(x4)) + 1172.838183446082
Residuals:
913.0062327082718 866.8948487491643 814.4566876648307 755.0617419239983 688.0395956851426 612.5989284306328 528.1333020384325 433.772579746822 328.67171489828104 211.93875413441197 82.63383793978574 60.23239875145646 217.6999258924311 390.8603176105264 580.858451451872 789.1089995656748 1016.4556599344555 1264.4072076302896 1534.3334257441616 1827.6637966493324

Equation: (0.0780333445893504 * cos(x4)) + 1172.8367282797165
Residuals:
913.0075390864623 866.8961580021805 814.4579716167948 755.0629726569088 688.040745823424 612.5999713012501 528.1342122736789 433.77333323774064 328.6722891335054 211.93912842960867 82.63399364847646 60.23247804784387 217.70025421721925 390.8609064488578 580.859309633649 789.1101334503542 1016.4570725264957 1264.4088993636221 1534.3353942076178 1827.6660366112183

Equation: (0.10809371580198827 / cos(sin(x1))) + 1172.6437475390771
Residuals:
913.0013386658508 866.8892637316014 814.4506926159293 755.0556285606168 688.0336847354151 612.5935847365348 528.1289395590841 433.76965771171785 328.67071413802967 211.94012897403604 82.63793677173999 60.225447505807324 217.69035751212004 390.8488850461513 580.8465512330672 789.0987192195396 1016.4496852047732 1264.4085883042267 1534.3452250791659 1827.6887160499166

Equation: (sin(0.10809371580198827) / cos(sin(x0))) + 1172.6437475390771
Residuals:
913.0014141060939 866.8891197741018 814.4503277741992 755.0550391745691 688.0328653366284 612.5925287996537 528.1276419850781 433.7681169337061 328.6689364406508 211.93813401096145 82.6357642943376 60.22773067544881 217.6926524009864 390.8510607625831 580.8484544051055 789.1001942976166 1016.4506053898858 1264.4088838788632 1534.3449013718764 1827.6878510498543

Equation: 1172.8018460986616 + (0.04297647253801416 * cos(x4 / 0.3793251121894125))
Residuals:
913.0391736063162 866.9173691881379 814.469506606137 755.0662175232331 688.0375804189457 612.5925871896019 528.1249242779061 433.76435954101703 328.665559248083 211.93610893192545 82.63554964754462 60.22617558689626 217.68976843966902 390.8475187656768 580.8449489392308 789.0972580121529 1016.4485017264653 1264.4076232804375 1534.344363441664 1827.6879502329887

Equation: 1172.8026074666384 + (sin(sin(-0.04513434037377588)) * cos(x4 / 0.5324394069635909))
Residuals:
913.0116602630261 866.8970166136089 814.4563152886797 755.0596209119282 688.0365404567456 612.5957266926883 528.1306665968405 433.77110307792896 328.671830336007 211.94070343880253 82.63764710881992 60.22693440090143 217.6932466966764 390.8530942803502 580.8515696250993 789.1035366479744 1016.4528463935796 1264.4083887808279 1534.340012966749 1827.6772149478938

Equation: (cos(cos(x1)) * 0.23854204862496653) + ((sin(x4) / (x4 * x4)) + 1172.6496125740764)
Residuals:
913.0350721714516 866.9119686492522 814.4645890434472 755.062833754702 688.0361461043622 612.5930126811928 528.1267562831656 433.7669398644066 328.66816831772974 211.93809315364228 82.63642241739558 60.22666431882931 217.69159600535545 390.8503861100439 580.848306246791 789.1003541491998 1016.450454263902 1264.4074998470953 1534.3412697075246 1827.6811185394276

Equation: (cos(cos(x0)) * sin(sin(0.2584271881151971))) + (1172.6370521940482 + (sin(x4) / (x4 * 4.456239433421058)))
Residuals:
913.0288811276279 866.9083741025843 814.4629010830938 755.0624811509816 688.0366644079177 612.5940333628395 528.1279946579882 433.768185993001 328.6692755673545 211.93896722639147 82.63701021943098 60.22638576505642 217.69163024512636 390.850727049919 580.8489465063528 789.1012917344242 1016.4516956752577 1264.4090623206403 1534.3431797064252 1827.6834082751022

Equation: (((-0.14925794676812393 / x1) + 1172.7040589899755) + (sin(x3) / (x3 * x2))) + (cos(cos(x2)) * 0.2155201949585343)
Residuals:
913.0294056441136 866.9080700299444 814.4621915562793 755.061667824115 688.0359444787343 612.5935162349998 528.1277175448151 433.7681310695468 328.66938679694124 211.93916778495168 82.63722002519967 60.22623307350568 217.6915718243265 390.8507579874481 580.849010736127 789.1012775832512 1016.4514372623457 1264.408346166195 1534.3417566225842 1827.6810093630402

Equation: x4
Residuals:
256.6705 302.6808 355.01869999999997 414.31419999999997 481.2377 556.5803999999999 640.9489 735.2131999999999 840.2183 956.8561 1086.0664000000002 1228.8385 1386.2123000000001 1559.2793 1749.1843000000001 1957.3418 2184.5956 2432.4543000000003 2702.2876 2995.5249

Equation: x1 ^ x0
Residuals:
232.20221939759202 271.7518493936817 315.92702958034096 364.88983815395227 418.70801273511677 477.3764714008822 540.5282666685599 607.7158328187036 678.0930870645992 750.3530753714551 822.5712888318185 891.9991569164188 954.7900693783054 1005.6362194385086 1037.2874942030203 1039.8957283771824 1000.176504953027 900.3100448694452 716.3754440993825 416.34876244660063

Equation: x4 + (x0 ^ x0)
Residuals:
229.6705 269.2499840113833 313.4889715959693 362.5588775264222 416.53946500785264 475.44144369665 538.9174901833308 606.5462344740989 677.5153429387326 750.5617458990462 823.818101791979 894.6104448956537 959.189698808377 1012.3757897272139 1047.086175993239 1053.6974144515993 1019.2073167054357 926.1818523472291 751.2050012831198 462.9206799655981

Equation: x0 + 1168.804522591264
Residuals:
912.053222591264 866.042922591264 813.705022591264 754.4095225912641 687.4860225912639 612.1433225912641 527.774822591264 433.51052259126413 328.50542259126394 211.86762259126408 82.65732259126389 60.11477740873602 217.4885774087361 390.55557740873587 580.4605774087361 788.6180774087359 1015.8718774087363 1263.730577408736 1533.563877408736 1826.8011774087358

Equation: 1172.0982375662386 - sin(x4)
Residuals:
912.2861823514385 866.2758340801195 813.9374761126157 754.6400836912281 687.7122466786861 612.3617701468119 527.9811184525568 433.69938019089636 328.67070367291365 212.00239977283377 82.75394997105423 60.06458632246358 217.4936652390909 390.6252527832539 580.6045200827648 788.8463279885568 1016.1944808417834 1264.157724819404 1534.105723800025 1827.4677381590982

Equation: (x0 / x4) + 1171.8158447375667
Residuals:
913.0383177835287 866.9278503067414 814.489731602438 755.093966257751 688.0701583280165 612.6270120400571 528.1581293072593 433.7934136570209 328.68786765407265 211.94959360345297 82.63879358256395 60.233830531404465 217.70817703792318 390.87574439281866 580.8813311907077 789.13953576722 1016.4939577320949 1264.4532956125793 1534.3872484243032 1827.7252152624333

Equation: 1172.5501482838094 - ((x0 - x3) * x3)
Residuals:
912.9843206438094 866.8791412438095 814.4463618438094 755.0559824438095 688.0376030438092 612.5999297038094 528.1365503038094 433.77737090380947 328.6773915038094 211.94471210380948 82.63953270380921 60.22744669619078 217.6961260961907 390.8580054961906 580.8578848961906 789.1103582361905 1016.4590376361907 1264.4126170361908 1534.3407964361907 1827.6729758361905

Equation: 1172.8381831355987 + ((x4 - x0) * cos(x4))
Residuals:
913.0062323977885 866.894848438681 814.4566873543474 755.061741613515 688.0395953746593 612.5989281201495 528.1333017279492 433.7725794363387 328.67171458779774 211.93875382392866 82.63383762930243 60.23239906193976 217.6999262029144 390.8603179210097 580.8584517623553 789.1089998761581 1016.4556602449388 1264.4072079407729 1534.3334260546449 1827.6637969598157

Equation: (0.07803630150259039 * cos(x4)) + 1172.836729524481
Residuals:
913.007537379776 866.8961562924217 814.4579699340768 755.0629710310697 688.040744283722 612.5999698761924 528.1342109903774 433.77333212196254 328.67228820931007 211.93912771910277 82.63399317158905 60.23247827356545 217.7002541767872 390.86090612999715 580.8593090269226 789.1101325489653 1016.4570713272333 1264.4088978660222 1534.3353924142577 1827.6660345276891

Equation: 1172.6476218229668 + (cos(cos(x0)) * 0.19126011080406918)
Residuals:
913.0012655062775 866.8884926439653 814.4497534790642 755.0550431952928 688.0339077301444 612.5949486051844 528.1316014658921 433.77356484132133 328.67558365229877 211.9454572001623 82.64304650448594 60.22131438914403 217.68790309869382 390.8485901803035 580.8485182150266 789.1025768258212 1016.4545994628461 1264.4134202796524 1534.3487837567295 1827.690036110154

Equation: 1172.6501907591667 - (sin(-0.1051011280059851) / cos(sin(x0)))
Residuals:
913.0048518486122 866.8925849419359 814.4537899632126 755.0584679511629 688.0362299538376 612.5957978888424 528.1307838350072 433.7710995010307 328.6717281565658 211.94070514070177 82.63808911213891 60.22567078021643 217.69086496484988 390.84953787964764 580.8471688996985 789.0990980052843 1016.4496301508648 1264.4079478474598 1534.343917969184 1827.6867394013773

Equation: ((0.01790632901262441 * cos(x0)) + 1172.6926235550225) - (-0.08182977219349488 / cos(sin(x0)))
Residuals:
913.0062478263579 866.8940291761785 814.4552290044285 755.0598479387833 688.0374925575802 612.5968767181777 528.131603062784 433.7715737767726 328.6717667349277 211.94022085482516 82.63701377999814 60.22736360413387 217.6931304864363 390.8522272379669 580.85000037532 789.1016426553956 1016.4513253023645 1264.408141198734 1534.3419389152436 1827.6819799763512

Equation: (1172.4282804004167 + (0.794579027156154 / x4)) + ((0.053326489270670394 * x0) * cos(cos(x0)))
Residuals:
913.0226737290383 866.9048685920784 814.4613427854692 755.0621847814367 688.0370410001349 612.594609848186 528.1284258240969 433.76825987079246 328.66890975160425 211.93819732938346 82.6359700320968 60.227491845558916 217.69256119114107 390.851243397924 580.8488498048655 789.1004609879762 1016.4501209350324 1264.406864495615 1534.3406214656736 1827.6808910943662

Equation: x4
Residuals:
256.6705 302.6808 355.01869999999997 414.31419999999997 481.2377 556.5803999999999 640.9489 735.2131999999999 840.2183 956.8561 1086.0664000000002 1228.8385 1386.2123000000001 1559.2793 1749.1843000000001 1957.3418 2184.5956 2432.4543000000003 2702.2876 2995.5249

Equation: x0 ^ x0
Residuals:
232.75130000000001 272.4317840113833 316.7717715959693 365.9426775264222 420.0242650078526 479.02734369665 542.6043901833308 610.334134474099 681.4042429387326 754.5516458990462 827.9090017919789 898.8023448956536 963.482598808377 1016.769689727214 1051.581075993239 1058.2934144515993 1023.9043167054356 930.9798523472291 756.1040012831197 467.9206799655981

Equation: (x0 ^ x0) + x4
Residuals:
229.6705 269.2499840113833 313.4889715959693 362.5588775264222 416.53946500785264 475.44144369665 538.9174901833308 606.5462344740989 677.5153429387326 750.5617458990462 823.818101791979 894.6104448956537 959.189698808377 1012.3757897272139 1047.086175993239 1053.6974144515993 1019.2073167054357 926.1818523472291 751.2050012831198 462.9206799655981

Equation: 1168.8045225104956 + x0
Residuals:
912.0532225104956 866.0429225104956 813.7050225104956 754.4095225104955 687.4860225104956 612.1433225104955 527.7748225104956 433.51052251049555 328.5054225104956 211.8676225104955 82.65732251049553 60.114777489504604 217.48857748950445 390.55557748950446 580.4605774895044 788.6180774895042 1015.8718774895046 1263.7305774895044 1533.5638774895044 1826.8011774895042

Equation: 1171.9753100013907 - sin(x4)
Residuals:
912.1632547865905 866.1529065152715 813.8145485477678 754.5171561263802 687.5893191138382 612.2388425819639 527.8581908877088 433.5764526260484 328.5477761080657 211.87947220798583 82.63102240620651 60.187513887311525 217.61659280393883 390.74818034810187 580.7274476476125 788.9692555534045 1016.3174084066313 1264.2806523842519 1534.2286513648728 1827.5906657239461

Equation: (x0 / x4) + 1171.8143622146245
Residuals:
913.0368352605866 866.9263677837992 814.488249079496 755.092483734809 688.0686758050745 612.6255295171148 528.1566467843172 433.7919311340786 328.68638513113035 211.9481110805109 82.63731105962188 60.23531305434676 217.70965956086525 390.87722691576073 580.8828137136497 789.1410182901623 1016.4954402550372 1264.4547781355216 1534.3887309472452 1827.7266977853753

Equation: ((x4 - x1) * x0) + 1172.5538205629957
Residuals:
912.9843205629958 866.8791411629957 814.4463617629956 755.0559823629957 688.0376029629956 612.5999296229958 528.1365502229958 433.77737082299564 328.6773914229956 211.94471202299565 82.6395326229956 60.22744677700439 217.69612617700432 390.8580055770042 580.8578849770042 789.1103583170043 1016.4590377170045 1264.4126171170044 1534.3407965170043 1827.6729759170041

Equation: (cos(x4) * (x4 - x0)) + 1172.8381830548212
Residuals:
913.006232317011 866.8948483579036 814.45668727357 755.0617415327375 688.0395952938816 612.5989280393718 528.1333016471715 433.7725793555612 328.6717145070203 211.9387537431512 82.63383754852498 60.23239914271744 217.6999262836921 390.8603180017874 580.858451843133 789.1089999569358 1016.4556603257163 1264.4072080215503 1534.3334261354223 1827.6637970405932

Equation: 1172.8367298336907 + (cos(x4) * 0.07803704283041668)
Residuals:
913.0075369490274 866.8961558609028 814.4579695093373 755.0629706205901 688.040743894838 612.5999695160507 528.1342106657755 433.7733318393607 328.6722879747398 211.93912753810673 82.63399304916334 60.23247833302139 217.70025416951557 390.8609060529209 580.8593088776754 789.1101323258433 1016.4570710294313 1264.4088974934243 1534.3353919675096 1827.6660340081928

Equation: 1172.6450905087625 + (cos(cos(x0)) * 0.19200201328215433)
Residuals:
912.9991412710943 866.8863626955147 814.4476241544967 755.0529208130769 688.0317983990383 612.5928580519466 528.1295347797461 433.7715263299799 328.6735766340165 211.94348382677663 82.64110761292136 60.223219381509125 217.6897762392698 390.85043495389664 580.8503394353231 789.104380429962 1016.4563922935304 1264.4152096999646 1534.3505773022944 1827.6918411079673

Equation: (cos(x0) / (x2 / 0.28870531781852393)) + 1172.8412515451923
Residuals:
912.9959454610031 866.8868238596281 814.4508733289736 755.0580231094542 688.0378020494929 612.5988437974762 528.1346672896607 433.77510584415245 328.6750887619197 211.9426461642547 82.63790932240772 60.22848900301983 217.69651421931758 390.8577295612622 580.8569957582015 789.1089642260577 1016.4573028994073 1264.410756508955 1534.3390727307014 1827.6716953279529

Equation: 1172.841284823356 + ((cos(x0) / x4) * sin(sin(0.3009557547446698)))
Residuals:
912.9961171650071 866.886953680676 814.4509649194724 755.0580806293145 688.0378300105042 612.5988469068096 528.1346504051148 433.77507379745794 328.67504629899156 211.9425978707127 82.63785956007996 60.228536149616275 217.69655498735483 390.8577605455455 580.857013939298 789.108966974735 1016.4572880380249 1264.410722274335 1534.3390177900924 1827.6716187755246

Equation: (0.04298087351187875 * cos(x4 / -0.3793299583637452)) + 1172.8018481615209
Residuals:
913.0391788054011 866.9173729753545 814.469508820797 755.0662180994319 688.0375793940966 612.5925847052093 528.1249205790716 433.7643549601885 328.6655541883439 211.9361038431789 82.63554499847487 60.22617933936408 217.68977088143652 390.8475195549561 580.8449478323464 789.0972548817019 1016.4484965803765 1264.4076162603676 1534.3443548203052 1827.6879404002532

Equation: 1172.8017945254196 + (cos(x3 / 0.5291000252797071) * sin(sin(-0.04556502309704574)))
Residuals:
913.0105055863663 866.8958003700106 814.4550716001984 755.0583857134774 688.0353494628412 612.5946134613006 528.1296603553251 433.7702272168965 328.67110091146776 211.9401280948598 82.63722441688515 60.22721514862178 217.69340522264815 390.8531585912808 580.8515748426414 789.1035234517974 1016.4528591722069 1264.4084734265834 1534.3402146441229 1827.6775757816697

Equation: x4
Residuals:
256.6705 302.6808 355.01869999999997 414.31419999999997 481.2377 556.5803999999999 640.9489 735.2131999999999 840.2183 956.8561 1086.0664000000002 1228.8385 1386.2123000000001 1559.2793 1749.1843000000001 1957.3418 2184.5956 2432.4543000000003 2702.2876 2995.5249

Equation: x0 ^ x1
Residuals:
232.1454188757616 271.6587248292005 315.7839137150001 364.67833588676757 418.40340029518416 476.9454082051834 539.9263085280419 606.8832335903064 676.9497433153269 748.7915975495102 820.4476945385868 889.1203603707919 950.8970504129151 1000.3813608254095 1030.2040402069752 1030.353780790022 987.3348648884526 883.0342268738714 693.1380792892089 385.0919265959351

Equation: (x0 ^ x0) + x3
Residuals:
229.69070000000002 269.2701840113833 313.5091715959693 362.57907752642217 416.5596650078526 475.46164369665 538.9376901833308 606.566434474099 677.5355429387326 750.5819458990462 823.8383017919789 894.6306448956536 959.209898808377 1012.395989727214 1047.106375993239 1053.7176144515993 1019.2275167054356 926.202052347229 751.2252012831198 462.940879965598

Equation: x4 + 1102.648502796926
Residuals:
845.978002796926 799.967702796926 747.629802796926 688.334302796926 621.410802796926 546.0681027969262 461.699602796926 367.43530279692595 262.430202796926 145.79240279692613 16.582102796925938 126.1899972030742 283.56379720307405 456.6307972030738 646.535797203074 854.6932972030738 1081.9470972030742 1329.805797203074 1599.639097203074 1892.8763972030738

Equation: (x4 * x4) + 1102.648502796926
Residuals:
852.388531436926 806.9097540369262 755.1237786369261 696.400605236926 630.0698338369259 555.340881606926 471.60593440692605 377.99558920692607 273.66484600692604 157.721804806926 29.226665606925962 112.80987159307415 269.4277067930741 441.71833999307387 630.826571193074 838.1660812030739 1064.5822882030743 1311.582993203074 1580.537896203074 1872.8763972030738

Equation: 1139.433666620951 + (x3 * (x3 + x3))
Residuals:
898.4169113409511 853.5624957409511 802.421284140951 744.363276540951 678.7180729409508 604.6957996009511 521.6872444009509 428.8236932009511 325.26014600095084 210.10470280095092 82.41756360095087 58.790571599049144 214.55960279904912 385.98102999904904 574.199653199049 780.628242099049 1006.1140168990491 1252.1638876990492 1520.147554499049 1811.494417299049

Equation: ((x3 - x3) + 42.66968691320664) + 1130.1261091454357
Residuals:
913.0444960586423 866.9331960586424 814.4942960586422 755.0977960586423 688.0732960586422 612.6294960586423 528.1599960586423 433.79469605864233 328.68859605864225 211.94979605864228 82.6384960586422 60.23460394135782 217.70940394135778 390.87740394135767 580.8834039413578 789.1420039413576 1016.4968039413579 1264.4565039413578 1534.3908039413577 1827.7291039413576

Equation: 1172.765286899929 + ((x3 * (x3 + x3)) * 0.0009144847736799606)
Residuals:
913.0311193558172 866.9209687574635 814.4832554737461 755.0879795046657 688.0647408502218 612.6222408147079 528.1540768264827 433.79015015289406 328.6854607939423 211.94810874962718 82.63829401994872 60.23328339509294 217.706523495498 390.87292628126625 580.8772917523979 789.1342182351111 1016.4873090400242 1264.4452625303006 1534.37777870594 1827.7142575669427

Equation: 1172.7654725651466 + ((x2 * (x1 + x2)) * (x3 + (0.0009201729068579415 - x3)))
Residuals:
913.0311282676213 866.9209754319095 814.4832601429327 755.0879824006914 688.0647422051854 612.6222408595269 528.1540757946664 433.79014827654123 328.6854583051512 211.94810588049677 82.63829100257726 60.23328632860671 217.70652611305536 390.8729283507687 580.8772930417467 789.1342185110907 1016.4873080714237 1264.4452600850207 1534.3777745518826 1827.7142514720092

Equation: 1172.7949972159488 + (((x3 + x3) * x4) * ((-0.0017656712797175507 - x3) + (1.000427931575351 * x3)))
Residuals:
913.0350989379 866.9240935806015 814.4855821466986 755.0895699269714 688.0656622121996 612.6225650444504 528.1538823284989 433.78951999508126 328.68448333497724 211.9468776389674 82.63690819783119 60.23471969765137 217.70790075670016 390.87412968853505 580.8782012023767 789.1347078545768 1016.4872484911334 1264.4445158321178 1534.3762045867502 1827.7117094642508

Equation: x4
Residuals:
256.6705 302.6808 355.01869999999997 414.31419999999997 481.2377 556.5803999999999 640.9489 735.2131999999999 840.2183 956.8561 1086.0664000000002 1228.8385 1386.2123000000001 1559.2793 1749.1843000000001 1957.3418 2184.5956 2432.4543000000003 2702.2876 2995.5249

Equation: x0 ^ x0
Residuals:
232.75130000000001 272.4317840113833 316.7717715959693 365.9426775264222 420.0242650078526 479.02734369665 542.6043901833308 610.334134474099 681.4042429387326 754.5516458990462 827.9090017919789 898.8023448956536 963.482598808377 1016.769689727214 1051.581075993239 1058.2934144515993 1023.9043167054356 930.9798523472291 756.1040012831197 467.9206799655981

Equation: (x0 ^ x0) + x2
Residuals:
229.7109 269.2903840113833 313.5293715959693 362.59927752642216 416.5798650078526 475.48184369665 538.9578901833307 606.5866344740989 677.5557429387326 750.6021458990461 823.8585017919789 894.6508448956536 959.2300988083771 1012.4161897272139 1047.126575993239 1053.7378144515992 1019.2477167054356 926.2222523472292 751.2454012831197 462.96107996559795

Equation: x0 + 1168.8045225521969
Residuals:
912.0532225521969 866.0429225521971 813.7050225521969 754.409522552197 687.4860225521968 612.143322552197 527.7748225521968 433.510522552197 328.5054225521968 211.86762255219696 82.65732255219677 60.114777447803135 217.4885774478032 390.555577447803 580.4605774478032 788.618077447803 1015.8718774478034 1263.7305774478032 1533.5638774478032 1826.801177447803

Equation: 1172.098237527159 - sin(x4)
Residuals:
912.2861823123588 866.2758340410398 813.9374760735361 754.6400836521485 687.7122466396065 612.3617701077322 527.9811184134771 433.69938015181674 328.670703633834 212.00239973375415 82.75394993197483 60.064586361543206 217.4936652781705 390.62525282233355 580.6045201218444 788.8463280276362 1016.194480880863 1264.1577248584836 1534.1057238391045 1827.4677381981778

Equation: 1173.8162662587602 - (x4 / x0)
Residuals:
913.0380329254268 866.9276101478283 814.489532030153 755.0938036490114 688.0700294785015 612.6269141347124 528.1580597808477 433.7933702457042 328.68784832855874 211.94959653938736 82.6388171352969 60.23378784841316 217.708116571657 390.87566736670647 580.8812387184719 789.139428851091 1016.4938373156085 1264.4531625464633 1534.3871034892784 1827.7250591762697

Equation: ((x4 - x1) * x3) - -1172.5501482447355
Residuals:
912.9843206047354 866.8791412047356 814.4463618047355 755.0559824047356 688.0376030047355 612.5999296647354 528.1365502647354 433.77737086473553 328.6773914647355 211.94471206473554 82.6395326647355 60.22744673526449 217.69612613526465 390.8580055352645 580.8578849352646 789.1103582752644 1016.4590376752647 1264.4126170752645 1534.3407964752646 1827.6729758752645

Equation: 1172.8381830965473 - (cos(x4) * (x0 - x4))
Residuals:
913.0062323587371 866.8948483996296 814.456687315296 755.0617415744636 688.0395953356078 612.598928081098 528.1333016888977 433.77257939728725 328.6717145487463 211.93875378487724 82.633837590251 60.23239910099119 217.69992624196584 390.86031796006114 580.8584518014068 789.1089999152096 1016.4556602839903 1264.4072079798243 1534.3334260936963 1827.6637969988672

Equation: 1172.8367296731801 - (-0.07803665485721467 * cos(x4))
Residuals:
913.0075371757733 866.8961560880518 814.4579697329384 755.0629708367281 688.0407440996739 612.5999697058445 528.1342108369697 433.773331988574 328.6722880988158 211.93912763414482 82.63399311454873 60.23247830059108 217.70025417200713 390.86090609194457 580.85930895447 789.1101324413 1016.4570711839717 1264.4088976871092 1534.3353922000008 1827.6660342787568

Equation: 1172.6476212618666 - (cos(cos(x0)) * -0.19126078512951908)
Residuals:
913.001265315177 866.888492447672 814.4497532833379 755.0550430058767 688.0339075525903 612.5949484446979 528.1316013270989 433.77356472813653 328.6755835677385 211.9454571461822 82.64304648184702 60.22131438097176 217.68790306157075 390.8485901173974 580.8485181307126 789.1025767254955 1016.4545993527283 1264.4134201664351 1534.3487836472616 1827.6900360110951

Equation: 1172.7002794504017 - ((-0.030076512981448606 * x0) * cos(cos(x0)))
Residuals:
912.9984880495573 866.8881366033486 814.4509609849383 755.0570365352934 688.0360119281736 612.5966097084976 528.1324035453526 433.7732402139568 328.67401987640994 211.942698446049 82.6392885918583 60.22573599126645 217.69253258341996 390.8528776653609 580.8518518410365 789.1043169274383 1016.4541211722367 1264.4101452644818 1534.3422133509969 1827.6797763904467

Equation: 1172.80266710454 - (0.044910390549641376 * cos(x2 / 0.5278100503360484))
Residuals:
913.0124551848495 866.8976007241745 814.4566965324516 755.0598157742924 688.0365723495752 612.5956239647693 528.130460895426 433.7708268636691 328.6715150288263 211.94037758353625 82.6373348001514 60.22721475758067 217.6934832303475 390.85328206832855 580.8517106614593 789.1036393433556 1016.4529248129936 1264.4084612920824 1534.340100773261 1827.6773403808825

Equation: 1172.8026314180447 - (sin(0.0447729259610028) * cos(x0 / 0.5225741501382004))
Residuals:
913.0129968394518 866.8979731957918 814.4569157458416 755.0599048302425 688.0365594748296 612.5955402065393 528.1303379906897 433.77069474279733 328.6713998127419 211.94029978853496 82.63730793305308 60.22718513824202 217.6933999362252 390.85315616269713 580.8515608051046 789.1034906534485 1016.4528072496323 1264.4084076856886 1534.3401446240682 1827.6775135098653

Equation: (1172.67538779142 - (cos(x4) / (x1 ^ x2))) - ((-0.035245015327009806 * x4) * cos(cos(x1)))
Residuals:
913.0180756050796 866.901374398823 814.4590033146012 755.0609800513336 688.036867950585 612.5952848542705 528.1296953525343 433.76982508314586 328.6704539090382 211.9394181799155 82.63661372848401 60.22759796011519 217.69347968578268 390.85290443603003 580.8510377885871 789.1028118905431 1016.4521310176249 1264.407911748942 1534.3399961435573 1827.6778345564428

Equation: (1172.7673906946502 + (sin(x2) * 0.12305089899263104)) - (cos(cos(x0)) * (0.2011179949249378 * sin(x0)))
Residuals:
913.0129483323234 866.900398975062 814.4600860265157 755.0625415495641 688.0378710322311 612.5952127725226 528.1284925931855 433.7677961966215 328.6681410014404 211.93746295623055 82.63561787748858 60.227199985562265 217.6915215009792 390.8495499411665 580.846796227009 789.0985030517791 1016.4488029945262 1264.406721125591 1534.3420684369828 1827.6841220838085

Equation: (1172.771422508333 + (sin(x4) * 0.11582031126279148)) - ((sin(0.19073809617910906) * sin(x0)) * cos(cos(x0)))
Residuals:
913.0124793539597 866.900004739316 814.4598235944311 755.0624369503342 688.0379203066116 612.5953855642084 528.1287375596919 433.7680491497729 328.66833398168535 211.93753425655473 82.6355220227631 60.22748328819671 217.69198046321003 390.85013677596316 580.8474269007174 789.0990608754366 1016.449146432423 1264.4066943552796 1534.341514085363 1827.682894588156

Equation: (1172.733589084624 - (-0.19700974729774734 / x1)) - (((0.003090881998173892 * x3) * x4) * cos(x1 / -0.49970027506912285))
Residuals:
913.0192050943705 866.9030373142152 814.4605757372121 755.0620378087532 688.037192279264 612.594846495571 528.128626078457 433.76837394574386 328.66894080079726 211.9381845700084 82.63597421470695 60.227401394044364 217.6923196455466 390.8508057809913 580.8482105476803 789.0996786534349 1016.4493482421049 1264.406379750272 1534.3408589018331 1827.6824636750491

Equation: x4
Residuals:
256.6705 302.6808 355.01869999999997 414.31419999999997 481.2377 556.5803999999999 640.9489 735.2131999999999 840.2183 956.8561 1086.0664000000002 1228.8385 1386.2123000000001 1559.2793 1749.1843000000001 1957.3418 2184.5956 2432.4543000000003 2702.2876 2995.5249

Equation: x0 ^ x0
Residuals:
232.75130000000001 272.4317840113833 316.7717715959693 365.9426775264222 420.0242650078526 479.02734369665 542.6043901833308 610.334134474099 681.4042429387326 754.5516458990462 827.9090017919789 898.8023448956536 963.482598808377 1016.769689727214 1051.581075993239 1058.2934144515993 1023.9043167054356 930.9798523472291 756.1040012831197 467.9206799655981

Equation: (x0 ^ x0) + x4
Residuals:
229.6705 269.2499840113833 313.4889715959693 362.5588775264222 416.53946500785264 475.44144369665 538.9174901833308 606.5462344740989 677.5153429387326 750.5617458990462 823.818101791979 894.6104448956537 959.189698808377 1012.3757897272139 1047.086175993239 1053.6974144515993 1019.2073167054357 926.1818523472291 751.2050012831198 462.9206799655981

Equation: x1 - -1168.037385130068
Residuals:
911.306285130068 865.295985130068 812.958085130068 753.6625851300681 686.7390851300679 611.3963851300681 527.027885130068 432.7635851300681 327.7584851300679 211.12068513006807 81.91038513006788 60.86171486993203 218.2355148699321 391.3025148699319 581.2075148699321 789.3650148699319 1016.6188148699323 1264.477514869932 1534.310814869932 1827.5481148699319

Equation: cos(x0) + 1172.7129767190816
Residuals:
911.971684222481 865.8512004877205 813.4133006880847 754.0279746292009 687.0247084225596 611.6120211970896 527.1831343448496 432.8675598686375 327.8197909494435 211.14733305757 81.9097100122749 60.88312912636911 218.27190240364712 391.34898663241347 581.2601084563246 789.4207368440418 1016.6756640013703 1264.5345122798624 1534.3680095936709 1827.606583357164

Equation: (x4 - x1) + 1172.7129767190816
Residuals:
913.0222767190816 866.9109767190816 814.4720767190815 755.0755767190816 688.0510767190815 612.6072767190816 528.1377767190816 433.7724767190816 328.66637671908154 211.92757671908157 82.6162767190815 60.256823280918525 217.73162328091848 390.8996232809184 580.9056232809185 789.1642232809183 1016.5190232809186 1264.4787232809185 1534.4130232809184 1827.7513232809183

Equation: 1173.795552731984 - cos(sin(5303.030478412251))
Residuals:
913.0444964269719 866.933196426972 814.4942964269719 755.097796426972 688.0732964269719 612.629496426972 528.1599964269719 433.794696426972 328.6885964269719 211.94979642697194 82.63849642697187 60.23460357302815 217.7094035730281 390.877403573028 580.8834035730281 789.142003573028 1016.4968035730283 1264.4565035730282 1534.390803573028 1827.729103573028

Equation: (x4 - x1) + ((x1 - x3) + 1172.7755960586421)
Residuals:
913.044496058642 866.9331960586421 814.494296058642 755.0977960586421 688.073296058642 612.6294960586421 528.159996058642 433.7946960586421 328.688596058642 211.94979605864205 82.63849605864198 60.234603941358046 217.709403941358 390.8774039413579 580.883403941358 789.1420039413579 1016.4968039413582 1264.456503941358 1534.390803941358 1827.7291039413578

Equation: (x3 - x3) + ((x2 * (x4 - x3)) + 1172.7143584961425)
Residuals:
913.0244745761426 866.9152147761426 814.4783549761426 755.0838951761426 688.0614353761425 612.6196775961424 528.1522177961424 433.78895799614247 328.6848981961424 211.94813839614244 82.63887859614238 60.232181203857635 217.70494100385758 390.87090080385747 580.8748606038575 789.1314183838574 1016.4841781838577 1264.4418379838576 1534.3740977838575 1827.7103575838573

Equation: (x4 - x1) + (((-0.2110335397029714 - x3) / x2) + 1173.793485831572)
Residuals:
913.0267321742562 866.9178773959375 814.4812702814538 755.0869246364704 688.0644526473591 612.622566951385 528.1548733703892 433.79128241870944 328.6868017625312 211.94953828385633 82.6396981782691 60.232012961563896 217.705490074296 390.87222856826793 580.8770242682604 789.1344722551132 1016.4881713302423 1264.44681714886 1534.3801067958727 1827.7174375936443

Equation: (4146.949089782809 / (-4211.974224535262 / x3)) + (1172.7129767190816 + x4)
Residuals:
913.0291267535819 866.919386007808 814.482045262034 755.0871045162602 688.0641637704864 612.6219245685287 528.1539838227548 433.7902430769809 328.6857023312069 211.94846158543305 82.6387208396593 60.23281990611463 217.7060606518885 390.8725013976623 580.8769421434363 789.133981345394 1016.487222091168 1264.4453628369417 1534.3781035827155 1827.7148443284893

Equation: ((0.08992099618038397 / x0) + ((x4 - x3) * x4)) + ((x4 - x3) * 58053.99197670918)
Residuals:
913.0315437549192 866.9213077084796 814.4835332491066 755.0882147271212 688.0649471633744 612.6224274406949 528.1542491116898 433.79030993535116 328.6856067964121 211.94823690156363 82.63839773890481 60.23321295661344 217.70649723279485 390.8729569456234 580.8773937812189 789.1344076959128 1016.4876032293387 1264.4456801037818 1534.3783394926363 1827.7149824729404

Equation: (1172.5030232030078 + ((0.009323031898420386 / x3) / (x3 - x2))) + ((x1 * (x4 * x4)) * ((0.0430409401323849 / x0) / x3))
Residuals:
913.0368968986226 866.9251254837072 814.4860524047695 755.0896507869855 688.0654968893625 612.6222703339469 528.1535512403841 433.7892233458638 328.6842716754569 211.94678277825255 82.63694453829044 60.234553987040044 217.70762270568002 390.8737706103693 580.8778058819323 789.1343338796596 1016.4869655220025 1264.4444050478496 1534.3763581781516 1827.7122301697298

