Equation: x4
Residuals:
2915597617.652077 2921441312.325153 2923390949.5391326 2955713519.955168 2985048606.440608 2996810898.631805 2998516872.9327765 3006006389.901031 3006741159.25946 3008429731.0379486 3019397977.240869 3025107248.9387684 3029795209.995639 3030636505.361496 3043253994.3548064 3052043047.129972 3063303181.46374 3089542280.687684 3114069474.0279503 3153952017.671085

Equation: x0 ^ x0
Residuals:
1.293479019944885e+147 1.9219059243695216e+147 2.4752681036376617e+147 5.159894328291048e+147 6.672238743369183e+147 1.7049494711889183e+148 2.589891764361073e+148 2.655355102369829e+148 3.6984080715334565e+148 4.688215506783334e+148 5.399937163223264e+148 8.644994104762655e+148 1.0560829185702915e+149 1.8535563707901845e+149 3.598420848775726e+149 1.3043024675118198e+150 4.2067173640584384e+150 8.866901971909837e+150 1.0766383201498243e+151 1.5393359697775473e+151

Equation: (x0 ^ x0) + x2
Residuals:
1.293479019944885e+147 1.9219059243695216e+147 2.4752681036376617e+147 5.159894328291048e+147 6.672238743369183e+147 1.7049494711889183e+148 2.589891764361073e+148 2.655355102369829e+148 3.6984080715334565e+148 4.688215506783334e+148 5.399937163223264e+148 8.644994104762655e+148 1.0560829185702915e+149 1.8535563707901845e+149 3.598420848775726e+149 1.3043024675118198e+150 4.2067173640584384e+150 8.866901971909837e+150 1.0766383201498243e+151 1.5393359697775473e+151

Equation: x4 + 1168.7237224918651
Residuals:
2915596448.9283547 2921440143.6014304 2923389780.81541 2955712351.231445 2985047437.7168856 2996809729.9080825 2998515704.2090535 3006005221.1773086 3006739990.535737 3008428562.314226 3019396808.5171466 3025106080.215046 3029794041.2719164 3030635336.6377735 3043252825.6310835 3052041878.4062495 3063302012.7400174 3089541111.9639616 3114068305.304228 3153950848.9473624

Equation: 1172.098237466676 - sin(x4)
Residuals:
2915596524.0260825 2921440218.7080684 2923389855.928536 2955712426.349856 2985047512.86456 2996809805.0672007 2998515779.374235 3006005296.3425736 3006740065.7010417 3008428637.4796534 3019396883.6827188 3025106155.3808866 3029794116.4412837 3030635411.8310246 3043252900.8359284 3052041953.6328506 3063302088.0277004 3089541187.252757 3114068380.6390033 3153950924.298726

Equation: 1173.8162661982803 - (x4 / x0)
Residuals:
2915596522.6285167 2921440217.336094 2923389854.5775466 2955712425.016431 2985047511.688979 2996809804.020277 2998515778.5678606 3006005295.566117 3006740065.0119386 3008428636.854612 3019396883.0840936 3025106154.811661 3029794116.0123224 3030635411.644039 3043252900.7054543 3052041953.5784903 3063302088.1040354 3089541187.3291087 3114068380.7758584 3153950924.452165

Equation: 1172.5501481842696 + ((x4 - x1) * x3)
Residuals:
2915596520.964218 2921440220.6029067 2923389860.6147346 2955712446.123149 2985047530.4457917 2996809813.7590866 2998515778.4045334 3006005297.577613 3006740080.261263 3008428649.9685273 3019396908.3734255 3025106188.73563 3029794147.356239 3030635426.4318285 3043252913.3879685 3052041962.9038153 3063302088.5605497 3089541191.980151 3114068379.316642 3153950924.256029

Equation: (cos(x4) * (x4 - x0)) + 1172.8381830360813
Residuals:
2915596522.603384 2921440217.2818704 2923389854.507671 2955712424.8579063 2985047511.6333947 2996809803.9304013 2998515778.637948 3006005295.661073 3006740065.1320124 3008428636.9935203 3019396883.222751 3025106154.893679 3029794116.1904454 3030635411.9325175 3043252900.9359736 3052041953.686044 3063302088.1715403 3089541187.315409 3114068380.796259 3153950924.454387

Equation: (cos(x4) * 0.07803719881462712) + 1172.8367298968685
Residuals:
2915596522.665366 2921440217.375263 2923389854.618357 2955712425.0598664 2985047511.7384167 2996809804.0744658 2998515778.6239266 3006005295.6220365 3006740065.067649 3008428636.9097776 3019396883.1390414 3025106154.8670263 3029794116.063936 3030635411.685221 3043252900.7443576 3052041953.6143336 3063302088.129279 3089541187.3558903 3114068380.794968 3153950924.4694295

Equation: 1172.6476204008436 + (cos(cos(x0)) * 0.19126181922780888)
Residuals:
2915596522.6555567 2921440217.3699555 2923389854.615551 2955712425.066208 2985047511.740177 2996809804.0811157 2998515778.6292934 3006005295.6273637 3006740065.074317 3008428636.9174104 3019396883.1471415 3025106154.875474 3029794116.074438 3030635411.7019453 3043252900.759332 3052041953.6192627 3063302088.1271634 3089541187.341757 3114068380.784506 3153950924.455623

Equation: cos(cos(x1) * (x3 * 0.126050816264653)) + 1171.845883853617
Residuals:
2915596522.8555393 2921440218.1091223 2923389855.73621 2955712426.9363456 2985047513.647259 2996809805.966289 2998515780.451715 3006005297.4298162 3006740066.948118 3008428638.806042 3019396884.965614 3025106156.2432523 3029794116.8270607 3030635412.130683 3043252900.971294 3052041953.6263027 3063302088.094992 3089541187.510138 3114068381.1101427 3153950925.157518

Equation: (1172.943667021407 - (-0.05221756673715561 * cos(x4))) - (cos(sin(x0)) * (x3 * (x3 - x1)))
Residuals:
2915596516.75436 2921440205.970382 2923389849.6405516 2955712425.321108 2985047507.3950906 2996809804.3593926 2998515777.000575 3006005295.0654645 3006740056.444612 3008428634.0614448 3019396868.0601006 3025106129.974031 3029794087.090208 3030635381.7257724 3043252877.0106187 3052041941.6810007 3063302073.326062 3089541172.3663306 3114068378.1823025 3153950922.333835

Equation: (0.26616244000532696 * cos(cos(x0))) + ((sin(x2) * (0.23678358870927857 / x4)) + 1172.6274478126838)
Residuals:
2915596522.6179023 2921440217.3349686 2923389854.582215 2955712425.037058 2985047511.7124276 2996809804.057694 2998515778.6075764 3006005295.6062765 3006740065.0538907 3008428636.8982463 3019396883.1281214 3025106154.8566003 3029794116.0554485 3030635411.682119 3043252900.737994 3052041953.5921 3063302088.093084 3089541187.302919 3114068380.7447743 3153950924.4137187

Equation: x4
Residuals:
2915597617.652077 2921441312.325153 2923390949.5391326 2955713519.955168 2985048606.440608 2996810898.631805 2998516872.9327765 3006006389.901031 3006741159.25946 3008429731.0379486 3019397977.240869 3025107248.9387684 3029795209.995639 3030636505.361496 3043253994.3548064 3052043047.129972 3063303181.46374 3089542280.687684 3114069474.0279503 3153952017.671085

Equation: x0 ^ x0
Residuals:
1.293479019944885e+147 1.9219059243695216e+147 2.4752681036376617e+147 5.159894328291048e+147 6.672238743369183e+147 1.7049494711889183e+148 2.589891764361073e+148 2.655355102369829e+148 3.6984080715334565e+148 4.688215506783334e+148 5.399937163223264e+148 8.644994104762655e+148 1.0560829185702915e+149 1.8535563707901845e+149 3.598420848775726e+149 1.3043024675118198e+150 4.2067173640584384e+150 8.866901971909837e+150 1.0766383201498243e+151 1.5393359697775473e+151

Equation: (x0 ^ x0) + x2
Residuals:
1.293479019944885e+147 1.9219059243695216e+147 2.4752681036376617e+147 5.159894328291048e+147 6.672238743369183e+147 1.7049494711889183e+148 2.589891764361073e+148 2.655355102369829e+148 3.6984080715334565e+148 4.688215506783334e+148 5.399937163223264e+148 8.644994104762655e+148 1.0560829185702915e+149 1.8535563707901845e+149 3.598420848775726e+149 1.3043024675118198e+150 4.2067173640584384e+150 8.866901971909837e+150 1.0766383201498243e+151 1.5393359697775473e+151

Equation: x4 + 1168.7237224918651
Residuals:
2915596448.9283547 2921440143.6014304 2923389780.81541 2955712351.231445 2985047437.7168856 2996809729.9080825 2998515704.2090535 3006005221.1773086 3006739990.535737 3008428562.314226 3019396808.5171466 3025106080.215046 3029794041.2719164 3030635336.6377735 3043252825.6310835 3052041878.4062495 3063302012.7400174 3089541111.9639616 3114068305.304228 3153950848.9473624

Equation: 1172.098237466676 - sin(x4)
Residuals:
2915596524.0260825 2921440218.7080684 2923389855.928536 2955712426.349856 2985047512.86456 2996809805.0672007 2998515779.374235 3006005296.3425736 3006740065.7010417 3008428637.4796534 3019396883.6827188 3025106155.3808866 3029794116.4412837 3030635411.8310246 3043252900.8359284 3052041953.6328506 3063302088.0277004 3089541187.252757 3114068380.6390033 3153950924.298726

Equation: 1173.8162661982803 - (x4 / x0)
Residuals:
2915596522.6285167 2921440217.336094 2923389854.5775466 2955712425.016431 2985047511.688979 2996809804.020277 2998515778.5678606 3006005295.566117 3006740065.0119386 3008428636.854612 3019396883.0840936 3025106154.811661 3029794116.0123224 3030635411.644039 3043252900.7054543 3052041953.5784903 3063302088.1040354 3089541187.3291087 3114068380.7758584 3153950924.452165

Equation: 1172.5501481842696 + ((x4 - x1) * x3)
Residuals:
2915596520.964218 2921440220.6029067 2923389860.6147346 2955712446.123149 2985047530.4457917 2996809813.7590866 2998515778.4045334 3006005297.577613 3006740080.261263 3008428649.9685273 3019396908.3734255 3025106188.73563 3029794147.356239 3030635426.4318285 3043252913.3879685 3052041962.9038153 3063302088.5605497 3089541191.980151 3114068379.316642 3153950924.256029

Equation: (cos(x4) * (x4 - x0)) + 1172.8381830360813
Residuals:
2915596522.603384 2921440217.2818704 2923389854.507671 2955712424.8579063 2985047511.6333947 2996809803.9304013 2998515778.637948 3006005295.661073 3006740065.1320124 3008428636.9935203 3019396883.222751 3025106154.893679 3029794116.1904454 3030635411.9325175 3043252900.9359736 3052041953.686044 3063302088.1715403 3089541187.315409 3114068380.796259 3153950924.454387

Equation: (cos(x4) * 0.07803719881462712) + 1172.8367298968685
Residuals:
2915596522.665366 2921440217.375263 2923389854.618357 2955712425.0598664 2985047511.7384167 2996809804.0744658 2998515778.6239266 3006005295.6220365 3006740065.067649 3008428636.9097776 3019396883.1390414 3025106154.8670263 3029794116.063936 3030635411.685221 3043252900.7443576 3052041953.6143336 3063302088.129279 3089541187.3558903 3114068380.794968 3153950924.4694295

Equation: 1172.6476204008436 + (cos(cos(x0)) * 0.19126181922780888)
Residuals:
2915596522.6555567 2921440217.3699555 2923389854.615551 2955712425.066208 2985047511.740177 2996809804.0811157 2998515778.6292934 3006005295.6273637 3006740065.074317 3008428636.9174104 3019396883.1471415 3025106154.875474 3029794116.074438 3030635411.7019453 3043252900.759332 3052041953.6192627 3063302088.1271634 3089541187.341757 3114068380.784506 3153950924.455623

Equation: cos(cos(x1) * (x3 * 0.126050816264653)) + 1171.845883853617
Residuals:
2915596522.8555393 2921440218.1091223 2923389855.73621 2955712426.9363456 2985047513.647259 2996809805.966289 2998515780.451715 3006005297.4298162 3006740066.948118 3008428638.806042 3019396884.965614 3025106156.2432523 3029794116.8270607 3030635412.130683 3043252900.971294 3052041953.6263027 3063302088.094992 3089541187.510138 3114068381.1101427 3153950925.157518

Equation: (1172.943667021407 - (-0.05221756673715561 * cos(x4))) - (cos(sin(x0)) * (x3 * (x3 - x1)))
Residuals:
2915596516.75436 2921440205.970382 2923389849.6405516 2955712425.321108 2985047507.3950906 2996809804.3593926 2998515777.000575 3006005295.0654645 3006740056.444612 3008428634.0614448 3019396868.0601006 3025106129.974031 3029794087.090208 3030635381.7257724 3043252877.0106187 3052041941.6810007 3063302073.326062 3089541172.3663306 3114068378.1823025 3153950922.333835

Equation: (0.26616244000532696 * cos(cos(x0))) + ((sin(x2) * (0.23678358870927857 / x4)) + 1172.6274478126838)
Residuals:
2915596522.6179023 2921440217.3349686 2923389854.582215 2955712425.037058 2985047511.7124276 2996809804.057694 2998515778.6075764 3006005295.6062765 3006740065.0538907 3008428636.8982463 3019396883.1281214 3025106154.8566003 3029794116.0554485 3030635411.682119 3043252900.737994 3052041953.5921 3063302088.093084 3089541187.302919 3114068380.7447743 3153950924.4137187

Equation: x4
Residuals:
2915597617.652077 2921441312.325153 2923390949.5391326 2955713519.955168 2985048606.440608 2996810898.631805 2998516872.9327765 3006006389.901031 3006741159.25946 3008429731.0379486 3019397977.240869 3025107248.9387684 3029795209.995639 3030636505.361496 3043253994.3548064 3052043047.129972 3063303181.46374 3089542280.687684 3114069474.0279503 3153952017.671085

Equation: x0 ^ x0
Residuals:
1.293479019944885e+147 1.9219059243695216e+147 2.4752681036376617e+147 5.159894328291048e+147 6.672238743369183e+147 1.7049494711889183e+148 2.589891764361073e+148 2.655355102369829e+148 3.6984080715334565e+148 4.688215506783334e+148 5.399937163223264e+148 8.644994104762655e+148 1.0560829185702915e+149 1.8535563707901845e+149 3.598420848775726e+149 1.3043024675118198e+150 4.2067173640584384e+150 8.866901971909837e+150 1.0766383201498243e+151 1.5393359697775473e+151

Equation: (x0 ^ x0) + x2
Residuals:
1.293479019944885e+147 1.9219059243695216e+147 2.4752681036376617e+147 5.159894328291048e+147 6.672238743369183e+147 1.7049494711889183e+148 2.589891764361073e+148 2.655355102369829e+148 3.6984080715334565e+148 4.688215506783334e+148 5.399937163223264e+148 8.644994104762655e+148 1.0560829185702915e+149 1.8535563707901845e+149 3.598420848775726e+149 1.3043024675118198e+150 4.2067173640584384e+150 8.866901971909837e+150 1.0766383201498243e+151 1.5393359697775473e+151

Equation: x4 + 1168.7237224918651
Residuals:
2915596448.9283547 2921440143.6014304 2923389780.81541 2955712351.231445 2985047437.7168856 2996809729.9080825 2998515704.2090535 3006005221.1773086 3006739990.535737 3008428562.314226 3019396808.5171466 3025106080.215046 3029794041.2719164 3030635336.6377735 3043252825.6310835 3052041878.4062495 3063302012.7400174 3089541111.9639616 3114068305.304228 3153950848.9473624

Equation: 1172.098237466676 - sin(x4)
Residuals:
2915596524.0260825 2921440218.7080684 2923389855.928536 2955712426.349856 2985047512.86456 2996809805.0672007 2998515779.374235 3006005296.3425736 3006740065.7010417 3008428637.4796534 3019396883.6827188 3025106155.3808866 3029794116.4412837 3030635411.8310246 3043252900.8359284 3052041953.6328506 3063302088.0277004 3089541187.252757 3114068380.6390033 3153950924.298726

Equation: 1173.8162661982803 - (x4 / x0)
Residuals:
2915596522.6285167 2921440217.336094 2923389854.5775466 2955712425.016431 2985047511.688979 2996809804.020277 2998515778.5678606 3006005295.566117 3006740065.0119386 3008428636.854612 3019396883.0840936 3025106154.811661 3029794116.0123224 3030635411.644039 3043252900.7054543 3052041953.5784903 3063302088.1040354 3089541187.3291087 3114068380.7758584 3153950924.452165

Equation: 1172.5501481842696 + ((x4 - x1) * x3)
Residuals:
2915596520.964218 2921440220.6029067 2923389860.6147346 2955712446.123149 2985047530.4457917 2996809813.7590866 2998515778.4045334 3006005297.577613 3006740080.261263 3008428649.9685273 3019396908.3734255 3025106188.73563 3029794147.356239 3030635426.4318285 3043252913.3879685 3052041962.9038153 3063302088.5605497 3089541191.980151 3114068379.316642 3153950924.256029

Equation: (cos(x4) * (x4 - x0)) + 1172.8381830360813
Residuals:
2915596522.603384 2921440217.2818704 2923389854.507671 2955712424.8579063 2985047511.6333947 2996809803.9304013 2998515778.637948 3006005295.661073 3006740065.1320124 3008428636.9935203 3019396883.222751 3025106154.893679 3029794116.1904454 3030635411.9325175 3043252900.9359736 3052041953.686044 3063302088.1715403 3089541187.315409 3114068380.796259 3153950924.454387

Equation: (cos(x4) * 0.07803719881462712) + 1172.8367298968685
Residuals:
2915596522.665366 2921440217.375263 2923389854.618357 2955712425.0598664 2985047511.7384167 2996809804.0744658 2998515778.6239266 3006005295.6220365 3006740065.067649 3008428636.9097776 3019396883.1390414 3025106154.8670263 3029794116.063936 3030635411.685221 3043252900.7443576 3052041953.6143336 3063302088.129279 3089541187.3558903 3114068380.794968 3153950924.4694295

Equation: 1172.6476204008436 + (cos(cos(x0)) * 0.19126181922780888)
Residuals:
2915596522.6555567 2921440217.3699555 2923389854.615551 2955712425.066208 2985047511.740177 2996809804.0811157 2998515778.6292934 3006005295.6273637 3006740065.074317 3008428636.9174104 3019396883.1471415 3025106154.875474 3029794116.074438 3030635411.7019453 3043252900.759332 3052041953.6192627 3063302088.1271634 3089541187.341757 3114068380.784506 3153950924.455623

Equation: cos(cos(x1) * (x3 * 0.126050816264653)) + 1171.845883853617
Residuals:
2915596522.8555393 2921440218.1091223 2923389855.73621 2955712426.9363456 2985047513.647259 2996809805.966289 2998515780.451715 3006005297.4298162 3006740066.948118 3008428638.806042 3019396884.965614 3025106156.2432523 3029794116.8270607 3030635412.130683 3043252900.971294 3052041953.6263027 3063302088.094992 3089541187.510138 3114068381.1101427 3153950925.157518

Equation: (1172.943667021407 - (-0.05221756673715561 * cos(x4))) - (cos(sin(x0)) * (x3 * (x3 - x1)))
Residuals:
2915596516.75436 2921440205.970382 2923389849.6405516 2955712425.321108 2985047507.3950906 2996809804.3593926 2998515777.000575 3006005295.0654645 3006740056.444612 3008428634.0614448 3019396868.0601006 3025106129.974031 3029794087.090208 3030635381.7257724 3043252877.0106187 3052041941.6810007 3063302073.326062 3089541172.3663306 3114068378.1823025 3153950922.333835

Equation: (0.26616244000532696 * cos(cos(x0))) + ((sin(x2) * (0.23678358870927857 / x4)) + 1172.6274478126838)
Residuals:
2915596522.6179023 2921440217.3349686 2923389854.582215 2955712425.037058 2985047511.7124276 2996809804.057694 2998515778.6075764 3006005295.6062765 3006740065.0538907 3008428636.8982463 3019396883.1281214 3025106154.8566003 3029794116.0554485 3030635411.682119 3043252900.737994 3052041953.5921 3063302088.093084 3089541187.302919 3114068380.7447743 3153950924.4137187

Equation: x4
Residuals:
880054.5728799788 887951.8531146914 890729.0639784706 896667.2289801551 905892.6169107602 907565.9599511304 916735.3569377863 939499.921856183 948188.7426333572 959817.1876285261 972295.141892586 978029.2490120591 991067.5355513615 1000293.3412507887 1001598.2449094101 1002625.0699604003 1073341.9754093192 1073444.9294216752 1082120.2697348583 1096217.2782609833

Equation: x0 ^ x0
Residuals:
2.5658227515386147e+17 2.6589101082321376e+17 3.6329640676939725e+17 5.2014682520462317e+17 5.6892296787676045e+17 8.055269994277819e+17 1.5619774599879217e+18 2.3109588523372605e+18 2.9860793659967544e+18 4.291211796183247e+18 7.695967882993695e+18 8.019982571026817e+18 8.607217879846556e+18 9.248555092249997e+18 1.1085977909897183e+19 5.745686496502003e+19 6.497619618363301e+19 1.7630138990346607e+20 1.8316903247461335e+20 2.237416903009923e+20

Equation: (x0 ^ x0) + x2
Residuals:
2.5658227515386147e+17 2.6589101082321376e+17 3.6329640676939725e+17 5.2014682520462317e+17 5.6892296787676045e+17 8.055269994277819e+17 1.5619774599879217e+18 2.3109588523372605e+18 2.9860793659967544e+18 4.291211796183247e+18 7.695967882993695e+18 8.019982571026817e+18 8.607217879846556e+18 9.248555092249997e+18 1.1085977909897183e+19 5.745686496502003e+19 6.497619618363301e+19 1.7630138990346607e+20 1.8316903247461335e+20 2.237416903009923e+20

Equation: x0 + 1168.8045229023342
Residuals:
878885.7027089845 886783.0359077353 889560.333726627 895498.5237110098 904724.196970903 906397.4595718008 915566.7349637743 938331.2094671665 947020.1662726419 958648.7300278622 971126.622478615 976860.7379707707 989899.0664691146 999124.8913459727 1000429.7807088469 1001456.4092481969 1072173.2904972704 1072276.066830567 1080951.5168555481 1095048.4747791176

Equation: 1172.102629094928 - sin(x4)
Residuals:
878898.0546212125 886795.3578982499 889572.6171928102 895510.8051467269 904736.2195599118 906409.56299699 915578.9612440083 938343.5263869797 947032.3479750244 958660.7955945433 971138.7540286151 976872.8623522703 989911.1535716291 999136.962989232 1000441.870481021 1001468.7400339805 1072185.6476378732 1072288.6266333396 1080964.0113003594 1095061.020619164

Equation: 1171.8158450480319 + (x0 / x4)
Residuals:
878896.5426070829 886793.8890255417 889571.2769597265 895509.5653446481 904735.2810825506 906408.6320482768 915578.0773223031 938342.650899689 947031.6848044588 958660.3526313984 971138.3967464576 976872.5237110863 989910.8735390167 999136.7186635344 1000441.6552604004 1001468.7070868264 1072185.6192921973 1072288.6474402805 1080964.1141085185 1095061.1214912913

Equation: 1172.5501485942566 + (x3 * (x3 - x0))
Residuals:
878895.2324268307 886792.4912152239 889570.5379286761 895509.4998596667 904734.1725052581 906408.1328272913 915577.7322696582 938343.8521562441 947033.2394858192 958661.0726461054 971140.8266778012 976875.0470343361 989913.2898398269 999137.7063507343 1000442.9048888726 1001469.5916816394 1072186.4514960125 1072292.9425210736 1080966.2809403809 1095059.8535530148

Equation: ((x4 - x0) * cos(x4)) + 1172.838183446082
Residuals:
878896.484829565 886793.8592210105 889571.3072379007 895509.6204243666 904735.6062168182 906408.8854965448 915578.2227094605 938342.7134533077 947031.875991555 958660.6445934504 971138.6249589316 976872.7573318298 989911.1359972052 999136.9916210737 1000441.911032623 1001468.7825643953 1072185.6776491762 1072288.589399188 1080964.1187454166 1095061.0996950667

Equation: (0.0780333445893504 * cos(x4)) + 1172.8367282797165
Residuals:
878896.5735637224 886793.9201824196 889571.3116088402 895509.6039264825 904735.3108680133 906408.6673052589 915578.1214036427 938342.7010088263 947031.7274127913 958660.3855952657 971138.4315386032 976872.557479454 989910.9029525442 999136.7456564674 1000441.6819603475 1001468.7352796397 1072185.6485269752 1072288.6827650592 1080964.1355691878 1095061.1458695992

Equation: (0.10809371580198827 / cos(sin(x1))) + 1172.6437475390771
Residuals:
878896.5688465032 886793.931127889 889571.3135557739 895509.6044214095 904735.3046058743 906408.6685998759 915578.12589095 938342.708949615 947031.7341098469 958660.394501403 971138.4423516626 976872.5626624369 989910.9083225819 999136.7474913741 1000441.6812319532 1001468.7271205856 1072185.6374968055 1072288.66197946 1080964.115786498 1095061.1250325413

Equation: (sin(0.10809371580198827) / cos(sin(x0))) + 1172.6437475390771
Residuals:
878896.5713129028 886793.9150216429 889571.3044935454 895509.598864772 904735.29801523 906408.6603512522 915578.1224781922 938342.7054864106 947031.7325191834 958660.3946121901 971138.4430066997 976872.5693943476 989910.9165273375 999136.7603103487 1000441.6971430018 1001468.7432338874 1072185.6547181674 1072288.6719695495 1080964.1310849593 1095061.1364947644

Equation: 1172.8018460986616 + (0.04297647253801416 * cos(x4 / 0.3793251121894125))
Residuals:
878896.5491852914 886793.8989662074 889571.3002243334 895509.5990717821 904735.3129723582 906408.6692779681 915578.1223806569 938342.7016156571 947031.7181740272 958660.3591886826 971138.3969230842 976872.5212013971 989910.8616264004 999136.7013405398 1000441.6351636049 1001468.677640217 1072185.5907788454 1072288.6251274694 1080964.0821352098 1095061.0925414513

Equation: 1172.8026074666384 + (sin(sin(-0.04513434037377588)) * cos(x4 / 0.5324394069635909))
Residuals:
878896.5206257743 886793.861213095 889571.2402239812 895509.5275865274 904735.2365173248 906408.5934757646 915578.0501648386 938342.6305305165 947031.6712383297 958660.349907972 971138.4057533606 976872.5337724774 989910.8858101775 999136.7326576114 1000441.6726145145 1001468.7504666266 1072185.6644958698 1072288.7064602862 1080964.1689606395 1095061.1794020568

Equation: (cos(cos(x1)) * 0.23854204862496653) + ((sin(x4) / (x4 * x4)) + 1172.6496125740764)
Residuals:
878896.5183528059 886793.8866689253 889571.2698457038 895509.5631125526 904735.2660366158 906408.6349276108 915578.0954758665 938342.6815757607 947031.7074211269 958660.3684837513 971138.416465594 976872.5320631574 989910.8767883184 999136.7130191445 1000441.6447544569 1001468.6842667883 1072185.5938680756 1072288.6165290638 1080964.070354938 1095061.0796040394

Equation: (cos(cos(x0)) * sin(sin(0.2584271881151971))) + (1172.6370521940482 + (sin(x4) / (x4 * 4.456239433421058)))
Residuals:
878896.5138149481 886793.8584192701 889571.2523212382 895509.5515883581 904735.255901593 906408.6219910819 915578.0913551613 938342.6776207965 947031.7091203454 958660.3756253592 971138.4255435664 976872.5521040189 989910.8998413613 999136.7438940784 1000441.6804731911 1001468.7156185464 1072185.6259494137 1072288.6356971492 1080964.0955381515 1095061.0999721128

Equation: (((-0.14925794676812393 / x1) + 1172.7040589899755) + (sin(x3) / (x3 * x2))) + (cos(cos(x2)) * 0.2155201949585343)
Residuals:
878896.4949457273 886793.8586555435 889571.2499985219 895509.5408969525 904735.2455012407 906408.611015231 915578.0690391972 938342.6485066452 947031.6739307492 958660.3344165141 971138.3813939196 976872.5060734489 989910.8533293385 999136.6894443098 1000441.6268042418 1001468.6828753621 1072185.5952182233 1072288.6320670005 1080964.0770677822 1095061.0839573876

Equation: x4
Residuals:
3830627845.6798434 3845929691.680639 3848740866.829583 3848875031.4314833 3861766454.1318502 3867640171.068822 3883170328.380963 3886729582.766462 3898692491.6519814 3901498525.630849 3902767193.9398036 3937989434.499856 3941156705.8666553 3949933227.1845884 3967415147.1157207 3985010786.0937757 3991110770.344431 3997381451.259714 4005688903.7343183 4094914435.4374337

Equation: x1 ^ x0
Residuals:
5.9460595161274664e+156 7.893162043992069e+156 9.689455127544443e+156 1.0263562455336194e+157 4.361427050980571e+157 7.37937299383171e+157 1.2978896523845036e+158 2.672158362935961e+158 5.483859245667705e+158 1.1955387745687921e+159 1.770602697017271e+159 4.134717714635735e+159 3.821001718648763e+160 5.239724007118131e+160 7.109842909856031e+160 8.127291712873972e+160 1.1810258800122193e+161 1.2595179136571215e+161 1.685737627536741e+161 2.34071832349597e+161

Equation: x4 + (x0 ^ x0)
Residuals:
5.8082989883353535e+156 5.8775054485634526e+156 7.13219146456714e+156 7.529282877755181e+156 4.1140321106583585e+157 7.525065247352067e+157 1.3143258055624114e+158 3.0533846023422053e+158 5.97252137372017e+158 1.1919300925659143e+159 1.34100724699075e+159 3.0114928694402366e+159 4.5066658162097365e+160 6.286072173233067e+160 8.617216714383846e+160 8.730143763133981e+160 1.3358703827963956e+161 1.4373357252397e+161 1.6977464891823217e+161 2.4718928249099007e+161

Equation: x0 + 1168.804522591264
Residuals:
3830626676.9015274 3845928523.0503187 3848739698.334682 3848873863.077545 3861765285.499803 3867639002.3793836 3883169159.610241 3886728413.840164 3898691322.7679815 3901497356.6322184 3902766025.0575013 3937988265.511952 3941155536.591206 3949932057.9302707 3967413977.935961 3985009617.1331997 3991109601.30641 3997380282.2834935 4005687734.940027 4094913266.5836177

Equation: 1172.0982375662386 - sin(x4)
Residuals:
3830626755.805543 3845928602.0975747 3848739777.567073 3848873942.4382052 3861765365.200386 3867639082.228997 3883169239.5773115 3886728493.963015 3898691403.1125703 3901497437.111023 3902766105.619968 3937988346.239692 3941155617.8694644 3949932139.278085 3967414059.3408914 3985009698.4999127 3991109682.7512245 3997380363.7171135 4005687816.3066998 4094913348.014113

Equation: (x0 / x4) + 1171.8158447375667
Residuals:
3830626754.81868 3845928600.971464 3848739776.2932596 3848873941.0478477 3861765363.780725 3867639080.771204 3883169238.104115 3886728492.4878526 3898691401.5400734 3901497435.5304837 3902766103.978926 3937988344.581397 3941155616.156144 3949932137.5567966 3967414057.621513 3985009696.823786 3991109681.074442 3997380362.0657535 4005687814.7551355 4094913346.467213

Equation: 1172.5501482838094 - ((x0 - x3) * x3)
Residuals:
3830626749.112442 3845928583.3012376 3848739759.8107824 3848873899.0604568 3861765339.134441 3867639050.674383 3883169206.886915 3886728467.8331647 3898691382.0087957 3901497423.6334357 3902766093.2682858 3937988323.7278557 3941155630.309598 3949932153.6656427 3967414076.6431155 3985009715.9769025 3991109699.9160137 3997380375.4208217 4005687819.179036 4094913347.757842

Equation: 1172.8381831355987 + ((x4 - x0) * cos(x4))
Residuals:
3830626754.7707853 3845928600.7881656 3848739776.010632 3848873940.6889253 3861765363.6338277 3867639080.670265 3883169238.0592422 3886728492.546689 3898691401.5600553 3901497435.6093526 3902766103.98755 3937988344.624601 3941155616.2057486 3949932137.566273 3967414057.5759597 3985009696.7578673 3991109680.986688 3997380361.9831023 4005687814.738319 4094913346.417874

Equation: (0.07803630150259039 * cos(x4)) + 1172.836729524481
Residuals:
3830626754.722328 3845928600.877304 3848739776.2039576 3848873940.9641504 3861765363.7023387 3867639080.696573 3883169238.0317407 3886728492.4173703 3898691401.4795403 3901497435.4722013 3902766103.9288573 3937988344.535775 3941155616.129943 3949932137.536737 3967414057.6108956 3985009696.827496 3991109681.079148 3997380362.075267 4005687814.777177 4094913346.490592

Equation: 1172.6476218229668 + (cos(cos(x0)) * 0.19126011080406918)
Residuals:
3830626754.8784184 3845928601.029316 3848739776.3479867 3848873941.1004233 3861765363.816426 3867639080.798296 3883169238.1231794 3886728492.4952807 3898691401.537117 3901497435.5203466 3902766103.96613 3937988344.563278 3941155616.1487107 3949932137.5528917 3967414057.620728 3985009696.82054 3991109681.0781183 3997380362.0697727 4005687814.7594943 4094913346.4781528

Equation: 1172.6501907591667 - (sin(-0.1051011280059851) / cos(sin(x0)))
Residuals:
3830626754.8758974 3845928601.026822 3848739776.345963 3848873941.0985394 3861765363.819532 3867639080.802705 3883169238.1281404 3886728492.4995375 3898691401.539486 3901497435.519959 3902766103.9652424 3937988344.5593047 3941155616.148081 3949932137.553657 3967414057.6227303 3985009696.8225904 3991109681.081565 3997380362.0734205 4005687814.7635493 4094913346.4828596

Equation: ((0.01790632901262441 * cos(x0)) + 1172.6926235550225) - (-0.08182977219349488 / cos(sin(x0)))
Residuals:
3830626754.8398843 3845928600.990832 3848739776.3103642 3848873941.06306 3861765363.7898536 3867639080.7760186 3883169238.104602 3886728492.4813123 3898691401.52576 3901497435.510823 3902766103.95686 3937988344.555644 3941155616.150907 3949932137.5563707 3967414057.6252365 3985009696.8250866 3991109681.0836725 3997380362.075453 4005687814.7654047 4094913346.4842963

Equation: (1172.4282804004167 + (0.794579027156154 / x4)) + ((0.053326489270670394 * x0) * cos(cos(x0)))
Residuals:
3830626752.7254324 3845928598.87443 3848739774.15963 3848873938.901984 3861765361.163987 3867639077.9373035 3883169235.059866 3886728489.127402 3898691397.945705 3901497431.7333465 3902766100.15037 3937988340.593753 3941155612.3142767 3949932133.7999196 3967414053.954763 3985009693.1583753 3991109677.5462265 3997380358.561517 4005687811.306103 4094913343.153052

Equation: x4
Residuals:
171353314.43100235 171747802.8615862 172811484.52132836 174637374.52947652 174862179.43231097 175273972.53298286 175364720.10682598 175840351.1728004 176102653.13152635 176254673.31821805 176763124.766421 178591339.72871965 178889659.83734083 180592490.11699674 181292312.96847177 181316262.5773766 181922508.07295415 182840226.1559172 188180105.16265282 191934250.60287827

Equation: x0 ^ x0
Residuals:
4.145212721964723e+71 4.286336840039998e+71 4.767716598553072e+71 1.540356275162023e+72 1.7205405449607963e+72 2.4640116311595415e+72 1.0130805551097756e+73 2.051365364647705e+73 3.308384611792807e+73 4.826058937033469e+73 5.472998488825938e+73 6.05144225694473e+73 1.336957028262391e+74 2.0020340435335957e+74 2.0220892273703704e+74 5.556398343241541e+74 5.561107716806994e+74 1.1260039939797011e+75 1.6402884850816405e+75 1.7123424868295857e+75

Equation: (x0 ^ x0) + x4
Residuals:
4.145212721964723e+71 4.286336840039998e+71 4.767716598553072e+71 1.540356275162023e+72 1.7205405449607963e+72 2.4640116311595415e+72 1.0130805551097756e+73 2.051365364647705e+73 3.308384611792807e+73 4.826058937033469e+73 5.472998488825938e+73 6.05144225694473e+73 1.336957028262391e+74 2.0020340435335957e+74 2.0220892273703704e+74 5.556398343241541e+74 5.561107716806994e+74 1.1260039939797011e+75 1.6402884850816405e+75 1.7123424868295857e+75

Equation: 1168.8045225104956 + x0
Residuals:
171352145.63719216 171746634.1564254 172810315.86709285 174636205.65920419 174861010.67712876 175272803.79572698 175363551.20490724 175839182.2214498 176101484.25568405 176253504.41262695 176761955.92495987 178590171.1705681 178888491.18829894 180591321.47247994 181291144.4615658 181315093.88133812 181921339.38557523 182839057.40572605 188178936.377589 191933081.93954653

Equation: 1171.9753100013907 - sin(x4)
Residuals:
171352185.83065403 171746674.44934753 172810356.25438324 174636246.32091627 174861051.4999738 175272844.78633133 175363592.6189466 175839223.87594002 176101526.16815782 176253546.44547716 176761998.05747285 178590213.53116214 178888533.75357488 180591364.1628276 181291187.20417818 181315136.84016764 181921382.34695876 182839100.53249878 188178979.58950543 191933125.1702619

Equation: (x0 / x4) + 1171.8143622146245
Residuals:
171352185.2931372 171746673.82140392 172810355.5555099 174636245.5880346 174861050.63170713 175272843.8257798 175363591.52648595 175839222.68910193 176101524.8246989 176253545.05966625 176761996.5996512 178590211.8724992 178888532.0532777 180591362.42158756 181291185.4157774 181315135.04160395 181921380.54620793 182839098.7115742 188178977.7608066 191933123.33436337

Equation: ((x4 - x1) * x0) + 1172.5538205629957
Residuals:
171352192.5659876 171746676.92116448 172810356.90402508 174636246.80349022 174861048.44358122 175272842.32968324 175363586.00336105 175839218.4349818 176101515.62634563 176253541.75555915 176762006.0722754 178590207.77072 178888529.30329987 180591358.29498932 181291175.8836519 181315126.5348534 181921379.81437063 182839099.79079372 188178977.35517362 191933127.07491997

Equation: (cos(x4) * (x4 - x0)) + 1172.8381830548212
Residuals:
171352185.25885656 171746673.69814232 172810355.37938628 174636245.63107997 174861050.55744764 175272843.73367816 175363591.5991399 175839222.80643454 176101524.86412925 176253545.12288663 176761996.6056997 178590211.70399827 178888531.94790712 180591362.32640243 181291185.29799664 181315134.98573023 181921380.48877302 182839098.6766006 188178977.73382255 191933123.30598158

Equation: 1172.8367298336907 + (cos(x4) * 0.07803704283041668)
Residuals:
171352185.19611347 171746673.72044995 172810355.4524107 174636245.48958218 174861050.53021732 175272843.7244428 175363591.4307854 175839222.5967853 176101524.7364784 176253544.97411197 176761996.51675633 178590211.80056006 178888531.98825964 180591362.3625977 181291185.3639208 181315134.99550688 181921380.50058421 182839098.67371023 188178977.7270432 191933123.30808818

Equation: 1172.6450905087625 + (cos(cos(x0)) * 0.19200201328215433)
Residuals:
171352185.3505184 171746673.87709802 172810355.61107418 174636245.65492246 174861050.69608948 175272843.8895335 175363591.58455122 175839222.73909944 176101524.86548248 176253545.09464854 176761996.63096 178590211.8956955 178888532.0639688 180591362.42491773 181291185.41590217 181315135.02988467 181921380.53428644 182839098.69298396 188178977.74009338 191933123.31071642

Equation: (cos(x0) / (x2 / 0.28870531781852393)) + 1172.8412515451923
Residuals:
171352185.25976163 171746673.78602564 172810355.51893988 174636245.55613706 174861050.59722847 175272843.79090682 175363591.49573925 175839222.65986198 176101524.79408556 176253545.03002268 176761996.56869364 178590211.83532327 178888532.01889744 180591362.38754696 181291185.378721 181315135.00991356 181921380.51433158 182839098.68198514 188178977.7324739 191933123.3034155

Equation: 1172.841284823356 + ((cos(x0) / x4) * sin(sin(0.3009557547446698)))
Residuals:
171352185.25961396 171746673.7858554 172810355.51877066 174636245.5559586 174861050.5970277 175272843.79071948 175363591.49556497 175839222.6597042 176101524.7939552 176253545.02990136 176761996.56856486 178590211.8352277 178888532.01881403 180591362.38747478 181291185.37865707 181315135.00985998 181921380.51427475 182839098.6819323 188178977.73242775 191933123.30337235

Equation: (0.04298087351187875 * cos(x4 / -0.3793299583637452)) + 1172.8018481615209
Residuals:
171352185.3249632 171746673.86013636 172810355.59872833 174636245.63809338 174861050.68512225 175272843.87972543 175363591.5811513 175839222.73951754 176101524.85841557 176253545.0889643 176761996.61755458 178590211.85198486 178888532.02890494 180591362.39177954 181291185.37886417 181315135.00875163 181921380.51315433 182839098.68096468 188178977.73231566 191933123.3103704

Equation: 1172.8017945254196 + (cos(x3 / 0.5291000252797071) * sin(sin(-0.04556502309704574)))
Residuals:
171352185.33167875 171746673.8480162 172810355.57324108 174636245.59176877 174861050.61728957 175272843.80988893 175363591.5087577 175839222.6654404 176101524.79917395 176253545.0290209 176761996.5675411 178590211.83411875 178888532.01818293 180591362.394058 181291185.39730275 181315135.0275516 181921380.5338794 182839098.7021218 188178977.75264198 191933123.3319089

Equation: x4
Residuals:
6715285258.721375 6843147738.4197235 6845689485.942538 6853282346.432215 6857607711.4118 6870183771.707535 6875655068.108495 6881828986.271746 6900982926.654305 6903785837.057812 6907784088.983359 6924722933.25606 6948552613.14848 6969987038.397478 6994957416.707266 7009218189.9016905 7030050457.370003 7066580821.157567 7112196274.953012 7174465157.5356655

Equation: x0 ^ x1
Residuals:
3.6398881110222136e+180 3.895879220890477e+180 4.820233283522753e+180 8.10279882578305e+180 3.841472482703498e+181 7.524498314535056e+181 1.062005604014199e+182 2.0202297490035202e+182 7.27748015856421e+182 8.286927465812422e+182 1.0174500893628309e+183 1.5024671630498282e+183 7.36905832641821e+183 8.99197258062524e+183 1.3840460647684584e+184 4.077374371359832e+184 8.780737036325561e+184 1.1053481156596506e+185 1.2288722333451764e+185 1.6267161636275343e+185

Equation: (x0 ^ x0) + x3
Residuals:
3.745112190752443e+180 3.9450056709559997e+180 4.763751512511774e+180 5.276104333306579e+180 1.6350506543688954e+181 3.995287080279599e+181 7.721835142329685e+181 1.0447541550152133e+182 1.1684269166147321e+182 1.3073153161299994e+182 2.0797577612747533e+182 3.408085757992331e+182 1.896869190241015e+183 3.685743969309604e+183 8.713031527263516e+183 1.4876611935734526e+184 3.2602305501088056e+184 5.227611644634899e+184 5.292445545507409e+184 1.0323797261465235e+185

Equation: x4 + 1102.648502796926
Residuals:
6715284156.072873 6843146635.77122 6845688383.294035 6853281243.783712 6857606608.763298 6870182669.0590315 6875653965.459992 6881827883.623243 6900981824.005803 6903784734.409309 6907782986.334857 6924721830.607557 6948551510.499977 6969985935.748976 6994956314.0587635 7009217087.253187 7030049354.7215 7066579718.509065 7112195172.30451 7174464054.887162

Equation: (x4 * x4) + 1102.648502796926
Residuals:
6715275783.035193 6843138262.5106945 6845679976.67595 6853272836.41633 6857598196.635954 6870174245.669523 6875645519.083455 6881819381.054677 6900973317.245689 6903776114.459784 6907774366.378774 6924713192.244142 6948542840.223473 6969977253.231729 6994947630.802104 7009208385.486658 7030040651.726598 7066571005.350428 7112186457.184972 7174455331.814301

Equation: 1139.433666620951 + (x3 * (x3 + x3))
Residuals:
6715267284.24566 6843129646.352658 6845671370.606808 6853264189.631554 6857589522.0759325 6870165552.844699 6875636848.024748 6881810737.460851 6900964643.308853 6903767548.229937 6907765798.754043 6924704461.897359 6948534124.853612 6969968470.119681 6994938792.157065 7009199563.640161 7030031827.127453 7066562170.509369 7112177610.93762 7174446483.311464

Equation: ((x3 - x3) + 42.66968691320664) + 1130.1261091454357
Residuals:
6715284177.93125 6843146657.630815 6845688405.335716 6853281265.829479 6857606630.835017 6870182691.192125 6875653987.718229 6881827906.186679 6900981846.591964 6903784757.607045 6907783009.532628 6924721853.904405 6948551533.968346 6969985959.28305 6994956337.596805 7009217110.890493 7030049378.36539 7066579742.207412 7112195196.01336 7174464078.638599

Equation: 1172.765286899929 + ((x3 * (x3 + x3)) * 0.0009144847736799606)
Residuals:
6715284162.482232 6843146642.07426 6845688389.757716 6853281250.213556 6857606615.189318 6870182675.519368 6875653972.044241 6881827890.486141 6900981830.859823 6903784741.869332 6907782993.793633 6924721837.99968 6948551518.047976 6969985943.289476 6994956321.551767 7009217094.843801 7030049362.31505 7066579726.138362 7112195179.932076 7174464062.547941

Equation: 1172.7654725651466 + ((x2 * (x1 + x2)) * (x3 + (0.0009201729068579415 - x3)))
Residuals:
6715284162.367235 6843146642.059449 6845688389.735039 6853281250.209554 6857606615.173228 6870182675.515168 6875653972.019385 6881827890.445568 6900981830.817137 6903784741.829627 6907782993.7304735 6924721838.094561 6948551518.061512 6969985943.359353 6994956321.657809 7009217094.861584 7030049362.31941 7066579726.119521 7112195179.8868065 7174464062.449242

Equation: 1172.7949972159488 + (((x3 + x3) * x4) * ((-0.0017656712797175507 - x3) + (1.000427931575351 * x3)))
Residuals:
6715283541.368386 6843146016.533241 6845687762.064895 6853280620.930613 6857605984.498284 6870182043.282827 6875653338.878246 6881827254.077501 6900981192.982075 6903784099.448589 6907782351.319185 6924721187.9060135 6948550866.077276 6969985287.784934 6994955663.863767 7009216436.372532 7030048703.643551 7066579066.290218 7112194519.495031 7174463401.410431

Equation: x4
Residuals:
143471659.80941796 147203115.41352817 148524374.1885079 148671712.90555564 149448809.31897834 149938021.3068725 150166507.75047925 150330956.3020725 150789888.25175664 152117479.40662843 152254749.95764187 153133442.9741324 153695758.12944558 153885739.56060153 154919760.11692107 155653587.0279495 156107692.5302461 156199426.12567928 160423483.37006333 163195294.64275077

Equation: x0 ^ x0
Residuals:
1.3634984680384358e+69 1.7353761700193923e+69 4.107523434690298e+69 4.3738844514223414e+69 6.6975534178861196e+69 1.1710548517162326e+70 1.3648470815063802e+70 3.279449050823545e+70 3.293679645524424e+70 3.561455822088215e+70 6.978553674630948e+70 1.0903012478338762e+71 1.7426972910639778e+71 1.9180540620285514e+71 4.3156262809459977e+71 1.4587684416220601e+72 2.342887864284335e+72 3.1759864572452842e+72 6.8134795496050395e+72 7.485054361551885e+72

Equation: (x0 ^ x0) + x2
Residuals:
1.3634984680384358e+69 1.7353761700193923e+69 4.107523434690298e+69 4.3738844514223414e+69 6.6975534178861196e+69 1.1710548517162326e+70 1.3648470815063802e+70 3.279449050823545e+70 3.293679645524424e+70 3.561455822088215e+70 6.978553674630948e+70 1.0903012478338762e+71 1.7426972910639778e+71 1.9180540620285514e+71 4.3156262809459977e+71 1.4587684416220601e+72 2.342887864284335e+72 3.1759864572452842e+72 6.8134795496050395e+72 7.485054361551885e+72

Equation: x0 + 1168.8045225521969
Residuals:
143470490.97233218 147201946.5612618 148523205.16449654 148670543.95509 149447640.34380576 149936852.34911466 150165338.7838414 150329787.43891743 150788719.40489915 152116310.59250915 152253581.01923713 153132274.02326486 153694589.35544267 153884570.81788996 154918591.29268354 155652418.17280996 156106523.588919 156198257.15735522 160422314.29508266 163194125.84322485

Equation: 1172.098237527159 - sin(x4)
Residuals:
143470529.1439912 147201984.7850852 148523243.57021967 148670582.38351887 149447678.87379855 149936891.03447157 150165377.50967407 150329826.49118578 150788758.46879107 152116349.7046649 152253620.28386027 153132313.4388909 153694629.09491765 153884610.62389052 154918631.35075602 155652458.7039488 156106564.23189494 156198297.90038192 160422355.25025314 163194167.10891947

Equation: 1173.8162662587602 - (x4 / x0)
Residuals:
143470529.4249733 147201985.0643272 148523243.84485632 148670582.65038902 149447679.1281344 149936891.25129548 150165377.71799225 150329826.55956623 150788758.52683464 152116349.73160914 152253620.29659668 153132313.39390486 153694628.8284503 153884610.3117055 154918630.95446232 155652458.08870396 156106563.60190105 156198297.233303 160422354.52804738 163194166.1020393

Equation: ((x4 - x1) * x3) - -1172.5501482447355
Residuals:
143470528.5280357 147201985.00837883 148523248.81281134 148670584.9427068 149447683.4743857 149936890.4107969 150165381.31136253 150329821.14387038 150788753.03106165 152116346.10104033 152253616.10786268 153132311.5425233 153694615.7501583 153884607.8383201 154918624.73124334 155652449.97727314 156106560.307541 156198298.78584778 160422364.42835453 163194163.07510135

Equation: 1172.8381830965473 - (cos(x4) * (x0 - x4))
Residuals:
143470529.40450993 147201985.04623836 148523243.84261152 148670582.65413377 149447679.14709723 149936891.2858901 150165377.75938714 150329826.57512468 150788758.5325463 152116349.71631423 152253620.36871898 153132313.48314714 153694628.77858993 153884610.23183724 154918630.95166057 155652458.11828223 156106563.71932662 156198297.37865782 160422354.7827001 163194166.07522613

Equation: 1172.8367296731801 - (-0.07803665485721467 * cos(x4))
Residuals:
143470529.40363124 147201985.04056543 148523243.824367 148670582.62144834 149447679.09478754 149936891.2074418 150165377.67264423 150329826.4923938 150788758.45823374 152116349.65932968 152253620.22621524 153132313.31933904 153694628.7376299 153884610.2184511 154918630.86057487 155652457.9917788 156106563.50683302 156198297.13863468 160422354.43565938 163194166.00675544

Equation: 1172.6476212618666 - (cos(cos(x0)) * -0.19126078512951908)
Residuals:
143470529.4033993 147201985.0438726 148523243.83492887 148670582.63942593 149447679.1230683 149936891.25427857 150165377.72372994 150329826.5786022 150788758.54557282 152116349.7510345 152253620.33118346 153132313.43646288 153694628.87429884 153884610.35822764 154918631.01274845 155652458.15493235 156106563.67014787 156198297.30136922 160422354.59376574 163194166.1606872

Equation: 1172.7002794504017 - ((-0.030076512981448606 * x0) * cos(cos(x0)))
Residuals:
143470528.2663592 147201983.90964726 148523242.73247752 148670581.54052523 149447678.0521142 149936890.2287126 150165376.71198356 150329825.6529012 150788757.62031335 152116348.83375323 152253619.4819717 153132312.63001275 153694628.10884774 153884609.60052502 154918630.30986595 155652457.49039182 156106563.00437012 156198296.62987852 160422353.89138862 163194165.4529319

Equation: 1172.80266710454 - (0.044910390549641376 * cos(x2 / 0.5278100503360484))
Residuals:
143470529.46604386 147201985.11170536 148523243.89837816 148670582.7027698 149447679.18211988 149936891.3133386 150165377.77201208 150329826.6045859 150788758.56479692 152116349.7610901 152253620.32730934 153132313.4235551 153694628.8522885 153884610.3294928 154918630.96476942 155652458.09759957 156106563.60180473 156198297.23121 160422354.51891223 163194166.08504167

Equation: 1172.8026314180447 - (sin(0.0447729259610028) * cos(x0 / 0.5225741501382004))
Residuals:
143470529.48024437 147201985.121532 148523243.9083766 148670582.71214402 149447679.1894262 149936891.30888665 150165377.77452382 150329826.60377872 150788758.57061026 152116349.77354547 152253620.33108637 153132313.42107508 153694628.84321573 153884610.3240319 154918630.9543636 155652458.07107022 156106563.58098945 156198297.21034116 160422354.50350234 163194166.0710588

Equation: (1172.67538779142 - (cos(x4) / (x1 ^ x2))) - ((-0.035245015327009806 * x4) * cos(cos(x1)))
Residuals:
143470528.07111108 147201983.71133813 148523242.51675215 148670581.32408756 149447677.8411837 149936889.96558446 150165376.4968736 150329825.37462246 150788757.35082284 152116348.61517096 152253619.185216 153132312.37500468 153694627.80929056 153884609.48141977 154918630.12572625 155652457.33960143 156106562.89083633 156198296.54095912 160422353.8073589 163194165.36857563

Equation: (1172.7673906946502 + (sin(x2) * 0.12305089899263104)) - (cos(cos(x0)) * (0.2011179949249378 * sin(x0)))
Residuals:
143470529.39447972 147201985.03289324 148523243.8295611 148670582.63434148 149447679.1227731 149936891.24042088 150165377.68390557 150329826.5417627 150788758.49760795 152116349.69254014 152253620.2822268 153132313.39315733 153694628.83618903 153884610.3139034 154918630.96804816 155652458.1294536 156106563.63905767 156198297.27400368 160422354.57390654 163194166.14111516

Equation: (1172.771422508333 + (sin(x4) * 0.11582031126279148)) - ((sin(0.19073809617910906) * sin(x0)) * cos(cos(x0)))
Residuals:
143470529.3973397 147201985.0384009 148523243.83568856 148670582.6397438 149447679.12703678 149936891.26166978 150165377.7324713 150329826.58472767 150788758.5505267 152116349.7535501 152253620.34298193 153132313.4483736 153694628.8669751 153884610.3469154 154918631.00374144 155652458.14124742 156106563.6650784 156198297.2994504 160422354.6079023 163194166.14425504

Equation: (1172.733589084624 - (-0.19700974729774734 / x1)) - (((0.003090881998173892 * x3) * x4) * cos(x1 / -0.49970027506912285))
Residuals:
143470523.93546385 147201979.62408978 148523238.7825277 148670577.6660913 149447674.80781573 149936887.00171348 150165374.5238062 150329824.11349672 150788756.23884657 152116348.44291982 152253619.0533162 153132313.69965148 153694629.31696108 153884613.9880689 154918634.6963849 155652463.26858488 156106569.3789528 156198303.2944682 160422359.91643974 163194171.53370035

Equation: x4
Residuals:
103762828.86100972 104426077.4843448 106678113.49210958 106703635.31242205 107287963.85834533 107614755.67493115 108150137.99025498 108258381.04813491 108853841.7210761 109170241.7313259 109174969.21827623 109421617.76503827 109914876.15023996 110168022.03823903 110174370.527076 111004892.69327067 111018226.87853839 113274674.40651311 113664273.01148555 116482013.920571

Equation: x0 ^ x0
Residuals:
2.7414661335911817e+63 3.46077519761924e+63 7.557139365331942e+63 8.58730224194471e+63 9.906537296755882e+63 1.107821143302918e+64 1.2760645280452143e+64 1.484193878689142e+64 2.1067903699268615e+64 3.3224925881691005e+64 4.31859427233364e+64 4.982108243322911e+64 1.5769149761614981e+65 1.628679094037678e+65 2.572913572616542e+65 1.2096338259474855e+66 4.399009561780389e+66 4.829652650730983e+66 7.984421856539086e+66 1.952699941423756e+67

Equation: (x0 ^ x0) + x4
Residuals:
2.7414661335911817e+63 3.46077519761924e+63 7.557139365331942e+63 8.58730224194471e+63 9.906537296755882e+63 1.107821143302918e+64 1.2760645280452143e+64 1.484193878689142e+64 2.1067903699268615e+64 3.3224925881691005e+64 4.31859427233364e+64 4.982108243322911e+64 1.5769149761614981e+65 1.628679094037678e+65 2.572913572616542e+65 1.2096338259474855e+66 4.399009561780389e+66 4.829652650730983e+66 7.984421856539086e+66 1.952699941423756e+67

Equation: x1 - -1168.037385130068
Residuals:
103761660.82011168 104424909.31015755 106676945.37134825 106702467.20921792 107286795.66780804 107613587.56580152 108148969.87473921 108257212.77538954 108852673.39732838 109169073.58537652 109173800.9437834 109420449.42432034 109913707.72770694 110166853.53457731 110173202.07444611 111003724.30341637 111017058.70161591 113273505.97335717 113663104.54725519 116480845.72730066

Equation: cos(x0) + 1172.7129767190816
Residuals:
103761696.23417293 104424944.91635889 106676981.19840333 106702503.09725487 107286831.70286727 107613623.6513963 108149006.00978956 108257249.1673257 108852709.89348319 109169110.1470466 109173837.68450119 109420486.27938706 109913744.80294302 110166890.75538677 110173239.39660929 111003761.68062365 111017096.05780779 113273543.61880545 113663142.21927716 116480883.3391234

Equation: (x4 - x1) + 1172.7129767190816
Residuals:
103761695.83599028 104424944.60640386 106676980.69274364 106702502.55222514 107286831.22131956 107613623.07019714 108149005.41243799 108257248.70380124 108852709.42954822 109169109.4447736 109173837.07936525 109420485.7244614 109913744.23092626 110166890.26253262 110173238.82978755 111003761.04274185 111017095.281331 113273543.10667849 113663141.78791481 116480882.74869956

Equation: 1173.795552731984 - cos(sin(5303.030478412251))
Residuals:
103761695.74965766 104424944.38678205 106676980.52654773 106702502.40358643 107286830.9853477 107613622.91563292 108149005.25148766 108257248.3856213 108852709.06036592 109169109.25338966 109173836.75943786 109420485.3383089 109913743.76295868 110166889.71343632 110173238.33172308 111003760.60745297 111017095.05897395 113273542.62808798 113663141.27824989 116480882.50999466

Equation: (x4 - x1) + ((x1 - x3) + 1172.7755960586421)
Residuals:
103761695.84928922 104424944.53737777 106676980.65645349 106702502.48791753 107286831.04477762 107613622.88794328 108149005.21468168 108257248.39357641 108852709.09545262 109169109.11292125 109173836.6147189 109420485.37527299 109913743.7647874 110166890.19979209 110173238.94045137 111003761.1252379 111017095.35772438 113273542.97009782 113663141.74012549 116480882.7089915

Equation: (x3 - x3) + ((x2 * (x4 - x3)) + 1172.7143584961425)
Residuals:
103761698.98606008 104424949.68294509 106676984.99767432 106702505.06187235 107286832.65193364 107613621.05919598 108149003.0260106 108257247.97011772 108852709.74878357 109169102.76905204 109173830.09343173 109420486.10623838 109913743.09002247 110166908.94251812 110173262.60500363 111003781.22344765 111017106.6553251 113273556.01513487 113663159.67039265 116480890.02910234

Equation: (x4 - x1) + (((-0.2110335397029714 - x3) / x2) + 1173.793485831572)
Residuals:
103761695.7619124 104424944.52709536 106676980.615672 106702502.471242 107286831.13502094 107613622.98312712 108149005.3255871 108257248.6171236 108852709.33890377 109169109.352101 109173836.98588902 109420485.63530436 109913744.13919711 110166890.18378894 110173238.75643854 111003760.96587038 111017095.20389552 113273543.03110293 113663141.71362591 116480882.67243399

Equation: (4146.949089782809 / (-4211.974224535262 / x3)) + (1172.7129767190816 + x4)
Residuals:
103761695.29802746 104424943.98511633 106676980.10247362 106702501.9337655 107286830.49045673 107613622.33321208 108149004.65977424 108257247.83680072 108852708.53823024 109169108.55558743 109173836.05715585 109420484.81440939 109913743.20385723 110166889.63041715 110173238.36718874 111003760.55168825 111017094.78344578 113273542.39451626 113663141.16199577 116480882.12993887

Equation: ((0.08992099618038397 / x0) + ((x4 - x3) * x4)) + ((x4 - x3) * 58053.99197670918)
Residuals:
103767482.99340229 104433692.32770543 106684526.52539238 106707400.80012317 107290282.77650657 107612013.58641279 108146866.31609607 108257709.80235736 108854746.66303225 109160948.10600428 109165428.67535841 109422632.00997683 109913849.26740247 110195143.555065 110208601.4147731 111033840.42762752 111034450.21006201 113293410.94645694 113689973.21845853 116492442.55234456

Equation: (1172.5030232030078 + ((0.009323031898420386 / x3) / (x3 - x2))) + ((x1 * (x4 * x4)) * ((0.0430409401323849 / x0) / x3))
Residuals:
103761694.33230676 104424942.97356428 106676979.11228254 106702500.98225248 107286829.55692965 107613621.47814849 108149003.81287503 108257246.93697728 108852707.6136565 109169107.79509076 109173835.2961516 109420483.87871715 109913742.30547678 110166888.26949665 110173236.88381469 111003759.1694086 111017093.60853818 113273541.1952317 113663139.81302969 116480881.03686172

Equation: x4
Residuals:
2915597617.652077 2921441312.325153 2923390949.5391326 2955713519.955168 2985048606.440608 2996810898.631805 2998516872.9327765 3006006389.901031 3006741159.25946 3008429731.0379486 3019397977.240869 3025107248.9387684 3029795209.995639 3030636505.361496 3043253994.3548064 3052043047.129972 3063303181.46374 3089542280.687684 3114069474.0279503 3153952017.671085

Equation: x0 ^ x0
Residuals:
1.293479019944885e+147 1.9219059243695216e+147 2.4752681036376617e+147 5.159894328291048e+147 6.672238743369183e+147 1.7049494711889183e+148 2.589891764361073e+148 2.655355102369829e+148 3.6984080715334565e+148 4.688215506783334e+148 5.399937163223264e+148 8.644994104762655e+148 1.0560829185702915e+149 1.8535563707901845e+149 3.598420848775726e+149 1.3043024675118198e+150 4.2067173640584384e+150 8.866901971909837e+150 1.0766383201498243e+151 1.5393359697775473e+151

Equation: (x0 ^ x0) + x2
Residuals:
1.293479019944885e+147 1.9219059243695216e+147 2.4752681036376617e+147 5.159894328291048e+147 6.672238743369183e+147 1.7049494711889183e+148 2.589891764361073e+148 2.655355102369829e+148 3.6984080715334565e+148 4.688215506783334e+148 5.399937163223264e+148 8.644994104762655e+148 1.0560829185702915e+149 1.8535563707901845e+149 3.598420848775726e+149 1.3043024675118198e+150 4.2067173640584384e+150 8.866901971909837e+150 1.0766383201498243e+151 1.5393359697775473e+151

Equation: x4 + 1168.7237224918651
Residuals:
2915596448.9283547 2921440143.6014304 2923389780.81541 2955712351.231445 2985047437.7168856 2996809729.9080825 2998515704.2090535 3006005221.1773086 3006739990.535737 3008428562.314226 3019396808.5171466 3025106080.215046 3029794041.2719164 3030635336.6377735 3043252825.6310835 3052041878.4062495 3063302012.7400174 3089541111.9639616 3114068305.304228 3153950848.9473624

Equation: 1172.098237466676 - sin(x4)
Residuals:
2915596524.0260825 2921440218.7080684 2923389855.928536 2955712426.349856 2985047512.86456 2996809805.0672007 2998515779.374235 3006005296.3425736 3006740065.7010417 3008428637.4796534 3019396883.6827188 3025106155.3808866 3029794116.4412837 3030635411.8310246 3043252900.8359284 3052041953.6328506 3063302088.0277004 3089541187.252757 3114068380.6390033 3153950924.298726

Equation: 1173.8162661982803 - (x4 / x0)
Residuals:
2915596522.6285167 2921440217.336094 2923389854.5775466 2955712425.016431 2985047511.688979 2996809804.020277 2998515778.5678606 3006005295.566117 3006740065.0119386 3008428636.854612 3019396883.0840936 3025106154.811661 3029794116.0123224 3030635411.644039 3043252900.7054543 3052041953.5784903 3063302088.1040354 3089541187.3291087 3114068380.7758584 3153950924.452165

Equation: 1172.5501481842696 + ((x4 - x1) * x3)
Residuals:
2915596520.964218 2921440220.6029067 2923389860.6147346 2955712446.123149 2985047530.4457917 2996809813.7590866 2998515778.4045334 3006005297.577613 3006740080.261263 3008428649.9685273 3019396908.3734255 3025106188.73563 3029794147.356239 3030635426.4318285 3043252913.3879685 3052041962.9038153 3063302088.5605497 3089541191.980151 3114068379.316642 3153950924.256029

Equation: (cos(x4) * (x4 - x0)) + 1172.8381830360813
Residuals:
2915596522.603384 2921440217.2818704 2923389854.507671 2955712424.8579063 2985047511.6333947 2996809803.9304013 2998515778.637948 3006005295.661073 3006740065.1320124 3008428636.9935203 3019396883.222751 3025106154.893679 3029794116.1904454 3030635411.9325175 3043252900.9359736 3052041953.686044 3063302088.1715403 3089541187.315409 3114068380.796259 3153950924.454387

Equation: (cos(x4) * 0.07803719881462712) + 1172.8367298968685
Residuals:
2915596522.665366 2921440217.375263 2923389854.618357 2955712425.0598664 2985047511.7384167 2996809804.0744658 2998515778.6239266 3006005295.6220365 3006740065.067649 3008428636.9097776 3019396883.1390414 3025106154.8670263 3029794116.063936 3030635411.685221 3043252900.7443576 3052041953.6143336 3063302088.129279 3089541187.3558903 3114068380.794968 3153950924.4694295

Equation: 1172.6476204008436 + (cos(cos(x0)) * 0.19126181922780888)
Residuals:
2915596522.6555567 2921440217.3699555 2923389854.615551 2955712425.066208 2985047511.740177 2996809804.0811157 2998515778.6292934 3006005295.6273637 3006740065.074317 3008428636.9174104 3019396883.1471415 3025106154.875474 3029794116.074438 3030635411.7019453 3043252900.759332 3052041953.6192627 3063302088.1271634 3089541187.341757 3114068380.784506 3153950924.455623

Equation: cos(cos(x1) * (x3 * 0.126050816264653)) + 1171.845883853617
Residuals:
2915596522.8555393 2921440218.1091223 2923389855.73621 2955712426.9363456 2985047513.647259 2996809805.966289 2998515780.451715 3006005297.4298162 3006740066.948118 3008428638.806042 3019396884.965614 3025106156.2432523 3029794116.8270607 3030635412.130683 3043252900.971294 3052041953.6263027 3063302088.094992 3089541187.510138 3114068381.1101427 3153950925.157518

Equation: (1172.943667021407 - (-0.05221756673715561 * cos(x4))) - (cos(sin(x0)) * (x3 * (x3 - x1)))
Residuals:
2915596516.75436 2921440205.970382 2923389849.6405516 2955712425.321108 2985047507.3950906 2996809804.3593926 2998515777.000575 3006005295.0654645 3006740056.444612 3008428634.0614448 3019396868.0601006 3025106129.974031 3029794087.090208 3030635381.7257724 3043252877.0106187 3052041941.6810007 3063302073.326062 3089541172.3663306 3114068378.1823025 3153950922.333835

Equation: (0.26616244000532696 * cos(cos(x0))) + ((sin(x2) * (0.23678358870927857 / x4)) + 1172.6274478126838)
Residuals:
2915596522.6179023 2921440217.3349686 2923389854.582215 2955712425.037058 2985047511.7124276 2996809804.057694 2998515778.6075764 3006005295.6062765 3006740065.0538907 3008428636.8982463 3019396883.1281214 3025106154.8566003 3029794116.0554485 3030635411.682119 3043252900.737994 3052041953.5921 3063302088.093084 3089541187.302919 3114068380.7447743 3153950924.4137187

Equation: x4
Residuals:
880054.5728799788 887951.8531146914 890729.0639784706 896667.2289801551 905892.6169107602 907565.9599511304 916735.3569377863 939499.921856183 948188.7426333572 959817.1876285261 972295.141892586 978029.2490120591 991067.5355513615 1000293.3412507887 1001598.2449094101 1002625.0699604003 1073341.9754093192 1073444.9294216752 1082120.2697348583 1096217.2782609833

Equation: x0 ^ x0
Residuals:
2.5658227515386147e+17 2.6589101082321376e+17 3.6329640676939725e+17 5.2014682520462317e+17 5.6892296787676045e+17 8.055269994277819e+17 1.5619774599879217e+18 2.3109588523372605e+18 2.9860793659967544e+18 4.291211796183247e+18 7.695967882993695e+18 8.019982571026817e+18 8.607217879846556e+18 9.248555092249997e+18 1.1085977909897183e+19 5.745686496502003e+19 6.497619618363301e+19 1.7630138990346607e+20 1.8316903247461335e+20 2.237416903009923e+20

Equation: (x0 ^ x0) + x2
Residuals:
2.5658227515386147e+17 2.6589101082321376e+17 3.6329640676939725e+17 5.2014682520462317e+17 5.6892296787676045e+17 8.055269994277819e+17 1.5619774599879217e+18 2.3109588523372605e+18 2.9860793659967544e+18 4.291211796183247e+18 7.695967882993695e+18 8.019982571026817e+18 8.607217879846556e+18 9.248555092249997e+18 1.1085977909897183e+19 5.745686496502003e+19 6.497619618363301e+19 1.7630138990346607e+20 1.8316903247461335e+20 2.237416903009923e+20

Equation: x0 + 1168.8045229023342
Residuals:
878885.7027089845 886783.0359077353 889560.333726627 895498.5237110098 904724.196970903 906397.4595718008 915566.7349637743 938331.2094671665 947020.1662726419 958648.7300278622 971126.622478615 976860.7379707707 989899.0664691146 999124.8913459727 1000429.7807088469 1001456.4092481969 1072173.2904972704 1072276.066830567 1080951.5168555481 1095048.4747791176

Equation: 1172.102629094928 - sin(x4)
Residuals:
878898.0546212125 886795.3578982499 889572.6171928102 895510.8051467269 904736.2195599118 906409.56299699 915578.9612440083 938343.5263869797 947032.3479750244 958660.7955945433 971138.7540286151 976872.8623522703 989911.1535716291 999136.962989232 1000441.870481021 1001468.7400339805 1072185.6476378732 1072288.6266333396 1080964.0113003594 1095061.020619164

Equation: 1171.8158450480319 + (x0 / x4)
Residuals:
878896.5426070829 886793.8890255417 889571.2769597265 895509.5653446481 904735.2810825506 906408.6320482768 915578.0773223031 938342.650899689 947031.6848044588 958660.3526313984 971138.3967464576 976872.5237110863 989910.8735390167 999136.7186635344 1000441.6552604004 1001468.7070868264 1072185.6192921973 1072288.6474402805 1080964.1141085185 1095061.1214912913

Equation: 1172.5501485942566 + (x3 * (x3 - x0))
Residuals:
878895.2324268307 886792.4912152239 889570.5379286761 895509.4998596667 904734.1725052581 906408.1328272913 915577.7322696582 938343.8521562441 947033.2394858192 958661.0726461054 971140.8266778012 976875.0470343361 989913.2898398269 999137.7063507343 1000442.9048888726 1001469.5916816394 1072186.4514960125 1072292.9425210736 1080966.2809403809 1095059.8535530148

Equation: ((x4 - x0) * cos(x4)) + 1172.838183446082
Residuals:
878896.484829565 886793.8592210105 889571.3072379007 895509.6204243666 904735.6062168182 906408.8854965448 915578.2227094605 938342.7134533077 947031.875991555 958660.6445934504 971138.6249589316 976872.7573318298 989911.1359972052 999136.9916210737 1000441.911032623 1001468.7825643953 1072185.6776491762 1072288.589399188 1080964.1187454166 1095061.0996950667

Equation: (0.0780333445893504 * cos(x4)) + 1172.8367282797165
Residuals:
878896.5735637224 886793.9201824196 889571.3116088402 895509.6039264825 904735.3108680133 906408.6673052589 915578.1214036427 938342.7010088263 947031.7274127913 958660.3855952657 971138.4315386032 976872.557479454 989910.9029525442 999136.7456564674 1000441.6819603475 1001468.7352796397 1072185.6485269752 1072288.6827650592 1080964.1355691878 1095061.1458695992

Equation: (0.10809371580198827 / cos(sin(x1))) + 1172.6437475390771
Residuals:
878896.5688465032 886793.931127889 889571.3135557739 895509.6044214095 904735.3046058743 906408.6685998759 915578.12589095 938342.708949615 947031.7341098469 958660.394501403 971138.4423516626 976872.5626624369 989910.9083225819 999136.7474913741 1000441.6812319532 1001468.7271205856 1072185.6374968055 1072288.66197946 1080964.115786498 1095061.1250325413

Equation: (sin(0.10809371580198827) / cos(sin(x0))) + 1172.6437475390771
Residuals:
878896.5713129028 886793.9150216429 889571.3044935454 895509.598864772 904735.29801523 906408.6603512522 915578.1224781922 938342.7054864106 947031.7325191834 958660.3946121901 971138.4430066997 976872.5693943476 989910.9165273375 999136.7603103487 1000441.6971430018 1001468.7432338874 1072185.6547181674 1072288.6719695495 1080964.1310849593 1095061.1364947644

Equation: 1172.8018460986616 + (0.04297647253801416 * cos(x4 / 0.3793251121894125))
Residuals:
878896.5491852914 886793.8989662074 889571.3002243334 895509.5990717821 904735.3129723582 906408.6692779681 915578.1223806569 938342.7016156571 947031.7181740272 958660.3591886826 971138.3969230842 976872.5212013971 989910.8616264004 999136.7013405398 1000441.6351636049 1001468.677640217 1072185.5907788454 1072288.6251274694 1080964.0821352098 1095061.0925414513

Equation: 1172.8026074666384 + (sin(sin(-0.04513434037377588)) * cos(x4 / 0.5324394069635909))
Residuals:
878896.5206257743 886793.861213095 889571.2402239812 895509.5275865274 904735.2365173248 906408.5934757646 915578.0501648386 938342.6305305165 947031.6712383297 958660.349907972 971138.4057533606 976872.5337724774 989910.8858101775 999136.7326576114 1000441.6726145145 1001468.7504666266 1072185.6644958698 1072288.7064602862 1080964.1689606395 1095061.1794020568

Equation: (cos(cos(x1)) * 0.23854204862496653) + ((sin(x4) / (x4 * x4)) + 1172.6496125740764)
Residuals:
878896.5183528059 886793.8866689253 889571.2698457038 895509.5631125526 904735.2660366158 906408.6349276108 915578.0954758665 938342.6815757607 947031.7074211269 958660.3684837513 971138.416465594 976872.5320631574 989910.8767883184 999136.7130191445 1000441.6447544569 1001468.6842667883 1072185.5938680756 1072288.6165290638 1080964.070354938 1095061.0796040394

Equation: (cos(cos(x0)) * sin(sin(0.2584271881151971))) + (1172.6370521940482 + (sin(x4) / (x4 * 4.456239433421058)))
Residuals:
878896.5138149481 886793.8584192701 889571.2523212382 895509.5515883581 904735.255901593 906408.6219910819 915578.0913551613 938342.6776207965 947031.7091203454 958660.3756253592 971138.4255435664 976872.5521040189 989910.8998413613 999136.7438940784 1000441.6804731911 1001468.7156185464 1072185.6259494137 1072288.6356971492 1080964.0955381515 1095061.0999721128

Equation: (((-0.14925794676812393 / x1) + 1172.7040589899755) + (sin(x3) / (x3 * x2))) + (cos(cos(x2)) * 0.2155201949585343)
Residuals:
878896.4949457273 886793.8586555435 889571.2499985219 895509.5408969525 904735.2455012407 906408.611015231 915578.0690391972 938342.6485066452 947031.6739307492 958660.3344165141 971138.3813939196 976872.5060734489 989910.8533293385 999136.6894443098 1000441.6268042418 1001468.6828753621 1072185.5952182233 1072288.6320670005 1080964.0770677822 1095061.0839573876

Equation: x4
Residuals:
3830627845.6798434 3845929691.680639 3848740866.829583 3848875031.4314833 3861766454.1318502 3867640171.068822 3883170328.380963 3886729582.766462 3898692491.6519814 3901498525.630849 3902767193.9398036 3937989434.499856 3941156705.8666553 3949933227.1845884 3967415147.1157207 3985010786.0937757 3991110770.344431 3997381451.259714 4005688903.7343183 4094914435.4374337

Equation: x1 ^ x0
Residuals:
5.9460595161274664e+156 7.893162043992069e+156 9.689455127544443e+156 1.0263562455336194e+157 4.361427050980571e+157 7.37937299383171e+157 1.2978896523845036e+158 2.672158362935961e+158 5.483859245667705e+158 1.1955387745687921e+159 1.770602697017271e+159 4.134717714635735e+159 3.821001718648763e+160 5.239724007118131e+160 7.109842909856031e+160 8.127291712873972e+160 1.1810258800122193e+161 1.2595179136571215e+161 1.685737627536741e+161 2.34071832349597e+161

Equation: x4 + (x0 ^ x0)
Residuals:
5.8082989883353535e+156 5.8775054485634526e+156 7.13219146456714e+156 7.529282877755181e+156 4.1140321106583585e+157 7.525065247352067e+157 1.3143258055624114e+158 3.0533846023422053e+158 5.97252137372017e+158 1.1919300925659143e+159 1.34100724699075e+159 3.0114928694402366e+159 4.5066658162097365e+160 6.286072173233067e+160 8.617216714383846e+160 8.730143763133981e+160 1.3358703827963956e+161 1.4373357252397e+161 1.6977464891823217e+161 2.4718928249099007e+161

Equation: x0 + 1168.804522591264
Residuals:
3830626676.9015274 3845928523.0503187 3848739698.334682 3848873863.077545 3861765285.499803 3867639002.3793836 3883169159.610241 3886728413.840164 3898691322.7679815 3901497356.6322184 3902766025.0575013 3937988265.511952 3941155536.591206 3949932057.9302707 3967413977.935961 3985009617.1331997 3991109601.30641 3997380282.2834935 4005687734.940027 4094913266.5836177

Equation: 1172.0982375662386 - sin(x4)
Residuals:
3830626755.805543 3845928602.0975747 3848739777.567073 3848873942.4382052 3861765365.200386 3867639082.228997 3883169239.5773115 3886728493.963015 3898691403.1125703 3901497437.111023 3902766105.619968 3937988346.239692 3941155617.8694644 3949932139.278085 3967414059.3408914 3985009698.4999127 3991109682.7512245 3997380363.7171135 4005687816.3066998 4094913348.014113

Equation: (x0 / x4) + 1171.8158447375667
Residuals:
3830626754.81868 3845928600.971464 3848739776.2932596 3848873941.0478477 3861765363.780725 3867639080.771204 3883169238.104115 3886728492.4878526 3898691401.5400734 3901497435.5304837 3902766103.978926 3937988344.581397 3941155616.156144 3949932137.5567966 3967414057.621513 3985009696.823786 3991109681.074442 3997380362.0657535 4005687814.7551355 4094913346.467213

Equation: 1172.5501482838094 - ((x0 - x3) * x3)
Residuals:
3830626749.112442 3845928583.3012376 3848739759.8107824 3848873899.0604568 3861765339.134441 3867639050.674383 3883169206.886915 3886728467.8331647 3898691382.0087957 3901497423.6334357 3902766093.2682858 3937988323.7278557 3941155630.309598 3949932153.6656427 3967414076.6431155 3985009715.9769025 3991109699.9160137 3997380375.4208217 4005687819.179036 4094913347.757842

Equation: 1172.8381831355987 + ((x4 - x0) * cos(x4))
Residuals:
3830626754.7707853 3845928600.7881656 3848739776.010632 3848873940.6889253 3861765363.6338277 3867639080.670265 3883169238.0592422 3886728492.546689 3898691401.5600553 3901497435.6093526 3902766103.98755 3937988344.624601 3941155616.2057486 3949932137.566273 3967414057.5759597 3985009696.7578673 3991109680.986688 3997380361.9831023 4005687814.738319 4094913346.417874

Equation: (0.07803630150259039 * cos(x4)) + 1172.836729524481
Residuals:
3830626754.722328 3845928600.877304 3848739776.2039576 3848873940.9641504 3861765363.7023387 3867639080.696573 3883169238.0317407 3886728492.4173703 3898691401.4795403 3901497435.4722013 3902766103.9288573 3937988344.535775 3941155616.129943 3949932137.536737 3967414057.6108956 3985009696.827496 3991109681.079148 3997380362.075267 4005687814.777177 4094913346.490592

Equation: 1172.6476218229668 + (cos(cos(x0)) * 0.19126011080406918)
Residuals:
3830626754.8784184 3845928601.029316 3848739776.3479867 3848873941.1004233 3861765363.816426 3867639080.798296 3883169238.1231794 3886728492.4952807 3898691401.537117 3901497435.5203466 3902766103.96613 3937988344.563278 3941155616.1487107 3949932137.5528917 3967414057.620728 3985009696.82054 3991109681.0781183 3997380362.0697727 4005687814.7594943 4094913346.4781528

Equation: 1172.6501907591667 - (sin(-0.1051011280059851) / cos(sin(x0)))
Residuals:
3830626754.8758974 3845928601.026822 3848739776.345963 3848873941.0985394 3861765363.819532 3867639080.802705 3883169238.1281404 3886728492.4995375 3898691401.539486 3901497435.519959 3902766103.9652424 3937988344.5593047 3941155616.148081 3949932137.553657 3967414057.6227303 3985009696.8225904 3991109681.081565 3997380362.0734205 4005687814.7635493 4094913346.4828596

Equation: ((0.01790632901262441 * cos(x0)) + 1172.6926235550225) - (-0.08182977219349488 / cos(sin(x0)))
Residuals:
3830626754.8398843 3845928600.990832 3848739776.3103642 3848873941.06306 3861765363.7898536 3867639080.7760186 3883169238.104602 3886728492.4813123 3898691401.52576 3901497435.510823 3902766103.95686 3937988344.555644 3941155616.150907 3949932137.5563707 3967414057.6252365 3985009696.8250866 3991109681.0836725 3997380362.075453 4005687814.7654047 4094913346.4842963

Equation: (1172.4282804004167 + (0.794579027156154 / x4)) + ((0.053326489270670394 * x0) * cos(cos(x0)))
Residuals:
3830626752.7254324 3845928598.87443 3848739774.15963 3848873938.901984 3861765361.163987 3867639077.9373035 3883169235.059866 3886728489.127402 3898691397.945705 3901497431.7333465 3902766100.15037 3937988340.593753 3941155612.3142767 3949932133.7999196 3967414053.954763 3985009693.1583753 3991109677.5462265 3997380358.561517 4005687811.306103 4094913343.153052

Equation: x4
Residuals:
171353314.43100235 171747802.8615862 172811484.52132836 174637374.52947652 174862179.43231097 175273972.53298286 175364720.10682598 175840351.1728004 176102653.13152635 176254673.31821805 176763124.766421 178591339.72871965 178889659.83734083 180592490.11699674 181292312.96847177 181316262.5773766 181922508.07295415 182840226.1559172 188180105.16265282 191934250.60287827

Equation: x0 ^ x0
Residuals:
4.145212721964723e+71 4.286336840039998e+71 4.767716598553072e+71 1.540356275162023e+72 1.7205405449607963e+72 2.4640116311595415e+72 1.0130805551097756e+73 2.051365364647705e+73 3.308384611792807e+73 4.826058937033469e+73 5.472998488825938e+73 6.05144225694473e+73 1.336957028262391e+74 2.0020340435335957e+74 2.0220892273703704e+74 5.556398343241541e+74 5.561107716806994e+74 1.1260039939797011e+75 1.6402884850816405e+75 1.7123424868295857e+75

Equation: (x0 ^ x0) + x4
Residuals:
4.145212721964723e+71 4.286336840039998e+71 4.767716598553072e+71 1.540356275162023e+72 1.7205405449607963e+72 2.4640116311595415e+72 1.0130805551097756e+73 2.051365364647705e+73 3.308384611792807e+73 4.826058937033469e+73 5.472998488825938e+73 6.05144225694473e+73 1.336957028262391e+74 2.0020340435335957e+74 2.0220892273703704e+74 5.556398343241541e+74 5.561107716806994e+74 1.1260039939797011e+75 1.6402884850816405e+75 1.7123424868295857e+75

Equation: 1168.8045225104956 + x0
Residuals:
171352145.63719216 171746634.1564254 172810315.86709285 174636205.65920419 174861010.67712876 175272803.79572698 175363551.20490724 175839182.2214498 176101484.25568405 176253504.41262695 176761955.92495987 178590171.1705681 178888491.18829894 180591321.47247994 181291144.4615658 181315093.88133812 181921339.38557523 182839057.40572605 188178936.377589 191933081.93954653

Equation: 1171.9753100013907 - sin(x4)
Residuals:
171352185.83065403 171746674.44934753 172810356.25438324 174636246.32091627 174861051.4999738 175272844.78633133 175363592.6189466 175839223.87594002 176101526.16815782 176253546.44547716 176761998.05747285 178590213.53116214 178888533.75357488 180591364.1628276 181291187.20417818 181315136.84016764 181921382.34695876 182839100.53249878 188178979.58950543 191933125.1702619

Equation: (x0 / x4) + 1171.8143622146245
Residuals:
171352185.2931372 171746673.82140392 172810355.5555099 174636245.5880346 174861050.63170713 175272843.8257798 175363591.52648595 175839222.68910193 176101524.8246989 176253545.05966625 176761996.5996512 178590211.8724992 178888532.0532777 180591362.42158756 181291185.4157774 181315135.04160395 181921380.54620793 182839098.7115742 188178977.7608066 191933123.33436337

Equation: ((x4 - x1) * x0) + 1172.5538205629957
Residuals:
171352192.5659876 171746676.92116448 172810356.90402508 174636246.80349022 174861048.44358122 175272842.32968324 175363586.00336105 175839218.4349818 176101515.62634563 176253541.75555915 176762006.0722754 178590207.77072 178888529.30329987 180591358.29498932 181291175.8836519 181315126.5348534 181921379.81437063 182839099.79079372 188178977.35517362 191933127.07491997

Equation: (cos(x4) * (x4 - x0)) + 1172.8381830548212
Residuals:
171352185.25885656 171746673.69814232 172810355.37938628 174636245.63107997 174861050.55744764 175272843.73367816 175363591.5991399 175839222.80643454 176101524.86412925 176253545.12288663 176761996.6056997 178590211.70399827 178888531.94790712 180591362.32640243 181291185.29799664 181315134.98573023 181921380.48877302 182839098.6766006 188178977.73382255 191933123.30598158

Equation: 1172.8367298336907 + (cos(x4) * 0.07803704283041668)
Residuals:
171352185.19611347 171746673.72044995 172810355.4524107 174636245.48958218 174861050.53021732 175272843.7244428 175363591.4307854 175839222.5967853 176101524.7364784 176253544.97411197 176761996.51675633 178590211.80056006 178888531.98825964 180591362.3625977 181291185.3639208 181315134.99550688 181921380.50058421 182839098.67371023 188178977.7270432 191933123.30808818

Equation: 1172.6450905087625 + (cos(cos(x0)) * 0.19200201328215433)
Residuals:
171352185.3505184 171746673.87709802 172810355.61107418 174636245.65492246 174861050.69608948 175272843.8895335 175363591.58455122 175839222.73909944 176101524.86548248 176253545.09464854 176761996.63096 178590211.8956955 178888532.0639688 180591362.42491773 181291185.41590217 181315135.02988467 181921380.53428644 182839098.69298396 188178977.74009338 191933123.31071642

Equation: (cos(x0) / (x2 / 0.28870531781852393)) + 1172.8412515451923
Residuals:
171352185.25976163 171746673.78602564 172810355.51893988 174636245.55613706 174861050.59722847 175272843.79090682 175363591.49573925 175839222.65986198 176101524.79408556 176253545.03002268 176761996.56869364 178590211.83532327 178888532.01889744 180591362.38754696 181291185.378721 181315135.00991356 181921380.51433158 182839098.68198514 188178977.7324739 191933123.3034155

Equation: 1172.841284823356 + ((cos(x0) / x4) * sin(sin(0.3009557547446698)))
Residuals:
171352185.25961396 171746673.7858554 172810355.51877066 174636245.5559586 174861050.5970277 175272843.79071948 175363591.49556497 175839222.6597042 176101524.7939552 176253545.02990136 176761996.56856486 178590211.8352277 178888532.01881403 180591362.38747478 181291185.37865707 181315135.00985998 181921380.51427475 182839098.6819323 188178977.73242775 191933123.30337235

Equation: (0.04298087351187875 * cos(x4 / -0.3793299583637452)) + 1172.8018481615209
Residuals:
171352185.3249632 171746673.86013636 172810355.59872833 174636245.63809338 174861050.68512225 175272843.87972543 175363591.5811513 175839222.73951754 176101524.85841557 176253545.0889643 176761996.61755458 178590211.85198486 178888532.02890494 180591362.39177954 181291185.37886417 181315135.00875163 181921380.51315433 182839098.68096468 188178977.73231566 191933123.3103704

Equation: 1172.8017945254196 + (cos(x3 / 0.5291000252797071) * sin(sin(-0.04556502309704574)))
Residuals:
171352185.33167875 171746673.8480162 172810355.57324108 174636245.59176877 174861050.61728957 175272843.80988893 175363591.5087577 175839222.6654404 176101524.79917395 176253545.0290209 176761996.5675411 178590211.83411875 178888532.01818293 180591362.394058 181291185.39730275 181315135.0275516 181921380.5338794 182839098.7021218 188178977.75264198 191933123.3319089

Equation: x4
Residuals:
6715285258.721375 6843147738.4197235 6845689485.942538 6853282346.432215 6857607711.4118 6870183771.707535 6875655068.108495 6881828986.271746 6900982926.654305 6903785837.057812 6907784088.983359 6924722933.25606 6948552613.14848 6969987038.397478 6994957416.707266 7009218189.9016905 7030050457.370003 7066580821.157567 7112196274.953012 7174465157.5356655

Equation: x0 ^ x1
Residuals:
3.6398881110222136e+180 3.895879220890477e+180 4.820233283522753e+180 8.10279882578305e+180 3.841472482703498e+181 7.524498314535056e+181 1.062005604014199e+182 2.0202297490035202e+182 7.27748015856421e+182 8.286927465812422e+182 1.0174500893628309e+183 1.5024671630498282e+183 7.36905832641821e+183 8.99197258062524e+183 1.3840460647684584e+184 4.077374371359832e+184 8.780737036325561e+184 1.1053481156596506e+185 1.2288722333451764e+185 1.6267161636275343e+185

Equation: (x0 ^ x0) + x3
Residuals:
3.745112190752443e+180 3.9450056709559997e+180 4.763751512511774e+180 5.276104333306579e+180 1.6350506543688954e+181 3.995287080279599e+181 7.721835142329685e+181 1.0447541550152133e+182 1.1684269166147321e+182 1.3073153161299994e+182 2.0797577612747533e+182 3.408085757992331e+182 1.896869190241015e+183 3.685743969309604e+183 8.713031527263516e+183 1.4876611935734526e+184 3.2602305501088056e+184 5.227611644634899e+184 5.292445545507409e+184 1.0323797261465235e+185

Equation: x4 + 1102.648502796926
Residuals:
6715284156.072873 6843146635.77122 6845688383.294035 6853281243.783712 6857606608.763298 6870182669.0590315 6875653965.459992 6881827883.623243 6900981824.005803 6903784734.409309 6907782986.334857 6924721830.607557 6948551510.499977 6969985935.748976 6994956314.0587635 7009217087.253187 7030049354.7215 7066579718.509065 7112195172.30451 7174464054.887162

Equation: (x4 * x4) + 1102.648502796926
Residuals:
6715275783.035193 6843138262.5106945 6845679976.67595 6853272836.41633 6857598196.635954 6870174245.669523 6875645519.083455 6881819381.054677 6900973317.245689 6903776114.459784 6907774366.378774 6924713192.244142 6948542840.223473 6969977253.231729 6994947630.802104 7009208385.486658 7030040651.726598 7066571005.350428 7112186457.184972 7174455331.814301

Equation: 1139.433666620951 + (x3 * (x3 + x3))
Residuals:
6715267284.24566 6843129646.352658 6845671370.606808 6853264189.631554 6857589522.0759325 6870165552.844699 6875636848.024748 6881810737.460851 6900964643.308853 6903767548.229937 6907765798.754043 6924704461.897359 6948534124.853612 6969968470.119681 6994938792.157065 7009199563.640161 7030031827.127453 7066562170.509369 7112177610.93762 7174446483.311464

Equation: ((x3 - x3) + 42.66968691320664) + 1130.1261091454357
Residuals:
6715284177.93125 6843146657.630815 6845688405.335716 6853281265.829479 6857606630.835017 6870182691.192125 6875653987.718229 6881827906.186679 6900981846.591964 6903784757.607045 6907783009.532628 6924721853.904405 6948551533.968346 6969985959.28305 6994956337.596805 7009217110.890493 7030049378.36539 7066579742.207412 7112195196.01336 7174464078.638599

Equation: 1172.765286899929 + ((x3 * (x3 + x3)) * 0.0009144847736799606)
Residuals:
6715284162.482232 6843146642.07426 6845688389.757716 6853281250.213556 6857606615.189318 6870182675.519368 6875653972.044241 6881827890.486141 6900981830.859823 6903784741.869332 6907782993.793633 6924721837.99968 6948551518.047976 6969985943.289476 6994956321.551767 7009217094.843801 7030049362.31505 7066579726.138362 7112195179.932076 7174464062.547941

Equation: 1172.7654725651466 + ((x2 * (x1 + x2)) * (x3 + (0.0009201729068579415 - x3)))
Residuals:
6715284162.367235 6843146642.059449 6845688389.735039 6853281250.209554 6857606615.173228 6870182675.515168 6875653972.019385 6881827890.445568 6900981830.817137 6903784741.829627 6907782993.7304735 6924721838.094561 6948551518.061512 6969985943.359353 6994956321.657809 7009217094.861584 7030049362.31941 7066579726.119521 7112195179.8868065 7174464062.449242

Equation: 1172.7949972159488 + (((x3 + x3) * x4) * ((-0.0017656712797175507 - x3) + (1.000427931575351 * x3)))
Residuals:
6715283541.368386 6843146016.533241 6845687762.064895 6853280620.930613 6857605984.498284 6870182043.282827 6875653338.878246 6881827254.077501 6900981192.982075 6903784099.448589 6907782351.319185 6924721187.9060135 6948550866.077276 6969985287.784934 6994955663.863767 7009216436.372532 7030048703.643551 7066579066.290218 7112194519.495031 7174463401.410431

Equation: x4
Residuals:
143471659.80941796 147203115.41352817 148524374.1885079 148671712.90555564 149448809.31897834 149938021.3068725 150166507.75047925 150330956.3020725 150789888.25175664 152117479.40662843 152254749.95764187 153133442.9741324 153695758.12944558 153885739.56060153 154919760.11692107 155653587.0279495 156107692.5302461 156199426.12567928 160423483.37006333 163195294.64275077

Equation: x0 ^ x0
Residuals:
1.3634984680384358e+69 1.7353761700193923e+69 4.107523434690298e+69 4.3738844514223414e+69 6.6975534178861196e+69 1.1710548517162326e+70 1.3648470815063802e+70 3.279449050823545e+70 3.293679645524424e+70 3.561455822088215e+70 6.978553674630948e+70 1.0903012478338762e+71 1.7426972910639778e+71 1.9180540620285514e+71 4.3156262809459977e+71 1.4587684416220601e+72 2.342887864284335e+72 3.1759864572452842e+72 6.8134795496050395e+72 7.485054361551885e+72

Equation: (x0 ^ x0) + x2
Residuals:
1.3634984680384358e+69 1.7353761700193923e+69 4.107523434690298e+69 4.3738844514223414e+69 6.6975534178861196e+69 1.1710548517162326e+70 1.3648470815063802e+70 3.279449050823545e+70 3.293679645524424e+70 3.561455822088215e+70 6.978553674630948e+70 1.0903012478338762e+71 1.7426972910639778e+71 1.9180540620285514e+71 4.3156262809459977e+71 1.4587684416220601e+72 2.342887864284335e+72 3.1759864572452842e+72 6.8134795496050395e+72 7.485054361551885e+72

Equation: x0 + 1168.8045225521969
Residuals:
143470490.97233218 147201946.5612618 148523205.16449654 148670543.95509 149447640.34380576 149936852.34911466 150165338.7838414 150329787.43891743 150788719.40489915 152116310.59250915 152253581.01923713 153132274.02326486 153694589.35544267 153884570.81788996 154918591.29268354 155652418.17280996 156106523.588919 156198257.15735522 160422314.29508266 163194125.84322485

Equation: 1172.098237527159 - sin(x4)
Residuals:
143470529.1439912 147201984.7850852 148523243.57021967 148670582.38351887 149447678.87379855 149936891.03447157 150165377.50967407 150329826.49118578 150788758.46879107 152116349.7046649 152253620.28386027 153132313.4388909 153694629.09491765 153884610.62389052 154918631.35075602 155652458.7039488 156106564.23189494 156198297.90038192 160422355.25025314 163194167.10891947

Equation: 1173.8162662587602 - (x4 / x0)
Residuals:
143470529.4249733 147201985.0643272 148523243.84485632 148670582.65038902 149447679.1281344 149936891.25129548 150165377.71799225 150329826.55956623 150788758.52683464 152116349.73160914 152253620.29659668 153132313.39390486 153694628.8284503 153884610.3117055 154918630.95446232 155652458.08870396 156106563.60190105 156198297.233303 160422354.52804738 163194166.1020393

Equation: ((x4 - x1) * x3) - -1172.5501482447355
Residuals:
143470528.5280357 147201985.00837883 148523248.81281134 148670584.9427068 149447683.4743857 149936890.4107969 150165381.31136253 150329821.14387038 150788753.03106165 152116346.10104033 152253616.10786268 153132311.5425233 153694615.7501583 153884607.8383201 154918624.73124334 155652449.97727314 156106560.307541 156198298.78584778 160422364.42835453 163194163.07510135

Equation: 1172.8381830965473 - (cos(x4) * (x0 - x4))
Residuals:
143470529.40450993 147201985.04623836 148523243.84261152 148670582.65413377 149447679.14709723 149936891.2858901 150165377.75938714 150329826.57512468 150788758.5325463 152116349.71631423 152253620.36871898 153132313.48314714 153694628.77858993 153884610.23183724 154918630.95166057 155652458.11828223 156106563.71932662 156198297.37865782 160422354.7827001 163194166.07522613

Equation: 1172.8367296731801 - (-0.07803665485721467 * cos(x4))
Residuals:
143470529.40363124 147201985.04056543 148523243.824367 148670582.62144834 149447679.09478754 149936891.2074418 150165377.67264423 150329826.4923938 150788758.45823374 152116349.65932968 152253620.22621524 153132313.31933904 153694628.7376299 153884610.2184511 154918630.86057487 155652457.9917788 156106563.50683302 156198297.13863468 160422354.43565938 163194166.00675544

Equation: 1172.6476212618666 - (cos(cos(x0)) * -0.19126078512951908)
Residuals:
143470529.4033993 147201985.0438726 148523243.83492887 148670582.63942593 149447679.1230683 149936891.25427857 150165377.72372994 150329826.5786022 150788758.54557282 152116349.7510345 152253620.33118346 153132313.43646288 153694628.87429884 153884610.35822764 154918631.01274845 155652458.15493235 156106563.67014787 156198297.30136922 160422354.59376574 163194166.1606872

Equation: 1172.7002794504017 - ((-0.030076512981448606 * x0) * cos(cos(x0)))
Residuals:
143470528.2663592 147201983.90964726 148523242.73247752 148670581.54052523 149447678.0521142 149936890.2287126 150165376.71198356 150329825.6529012 150788757.62031335 152116348.83375323 152253619.4819717 153132312.63001275 153694628.10884774 153884609.60052502 154918630.30986595 155652457.49039182 156106563.00437012 156198296.62987852 160422353.89138862 163194165.4529319

Equation: 1172.80266710454 - (0.044910390549641376 * cos(x2 / 0.5278100503360484))
Residuals:
143470529.46604386 147201985.11170536 148523243.89837816 148670582.7027698 149447679.18211988 149936891.3133386 150165377.77201208 150329826.6045859 150788758.56479692 152116349.7610901 152253620.32730934 153132313.4235551 153694628.8522885 153884610.3294928 154918630.96476942 155652458.09759957 156106563.60180473 156198297.23121 160422354.51891223 163194166.08504167

Equation: 1172.8026314180447 - (sin(0.0447729259610028) * cos(x0 / 0.5225741501382004))
Residuals:
143470529.48024437 147201985.121532 148523243.9083766 148670582.71214402 149447679.1894262 149936891.30888665 150165377.77452382 150329826.60377872 150788758.57061026 152116349.77354547 152253620.33108637 153132313.42107508 153694628.84321573 153884610.3240319 154918630.9543636 155652458.07107022 156106563.58098945 156198297.21034116 160422354.50350234 163194166.0710588

Equation: (1172.67538779142 - (cos(x4) / (x1 ^ x2))) - ((-0.035245015327009806 * x4) * cos(cos(x1)))
Residuals:
143470528.07111108 147201983.71133813 148523242.51675215 148670581.32408756 149447677.8411837 149936889.96558446 150165376.4968736 150329825.37462246 150788757.35082284 152116348.61517096 152253619.185216 153132312.37500468 153694627.80929056 153884609.48141977 154918630.12572625 155652457.33960143 156106562.89083633 156198296.54095912 160422353.8073589 163194165.36857563

Equation: (1172.7673906946502 + (sin(x2) * 0.12305089899263104)) - (cos(cos(x0)) * (0.2011179949249378 * sin(x0)))
Residuals:
143470529.39447972 147201985.03289324 148523243.8295611 148670582.63434148 149447679.1227731 149936891.24042088 150165377.68390557 150329826.5417627 150788758.49760795 152116349.69254014 152253620.2822268 153132313.39315733 153694628.83618903 153884610.3139034 154918630.96804816 155652458.1294536 156106563.63905767 156198297.27400368 160422354.57390654 163194166.14111516

Equation: (1172.771422508333 + (sin(x4) * 0.11582031126279148)) - ((sin(0.19073809617910906) * sin(x0)) * cos(cos(x0)))
Residuals:
143470529.3973397 147201985.0384009 148523243.83568856 148670582.6397438 149447679.12703678 149936891.26166978 150165377.7324713 150329826.58472767 150788758.5505267 152116349.7535501 152253620.34298193 153132313.4483736 153694628.8669751 153884610.3469154 154918631.00374144 155652458.14124742 156106563.6650784 156198297.2994504 160422354.6079023 163194166.14425504

Equation: (1172.733589084624 - (-0.19700974729774734 / x1)) - (((0.003090881998173892 * x3) * x4) * cos(x1 / -0.49970027506912285))
Residuals:
143470523.93546385 147201979.62408978 148523238.7825277 148670577.6660913 149447674.80781573 149936887.00171348 150165374.5238062 150329824.11349672 150788756.23884657 152116348.44291982 152253619.0533162 153132313.69965148 153694629.31696108 153884613.9880689 154918634.6963849 155652463.26858488 156106569.3789528 156198303.2944682 160422359.91643974 163194171.53370035

Equation: x4
Residuals:
103762828.86100972 104426077.4843448 106678113.49210958 106703635.31242205 107287963.85834533 107614755.67493115 108150137.99025498 108258381.04813491 108853841.7210761 109170241.7313259 109174969.21827623 109421617.76503827 109914876.15023996 110168022.03823903 110174370.527076 111004892.69327067 111018226.87853839 113274674.40651311 113664273.01148555 116482013.920571

Equation: x0 ^ x0
Residuals:
2.7414661335911817e+63 3.46077519761924e+63 7.557139365331942e+63 8.58730224194471e+63 9.906537296755882e+63 1.107821143302918e+64 1.2760645280452143e+64 1.484193878689142e+64 2.1067903699268615e+64 3.3224925881691005e+64 4.31859427233364e+64 4.982108243322911e+64 1.5769149761614981e+65 1.628679094037678e+65 2.572913572616542e+65 1.2096338259474855e+66 4.399009561780389e+66 4.829652650730983e+66 7.984421856539086e+66 1.952699941423756e+67

Equation: (x0 ^ x0) + x4
Residuals:
2.7414661335911817e+63 3.46077519761924e+63 7.557139365331942e+63 8.58730224194471e+63 9.906537296755882e+63 1.107821143302918e+64 1.2760645280452143e+64 1.484193878689142e+64 2.1067903699268615e+64 3.3224925881691005e+64 4.31859427233364e+64 4.982108243322911e+64 1.5769149761614981e+65 1.628679094037678e+65 2.572913572616542e+65 1.2096338259474855e+66 4.399009561780389e+66 4.829652650730983e+66 7.984421856539086e+66 1.952699941423756e+67

Equation: x1 - -1168.037385130068
Residuals:
103761660.82011168 104424909.31015755 106676945.37134825 106702467.20921792 107286795.66780804 107613587.56580152 108148969.87473921 108257212.77538954 108852673.39732838 109169073.58537652 109173800.9437834 109420449.42432034 109913707.72770694 110166853.53457731 110173202.07444611 111003724.30341637 111017058.70161591 113273505.97335717 113663104.54725519 116480845.72730066

Equation: cos(x0) + 1172.7129767190816
Residuals:
103761696.23417293 104424944.91635889 106676981.19840333 106702503.09725487 107286831.70286727 107613623.6513963 108149006.00978956 108257249.1673257 108852709.89348319 109169110.1470466 109173837.68450119 109420486.27938706 109913744.80294302 110166890.75538677 110173239.39660929 111003761.68062365 111017096.05780779 113273543.61880545 113663142.21927716 116480883.3391234

Equation: (x4 - x1) + 1172.7129767190816
Residuals:
103761695.83599028 104424944.60640386 106676980.69274364 106702502.55222514 107286831.22131956 107613623.07019714 108149005.41243799 108257248.70380124 108852709.42954822 109169109.4447736 109173837.07936525 109420485.7244614 109913744.23092626 110166890.26253262 110173238.82978755 111003761.04274185 111017095.281331 113273543.10667849 113663141.78791481 116480882.74869956

Equation: 1173.795552731984 - cos(sin(5303.030478412251))
Residuals:
103761695.74965766 104424944.38678205 106676980.52654773 106702502.40358643 107286830.9853477 107613622.91563292 108149005.25148766 108257248.3856213 108852709.06036592 109169109.25338966 109173836.75943786 109420485.3383089 109913743.76295868 110166889.71343632 110173238.33172308 111003760.60745297 111017095.05897395 113273542.62808798 113663141.27824989 116480882.50999466

Equation: (x4 - x1) + ((x1 - x3) + 1172.7755960586421)
Residuals:
103761695.84928922 104424944.53737777 106676980.65645349 106702502.48791753 107286831.04477762 107613622.88794328 108149005.21468168 108257248.39357641 108852709.09545262 109169109.11292125 109173836.6147189 109420485.37527299 109913743.7647874 110166890.19979209 110173238.94045137 111003761.1252379 111017095.35772438 113273542.97009782 113663141.74012549 116480882.7089915

Equation: (x3 - x3) + ((x2 * (x4 - x3)) + 1172.7143584961425)
Residuals:
103761698.98606008 104424949.68294509 106676984.99767432 106702505.06187235 107286832.65193364 107613621.05919598 108149003.0260106 108257247.97011772 108852709.74878357 109169102.76905204 109173830.09343173 109420486.10623838 109913743.09002247 110166908.94251812 110173262.60500363 111003781.22344765 111017106.6553251 113273556.01513487 113663159.67039265 116480890.02910234

Equation: (x4 - x1) + (((-0.2110335397029714 - x3) / x2) + 1173.793485831572)
Residuals:
103761695.7619124 104424944.52709536 106676980.615672 106702502.471242 107286831.13502094 107613622.98312712 108149005.3255871 108257248.6171236 108852709.33890377 109169109.352101 109173836.98588902 109420485.63530436 109913744.13919711 110166890.18378894 110173238.75643854 111003760.96587038 111017095.20389552 113273543.03110293 113663141.71362591 116480882.67243399

Equation: (4146.949089782809 / (-4211.974224535262 / x3)) + (1172.7129767190816 + x4)
Residuals:
103761695.29802746 104424943.98511633 106676980.10247362 106702501.9337655 107286830.49045673 107613622.33321208 108149004.65977424 108257247.83680072 108852708.53823024 109169108.55558743 109173836.05715585 109420484.81440939 109913743.20385723 110166889.63041715 110173238.36718874 111003760.55168825 111017094.78344578 113273542.39451626 113663141.16199577 116480882.12993887

Equation: ((0.08992099618038397 / x0) + ((x4 - x3) * x4)) + ((x4 - x3) * 58053.99197670918)
Residuals:
103767482.99340229 104433692.32770543 106684526.52539238 106707400.80012317 107290282.77650657 107612013.58641279 108146866.31609607 108257709.80235736 108854746.66303225 109160948.10600428 109165428.67535841 109422632.00997683 109913849.26740247 110195143.555065 110208601.4147731 111033840.42762752 111034450.21006201 113293410.94645694 113689973.21845853 116492442.55234456

Equation: (1172.5030232030078 + ((0.009323031898420386 / x3) / (x3 - x2))) + ((x1 * (x4 * x4)) * ((0.0430409401323849 / x0) / x3))
Residuals:
103761694.33230676 104424942.97356428 106676979.11228254 106702500.98225248 107286829.55692965 107613621.47814849 108149003.81287503 108257246.93697728 108852707.6136565 109169107.79509076 109173835.2961516 109420483.87871715 109913742.30547678 110166888.26949665 110173236.88381469 111003759.1694086 111017093.60853818 113273541.1952317 113663139.81302969 116480881.03686172

Equation: x4
Residuals:
2915597617.652077 2921441312.325153 2923390949.5391326 2955713519.955168 2985048606.440608 2996810898.631805 2998516872.9327765 3006006389.901031 3006741159.25946 3008429731.0379486 3019397977.240869 3025107248.9387684 3029795209.995639 3030636505.361496 3043253994.3548064 3052043047.129972 3063303181.46374 3089542280.687684 3114069474.0279503 3153952017.671085

Equation: x0 ^ x0
Residuals:
1.293479019944885e+147 1.9219059243695216e+147 2.4752681036376617e+147 5.159894328291048e+147 6.672238743369183e+147 1.7049494711889183e+148 2.589891764361073e+148 2.655355102369829e+148 3.6984080715334565e+148 4.688215506783334e+148 5.399937163223264e+148 8.644994104762655e+148 1.0560829185702915e+149 1.8535563707901845e+149 3.598420848775726e+149 1.3043024675118198e+150 4.2067173640584384e+150 8.866901971909837e+150 1.0766383201498243e+151 1.5393359697775473e+151

Equation: (x0 ^ x0) + x2
Residuals:
1.293479019944885e+147 1.9219059243695216e+147 2.4752681036376617e+147 5.159894328291048e+147 6.672238743369183e+147 1.7049494711889183e+148 2.589891764361073e+148 2.655355102369829e+148 3.6984080715334565e+148 4.688215506783334e+148 5.399937163223264e+148 8.644994104762655e+148 1.0560829185702915e+149 1.8535563707901845e+149 3.598420848775726e+149 1.3043024675118198e+150 4.2067173640584384e+150 8.866901971909837e+150 1.0766383201498243e+151 1.5393359697775473e+151

Equation: x4 + 1168.7237224918651
Residuals:
2915596448.9283547 2921440143.6014304 2923389780.81541 2955712351.231445 2985047437.7168856 2996809729.9080825 2998515704.2090535 3006005221.1773086 3006739990.535737 3008428562.314226 3019396808.5171466 3025106080.215046 3029794041.2719164 3030635336.6377735 3043252825.6310835 3052041878.4062495 3063302012.7400174 3089541111.9639616 3114068305.304228 3153950848.9473624

Equation: 1172.098237466676 - sin(x4)
Residuals:
2915596524.0260825 2921440218.7080684 2923389855.928536 2955712426.349856 2985047512.86456 2996809805.0672007 2998515779.374235 3006005296.3425736 3006740065.7010417 3008428637.4796534 3019396883.6827188 3025106155.3808866 3029794116.4412837 3030635411.8310246 3043252900.8359284 3052041953.6328506 3063302088.0277004 3089541187.252757 3114068380.6390033 3153950924.298726

Equation: 1173.8162661982803 - (x4 / x0)
Residuals:
2915596522.6285167 2921440217.336094 2923389854.5775466 2955712425.016431 2985047511.688979 2996809804.020277 2998515778.5678606 3006005295.566117 3006740065.0119386 3008428636.854612 3019396883.0840936 3025106154.811661 3029794116.0123224 3030635411.644039 3043252900.7054543 3052041953.5784903 3063302088.1040354 3089541187.3291087 3114068380.7758584 3153950924.452165

Equation: 1172.5501481842696 + ((x4 - x1) * x3)
Residuals:
2915596520.964218 2921440220.6029067 2923389860.6147346 2955712446.123149 2985047530.4457917 2996809813.7590866 2998515778.4045334 3006005297.577613 3006740080.261263 3008428649.9685273 3019396908.3734255 3025106188.73563 3029794147.356239 3030635426.4318285 3043252913.3879685 3052041962.9038153 3063302088.5605497 3089541191.980151 3114068379.316642 3153950924.256029

Equation: (cos(x4) * (x4 - x0)) + 1172.8381830360813
Residuals:
2915596522.603384 2921440217.2818704 2923389854.507671 2955712424.8579063 2985047511.6333947 2996809803.9304013 2998515778.637948 3006005295.661073 3006740065.1320124 3008428636.9935203 3019396883.222751 3025106154.893679 3029794116.1904454 3030635411.9325175 3043252900.9359736 3052041953.686044 3063302088.1715403 3089541187.315409 3114068380.796259 3153950924.454387

Equation: (cos(x4) * 0.07803719881462712) + 1172.8367298968685
Residuals:
2915596522.665366 2921440217.375263 2923389854.618357 2955712425.0598664 2985047511.7384167 2996809804.0744658 2998515778.6239266 3006005295.6220365 3006740065.067649 3008428636.9097776 3019396883.1390414 3025106154.8670263 3029794116.063936 3030635411.685221 3043252900.7443576 3052041953.6143336 3063302088.129279 3089541187.3558903 3114068380.794968 3153950924.4694295

Equation: 1172.6476204008436 + (cos(cos(x0)) * 0.19126181922780888)
Residuals:
2915596522.6555567 2921440217.3699555 2923389854.615551 2955712425.066208 2985047511.740177 2996809804.0811157 2998515778.6292934 3006005295.6273637 3006740065.074317 3008428636.9174104 3019396883.1471415 3025106154.875474 3029794116.074438 3030635411.7019453 3043252900.759332 3052041953.6192627 3063302088.1271634 3089541187.341757 3114068380.784506 3153950924.455623

Equation: cos(cos(x1) * (x3 * 0.126050816264653)) + 1171.845883853617
Residuals:
2915596522.8555393 2921440218.1091223 2923389855.73621 2955712426.9363456 2985047513.647259 2996809805.966289 2998515780.451715 3006005297.4298162 3006740066.948118 3008428638.806042 3019396884.965614 3025106156.2432523 3029794116.8270607 3030635412.130683 3043252900.971294 3052041953.6263027 3063302088.094992 3089541187.510138 3114068381.1101427 3153950925.157518

Equation: (1172.943667021407 - (-0.05221756673715561 * cos(x4))) - (cos(sin(x0)) * (x3 * (x3 - x1)))
Residuals:
2915596516.75436 2921440205.970382 2923389849.6405516 2955712425.321108 2985047507.3950906 2996809804.3593926 2998515777.000575 3006005295.0654645 3006740056.444612 3008428634.0614448 3019396868.0601006 3025106129.974031 3029794087.090208 3030635381.7257724 3043252877.0106187 3052041941.6810007 3063302073.326062 3089541172.3663306 3114068378.1823025 3153950922.333835

Equation: (0.26616244000532696 * cos(cos(x0))) + ((sin(x2) * (0.23678358870927857 / x4)) + 1172.6274478126838)
Residuals:
2915596522.6179023 2921440217.3349686 2923389854.582215 2955712425.037058 2985047511.7124276 2996809804.057694 2998515778.6075764 3006005295.6062765 3006740065.0538907 3008428636.8982463 3019396883.1281214 3025106154.8566003 3029794116.0554485 3030635411.682119 3043252900.737994 3052041953.5921 3063302088.093084 3089541187.302919 3114068380.7447743 3153950924.4137187

Equation: x4
Residuals:
880054.5728799788 887951.8531146914 890729.0639784706 896667.2289801551 905892.6169107602 907565.9599511304 916735.3569377863 939499.921856183 948188.7426333572 959817.1876285261 972295.141892586 978029.2490120591 991067.5355513615 1000293.3412507887 1001598.2449094101 1002625.0699604003 1073341.9754093192 1073444.9294216752 1082120.2697348583 1096217.2782609833

Equation: x0 ^ x0
Residuals:
2.5658227515386147e+17 2.6589101082321376e+17 3.6329640676939725e+17 5.2014682520462317e+17 5.6892296787676045e+17 8.055269994277819e+17 1.5619774599879217e+18 2.3109588523372605e+18 2.9860793659967544e+18 4.291211796183247e+18 7.695967882993695e+18 8.019982571026817e+18 8.607217879846556e+18 9.248555092249997e+18 1.1085977909897183e+19 5.745686496502003e+19 6.497619618363301e+19 1.7630138990346607e+20 1.8316903247461335e+20 2.237416903009923e+20

Equation: (x0 ^ x0) + x2
Residuals:
2.5658227515386147e+17 2.6589101082321376e+17 3.6329640676939725e+17 5.2014682520462317e+17 5.6892296787676045e+17 8.055269994277819e+17 1.5619774599879217e+18 2.3109588523372605e+18 2.9860793659967544e+18 4.291211796183247e+18 7.695967882993695e+18 8.019982571026817e+18 8.607217879846556e+18 9.248555092249997e+18 1.1085977909897183e+19 5.745686496502003e+19 6.497619618363301e+19 1.7630138990346607e+20 1.8316903247461335e+20 2.237416903009923e+20

Equation: x0 + 1168.8045229023342
Residuals:
878885.7027089845 886783.0359077353 889560.333726627 895498.5237110098 904724.196970903 906397.4595718008 915566.7349637743 938331.2094671665 947020.1662726419 958648.7300278622 971126.622478615 976860.7379707707 989899.0664691146 999124.8913459727 1000429.7807088469 1001456.4092481969 1072173.2904972704 1072276.066830567 1080951.5168555481 1095048.4747791176

Equation: 1172.102629094928 - sin(x4)
Residuals:
878898.0546212125 886795.3578982499 889572.6171928102 895510.8051467269 904736.2195599118 906409.56299699 915578.9612440083 938343.5263869797 947032.3479750244 958660.7955945433 971138.7540286151 976872.8623522703 989911.1535716291 999136.962989232 1000441.870481021 1001468.7400339805 1072185.6476378732 1072288.6266333396 1080964.0113003594 1095061.020619164

Equation: 1171.8158450480319 + (x0 / x4)
Residuals:
878896.5426070829 886793.8890255417 889571.2769597265 895509.5653446481 904735.2810825506 906408.6320482768 915578.0773223031 938342.650899689 947031.6848044588 958660.3526313984 971138.3967464576 976872.5237110863 989910.8735390167 999136.7186635344 1000441.6552604004 1001468.7070868264 1072185.6192921973 1072288.6474402805 1080964.1141085185 1095061.1214912913

Equation: 1172.5501485942566 + (x3 * (x3 - x0))
Residuals:
878895.2324268307 886792.4912152239 889570.5379286761 895509.4998596667 904734.1725052581 906408.1328272913 915577.7322696582 938343.8521562441 947033.2394858192 958661.0726461054 971140.8266778012 976875.0470343361 989913.2898398269 999137.7063507343 1000442.9048888726 1001469.5916816394 1072186.4514960125 1072292.9425210736 1080966.2809403809 1095059.8535530148

Equation: ((x4 - x0) * cos(x4)) + 1172.838183446082
Residuals:
878896.484829565 886793.8592210105 889571.3072379007 895509.6204243666 904735.6062168182 906408.8854965448 915578.2227094605 938342.7134533077 947031.875991555 958660.6445934504 971138.6249589316 976872.7573318298 989911.1359972052 999136.9916210737 1000441.911032623 1001468.7825643953 1072185.6776491762 1072288.589399188 1080964.1187454166 1095061.0996950667

Equation: (0.0780333445893504 * cos(x4)) + 1172.8367282797165
Residuals:
878896.5735637224 886793.9201824196 889571.3116088402 895509.6039264825 904735.3108680133 906408.6673052589 915578.1214036427 938342.7010088263 947031.7274127913 958660.3855952657 971138.4315386032 976872.557479454 989910.9029525442 999136.7456564674 1000441.6819603475 1001468.7352796397 1072185.6485269752 1072288.6827650592 1080964.1355691878 1095061.1458695992

Equation: (0.10809371580198827 / cos(sin(x1))) + 1172.6437475390771
Residuals:
878896.5688465032 886793.931127889 889571.3135557739 895509.6044214095 904735.3046058743 906408.6685998759 915578.12589095 938342.708949615 947031.7341098469 958660.394501403 971138.4423516626 976872.5626624369 989910.9083225819 999136.7474913741 1000441.6812319532 1001468.7271205856 1072185.6374968055 1072288.66197946 1080964.115786498 1095061.1250325413

Equation: (sin(0.10809371580198827) / cos(sin(x0))) + 1172.6437475390771
Residuals:
878896.5713129028 886793.9150216429 889571.3044935454 895509.598864772 904735.29801523 906408.6603512522 915578.1224781922 938342.7054864106 947031.7325191834 958660.3946121901 971138.4430066997 976872.5693943476 989910.9165273375 999136.7603103487 1000441.6971430018 1001468.7432338874 1072185.6547181674 1072288.6719695495 1080964.1310849593 1095061.1364947644

Equation: 1172.8018460986616 + (0.04297647253801416 * cos(x4 / 0.3793251121894125))
Residuals:
878896.5491852914 886793.8989662074 889571.3002243334 895509.5990717821 904735.3129723582 906408.6692779681 915578.1223806569 938342.7016156571 947031.7181740272 958660.3591886826 971138.3969230842 976872.5212013971 989910.8616264004 999136.7013405398 1000441.6351636049 1001468.677640217 1072185.5907788454 1072288.6251274694 1080964.0821352098 1095061.0925414513

Equation: 1172.8026074666384 + (sin(sin(-0.04513434037377588)) * cos(x4 / 0.5324394069635909))
Residuals:
878896.5206257743 886793.861213095 889571.2402239812 895509.5275865274 904735.2365173248 906408.5934757646 915578.0501648386 938342.6305305165 947031.6712383297 958660.349907972 971138.4057533606 976872.5337724774 989910.8858101775 999136.7326576114 1000441.6726145145 1001468.7504666266 1072185.6644958698 1072288.7064602862 1080964.1689606395 1095061.1794020568

Equation: (cos(cos(x1)) * 0.23854204862496653) + ((sin(x4) / (x4 * x4)) + 1172.6496125740764)
Residuals:
878896.5183528059 886793.8866689253 889571.2698457038 895509.5631125526 904735.2660366158 906408.6349276108 915578.0954758665 938342.6815757607 947031.7074211269 958660.3684837513 971138.416465594 976872.5320631574 989910.8767883184 999136.7130191445 1000441.6447544569 1001468.6842667883 1072185.5938680756 1072288.6165290638 1080964.070354938 1095061.0796040394

Equation: (cos(cos(x0)) * sin(sin(0.2584271881151971))) + (1172.6370521940482 + (sin(x4) / (x4 * 4.456239433421058)))
Residuals:
878896.5138149481 886793.8584192701 889571.2523212382 895509.5515883581 904735.255901593 906408.6219910819 915578.0913551613 938342.6776207965 947031.7091203454 958660.3756253592 971138.4255435664 976872.5521040189 989910.8998413613 999136.7438940784 1000441.6804731911 1001468.7156185464 1072185.6259494137 1072288.6356971492 1080964.0955381515 1095061.0999721128

Equation: (((-0.14925794676812393 / x1) + 1172.7040589899755) + (sin(x3) / (x3 * x2))) + (cos(cos(x2)) * 0.2155201949585343)
Residuals:
878896.4949457273 886793.8586555435 889571.2499985219 895509.5408969525 904735.2455012407 906408.611015231 915578.0690391972 938342.6485066452 947031.6739307492 958660.3344165141 971138.3813939196 976872.5060734489 989910.8533293385 999136.6894443098 1000441.6268042418 1001468.6828753621 1072185.5952182233 1072288.6320670005 1080964.0770677822 1095061.0839573876

Equation: x4
Residuals:
3830627845.6798434 3845929691.680639 3848740866.829583 3848875031.4314833 3861766454.1318502 3867640171.068822 3883170328.380963 3886729582.766462 3898692491.6519814 3901498525.630849 3902767193.9398036 3937989434.499856 3941156705.8666553 3949933227.1845884 3967415147.1157207 3985010786.0937757 3991110770.344431 3997381451.259714 4005688903.7343183 4094914435.4374337

Equation: x1 ^ x0
Residuals:
5.9460595161274664e+156 7.893162043992069e+156 9.689455127544443e+156 1.0263562455336194e+157 4.361427050980571e+157 7.37937299383171e+157 1.2978896523845036e+158 2.672158362935961e+158 5.483859245667705e+158 1.1955387745687921e+159 1.770602697017271e+159 4.134717714635735e+159 3.821001718648763e+160 5.239724007118131e+160 7.109842909856031e+160 8.127291712873972e+160 1.1810258800122193e+161 1.2595179136571215e+161 1.685737627536741e+161 2.34071832349597e+161

Equation: x4 + (x0 ^ x0)
Residuals:
5.8082989883353535e+156 5.8775054485634526e+156 7.13219146456714e+156 7.529282877755181e+156 4.1140321106583585e+157 7.525065247352067e+157 1.3143258055624114e+158 3.0533846023422053e+158 5.97252137372017e+158 1.1919300925659143e+159 1.34100724699075e+159 3.0114928694402366e+159 4.5066658162097365e+160 6.286072173233067e+160 8.617216714383846e+160 8.730143763133981e+160 1.3358703827963956e+161 1.4373357252397e+161 1.6977464891823217e+161 2.4718928249099007e+161

Equation: x0 + 1168.804522591264
Residuals:
3830626676.9015274 3845928523.0503187 3848739698.334682 3848873863.077545 3861765285.499803 3867639002.3793836 3883169159.610241 3886728413.840164 3898691322.7679815 3901497356.6322184 3902766025.0575013 3937988265.511952 3941155536.591206 3949932057.9302707 3967413977.935961 3985009617.1331997 3991109601.30641 3997380282.2834935 4005687734.940027 4094913266.5836177

Equation: 1172.0982375662386 - sin(x4)
Residuals:
3830626755.805543 3845928602.0975747 3848739777.567073 3848873942.4382052 3861765365.200386 3867639082.228997 3883169239.5773115 3886728493.963015 3898691403.1125703 3901497437.111023 3902766105.619968 3937988346.239692 3941155617.8694644 3949932139.278085 3967414059.3408914 3985009698.4999127 3991109682.7512245 3997380363.7171135 4005687816.3066998 4094913348.014113

Equation: (x0 / x4) + 1171.8158447375667
Residuals:
3830626754.81868 3845928600.971464 3848739776.2932596 3848873941.0478477 3861765363.780725 3867639080.771204 3883169238.104115 3886728492.4878526 3898691401.5400734 3901497435.5304837 3902766103.978926 3937988344.581397 3941155616.156144 3949932137.5567966 3967414057.621513 3985009696.823786 3991109681.074442 3997380362.0657535 4005687814.7551355 4094913346.467213

Equation: 1172.5501482838094 - ((x0 - x3) * x3)
Residuals:
3830626749.112442 3845928583.3012376 3848739759.8107824 3848873899.0604568 3861765339.134441 3867639050.674383 3883169206.886915 3886728467.8331647 3898691382.0087957 3901497423.6334357 3902766093.2682858 3937988323.7278557 3941155630.309598 3949932153.6656427 3967414076.6431155 3985009715.9769025 3991109699.9160137 3997380375.4208217 4005687819.179036 4094913347.757842

Equation: 1172.8381831355987 + ((x4 - x0) * cos(x4))
Residuals:
3830626754.7707853 3845928600.7881656 3848739776.010632 3848873940.6889253 3861765363.6338277 3867639080.670265 3883169238.0592422 3886728492.546689 3898691401.5600553 3901497435.6093526 3902766103.98755 3937988344.624601 3941155616.2057486 3949932137.566273 3967414057.5759597 3985009696.7578673 3991109680.986688 3997380361.9831023 4005687814.738319 4094913346.417874

Equation: (0.07803630150259039 * cos(x4)) + 1172.836729524481
Residuals:
3830626754.722328 3845928600.877304 3848739776.2039576 3848873940.9641504 3861765363.7023387 3867639080.696573 3883169238.0317407 3886728492.4173703 3898691401.4795403 3901497435.4722013 3902766103.9288573 3937988344.535775 3941155616.129943 3949932137.536737 3967414057.6108956 3985009696.827496 3991109681.079148 3997380362.075267 4005687814.777177 4094913346.490592

Equation: 1172.6476218229668 + (cos(cos(x0)) * 0.19126011080406918)
Residuals:
3830626754.8784184 3845928601.029316 3848739776.3479867 3848873941.1004233 3861765363.816426 3867639080.798296 3883169238.1231794 3886728492.4952807 3898691401.537117 3901497435.5203466 3902766103.96613 3937988344.563278 3941155616.1487107 3949932137.5528917 3967414057.620728 3985009696.82054 3991109681.0781183 3997380362.0697727 4005687814.7594943 4094913346.4781528

Equation: 1172.6501907591667 - (sin(-0.1051011280059851) / cos(sin(x0)))
Residuals:
3830626754.8758974 3845928601.026822 3848739776.345963 3848873941.0985394 3861765363.819532 3867639080.802705 3883169238.1281404 3886728492.4995375 3898691401.539486 3901497435.519959 3902766103.9652424 3937988344.5593047 3941155616.148081 3949932137.553657 3967414057.6227303 3985009696.8225904 3991109681.081565 3997380362.0734205 4005687814.7635493 4094913346.4828596

Equation: ((0.01790632901262441 * cos(x0)) + 1172.6926235550225) - (-0.08182977219349488 / cos(sin(x0)))
Residuals:
3830626754.8398843 3845928600.990832 3848739776.3103642 3848873941.06306 3861765363.7898536 3867639080.7760186 3883169238.104602 3886728492.4813123 3898691401.52576 3901497435.510823 3902766103.95686 3937988344.555644 3941155616.150907 3949932137.5563707 3967414057.6252365 3985009696.8250866 3991109681.0836725 3997380362.075453 4005687814.7654047 4094913346.4842963

Equation: (1172.4282804004167 + (0.794579027156154 / x4)) + ((0.053326489270670394 * x0) * cos(cos(x0)))
Residuals:
3830626752.7254324 3845928598.87443 3848739774.15963 3848873938.901984 3861765361.163987 3867639077.9373035 3883169235.059866 3886728489.127402 3898691397.945705 3901497431.7333465 3902766100.15037 3937988340.593753 3941155612.3142767 3949932133.7999196 3967414053.954763 3985009693.1583753 3991109677.5462265 3997380358.561517 4005687811.306103 4094913343.153052

Equation: x4
Residuals:
171353314.43100235 171747802.8615862 172811484.52132836 174637374.52947652 174862179.43231097 175273972.53298286 175364720.10682598 175840351.1728004 176102653.13152635 176254673.31821805 176763124.766421 178591339.72871965 178889659.83734083 180592490.11699674 181292312.96847177 181316262.5773766 181922508.07295415 182840226.1559172 188180105.16265282 191934250.60287827

Equation: x0 ^ x0
Residuals:
4.145212721964723e+71 4.286336840039998e+71 4.767716598553072e+71 1.540356275162023e+72 1.7205405449607963e+72 2.4640116311595415e+72 1.0130805551097756e+73 2.051365364647705e+73 3.308384611792807e+73 4.826058937033469e+73 5.472998488825938e+73 6.05144225694473e+73 1.336957028262391e+74 2.0020340435335957e+74 2.0220892273703704e+74 5.556398343241541e+74 5.561107716806994e+74 1.1260039939797011e+75 1.6402884850816405e+75 1.7123424868295857e+75

Equation: (x0 ^ x0) + x4
Residuals:
4.145212721964723e+71 4.286336840039998e+71 4.767716598553072e+71 1.540356275162023e+72 1.7205405449607963e+72 2.4640116311595415e+72 1.0130805551097756e+73 2.051365364647705e+73 3.308384611792807e+73 4.826058937033469e+73 5.472998488825938e+73 6.05144225694473e+73 1.336957028262391e+74 2.0020340435335957e+74 2.0220892273703704e+74 5.556398343241541e+74 5.561107716806994e+74 1.1260039939797011e+75 1.6402884850816405e+75 1.7123424868295857e+75

Equation: 1168.8045225104956 + x0
Residuals:
171352145.63719216 171746634.1564254 172810315.86709285 174636205.65920419 174861010.67712876 175272803.79572698 175363551.20490724 175839182.2214498 176101484.25568405 176253504.41262695 176761955.92495987 178590171.1705681 178888491.18829894 180591321.47247994 181291144.4615658 181315093.88133812 181921339.38557523 182839057.40572605 188178936.377589 191933081.93954653

Equation: 1171.9753100013907 - sin(x4)
Residuals:
171352185.83065403 171746674.44934753 172810356.25438324 174636246.32091627 174861051.4999738 175272844.78633133 175363592.6189466 175839223.87594002 176101526.16815782 176253546.44547716 176761998.05747285 178590213.53116214 178888533.75357488 180591364.1628276 181291187.20417818 181315136.84016764 181921382.34695876 182839100.53249878 188178979.58950543 191933125.1702619

Equation: (x0 / x4) + 1171.8143622146245
Residuals:
171352185.2931372 171746673.82140392 172810355.5555099 174636245.5880346 174861050.63170713 175272843.8257798 175363591.52648595 175839222.68910193 176101524.8246989 176253545.05966625 176761996.5996512 178590211.8724992 178888532.0532777 180591362.42158756 181291185.4157774 181315135.04160395 181921380.54620793 182839098.7115742 188178977.7608066 191933123.33436337

Equation: ((x4 - x1) * x0) + 1172.5538205629957
Residuals:
171352192.5659876 171746676.92116448 172810356.90402508 174636246.80349022 174861048.44358122 175272842.32968324 175363586.00336105 175839218.4349818 176101515.62634563 176253541.75555915 176762006.0722754 178590207.77072 178888529.30329987 180591358.29498932 181291175.8836519 181315126.5348534 181921379.81437063 182839099.79079372 188178977.35517362 191933127.07491997

Equation: (cos(x4) * (x4 - x0)) + 1172.8381830548212
Residuals:
171352185.25885656 171746673.69814232 172810355.37938628 174636245.63107997 174861050.55744764 175272843.73367816 175363591.5991399 175839222.80643454 176101524.86412925 176253545.12288663 176761996.6056997 178590211.70399827 178888531.94790712 180591362.32640243 181291185.29799664 181315134.98573023 181921380.48877302 182839098.6766006 188178977.73382255 191933123.30598158

Equation: 1172.8367298336907 + (cos(x4) * 0.07803704283041668)
Residuals:
171352185.19611347 171746673.72044995 172810355.4524107 174636245.48958218 174861050.53021732 175272843.7244428 175363591.4307854 175839222.5967853 176101524.7364784 176253544.97411197 176761996.51675633 178590211.80056006 178888531.98825964 180591362.3625977 181291185.3639208 181315134.99550688 181921380.50058421 182839098.67371023 188178977.7270432 191933123.30808818

Equation: 1172.6450905087625 + (cos(cos(x0)) * 0.19200201328215433)
Residuals:
171352185.3505184 171746673.87709802 172810355.61107418 174636245.65492246 174861050.69608948 175272843.8895335 175363591.58455122 175839222.73909944 176101524.86548248 176253545.09464854 176761996.63096 178590211.8956955 178888532.0639688 180591362.42491773 181291185.41590217 181315135.02988467 181921380.53428644 182839098.69298396 188178977.74009338 191933123.31071642

Equation: (cos(x0) / (x2 / 0.28870531781852393)) + 1172.8412515451923
Residuals:
171352185.25976163 171746673.78602564 172810355.51893988 174636245.55613706 174861050.59722847 175272843.79090682 175363591.49573925 175839222.65986198 176101524.79408556 176253545.03002268 176761996.56869364 178590211.83532327 178888532.01889744 180591362.38754696 181291185.378721 181315135.00991356 181921380.51433158 182839098.68198514 188178977.7324739 191933123.3034155

Equation: 1172.841284823356 + ((cos(x0) / x4) * sin(sin(0.3009557547446698)))
Residuals:
171352185.25961396 171746673.7858554 172810355.51877066 174636245.5559586 174861050.5970277 175272843.79071948 175363591.49556497 175839222.6597042 176101524.7939552 176253545.02990136 176761996.56856486 178590211.8352277 178888532.01881403 180591362.38747478 181291185.37865707 181315135.00985998 181921380.51427475 182839098.6819323 188178977.73242775 191933123.30337235

Equation: (0.04298087351187875 * cos(x4 / -0.3793299583637452)) + 1172.8018481615209
Residuals:
171352185.3249632 171746673.86013636 172810355.59872833 174636245.63809338 174861050.68512225 175272843.87972543 175363591.5811513 175839222.73951754 176101524.85841557 176253545.0889643 176761996.61755458 178590211.85198486 178888532.02890494 180591362.39177954 181291185.37886417 181315135.00875163 181921380.51315433 182839098.68096468 188178977.73231566 191933123.3103704

Equation: 1172.8017945254196 + (cos(x3 / 0.5291000252797071) * sin(sin(-0.04556502309704574)))
Residuals:
171352185.33167875 171746673.8480162 172810355.57324108 174636245.59176877 174861050.61728957 175272843.80988893 175363591.5087577 175839222.6654404 176101524.79917395 176253545.0290209 176761996.5675411 178590211.83411875 178888532.01818293 180591362.394058 181291185.39730275 181315135.0275516 181921380.5338794 182839098.7021218 188178977.75264198 191933123.3319089

Equation: x4
Residuals:
6715285258.721375 6843147738.4197235 6845689485.942538 6853282346.432215 6857607711.4118 6870183771.707535 6875655068.108495 6881828986.271746 6900982926.654305 6903785837.057812 6907784088.983359 6924722933.25606 6948552613.14848 6969987038.397478 6994957416.707266 7009218189.9016905 7030050457.370003 7066580821.157567 7112196274.953012 7174465157.5356655

Equation: x0 ^ x1
Residuals:
3.6398881110222136e+180 3.895879220890477e+180 4.820233283522753e+180 8.10279882578305e+180 3.841472482703498e+181 7.524498314535056e+181 1.062005604014199e+182 2.0202297490035202e+182 7.27748015856421e+182 8.286927465812422e+182 1.0174500893628309e+183 1.5024671630498282e+183 7.36905832641821e+183 8.99197258062524e+183 1.3840460647684584e+184 4.077374371359832e+184 8.780737036325561e+184 1.1053481156596506e+185 1.2288722333451764e+185 1.6267161636275343e+185

Equation: (x0 ^ x0) + x3
Residuals:
3.745112190752443e+180 3.9450056709559997e+180 4.763751512511774e+180 5.276104333306579e+180 1.6350506543688954e+181 3.995287080279599e+181 7.721835142329685e+181 1.0447541550152133e+182 1.1684269166147321e+182 1.3073153161299994e+182 2.0797577612747533e+182 3.408085757992331e+182 1.896869190241015e+183 3.685743969309604e+183 8.713031527263516e+183 1.4876611935734526e+184 3.2602305501088056e+184 5.227611644634899e+184 5.292445545507409e+184 1.0323797261465235e+185

Equation: x4 + 1102.648502796926
Residuals:
6715284156.072873 6843146635.77122 6845688383.294035 6853281243.783712 6857606608.763298 6870182669.0590315 6875653965.459992 6881827883.623243 6900981824.005803 6903784734.409309 6907782986.334857 6924721830.607557 6948551510.499977 6969985935.748976 6994956314.0587635 7009217087.253187 7030049354.7215 7066579718.509065 7112195172.30451 7174464054.887162

Equation: (x4 * x4) + 1102.648502796926
Residuals:
6715275783.035193 6843138262.5106945 6845679976.67595 6853272836.41633 6857598196.635954 6870174245.669523 6875645519.083455 6881819381.054677 6900973317.245689 6903776114.459784 6907774366.378774 6924713192.244142 6948542840.223473 6969977253.231729 6994947630.802104 7009208385.486658 7030040651.726598 7066571005.350428 7112186457.184972 7174455331.814301

Equation: 1139.433666620951 + (x3 * (x3 + x3))
Residuals:
6715267284.24566 6843129646.352658 6845671370.606808 6853264189.631554 6857589522.0759325 6870165552.844699 6875636848.024748 6881810737.460851 6900964643.308853 6903767548.229937 6907765798.754043 6924704461.897359 6948534124.853612 6969968470.119681 6994938792.157065 7009199563.640161 7030031827.127453 7066562170.509369 7112177610.93762 7174446483.311464

Equation: ((x3 - x3) + 42.66968691320664) + 1130.1261091454357
Residuals:
6715284177.93125 6843146657.630815 6845688405.335716 6853281265.829479 6857606630.835017 6870182691.192125 6875653987.718229 6881827906.186679 6900981846.591964 6903784757.607045 6907783009.532628 6924721853.904405 6948551533.968346 6969985959.28305 6994956337.596805 7009217110.890493 7030049378.36539 7066579742.207412 7112195196.01336 7174464078.638599

Equation: 1172.765286899929 + ((x3 * (x3 + x3)) * 0.0009144847736799606)
Residuals:
6715284162.482232 6843146642.07426 6845688389.757716 6853281250.213556 6857606615.189318 6870182675.519368 6875653972.044241 6881827890.486141 6900981830.859823 6903784741.869332 6907782993.793633 6924721837.99968 6948551518.047976 6969985943.289476 6994956321.551767 7009217094.843801 7030049362.31505 7066579726.138362 7112195179.932076 7174464062.547941

Equation: 1172.7654725651466 + ((x2 * (x1 + x2)) * (x3 + (0.0009201729068579415 - x3)))
Residuals:
6715284162.367235 6843146642.059449 6845688389.735039 6853281250.209554 6857606615.173228 6870182675.515168 6875653972.019385 6881827890.445568 6900981830.817137 6903784741.829627 6907782993.7304735 6924721838.094561 6948551518.061512 6969985943.359353 6994956321.657809 7009217094.861584 7030049362.31941 7066579726.119521 7112195179.8868065 7174464062.449242

Equation: 1172.7949972159488 + (((x3 + x3) * x4) * ((-0.0017656712797175507 - x3) + (1.000427931575351 * x3)))
Residuals:
6715283541.368386 6843146016.533241 6845687762.064895 6853280620.930613 6857605984.498284 6870182043.282827 6875653338.878246 6881827254.077501 6900981192.982075 6903784099.448589 6907782351.319185 6924721187.9060135 6948550866.077276 6969985287.784934 6994955663.863767 7009216436.372532 7030048703.643551 7066579066.290218 7112194519.495031 7174463401.410431

Equation: x4
Residuals:
143471659.80941796 147203115.41352817 148524374.1885079 148671712.90555564 149448809.31897834 149938021.3068725 150166507.75047925 150330956.3020725 150789888.25175664 152117479.40662843 152254749.95764187 153133442.9741324 153695758.12944558 153885739.56060153 154919760.11692107 155653587.0279495 156107692.5302461 156199426.12567928 160423483.37006333 163195294.64275077

Equation: x0 ^ x0
Residuals:
1.3634984680384358e+69 1.7353761700193923e+69 4.107523434690298e+69 4.3738844514223414e+69 6.6975534178861196e+69 1.1710548517162326e+70 1.3648470815063802e+70 3.279449050823545e+70 3.293679645524424e+70 3.561455822088215e+70 6.978553674630948e+70 1.0903012478338762e+71 1.7426972910639778e+71 1.9180540620285514e+71 4.3156262809459977e+71 1.4587684416220601e+72 2.342887864284335e+72 3.1759864572452842e+72 6.8134795496050395e+72 7.485054361551885e+72

Equation: (x0 ^ x0) + x2
Residuals:
1.3634984680384358e+69 1.7353761700193923e+69 4.107523434690298e+69 4.3738844514223414e+69 6.6975534178861196e+69 1.1710548517162326e+70 1.3648470815063802e+70 3.279449050823545e+70 3.293679645524424e+70 3.561455822088215e+70 6.978553674630948e+70 1.0903012478338762e+71 1.7426972910639778e+71 1.9180540620285514e+71 4.3156262809459977e+71 1.4587684416220601e+72 2.342887864284335e+72 3.1759864572452842e+72 6.8134795496050395e+72 7.485054361551885e+72

Equation: x0 + 1168.8045225521969
Residuals:
143470490.97233218 147201946.5612618 148523205.16449654 148670543.95509 149447640.34380576 149936852.34911466 150165338.7838414 150329787.43891743 150788719.40489915 152116310.59250915 152253581.01923713 153132274.02326486 153694589.35544267 153884570.81788996 154918591.29268354 155652418.17280996 156106523.588919 156198257.15735522 160422314.29508266 163194125.84322485

Equation: 1172.098237527159 - sin(x4)
Residuals:
143470529.1439912 147201984.7850852 148523243.57021967 148670582.38351887 149447678.87379855 149936891.03447157 150165377.50967407 150329826.49118578 150788758.46879107 152116349.7046649 152253620.28386027 153132313.4388909 153694629.09491765 153884610.62389052 154918631.35075602 155652458.7039488 156106564.23189494 156198297.90038192 160422355.25025314 163194167.10891947

Equation: 1173.8162662587602 - (x4 / x0)
Residuals:
143470529.4249733 147201985.0643272 148523243.84485632 148670582.65038902 149447679.1281344 149936891.25129548 150165377.71799225 150329826.55956623 150788758.52683464 152116349.73160914 152253620.29659668 153132313.39390486 153694628.8284503 153884610.3117055 154918630.95446232 155652458.08870396 156106563.60190105 156198297.233303 160422354.52804738 163194166.1020393

Equation: ((x4 - x1) * x3) - -1172.5501482447355
Residuals:
143470528.5280357 147201985.00837883 148523248.81281134 148670584.9427068 149447683.4743857 149936890.4107969 150165381.31136253 150329821.14387038 150788753.03106165 152116346.10104033 152253616.10786268 153132311.5425233 153694615.7501583 153884607.8383201 154918624.73124334 155652449.97727314 156106560.307541 156198298.78584778 160422364.42835453 163194163.07510135

Equation: 1172.8381830965473 - (cos(x4) * (x0 - x4))
Residuals:
143470529.40450993 147201985.04623836 148523243.84261152 148670582.65413377 149447679.14709723 149936891.2858901 150165377.75938714 150329826.57512468 150788758.5325463 152116349.71631423 152253620.36871898 153132313.48314714 153694628.77858993 153884610.23183724 154918630.95166057 155652458.11828223 156106563.71932662 156198297.37865782 160422354.7827001 163194166.07522613

Equation: 1172.8367296731801 - (-0.07803665485721467 * cos(x4))
Residuals:
143470529.40363124 147201985.04056543 148523243.824367 148670582.62144834 149447679.09478754 149936891.2074418 150165377.67264423 150329826.4923938 150788758.45823374 152116349.65932968 152253620.22621524 153132313.31933904 153694628.7376299 153884610.2184511 154918630.86057487 155652457.9917788 156106563.50683302 156198297.13863468 160422354.43565938 163194166.00675544

Equation: 1172.6476212618666 - (cos(cos(x0)) * -0.19126078512951908)
Residuals:
143470529.4033993 147201985.0438726 148523243.83492887 148670582.63942593 149447679.1230683 149936891.25427857 150165377.72372994 150329826.5786022 150788758.54557282 152116349.7510345 152253620.33118346 153132313.43646288 153694628.87429884 153884610.35822764 154918631.01274845 155652458.15493235 156106563.67014787 156198297.30136922 160422354.59376574 163194166.1606872

Equation: 1172.7002794504017 - ((-0.030076512981448606 * x0) * cos(cos(x0)))
Residuals:
143470528.2663592 147201983.90964726 148523242.73247752 148670581.54052523 149447678.0521142 149936890.2287126 150165376.71198356 150329825.6529012 150788757.62031335 152116348.83375323 152253619.4819717 153132312.63001275 153694628.10884774 153884609.60052502 154918630.30986595 155652457.49039182 156106563.00437012 156198296.62987852 160422353.89138862 163194165.4529319

Equation: 1172.80266710454 - (0.044910390549641376 * cos(x2 / 0.5278100503360484))
Residuals:
143470529.46604386 147201985.11170536 148523243.89837816 148670582.7027698 149447679.18211988 149936891.3133386 150165377.77201208 150329826.6045859 150788758.56479692 152116349.7610901 152253620.32730934 153132313.4235551 153694628.8522885 153884610.3294928 154918630.96476942 155652458.09759957 156106563.60180473 156198297.23121 160422354.51891223 163194166.08504167

Equation: 1172.8026314180447 - (sin(0.0447729259610028) * cos(x0 / 0.5225741501382004))
Residuals:
143470529.48024437 147201985.121532 148523243.9083766 148670582.71214402 149447679.1894262 149936891.30888665 150165377.77452382 150329826.60377872 150788758.57061026 152116349.77354547 152253620.33108637 153132313.42107508 153694628.84321573 153884610.3240319 154918630.9543636 155652458.07107022 156106563.58098945 156198297.21034116 160422354.50350234 163194166.0710588

Equation: (1172.67538779142 - (cos(x4) / (x1 ^ x2))) - ((-0.035245015327009806 * x4) * cos(cos(x1)))
Residuals:
143470528.07111108 147201983.71133813 148523242.51675215 148670581.32408756 149447677.8411837 149936889.96558446 150165376.4968736 150329825.37462246 150788757.35082284 152116348.61517096 152253619.185216 153132312.37500468 153694627.80929056 153884609.48141977 154918630.12572625 155652457.33960143 156106562.89083633 156198296.54095912 160422353.8073589 163194165.36857563

Equation: (1172.7673906946502 + (sin(x2) * 0.12305089899263104)) - (cos(cos(x0)) * (0.2011179949249378 * sin(x0)))
Residuals:
143470529.39447972 147201985.03289324 148523243.8295611 148670582.63434148 149447679.1227731 149936891.24042088 150165377.68390557 150329826.5417627 150788758.49760795 152116349.69254014 152253620.2822268 153132313.39315733 153694628.83618903 153884610.3139034 154918630.96804816 155652458.1294536 156106563.63905767 156198297.27400368 160422354.57390654 163194166.14111516

Equation: (1172.771422508333 + (sin(x4) * 0.11582031126279148)) - ((sin(0.19073809617910906) * sin(x0)) * cos(cos(x0)))
Residuals:
143470529.3973397 147201985.0384009 148523243.83568856 148670582.6397438 149447679.12703678 149936891.26166978 150165377.7324713 150329826.58472767 150788758.5505267 152116349.7535501 152253620.34298193 153132313.4483736 153694628.8669751 153884610.3469154 154918631.00374144 155652458.14124742 156106563.6650784 156198297.2994504 160422354.6079023 163194166.14425504

Equation: (1172.733589084624 - (-0.19700974729774734 / x1)) - (((0.003090881998173892 * x3) * x4) * cos(x1 / -0.49970027506912285))
Residuals:
143470523.93546385 147201979.62408978 148523238.7825277 148670577.6660913 149447674.80781573 149936887.00171348 150165374.5238062 150329824.11349672 150788756.23884657 152116348.44291982 152253619.0533162 153132313.69965148 153694629.31696108 153884613.9880689 154918634.6963849 155652463.26858488 156106569.3789528 156198303.2944682 160422359.91643974 163194171.53370035

Equation: x4
Residuals:
103762828.86100972 104426077.4843448 106678113.49210958 106703635.31242205 107287963.85834533 107614755.67493115 108150137.99025498 108258381.04813491 108853841.7210761 109170241.7313259 109174969.21827623 109421617.76503827 109914876.15023996 110168022.03823903 110174370.527076 111004892.69327067 111018226.87853839 113274674.40651311 113664273.01148555 116482013.920571

Equation: x0 ^ x0
Residuals:
2.7414661335911817e+63 3.46077519761924e+63 7.557139365331942e+63 8.58730224194471e+63 9.906537296755882e+63 1.107821143302918e+64 1.2760645280452143e+64 1.484193878689142e+64 2.1067903699268615e+64 3.3224925881691005e+64 4.31859427233364e+64 4.982108243322911e+64 1.5769149761614981e+65 1.628679094037678e+65 2.572913572616542e+65 1.2096338259474855e+66 4.399009561780389e+66 4.829652650730983e+66 7.984421856539086e+66 1.952699941423756e+67

Equation: (x0 ^ x0) + x4
Residuals:
2.7414661335911817e+63 3.46077519761924e+63 7.557139365331942e+63 8.58730224194471e+63 9.906537296755882e+63 1.107821143302918e+64 1.2760645280452143e+64 1.484193878689142e+64 2.1067903699268615e+64 3.3224925881691005e+64 4.31859427233364e+64 4.982108243322911e+64 1.5769149761614981e+65 1.628679094037678e+65 2.572913572616542e+65 1.2096338259474855e+66 4.399009561780389e+66 4.829652650730983e+66 7.984421856539086e+66 1.952699941423756e+67

Equation: x1 - -1168.037385130068
Residuals:
103761660.82011168 104424909.31015755 106676945.37134825 106702467.20921792 107286795.66780804 107613587.56580152 108148969.87473921 108257212.77538954 108852673.39732838 109169073.58537652 109173800.9437834 109420449.42432034 109913707.72770694 110166853.53457731 110173202.07444611 111003724.30341637 111017058.70161591 113273505.97335717 113663104.54725519 116480845.72730066

Equation: cos(x0) + 1172.7129767190816
Residuals:
103761696.23417293 104424944.91635889 106676981.19840333 106702503.09725487 107286831.70286727 107613623.6513963 108149006.00978956 108257249.1673257 108852709.89348319 109169110.1470466 109173837.68450119 109420486.27938706 109913744.80294302 110166890.75538677 110173239.39660929 111003761.68062365 111017096.05780779 113273543.61880545 113663142.21927716 116480883.3391234

Equation: (x4 - x1) + 1172.7129767190816
Residuals:
103761695.83599028 104424944.60640386 106676980.69274364 106702502.55222514 107286831.22131956 107613623.07019714 108149005.41243799 108257248.70380124 108852709.42954822 109169109.4447736 109173837.07936525 109420485.7244614 109913744.23092626 110166890.26253262 110173238.82978755 111003761.04274185 111017095.281331 113273543.10667849 113663141.78791481 116480882.74869956

Equation: 1173.795552731984 - cos(sin(5303.030478412251))
Residuals:
103761695.74965766 104424944.38678205 106676980.52654773 106702502.40358643 107286830.9853477 107613622.91563292 108149005.25148766 108257248.3856213 108852709.06036592 109169109.25338966 109173836.75943786 109420485.3383089 109913743.76295868 110166889.71343632 110173238.33172308 111003760.60745297 111017095.05897395 113273542.62808798 113663141.27824989 116480882.50999466

Equation: (x4 - x1) + ((x1 - x3) + 1172.7755960586421)
Residuals:
103761695.84928922 104424944.53737777 106676980.65645349 106702502.48791753 107286831.04477762 107613622.88794328 108149005.21468168 108257248.39357641 108852709.09545262 109169109.11292125 109173836.6147189 109420485.37527299 109913743.7647874 110166890.19979209 110173238.94045137 111003761.1252379 111017095.35772438 113273542.97009782 113663141.74012549 116480882.7089915

Equation: (x3 - x3) + ((x2 * (x4 - x3)) + 1172.7143584961425)
Residuals:
103761698.98606008 104424949.68294509 106676984.99767432 106702505.06187235 107286832.65193364 107613621.05919598 108149003.0260106 108257247.97011772 108852709.74878357 109169102.76905204 109173830.09343173 109420486.10623838 109913743.09002247 110166908.94251812 110173262.60500363 111003781.22344765 111017106.6553251 113273556.01513487 113663159.67039265 116480890.02910234

Equation: (x4 - x1) + (((-0.2110335397029714 - x3) / x2) + 1173.793485831572)
Residuals:
103761695.7619124 104424944.52709536 106676980.615672 106702502.471242 107286831.13502094 107613622.98312712 108149005.3255871 108257248.6171236 108852709.33890377 109169109.352101 109173836.98588902 109420485.63530436 109913744.13919711 110166890.18378894 110173238.75643854 111003760.96587038 111017095.20389552 113273543.03110293 113663141.71362591 116480882.67243399

Equation: (4146.949089782809 / (-4211.974224535262 / x3)) + (1172.7129767190816 + x4)
Residuals:
103761695.29802746 104424943.98511633 106676980.10247362 106702501.9337655 107286830.49045673 107613622.33321208 108149004.65977424 108257247.83680072 108852708.53823024 109169108.55558743 109173836.05715585 109420484.81440939 109913743.20385723 110166889.63041715 110173238.36718874 111003760.55168825 111017094.78344578 113273542.39451626 113663141.16199577 116480882.12993887

Equation: ((0.08992099618038397 / x0) + ((x4 - x3) * x4)) + ((x4 - x3) * 58053.99197670918)
Residuals:
103767482.99340229 104433692.32770543 106684526.52539238 106707400.80012317 107290282.77650657 107612013.58641279 108146866.31609607 108257709.80235736 108854746.66303225 109160948.10600428 109165428.67535841 109422632.00997683 109913849.26740247 110195143.555065 110208601.4147731 111033840.42762752 111034450.21006201 113293410.94645694 113689973.21845853 116492442.55234456

Equation: (1172.5030232030078 + ((0.009323031898420386 / x3) / (x3 - x2))) + ((x1 * (x4 * x4)) * ((0.0430409401323849 / x0) / x3))
Residuals:
103761694.33230676 104424942.97356428 106676979.11228254 106702500.98225248 107286829.55692965 107613621.47814849 108149003.81287503 108257246.93697728 108852707.6136565 109169107.79509076 109173835.2961516 109420483.87871715 109913742.30547678 110166888.26949665 110173236.88381469 111003759.1694086 111017093.60853818 113273541.1952317 113663139.81302969 116480881.03686172

