Equation: x4
Residual Differences:
-2915597360.9815774 -2921441009.644353 -2923390594.5204325 -2955713105.640968 -2985048125.202908 -2996810342.051405 -2998516231.983876 -3006005654.687831 -3006740319.04116 -3008428774.1818485 -3019396891.174469 -3025106020.1002684 -3029793823.783339 -3030634946.0821958 -3043252245.1705065 -3052041089.788172 -3063300996.8681397 -3089539848.233384 -3114066771.7403502 -3153949022.146185

Equation: x0 ^ x0
Residual Differences:
-1.293479019944885e+147 -1.9219059243695216e+147 -2.4752681036376617e+147 -5.159894328291048e+147 -6.672238743369183e+147 -1.7049494711889183e+148 -2.589891764361073e+148 -2.655355102369829e+148 -3.6984080715334565e+148 -4.688215506783334e+148 -5.399937163223264e+148 -8.644994104762655e+148 -1.0560829185702915e+149 -1.8535563707901845e+149 -3.598420848775726e+149 -1.3043024675118198e+150 -4.2067173640584384e+150 -8.866901971909837e+150 -1.0766383201498243e+151 -1.5393359697775473e+151

Equation: (x0 ^ x0) + x2
Residual Differences:
-1.293479019944885e+147 -1.9219059243695216e+147 -2.4752681036376617e+147 -5.159894328291048e+147 -6.672238743369183e+147 -1.7049494711889183e+148 -2.589891764361073e+148 -2.655355102369829e+148 -3.6984080715334565e+148 -4.688215506783334e+148 -5.399937163223264e+148 -8.644994104762655e+148 -1.0560829185702915e+149 -1.8535563707901845e+149 -3.598420848775726e+149 -1.3043024675118198e+150 -4.2067173640584384e+150 -8.866901971909837e+150 -1.0766383201498243e+151 -1.5393359697775473e+151

Equation: x4 + 1168.7237224918651
Residual Differences:
-2915595536.875132 -2921439277.558508 -2923388967.110388 -2955711596.8219223 -2985046750.230863 -2996809117.76476 -2998515176.434231 -3006004787.666786 -3006739662.0303144 -3008428350.446604 -3019396725.859824 -3025106020.1002684 -3029793823.783339 -3030634946.082196 -3043252245.170506 -3052041089.7881722 -3063300996.8681397 -3089539848.233384 -3114066771.7403502 -3153949022.146185

Equation: 1172.098237466676 - sin(x4)
Residual Differences:
-2915595611.7399 -2921439352.4322343 -2923389041.99106 -2955711671.709772 -2985046825.1523137 -2996809192.7054305 -2998515251.393117 -3006004862.6431937 -3006739737.0303383 -3008428425.477254 -3019396800.928769 -3025106095.3163 -3029793898.9476185 -3030635021.205772 -3043252320.231408 -3052041164.7865224 -3063301071.8332195 -3089539923.095032 -3114066846.5332794 -3153949096.830988

Equation: 1173.8162661982803 - (x4 / x0)
Residual Differences:
-2915595609.5904837 -2921439350.408484 -2923389040.0880146 -2955711669.9226274 -2985046823.61895 -2996809191.393363 -2998515250.409801 -3006004861.7727466 -3006739736.3240905 -3008428424.9050155 -3019396800.4452763 -3025106094.5778728 -3029793898.304206 -3030635020.7683716 -3043252319.8242154 -3052041164.439061 -3063301071.610198 -3089539922.875946 -3114066846.388755 -3153949096.727106

Equation: 1172.5501481842696 + ((x4 - x1) * x3)
Residual Differences:
-2915595607.9798975 -2921439353.7237654 -2923389046.168373 -2955711691.067167 -2985046842.408189 -2996809201.159157 -2998515250.267983 -3006004863.800242 -3006739751.5838714 -3008428438.023815 -3019396825.733893 -3025106128.508183 -3029793929.660113 -3030635035.573823 -3043252332.5300837 -3052041173.793457 -3063301072.101512 -3089539927.567534 -3114066844.9758453 -3153949096.583053

Equation: (cos(x4) * (x4 - x0)) + 1172.8381830360813
Residual Differences:
-2915595609.5971518 -2921439350.387022 -2923389040.0509834 -2955711669.796165 -2985046823.5937996 -2996809191.3314734 -2998515250.5046463 -3006004861.888494 -3006739736.460298 -3008428425.0547667 -3019396800.5889134 -3025106094.66128 -3029793898.490519 -3030635021.0721993 -3043252320.077522 -3052041164.577044 -3063301071.71588 -3089539922.908201 -3114066846.462833 -3153949096.7905903

Equation: (cos(x4) * 0.07803719881462712) + 1172.8367298968685
Residual Differences:
-2915595609.6578293 -2921439350.4791074 -2923389040.160388 -2955711669.996896 -2985046823.697673 -2996809191.4744964 -2998515250.489716 -3006004861.848705 -3006739736.395361 -3008428424.97065 -3019396800.5050483 -3025106094.634548 -3029793898.3636823 -3030635020.824315 -3043252319.885049 -3052041164.5042014 -3063301071.6722083 -3089539922.946993 -3114066846.459576 -3153949096.8033957

Equation: 1172.6476204008436 + (cos(cos(x0)) * 0.19126181922780888)
Residual Differences:
-2915595609.6542916 -2921439350.4814634 -2923389040.165798 -2955711670.011165 -2985046823.7062697 -2996809191.4861674 -2998515250.497692 -3006004861.8537993 -3006739736.3987336 -3008428424.9719534 -3019396800.504095 -3025106094.6541595 -3029793898.386535 -3030635020.8533554 -3043252319.9108143 -3052041164.516686 -3063301071.672564 -3089539922.9283366 -3114066846.4357224 -3153949096.7655873

Equation: cos(cos(x1) * (x3 * 0.126050816264653)) + 1171.845883853617
Residual Differences:
-2915595609.8333898 -2921439351.2041707 -2923389041.2746725 -2955711671.8741584 -2985046825.6105385 -2996809193.3723063 -2998515252.324093 -3006004863.6623297 -3006739738.2797055 -3008428426.8678207 -3019396802.3288937 -3025106096.0173635 -3029793899.136966 -3030635021.2826257 -3043252320.126014 -3052041164.5292344 -3063301071.647275 -3089539923.1036086 -3114066846.7664413 -3153949097.4685388

Equation: (1172.943667021407 - (-0.05221756673715561 * cos(x4))) - (cos(sin(x0)) * (x3 * (x3 - x1)))
Residual Differences:
-2915595603.736533 -2921439339.069114 -2923389035.181651 -2955711670.2602725 -2985046819.3583827 -2996809191.7642174 -2998515248.8708696 -3006004861.2954636 -3006739727.7738123 -3008428422.1215515 -3019396785.422959 -3025106069.7469196 -3029793869.397084 -3030634990.8730297 -3043252296.1595235 -3052041152.5779266 -3063301056.8735056 -3089539907.95787 -3114066843.841636 -3153949094.655132

Equation: (0.26616244000532696 * cos(cos(x0))) + ((sin(x2) * (0.23678358870927857 / x4)) + 1172.6274478126838)
Residual Differences:
-2915595609.587948 -2921439350.4261136 -2923389040.1193094 -2955711669.974929 -2985046823.6763525 -2996809191.4643717 -2998515250.4803066 -3006004861.8387327 -3006739736.3850937 -3008428424.9595313 -3019396800.491096 -3025106094.6305137 -3029793898.364394 -3030635020.832212 -3043252319.8900566 -3052041164.4919314 -3063301071.6425343 -3089539922.894926 -3114066846.4024844 -3153949096.7309203

Equation: x4
Residual Differences:
-2915597360.9815774 -2921441009.644353 -2923390594.5204325 -2955713105.640968 -2985048125.202908 -2996810342.051405 -2998516231.983876 -3006005654.687831 -3006740319.04116 -3008428774.1818485 -3019396891.174469 -3025106020.1002684 -3029793823.783339 -3030634946.0821958 -3043252245.1705065 -3052041089.788172 -3063300996.8681397 -3089539848.233384 -3114066771.7403502 -3153949022.146185

Equation: x0 ^ x0
Residual Differences:
-1.293479019944885e+147 -1.9219059243695216e+147 -2.4752681036376617e+147 -5.159894328291048e+147 -6.672238743369183e+147 -1.7049494711889183e+148 -2.589891764361073e+148 -2.655355102369829e+148 -3.6984080715334565e+148 -4.688215506783334e+148 -5.399937163223264e+148 -8.644994104762655e+148 -1.0560829185702915e+149 -1.8535563707901845e+149 -3.598420848775726e+149 -1.3043024675118198e+150 -4.2067173640584384e+150 -8.866901971909837e+150 -1.0766383201498243e+151 -1.5393359697775473e+151

Equation: (x0 ^ x0) + x2
Residual Differences:
-1.293479019944885e+147 -1.9219059243695216e+147 -2.4752681036376617e+147 -5.159894328291048e+147 -6.672238743369183e+147 -1.7049494711889183e+148 -2.589891764361073e+148 -2.655355102369829e+148 -3.6984080715334565e+148 -4.688215506783334e+148 -5.399937163223264e+148 -8.644994104762655e+148 -1.0560829185702915e+149 -1.8535563707901845e+149 -3.598420848775726e+149 -1.3043024675118198e+150 -4.2067173640584384e+150 -8.866901971909837e+150 -1.0766383201498243e+151 -1.5393359697775473e+151

Equation: x4 + 1168.7237224918651
Residual Differences:
-2915595536.875132 -2921439277.558508 -2923388967.110388 -2955711596.8219223 -2985046750.230863 -2996809117.76476 -2998515176.434231 -3006004787.666786 -3006739662.0303144 -3008428350.446604 -3019396725.859824 -3025106020.1002684 -3029793823.783339 -3030634946.082196 -3043252245.170506 -3052041089.7881722 -3063300996.8681397 -3089539848.233384 -3114066771.7403502 -3153949022.146185

Equation: 1172.098237466676 - sin(x4)
Residual Differences:
-2915595611.7399 -2921439352.4322343 -2923389041.99106 -2955711671.709772 -2985046825.1523137 -2996809192.7054305 -2998515251.393117 -3006004862.6431937 -3006739737.0303383 -3008428425.477254 -3019396800.928769 -3025106095.3163 -3029793898.9476185 -3030635021.205772 -3043252320.231408 -3052041164.7865224 -3063301071.8332195 -3089539923.095032 -3114066846.5332794 -3153949096.830988

Equation: 1173.8162661982803 - (x4 / x0)
Residual Differences:
-2915595609.5904837 -2921439350.408484 -2923389040.0880146 -2955711669.9226274 -2985046823.61895 -2996809191.393363 -2998515250.409801 -3006004861.7727466 -3006739736.3240905 -3008428424.9050155 -3019396800.4452763 -3025106094.5778728 -3029793898.304206 -3030635020.7683716 -3043252319.8242154 -3052041164.439061 -3063301071.610198 -3089539922.875946 -3114066846.388755 -3153949096.727106

Equation: 1172.5501481842696 + ((x4 - x1) * x3)
Residual Differences:
-2915595607.9798975 -2921439353.7237654 -2923389046.168373 -2955711691.067167 -2985046842.408189 -2996809201.159157 -2998515250.267983 -3006004863.800242 -3006739751.5838714 -3008428438.023815 -3019396825.733893 -3025106128.508183 -3029793929.660113 -3030635035.573823 -3043252332.5300837 -3052041173.793457 -3063301072.101512 -3089539927.567534 -3114066844.9758453 -3153949096.583053

Equation: (cos(x4) * (x4 - x0)) + 1172.8381830360813
Residual Differences:
-2915595609.5971518 -2921439350.387022 -2923389040.0509834 -2955711669.796165 -2985046823.5937996 -2996809191.3314734 -2998515250.5046463 -3006004861.888494 -3006739736.460298 -3008428425.0547667 -3019396800.5889134 -3025106094.66128 -3029793898.490519 -3030635021.0721993 -3043252320.077522 -3052041164.577044 -3063301071.71588 -3089539922.908201 -3114066846.462833 -3153949096.7905903

Equation: (cos(x4) * 0.07803719881462712) + 1172.8367298968685
Residual Differences:
-2915595609.6578293 -2921439350.4791074 -2923389040.160388 -2955711669.996896 -2985046823.697673 -2996809191.4744964 -2998515250.489716 -3006004861.848705 -3006739736.395361 -3008428424.97065 -3019396800.5050483 -3025106094.634548 -3029793898.3636823 -3030635020.824315 -3043252319.885049 -3052041164.5042014 -3063301071.6722083 -3089539922.946993 -3114066846.459576 -3153949096.8033957

Equation: 1172.6476204008436 + (cos(cos(x0)) * 0.19126181922780888)
Residual Differences:
-2915595609.6542916 -2921439350.4814634 -2923389040.165798 -2955711670.011165 -2985046823.7062697 -2996809191.4861674 -2998515250.497692 -3006004861.8537993 -3006739736.3987336 -3008428424.9719534 -3019396800.504095 -3025106094.6541595 -3029793898.386535 -3030635020.8533554 -3043252319.9108143 -3052041164.516686 -3063301071.672564 -3089539922.9283366 -3114066846.4357224 -3153949096.7655873

Equation: cos(cos(x1) * (x3 * 0.126050816264653)) + 1171.845883853617
Residual Differences:
-2915595609.8333898 -2921439351.2041707 -2923389041.2746725 -2955711671.8741584 -2985046825.6105385 -2996809193.3723063 -2998515252.324093 -3006004863.6623297 -3006739738.2797055 -3008428426.8678207 -3019396802.3288937 -3025106096.0173635 -3029793899.136966 -3030635021.2826257 -3043252320.126014 -3052041164.5292344 -3063301071.647275 -3089539923.1036086 -3114066846.7664413 -3153949097.4685388

Equation: (1172.943667021407 - (-0.05221756673715561 * cos(x4))) - (cos(sin(x0)) * (x3 * (x3 - x1)))
Residual Differences:
-2915595603.736533 -2921439339.069114 -2923389035.181651 -2955711670.2602725 -2985046819.3583827 -2996809191.7642174 -2998515248.8708696 -3006004861.2954636 -3006739727.7738123 -3008428422.1215515 -3019396785.422959 -3025106069.7469196 -3029793869.397084 -3030634990.8730297 -3043252296.1595235 -3052041152.5779266 -3063301056.8735056 -3089539907.95787 -3114066843.841636 -3153949094.655132

Equation: (0.26616244000532696 * cos(cos(x0))) + ((sin(x2) * (0.23678358870927857 / x4)) + 1172.6274478126838)
Residual Differences:
-2915595609.587948 -2921439350.4261136 -2923389040.1193094 -2955711669.974929 -2985046823.6763525 -2996809191.4643717 -2998515250.4803066 -3006004861.8387327 -3006739736.3850937 -3008428424.9595313 -3019396800.491096 -3025106094.6305137 -3029793898.364394 -3030635020.832212 -3043252319.8900566 -3052041164.4919314 -3063301071.6425343 -3089539922.894926 -3114066846.4024844 -3153949096.7309203

Equation: x4
Residual Differences:
-2915597360.9815774 -2921441009.644353 -2923390594.5204325 -2955713105.640968 -2985048125.202908 -2996810342.051405 -2998516231.983876 -3006005654.687831 -3006740319.04116 -3008428774.1818485 -3019396891.174469 -3025106020.1002684 -3029793823.783339 -3030634946.0821958 -3043252245.1705065 -3052041089.788172 -3063300996.8681397 -3089539848.233384 -3114066771.7403502 -3153949022.146185

Equation: x0 ^ x0
Residual Differences:
-1.293479019944885e+147 -1.9219059243695216e+147 -2.4752681036376617e+147 -5.159894328291048e+147 -6.672238743369183e+147 -1.7049494711889183e+148 -2.589891764361073e+148 -2.655355102369829e+148 -3.6984080715334565e+148 -4.688215506783334e+148 -5.399937163223264e+148 -8.644994104762655e+148 -1.0560829185702915e+149 -1.8535563707901845e+149 -3.598420848775726e+149 -1.3043024675118198e+150 -4.2067173640584384e+150 -8.866901971909837e+150 -1.0766383201498243e+151 -1.5393359697775473e+151

Equation: (x0 ^ x0) + x2
Residual Differences:
-1.293479019944885e+147 -1.9219059243695216e+147 -2.4752681036376617e+147 -5.159894328291048e+147 -6.672238743369183e+147 -1.7049494711889183e+148 -2.589891764361073e+148 -2.655355102369829e+148 -3.6984080715334565e+148 -4.688215506783334e+148 -5.399937163223264e+148 -8.644994104762655e+148 -1.0560829185702915e+149 -1.8535563707901845e+149 -3.598420848775726e+149 -1.3043024675118198e+150 -4.2067173640584384e+150 -8.866901971909837e+150 -1.0766383201498243e+151 -1.5393359697775473e+151

Equation: x4 + 1168.7237224918651
Residual Differences:
-2915595536.875132 -2921439277.558508 -2923388967.110388 -2955711596.8219223 -2985046750.230863 -2996809117.76476 -2998515176.434231 -3006004787.666786 -3006739662.0303144 -3008428350.446604 -3019396725.859824 -3025106020.1002684 -3029793823.783339 -3030634946.082196 -3043252245.170506 -3052041089.7881722 -3063300996.8681397 -3089539848.233384 -3114066771.7403502 -3153949022.146185

Equation: 1172.098237466676 - sin(x4)
Residual Differences:
-2915595611.7399 -2921439352.4322343 -2923389041.99106 -2955711671.709772 -2985046825.1523137 -2996809192.7054305 -2998515251.393117 -3006004862.6431937 -3006739737.0303383 -3008428425.477254 -3019396800.928769 -3025106095.3163 -3029793898.9476185 -3030635021.205772 -3043252320.231408 -3052041164.7865224 -3063301071.8332195 -3089539923.095032 -3114066846.5332794 -3153949096.830988

Equation: 1173.8162661982803 - (x4 / x0)
Residual Differences:
-2915595609.5904837 -2921439350.408484 -2923389040.0880146 -2955711669.9226274 -2985046823.61895 -2996809191.393363 -2998515250.409801 -3006004861.7727466 -3006739736.3240905 -3008428424.9050155 -3019396800.4452763 -3025106094.5778728 -3029793898.304206 -3030635020.7683716 -3043252319.8242154 -3052041164.439061 -3063301071.610198 -3089539922.875946 -3114066846.388755 -3153949096.727106

Equation: 1172.5501481842696 + ((x4 - x1) * x3)
Residual Differences:
-2915595607.9798975 -2921439353.7237654 -2923389046.168373 -2955711691.067167 -2985046842.408189 -2996809201.159157 -2998515250.267983 -3006004863.800242 -3006739751.5838714 -3008428438.023815 -3019396825.733893 -3025106128.508183 -3029793929.660113 -3030635035.573823 -3043252332.5300837 -3052041173.793457 -3063301072.101512 -3089539927.567534 -3114066844.9758453 -3153949096.583053

Equation: (cos(x4) * (x4 - x0)) + 1172.8381830360813
Residual Differences:
-2915595609.5971518 -2921439350.387022 -2923389040.0509834 -2955711669.796165 -2985046823.5937996 -2996809191.3314734 -2998515250.5046463 -3006004861.888494 -3006739736.460298 -3008428425.0547667 -3019396800.5889134 -3025106094.66128 -3029793898.490519 -3030635021.0721993 -3043252320.077522 -3052041164.577044 -3063301071.71588 -3089539922.908201 -3114066846.462833 -3153949096.7905903

Equation: (cos(x4) * 0.07803719881462712) + 1172.8367298968685
Residual Differences:
-2915595609.6578293 -2921439350.4791074 -2923389040.160388 -2955711669.996896 -2985046823.697673 -2996809191.4744964 -2998515250.489716 -3006004861.848705 -3006739736.395361 -3008428424.97065 -3019396800.5050483 -3025106094.634548 -3029793898.3636823 -3030635020.824315 -3043252319.885049 -3052041164.5042014 -3063301071.6722083 -3089539922.946993 -3114066846.459576 -3153949096.8033957

Equation: 1172.6476204008436 + (cos(cos(x0)) * 0.19126181922780888)
Residual Differences:
-2915595609.6542916 -2921439350.4814634 -2923389040.165798 -2955711670.011165 -2985046823.7062697 -2996809191.4861674 -2998515250.497692 -3006004861.8537993 -3006739736.3987336 -3008428424.9719534 -3019396800.504095 -3025106094.6541595 -3029793898.386535 -3030635020.8533554 -3043252319.9108143 -3052041164.516686 -3063301071.672564 -3089539922.9283366 -3114066846.4357224 -3153949096.7655873

Equation: cos(cos(x1) * (x3 * 0.126050816264653)) + 1171.845883853617
Residual Differences:
-2915595609.8333898 -2921439351.2041707 -2923389041.2746725 -2955711671.8741584 -2985046825.6105385 -2996809193.3723063 -2998515252.324093 -3006004863.6623297 -3006739738.2797055 -3008428426.8678207 -3019396802.3288937 -3025106096.0173635 -3029793899.136966 -3030635021.2826257 -3043252320.126014 -3052041164.5292344 -3063301071.647275 -3089539923.1036086 -3114066846.7664413 -3153949097.4685388

Equation: (1172.943667021407 - (-0.05221756673715561 * cos(x4))) - (cos(sin(x0)) * (x3 * (x3 - x1)))
Residual Differences:
-2915595603.736533 -2921439339.069114 -2923389035.181651 -2955711670.2602725 -2985046819.3583827 -2996809191.7642174 -2998515248.8708696 -3006004861.2954636 -3006739727.7738123 -3008428422.1215515 -3019396785.422959 -3025106069.7469196 -3029793869.397084 -3030634990.8730297 -3043252296.1595235 -3052041152.5779266 -3063301056.8735056 -3089539907.95787 -3114066843.841636 -3153949094.655132

Equation: (0.26616244000532696 * cos(cos(x0))) + ((sin(x2) * (0.23678358870927857 / x4)) + 1172.6274478126838)
Residual Differences:
-2915595609.587948 -2921439350.4261136 -2923389040.1193094 -2955711669.974929 -2985046823.6763525 -2996809191.4643717 -2998515250.4803066 -3006004861.8387327 -3006739736.3850937 -3008428424.9595313 -3019396800.491096 -3025106094.6305137 -3029793898.364394 -3030635020.832212 -3043252319.8900566 -3052041164.4919314 -3063301071.6425343 -3089539922.894926 -3114066846.4024844 -3153949096.7309203

Equation: x4
Residual Differences:
-879797.9023799788 -887649.1723146915 -890374.0452784706 -896252.914780155 -905411.3792107601 -907009.3795511305 -916094.4080377864 -938764.708656183 -947348.5243333572 -958860.3315285261 -971209.075492586 -976800.4105120591 -989681.3232513615 -998734.0619507886 -999849.0606094102 -1000667.7281604003 -1071157.3798093193 -1071012.475121675 -1079417.9821348584 -1093221.7533609832

Equation: x0 ^ x0
Residual Differences:
-2.5658227515386125e+17 -2.6589101082321347e+17 -3.632964067693969e+17 -5.201468252046228e+17 -5.6892296787676e+17 -8.055269994277814e+17 -1.5619774599879212e+18 -2.31095885233726e+18 -2.986079365996754e+18 -4.2912117961832463e+18 -7.695967882993694e+18 -8.019982571026816e+18 -8.607217879846555e+18 -9.248555092249997e+18 -1.1085977909897181e+19 -5.745686496502003e+19 -6.497619618363301e+19 -1.7630138990346607e+20 -1.8316903247461335e+20 -2.237416903009923e+20

Equation: (x0 ^ x0) + x2
Residual Differences:
-2.5658227515386125e+17 -2.658910108232135e+17 -3.632964067693969e+17 -5.201468252046228e+17 -5.6892296787676e+17 -8.055269994277814e+17 -1.5619774599879212e+18 -2.31095885233726e+18 -2.986079365996754e+18 -4.2912117961832463e+18 -7.695967882993694e+18 -8.019982571026816e+18 -8.607217879846555e+18 -9.248555092249997e+18 -1.1085977909897181e+19 -5.745686496502003e+19 -6.497619618363301e+19 -1.7630138990346607e+20 -1.8316903247461335e+20 -2.237416903009923e+20

Equation: x0 + 1168.8045229023342
Residual Differences:
-877973.6494860821 -885916.992984833 -888746.6287037247 -894744.1141881074 -904036.7109480007 -905785.3162488984 -915038.960140872 -937897.6989442641 -946691.6608497396 -958436.8624049599 -971043.9651557127 -976800.623193673 -989681.577892017 -998734.335768875 -999849.3201317491 -1000667.7911710992 -1071157.4186201727 -1071012.3362534693 -1079417.9529784506 -1093221.67360202

Equation: 1172.102629094928 - sin(x4)
Residual Differences:
-877985.7640473325 -885929.077672641 -888758.6753251689 -894756.160671507 -904048.5029217044 -905797.1968353145 -915050.975734027 -937909.8226152601 -946703.6728798228 -958448.7888032418 -971055.9956871154 -976812.8021574765 -989693.6642979187 -998746.3421279775 -999861.270352467 -1000679.8980975206 -1071169.45754856 -1071024.4733000488 -1079429.9099680881 -1093233.5572725337

Equation: 1171.8158450480319 + (x0 / x4)
Residual Differences:
-877983.5042889889 -885926.9611749245 -888756.7872278136 -894754.4713780798 -904047.2109239121 -905796.0050359264 -915049.9191926854 -937908.8574857215 -946702.9969364943 -958448.4030374844 -971055.7579525645 -976812.2898808653 -989693.1653622893 -998745.842919452 -999860.7739295202 -1000679.5675513697 -1071169.1253347755 -1071024.1941449784 -1079429.7268604047 -1093233.3962763394

Equation: 1172.5501485942566 + (x3 * (x3 - x0))
Residual Differences:
-877982.2481058764 -885925.6120736697 -888756.0915665219 -894754.4438769125 -904046.1349019038 -905795.532897277 -915049.595719044 -937910.0747850299 -946704.5620940049 -958449.1279336911 -971058.1871447869 -976814.8195879504 -989695.5937140412 -998746.8483455486 -999862.0470042869 -1000680.4813237137 -1071169.9924586867 -1071028.5299043478 -1079431.940144255 -1093232.180577489

Equation: ((x4 - x0) * cos(x4)) + 1172.838183446082
Residual Differences:
-877983.4785968568 -885926.9643722613 -888756.8505502358 -894754.5586824425 -904047.5666211331 -905796.2865681142 -915050.0894074221 -937908.940873561 -946703.2042766567 -958448.7058393159 -971055.9911209918 -976812.5249330783 -989693.4360713128 -998746.1313034631 -999861.0525811712 -1000679.6735648296 -1071169.2219892417 -1071024.1821915577 -1079429.7853196724 -1093233.4358984174

Equation: (0.0780333445893504 * cos(x4)) + 1172.8367282797165
Residual Differences:
-877983.5660246359 -885927.0240244174 -888756.8536372235 -894754.5409538256 -904047.2701221899 -905796.0673339576 -915049.9871913691 -937908.9276755885 -946703.0551236578 -958448.446466836 -971055.7975449547 -976812.3250014061 -989693.2026983269 -998745.8847500185 -999860.8226507138 -1000679.6251461894 -1071169.1914544487 -1071024.2738656956 -1079429.8001749802 -1093233.479832988

Equation: (0.10809371580198827 / cos(sin(x1))) + 1172.6437475390771
Residual Differences:
-877983.5675078373 -885927.0418641574 -888756.862863158 -894754.548792849 -904047.2709211389 -905796.0750151393 -915049.9969513909 -937908.9392919033 -946703.0633957088 -958448.4543724289 -971055.8044148908 -976812.337214931 -989693.2179650698 -998745.898606328 -999860.8346807201 -1000679.6284013661 -1071169.1878116007 -1071024.2533911557 -1079429.7705614187 -1093233.4363164913

Equation: (sin(0.10809371580198827) / cos(sin(x0))) + 1172.6437475390771
Residual Differences:
-877983.5698987967 -885927.0259018688 -888756.8541657713 -894754.5438255974 -904047.2651498934 -905796.0678224525 -915049.9948362071 -937908.9373694769 -946703.0635827428 -958448.4564781791 -971055.8072424054 -976812.3416636721 -989693.2238749366 -998745.9092495862 -999860.8486885967 -1000679.6430395897 -1071169.2041127775 -1071024.2630856705 -1079429.7861835873 -1093233.4486437144

Equation: 1172.8018460986616 + (0.04297647253801416 * cos(x4 / 0.3793251121894125))
Residual Differences:
-877983.5100116851 -885926.9815970192 -888756.8307177273 -894754.5328542589 -904047.2753919392 -905796.0766907785 -915049.997456379 -937908.9372561161 -946703.0526147791 -958448.4230797507 -971055.7613734367 -976812.2950258101 -989693.1718579608 -998745.8538217741 -999860.7902146656 -1000679.5803822048 -1071169.142277119 -1071024.217504189 -1079429.7377717681 -1093233.4045912183

Equation: 1172.8026074666384 + (sin(sin(-0.04513434037377588)) * cos(x4 / 0.5324394069635909))
Residual Differences:
-877983.5089655112 -885926.9641964814 -888756.7839086925 -894754.4679656154 -904047.1999768681 -905795.9977490719 -915049.9194982417 -937908.8594274386 -946702.9994079937 -958448.4092045332 -971055.7681062517 -976812.3068380766 -989693.1925634808 -998745.879563331 -999860.8210448894 -1000679.6469299786 -1071169.211649476 -1071024.2980715053 -1079429.8289476729 -1093233.5021871089

Equation: (cos(cos(x1)) * 0.23854204862496653) + ((sin(x4) / (x4 * x4)) + 1172.6496125740764)
Residual Differences:
-877983.4832806344 -885926.974700276 -888756.8052566604 -894754.5002787979 -904047.2298905115 -905796.0419149295 -915049.9687195832 -937908.9146358963 -946703.0392528091 -958448.4303905977 -971055.7800431766 -976812.3053988386 -989693.185192313 -998745.8626330345 -999860.7964482101 -1000679.5839126391 -1071169.1434138117 -1071024.2090292168 -1079429.7290852305 -1093233.3984855

Equation: (cos(cos(x0)) * sin(sin(0.2584271881151971))) + (1172.6370521940482 + (sin(x4) / (x4 * 4.456239433421058)))
Residual Differences:
-877983.4849338206 -885926.9500451676 -888756.7894201551 -894754.4891072072 -904047.2192371851 -905796.027957719 -915049.9633605033 -937908.9094348035 -946703.039844778 -958448.4366581328 -971055.788533347 -976812.3257182539 -989693.2082111163 -998745.8931670286 -999860.8315266847 -1000679.614326812 -1071169.1742537385 -1071024.2266348286 -1079429.752358445 -1093233.4165638378

Equation: (((-0.14925794676812393 / x1) + 1172.7040589899755) + (sin(x3) / (x3 * x2))) + (cos(cos(x2)) * 0.2155201949585343)
Residual Differences:
-877983.4655400831 -885926.9505855136 -888756.7878069656 -894754.4792291283 -904047.209556762 -905796.017498996 -915049.9413216524 -937908.8803755757 -946703.0045439523 -958448.3952487292 -971055.7441738944 -976812.2798403754 -989693.1617575141 -998745.8386863223 -999860.7777935057 -1000679.5815977788 -1071169.143780961 -1071024.2237208344 -1079429.7353111596 -1093233.4029480244

Equation: x4
Residual Differences:
-3830627589.0093436 -3845929388.999839 -3848740511.810883 -3848874617.1172833 -3861765972.8941503 -3867639614.488422 -3883169687.4320626 -3886728847.5532618 -3898691651.4336815 -3901497568.774749 -3902766107.8734035 -3937988205.661356 -3941155319.6543555 -3949931667.905288 -3967413397.931421 -3985008828.7519755 -3991108585.748831 -3997379018.805414 -4005686201.446718 -4094911439.9125338

Equation: x1 ^ x0
Residual Differences:
-5.9460595161274664e+156 -7.893162043992069e+156 -9.689455127544443e+156 -1.0263562455336194e+157 -4.361427050980571e+157 -7.37937299383171e+157 -1.2978896523845036e+158 -2.672158362935961e+158 -5.483859245667705e+158 -1.1955387745687921e+159 -1.770602697017271e+159 -4.134717714635735e+159 -3.821001718648763e+160 -5.239724007118131e+160 -7.109842909856031e+160 -8.127291712873972e+160 -1.1810258800122193e+161 -1.2595179136571215e+161 -1.685737627536741e+161 -2.34071832349597e+161

Equation: x4 + (x0 ^ x0)
Residual Differences:
-5.8082989883353535e+156 -5.8775054485634526e+156 -7.13219146456714e+156 -7.529282877755181e+156 -4.1140321106583585e+157 -7.525065247352067e+157 -1.3143258055624114e+158 -3.0533846023422053e+158 -5.97252137372017e+158 -1.1919300925659143e+159 -1.34100724699075e+159 -3.0114928694402366e+159 -4.5066658162097365e+160 -6.286072173233067e+160 -8.617216714383846e+160 -8.730143763133981e+160 -1.3358703827963956e+161 -1.4373357252397e+161 -1.6977464891823217e+161 -2.4718928249099007e+161

Equation: x0 + 1168.804522591264
Residual Differences:
-3830625764.8483047 -3845927657.007396 -3848738884.629659 -3848873108.6680226 -3861764598.0137806 -3867638390.236061 -3883168631.835418 -3886727980.329642 -3898690994.262559 -3901497144.764596 -3902765942.400179 -3937988205.3971744 -3941155319.1026287 -3949931667.3746934 -3967413397.4753833 -3985008828.5151224 -3991108585.4345326 -3997379018.552916 -4005686201.3761497 -4094911439.78244

Equation: 1172.0982375662386 - sin(x4)
Residual Differences:
-3830625843.5193605 -3845927735.8217406 -3848738963.6295967 -3848873187.7981215 -3861764677.488139 -3867638469.867227 -3883168711.596193 -3886728060.2636347 -3898691074.4418664 -3901497225.108623 -3902766022.866018 -3937988286.175106 -3941155400.375799 -3949931748.6528325 -3967413478.736371 -3985008909.653585 -3991108666.5567436 -3997379099.5593886 -4005686282.200976 -4094911520.546375

Equation: (x0 / x4) + 1171.8158447375667
Residual Differences:
-3830625841.780362 -3845927734.043614 -3848738961.803528 -3848873185.9538813 -3861764675.7105665 -3867638468.1441917 -3883168709.945986 -3886728058.694439 -3898691072.8522058 -3901497223.58089 -3902766021.3401327 -3937988284.3475666 -3941155398.447967 -3949931746.681052 -3967413476.740182 -3985008907.68425 -3991108664.5804844 -3997379097.6124578 -4005686280.367887 -4094911518.7419977

Equation: 1172.5501482838094 - ((x0 - x3) * x3)
Residual Differences:
-3830625836.1281214 -3845927716.4220963 -3848738945.3644204 -3848873144.004474 -3861764651.096838 -3867638438.0744534 -3883168678.750365 -3886728034.055794 -3898691053.331404 -3901497211.6887236 -3902766010.628753 -3937988263.500409 -3941155412.613472 -3949931762.807637 -3967413495.7852306 -3985008926.8665442 -3991108683.456976 -3997379111.0082045 -4005686284.8382397 -4094911520.084866

Equation: 1172.8381831355987 + ((x4 - x0) * cos(x4))
Residual Differences:
-3830625841.764553 -3845927733.893317 -3848738961.5539446 -3848873185.6271834 -3861764675.594232 -3867638468.071337 -3883168709.9259405 -3886728058.7741094 -3898691072.8883405 -3901497223.670599 -3902766021.353712 -3937988284.392202 -3941155398.505822 -3949931746.7059555 -3967413476.717508 -3985008907.6488676 -3991108664.531028 -3997379097.5758944 -4005686280.404893 -4094911518.754077

Equation: (0.07803630150259039 * cos(x4)) + 1172.836729524481
Residual Differences:
-3830625841.714791 -3845927733.981148 -3848738961.7459874 -3848873185.9011793 -3861764675.6615944 -3867638468.096603 -3883168709.8975296 -3886728058.644038 -3898691072.807252 -3901497223.5330734 -3902766021.294864 -3937988284.303297 -3941155398.429689 -3949931746.675831 -3967413476.7515864 -3985008907.7173634 -3991108664.6220765 -3997379097.666369 -4005686280.4417844 -4094911518.8245573

Equation: 1172.6476218229668 + (cos(cos(x0)) * 0.19126011080406918)
Residual Differences:
-3830625841.877153 -3845927734.1408234 -3848738961.8982334 -3848873186.04538 -3861764675.782518 -3867638468.203347 -3883168709.991578 -3886728058.721716 -3898691072.861533 -3901497223.5748897 -3902766021.3230834 -3937988284.341964 -3941155398.460808 -3949931746.7043014 -3967413476.7722096 -3985008907.717963 -3991108664.623519 -3997379097.6563525 -4005686280.4107103 -4094911518.7881165

Equation: 1172.6501907591667 - (sin(-0.1051011280059851) / cos(sin(x0)))
Residual Differences:
-3830625841.8710456 -3845927734.1342373 -3848738961.892173 -3848873186.0400715 -3861764675.783302 -3867638468.206907 -3883168709.9973564 -3886728058.728438 -3898691072.867758 -3901497223.5792537 -3902766021.327153 -3937988284.333634 -3941155398.457216 -3949931746.704119 -3967413476.7755613 -3985008907.723492 -3991108664.6319346 -3997379097.6654725 -4005686280.4196315 -4094911518.79612

Equation: ((0.01790632901262441 * cos(x0)) + 1172.6926235550225) - (-0.08182977219349488 / cos(sin(x0)))
Residual Differences:
-3830625841.8336363 -3845927734.0968027 -3848738961.8551354 -3848873186.003212 -3861764675.752361 -3867638468.179142 -3883168709.9729986 -3886728058.7097387 -3898691072.8539934 -3901497223.570602 -3902766021.319846 -3937988284.3282804 -3941155398.4577765 -3949931746.7041435 -3967413476.775236 -3985008907.723444 -3991108664.632347 -3997379097.6673117 -4005686280.4234657 -4094911518.802316

Equation: (1172.4282804004167 + (0.794579027156154 / x4)) + ((0.053326489270670394 * x0) * cos(cos(x0)))
Residual Differences:
-3830625839.702759 -3845927731.9695616 -3848738959.698287 -3848873183.8397994 -3861764673.126946 -3867638465.342694 -3883168706.9314404 -3886728055.359142 -3898691069.2767954 -3901497219.7951493 -3902766017.5144 -3937988280.366261 -3941155394.6217155 -3949931742.948676 -3967413473.105913 -3985008904.0579143 -3991108661.0961056 -3997379094.154652 -4005686276.9654818 -4094911515.472161

Equation: x4
Residual Differences:
-171353057.76050234 -171747500.18078622 -172811129.50262836 -174636960.2152765 -174861698.19461098 -175273415.95258287 -175364079.15792596 -175839615.9596004 -176101812.91322634 -176253716.46211806 -176762038.700021 -178590110.89021966 -178888273.62504083 -180590930.83769673 -181290563.78417176 -181314305.2355766 -181920323.47735414 -182837793.7016172 -188177402.8750528 -191931255.07797828

Equation: x0 ^ x0
Residual Differences:
-4.145212721964723e+71 -4.286336840039998e+71 -4.767716598553072e+71 -1.540356275162023e+72 -1.7205405449607963e+72 -2.4640116311595415e+72 -1.0130805551097756e+73 -2.051365364647705e+73 -3.308384611792807e+73 -4.826058937033469e+73 -5.472998488825938e+73 -6.05144225694473e+73 -1.336957028262391e+74 -2.0020340435335957e+74 -2.0220892273703704e+74 -5.556398343241541e+74 -5.561107716806994e+74 -1.1260039939797011e+75 -1.6402884850816405e+75 -1.7123424868295857e+75

Equation: (x0 ^ x0) + x4
Residual Differences:
-4.145212721964723e+71 -4.286336840039998e+71 -4.767716598553072e+71 -1.540356275162023e+72 -1.7205405449607963e+72 -2.4640116311595415e+72 -1.0130805551097756e+73 -2.051365364647705e+73 -3.308384611792807e+73 -4.826058937033469e+73 -5.472998488825938e+73 -6.05144225694473e+73 -1.336957028262391e+74 -2.0020340435335957e+74 -2.0220892273703704e+74 -5.556398343241541e+74 -5.561107716806994e+74 -1.1260039939797011e+75 -1.6402884850816405e+75 -1.7123424868295857e+75

Equation: 1168.8045225104956 + x0
Residual Differences:
-171351233.58396965 -171745768.1135029 -172809502.16207033 -174635451.24968168 -174860323.19110626 -175272191.6524045 -175363023.43008474 -175838748.71092728 -176101155.75026155 -176253292.54500443 -176761873.26763737 -178590111.05579063 -178888273.69972146 -180590930.91690245 -181290564.0009883 -181314305.26326063 -181920323.51369774 -182837793.67514855 -188177402.8137115 -191931255.13836902

Equation: 1171.9753100013907 - sin(x4)
Residual Differences:
-171351273.66739923 -171745808.29644102 -172809542.43983468 -174635491.80376014 -174860363.9106547 -175272232.54748875 -175363064.76075572 -175838790.2994874 -176101197.6203817 -176253334.56600496 -176761915.42645046 -178590153.34364825 -178888316.13698208 -180590973.41464725 -181290606.47673053 -181314347.87091208 -181920366.02955034 -182837836.2518464 -188177445.36085406 -191931297.57959616

Equation: (x0 / x4) + 1171.8143622146245
Residual Differences:
-171351272.25630194 -171745806.89503613 -172809541.0672608 -174635490.49555087 -174860362.56303132 -175272231.20025027 -175363063.36983916 -175838788.8971708 -176101196.13831377 -176253333.11155516 -176761913.96234012 -178590151.63718614 -178888314.34361815 -180590971.54436064 -181290604.53296366 -181314345.90058565 -181920364.0507677 -182837834.25679606 -188177443.37207565 -191931295.6076656

Equation: ((x4 - x1) * x0) + 1172.5538205629957
Residual Differences:
-171351279.58166704 -171745810.04202333 -172809542.45766333 -174635491.74750787 -174860360.40597826 -175272229.7297536 -175363057.86681083 -175838784.65761098 -176101186.94895422 -176253329.81084713 -176761923.43274277 -178590147.54327324 -178888311.6071737 -180590967.43698373 -181290595.02576694 -181314337.42449507 -181920363.3553329 -182837835.3781766 -188177443.0143771 -191931299.40194404

Equation: (cos(x4) * (x4 - x0)) + 1172.8381830548212
Residual Differences:
-171351272.25262424 -171745806.80329397 -172809540.922699 -174635490.56933844 -174860362.51785234 -175272231.13475013 -175363063.46583825 -175838789.0338552 -176101196.19241473 -176253333.18413287 -176761913.97186214 -178590151.47159913 -178888314.24798083 -180590971.46608442 -181290604.4395448 -181314345.87673026 -181920364.0331127 -182837834.26939258 -188177443.4003964 -191931295.64218453

Equation: 1172.8367298336907 + (cos(x4) * 0.07803704283041668)
Residual Differences:
-171351272.18857652 -171745806.8242941 -172809540.99444118 -174635490.42661157 -174860362.48947343 -175272231.1244733 -175363063.2965747 -175838788.82345346 -176101196.06419042 -176253333.03498444 -176761913.88276327 -178590151.56808174 -178888314.28800547 -180590971.50169164 -181290604.50461194 -181314345.88537455 -181920364.04351318 -182837834.26481274 -188177443.39165124 -191931295.64205417

Equation: 1172.6450905087625 + (cos(cos(x0)) * 0.19200201328215433)
Residual Differences:
-171351272.35137713 -171745806.99073532 -172809541.16345003 -174635490.60200164 -174860362.66429108 -175272231.29667544 -175363063.45501643 -175838788.9675731 -176101196.19190586 -176253333.1511647 -176761913.98985237 -178590151.6724761 -178888314.37419257 -180590971.57448277 -181290604.56556273 -181314345.92550424 -181920364.07789415 -182837834.27777424 -188177443.3895161 -191931295.61887532

Equation: (cos(x0) / (x2 / 0.28870531781852393)) + 1172.8412515451923
Residual Differences:
-171351272.26381618 -171745806.89920178 -172809541.06806657 -174635490.49811396 -174860362.55942643 -175272231.19206303 -175363063.36107197 -175838788.88475615 -176101196.1189968 -176253333.0873765 -176761913.9307843 -178590151.60683426 -178888314.32238322 -180590971.5298174 -181290604.52172524 -181314345.90094933 -181920364.05702868 -182837834.27122864 -188177443.39340118 -191931295.6317202

Equation: 1172.841284823356 + ((cos(x0) / x4) * sin(sin(0.3009557547446698)))
Residual Differences:
-171351272.2634968 -171745806.89890173 -172809541.06780574 -174635490.49787796 -174860362.55919766 -175272231.19187257 -175363063.36091456 -175838788.8846304 -176101196.1189089 -176253333.0873035 -176761913.9307053 -178590151.60669154 -178888314.32225904 -180590971.52971423 -181290604.52164313 -181314345.900893 -181920364.05698672 -182837834.27121 -188177443.39340997 -191931295.63175356

Equation: (0.04298087351187875 * cos(x4 / -0.3793299583637452)) + 1172.8018481615209
Residual Differences:
-171351272.2857844 -171745806.9427634 -172809541.1292195 -174635490.57187527 -174860362.64754286 -175272231.28714073 -175363063.45623073 -175838788.97516257 -176101196.19286138 -176253333.15286046 -176761913.9820096 -178590151.62580553 -178888314.33913407 -180590971.54426 -181290604.53391632 -181314345.91149676 -181920364.06465775 -182837834.27334842 -188177443.38796085 -191931295.62243

Equation: 1172.8017945254196 + (cos(x3 / 0.5291000252797071) * sin(sin(-0.04556502309704574)))
Residual Differences:
-171351272.32117316 -171745806.95221582 -172809541.1181695 -174635490.53338307 -174860362.5819401 -175272231.21527547 -175363063.37909734 -175838788.8952132 -176101196.12807304 -176253333.08889282 -176761913.9303167 -178590151.6069036 -178888314.32477772 -180590971.5408994 -181290604.5457279 -181314345.92402813 -181920364.08102024 -182837834.29364836 -188177443.41242734 -191931295.65433314

Equation: x4
Residual Differences:
-6715285002.050876 -6843147435.738923 -6845689130.923839 -6853281932.118014 -6857607230.1741 -6870183215.127134 -6875654427.159595 -6881828251.058546 -6900982086.436006 -6903784880.201712 -6907783002.91696 -6924721704.41756 -6948551226.93618 -6969985479.118178 -6994955667.522965 -7009216232.559891 -7030048272.774403 -7066578388.703267 -7112193572.665413 -7174462162.010765

Equation: x0 ^ x1
Residual Differences:
-3.6398881110222136e+180 -3.895879220890477e+180 -4.820233283522753e+180 -8.10279882578305e+180 -3.841472482703498e+181 -7.524498314535056e+181 -1.062005604014199e+182 -2.0202297490035202e+182 -7.27748015856421e+182 -8.286927465812422e+182 -1.0174500893628309e+183 -1.5024671630498282e+183 -7.36905832641821e+183 -8.99197258062524e+183 -1.3840460647684584e+184 -4.077374371359832e+184 -8.780737036325561e+184 -1.1053481156596506e+185 -1.2288722333451764e+185 -1.6267161636275343e+185

Equation: (x0 ^ x0) + x3
Residual Differences:
-3.745112190752443e+180 -3.9450056709559997e+180 -4.763751512511774e+180 -5.276104333306579e+180 -1.6350506543688954e+181 -3.995287080279599e+181 -7.721835142329685e+181 -1.0447541550152133e+182 -1.1684269166147321e+182 -1.3073153161299994e+182 -2.0797577612747533e+182 -3.408085757992331e+182 -1.896869190241015e+183 -3.685743969309604e+183 -8.713031527263516e+183 -1.4876611935734526e+184 -3.2602305501088056e+184 -5.227611644634899e+184 -5.292445545507409e+184 -1.0323797261465235e+185

Equation: x4 + 1102.648502796926
Residual Differences:
-6715283310.094871 -6843145835.803517 -6845687635.664232 -6853280555.4494095 -6857605987.352495 -6870182122.990929 -6875653503.760389 -6881827516.187941 -6900981561.575601 -6903784588.616906 -6907782969.752754 -6924721704.41756 -6948551226.93618 -6969985479.118178 -6994955667.522966 -7009216232.55989 -7030048272.774404 -7066578388.703267 -7112193572.665413 -7174462162.010765

Equation: (x4 * x4) + 1102.648502796926
Residual Differences:
-6715274930.646662 -6843137455.600941 -6845679221.552172 -6853272140.015725 -6857597566.56612 -6870173690.328642 -6875645047.477521 -6881819003.059088 -6900973043.580843 -6903775956.737979 -6907774337.152108 -6924713079.43427 -6948542570.795766 -6969976811.513389 -6994946999.975533 -7009207547.320577 -7030039587.14431 -7066569693.767434 -7112184876.647076 -7174453458.937903

Equation: 1139.433666620951 + (x3 * (x3 + x3))
Residual Differences:
-6715266385.828749 -6843128792.790162 -6845670568.185524 -6853263445.268277 -6857588843.35786 -6870164948.148899 -6875636326.337503 -6881810308.637157 -6900964318.048707 -6903767338.125234 -6907765716.336479 -6924704403.106788 -6948533910.294009 -6969968084.138651 -6994938217.957412 -7009198783.011918 -7030030821.013436 -7066560918.345481 -7112176090.790066 -7174444671.817047

Equation: ((x3 - x3) + 42.66968691320664) + 1130.1261091454357
Residual Differences:
-6715283264.886754 -6843145790.6976185 -6845687590.84142 -6853280510.731683 -6857605942.761722 -6870182078.56263 -6875653459.558233 -6881827472.391983 -6900981517.903368 -6903784545.657249 -6907782926.894132 -6924721793.669801 -6948551316.258942 -6969985568.405645 -6994955756.713401 -7009216321.748489 -7030048361.868586 -7066578477.750908 -7112193661.622556 -7174462250.909495

Equation: 1172.765286899929 + ((x3 * (x3 + x3)) * 0.0009144847736799606)
Residual Differences:
-6715283249.451113 -6843145775.153291 -6845687575.274461 -6853280495.125577 -6857605927.124577 -6870182062.897127 -6875653443.890164 -6881827456.6959915 -6900981502.174362 -6903784529.921224 -6907782911.155339 -6924721777.7663965 -6948551300.341452 -6969985552.41655 -6994955740.674476 -7009216305.709582 -7030048345.827741 -7066578461.693099 -7112193645.554297 -7174462234.833684

Equation: 1172.7654725651466 + ((x2 * (x1 + x2)) * (x3 + (0.0009201729068579415 - x3)))
Residual Differences:
-6715283249.336107 -6843145775.1384735 -6845687575.251779 -6853280495.121572 -6857605927.108486 -6870182062.892927 -6875653443.86531 -6881827456.655419 -6900981502.131679 -6903784529.881521 -6907782911.092182 -6924721777.861275 -6948551300.354986 -6969985552.486424 -6994955740.780517 -7009216305.7273655 -7030048345.832102 -7066578461.674261 -7112193645.509032 -7174462234.73499

Equation: 1172.7949972159488 + (((x3 + x3) * x4) * ((-0.0017656712797175507 - x3) + (1.000427931575351 * x3)))
Residual Differences:
-6715282628.333287 -6843145149.609148 -6845686947.579312 -6853279865.8410425 -6857605296.432622 -6870181430.660262 -6875652810.724364 -6881826820.287981 -6900980864.297591 -6903783887.501712 -6907782268.682277 -6924721127.671294 -6948550648.369375 -6969984896.910805 -6994955082.985565 -7009215647.237824 -7030047687.156302 -7066577801.845702 -7112192985.118827 -7174461573.698722

Equation: x4
Residual Differences:
-143471403.13891795 -147202812.73272818 -148524019.1698079 -148671298.59135562 -149448328.08127835 -149937464.7264725 -150165866.80157924 -150330221.0888725 -150789048.03345662 -152116522.55052844 -152253663.89124188 -153132214.1356324 -153694371.91714558 -153884180.28130153 -154918010.93262106 -155651629.6861495 -156105507.9346461 -156196993.6713793 -160420781.08246332 -163192299.11785078

Equation: x0 ^ x0
Residual Differences:
-1.3634984680384358e+69 -1.7353761700193923e+69 -4.107523434690298e+69 -4.3738844514223414e+69 -6.6975534178861196e+69 -1.1710548517162326e+70 -1.3648470815063802e+70 -3.279449050823545e+70 -3.293679645524424e+70 -3.561455822088215e+70 -6.978553674630948e+70 -1.0903012478338762e+71 -1.7426972910639778e+71 -1.9180540620285514e+71 -4.3156262809459977e+71 -1.4587684416220601e+72 -2.342887864284335e+72 -3.1759864572452842e+72 -6.8134795496050395e+72 -7.485054361551885e+72

Equation: (x0 ^ x0) + x2
Residual Differences:
-1.3634984680384358e+69 -1.7353761700193923e+69 -4.107523434690298e+69 -4.3738844514223414e+69 -6.6975534178861196e+69 -1.1710548517162326e+70 -1.3648470815063802e+70 -3.279449050823545e+70 -3.293679645524424e+70 -3.561455822088215e+70 -6.978553674630948e+70 -1.0903012478338762e+71 -1.7426972910639778e+71 -1.9180540620285514e+71 -4.3156262809459977e+71 -1.4587684416220601e+72 -2.342887864284335e+72 -3.1759864572452842e+72 -6.8134795496050395e+72 -7.485054361551885e+72

Equation: x0 + 1168.8045225521969
Residual Differences:
-143469578.9191096 -147201080.51833925 -148522391.459474 -148669789.54556742 -149446952.8577832 -149936240.2057921 -150164811.00901884 -150329353.92839488 -150788390.8994766 -152116098.7248866 -152253498.36191458 -153132213.9084874 -153694371.86686522 -153884180.2623125 -154918010.83210608 -155651629.5547325 -156105507.71704155 -156196993.42677778 -160420780.73120522 -163192299.0420474

Equation: 1172.098237527159 - sin(x4)
Residual Differences:
-143469616.8578089 -147201118.50925115 -148522429.6327436 -148669827.74343523 -149446991.16155192 -149936278.67270148 -150164849.52855566 -150329392.79180562 -150788429.79808745 -152116137.70226514 -152253537.52991033 -153132253.37430453 -153694411.60125238 -153884219.9986377 -154918050.7462359 -155651669.85762078 -156105548.03741407 -156197033.74265707 -160420821.1445293 -163192339.64118126

Equation: 1173.8162662587602 - (x4 / x0)
Residual Differences:
-143469616.3869404 -147201118.13671705 -148522429.3553243 -148669827.55658537 -149446991.05810493 -149936278.62438133 -150164849.55993247 -150329392.76619598 -150788429.8389863 -152116137.78201258 -152253537.65777954 -153132253.16011703 -153694411.12033373 -153884219.43603814 -154918050.0732236 -155651668.9492751 -156105547.10806373 -156197032.78014046 -160420820.14094388 -163192338.37698013

Equation: ((x4 - x1) * x3) - -1172.5501482447355
Residual Differences:
-143469615.5437151 -147201118.12923762 -148522434.36644953 -148669829.88672438 -149446995.43678272 -149936277.81086725 -150164853.17481226 -150329387.3664995 -150788424.35367018 -152116134.15632826 -152253533.46833003 -153132251.31507656 -153694398.05403218 -153884216.98031458 -154918043.8733584 -155651660.86691487 -156105543.84850335 -156197034.3732307 -160420830.08755806 -163192335.40212548

Equation: 1172.8381830965473 - (cos(x4) * (x0 - x4))
Residual Differences:
-143469616.39827758 -147201118.15138996 -148522429.38592422 -148669827.5923922 -149446991.1075019 -149936278.686962 -150164849.62608546 -150329392.80254528 -150788429.86083177 -152116137.77756044 -152253537.7348814 -153132253.25074804 -153694411.0786637 -153884219.3715193 -154918050.09320876 -155651669.00928232 -156105547.26366633 -156197032.97144985 -160420820.449274 -163192338.41142914

Equation: 1172.8367296731801 - (-0.07803665485721467 * cos(x4))
Residual Differences:
-143469616.39609405 -147201118.14440933 -148522429.36639726 -148669827.5584775 -149446991.05404344 -149936278.6074721 -150164849.5384334 -150329392.7190618 -150788429.78594565 -152116137.72020206 -152253537.59222212 -153132253.08686075 -153694411.03737572 -153884219.35754502 -154918050.0012659 -155651668.88164634 -156105547.04976183 -156197032.72973698 -160420820.10026717 -163192338.34072116

Equation: 1172.6476212618666 - (cos(cos(x0)) * -0.19126078512951908)
Residual Differences:
-143469616.40213397 -147201118.15538016 -148522429.3851756 -148669827.58438292 -149446991.08916074 -149936278.65933013 -150164849.5921286 -150329392.80503747 -150788429.86998925 -152116137.80557734 -152253537.688137 -153132253.2151485 -153694411.18639576 -153884219.50963753 -154918050.16423032 -155651669.05235562 -156105547.21554852 -156197032.88794905 -160420820.2449821 -163192338.4706512

Equation: 1172.7002794504017 - ((-0.030076512981448606 * x0) * cos(cos(x0)))
Residual Differences:
-143469615.26787117 -147201117.02151066 -148522428.28151652 -148669826.48348868 -149446990.01610225 -149936277.63210288 -150164848.57958 -150329391.879661 -150788428.94629347 -152116136.89105478 -152253536.8426831 -153132252.40427676 -153694410.41631517 -153884218.74764735 -154918049.4580141 -155651668.3860749 -156105546.55024895 -156197032.21973327 -160420819.54917526 -163192337.7731555

Equation: 1172.80266710454 - (0.044910390549641376 * cos(x2 / 0.5278100503360484))
Residual Differences:
-143469616.45358866 -147201118.21410465 -148522429.44168162 -148669827.64295402 -149446991.14554754 -149936278.71771464 -150164849.6415512 -150329392.833759 -150788429.8932819 -152116137.8207125 -152253537.68997455 -153132253.19634035 -153694411.15880528 -153884219.47621074 -154918050.11305878 -155651668.99396023 -156105547.14887992 -156197032.8227487 -160420820.17881146 -163192338.40770128

Equation: 1172.8026314180447 - (sin(0.0447729259610028) * cos(x0 / 0.5225741501382004))
Residual Differences:
-143469616.46724752 -147201118.22355878 -148522429.45146087 -148669827.65223917 -149446991.15286675 -149936278.71334645 -150164849.64418584 -150329392.833084 -150788429.89921045 -152116137.8332457 -152253537.69377843 -153132253.19388995 -153694411.1498158 -153884219.47087574 -154918050.1028028 -155651668.96757957 -156105547.1281822 -156197032.80193347 -160420820.1633577 -163192338.3935453

Equation: (1172.67538779142 - (cos(x4) / (x1 ^ x2))) - ((-0.035245015327009806 * x4) * cos(cos(x1)))
Residual Differences:
-143469615.05303547 -147201116.80996373 -148522428.05774882 -148669826.2631075 -149446989.80431575 -149936277.3702996 -150164848.36717823 -150329391.6047974 -150788428.68036893 -152116136.6757528 -152253536.54860228 -153132252.14740673 -153694410.11581087 -153884218.62851533 -154918049.27468845 -155651668.23678952 -156105546.43870533 -156197032.13304737 -160420819.46736276 -163192337.69074106

Equation: (1172.7673906946502 + (sin(x2) * 0.12305089899263104)) - (cos(cos(x0)) * (0.2011179949249378 * sin(x0)))
Residual Differences:
-143469616.3815314 -147201118.13249427 -148522429.3694751 -148669827.57179993 -149446991.08490208 -149936278.6452081 -150164849.55541298 -150329392.77396652 -150788429.82946694 -152116137.75507718 -152253537.64660892 -153132253.16595736 -153694411.14466754 -153884219.46435344 -154918050.12125194 -155651669.03095055 -156105547.19025466 -156197032.86728257 -160420820.2318381 -163192338.45699307

Equation: (1172.771422508333 + (sin(x4) * 0.11582031126279148)) - ((sin(0.19073809617910906) * sin(x0)) * cos(cos(x0)))
Residual Differences:
-143469616.38486034 -147201118.13839614 -148522429.37586495 -148669827.57730687 -149446991.08911648 -149936278.66628423 -150164849.60373372 -150329392.81667852 -150788429.88219273 -152116137.81601587 -152253537.70745993 -153132253.22089028 -153694411.17499465 -153884219.4967786 -154918050.15631455 -155651669.04218656 -156105547.21593198 -156197032.89275604 -160420820.2663882 -163192338.46136045

Equation: (1172.733589084624 - (-0.19700974729774734 / x1)) - (((0.003090881998173892 * x3) * x4) * cos(x1 / -0.49970027506912285))
Residual Differences:
-143469610.91625875 -147201112.72105247 -148522424.32195196 -148669822.6040535 -149446986.77062345 -149936274.406867 -150164846.39518014 -150329390.34512278 -150788427.56990576 -152116136.50473526 -152253536.41734198 -153132253.47225007 -153694411.62464145 -153884223.13726312 -154918053.84817436 -155651674.1689062 -156105552.92960456 -156197038.88808843 -160420825.57558084 -163192343.85123667

Equation: x4
Residual Differences:
-103762572.19050972 -104425774.80354479 -106677758.47340958 -106703220.99822205 -107287482.62064533 -107614199.09453115 -108149497.04135498 -108257645.8349349 -108853001.5027761 -109169284.8752259 -109173883.15187623 -109420388.92653827 -109913489.93793996 -110166462.75893903 -110172621.342776 -111002935.35147066 -111016042.28293839 -113272241.95221311 -113661570.72388555 -116479018.395671

Equation: x0 ^ x0
Residual Differences:
-2.7414661335911817e+63 -3.46077519761924e+63 -7.557139365331942e+63 -8.58730224194471e+63 -9.906537296755882e+63 -1.107821143302918e+64 -1.2760645280452143e+64 -1.484193878689142e+64 -2.1067903699268615e+64 -3.3224925881691005e+64 -4.31859427233364e+64 -4.982108243322911e+64 -1.5769149761614981e+65 -1.628679094037678e+65 -2.572913572616542e+65 -1.2096338259474855e+66 -4.399009561780389e+66 -4.829652650730983e+66 -7.984421856539086e+66 -1.952699941423756e+67

Equation: (x0 ^ x0) + x4
Residual Differences:
-2.7414661335911817e+63 -3.46077519761924e+63 -7.557139365331942e+63 -8.58730224194471e+63 -9.906537296755882e+63 -1.107821143302918e+64 -1.2760645280452143e+64 -1.484193878689142e+64 -2.1067903699268615e+64 -3.3224925881691005e+64 -4.31859427233364e+64 -4.982108243322911e+64 -1.5769149761614981e+65 -1.628679094037678e+65 -2.572913572616542e+65 -1.2096338259474855e+66 -4.399009561780389e+66 -4.829652650730983e+66 -7.984421856539086e+66 -1.952699941423756e+67

Equation: x1 - -1168.037385130068
Residual Differences:
-103760749.51382655 -104424044.01417242 -106676132.41326311 -106701713.5466328 -107286108.92872292 -107612976.16941638 -108148442.84685409 -108256780.0118044 -108852345.63884325 -109168862.46469139 -109173719.03339827 -109420388.56260547 -109913489.49219207 -110166462.23206244 -110172620.86693124 -111002934.9384015 -111016042.08280104 -113272241.49584231 -113661570.23644032 -116479018.1791858

Equation: cos(x0) + 1172.7129767190816
Residual Differences:
-103760784.26248871 -104424079.0651584 -106676167.78510264 -106701749.06928024 -107286144.67815885 -107613012.03937511 -108148478.82665521 -108256816.29976584 -108852382.07369225 -109168898.99971354 -109173755.77479118 -109420425.39625794 -109913526.53104062 -110166499.40640014 -110172658.13650084 -111002972.2598868 -111016079.38214378 -113272279.08429317 -113661607.85126756 -116479055.73254004

Equation: (x4 - x1) + 1172.7129767190816
Residual Differences:
-103760782.81371357 -104424077.69542713 -106676166.22066693 -106701747.47664842 -107286143.17024283 -107613010.46292041 -108148477.27466127 -108256814.93132453 -108852380.7631715 -109168897.51719688 -109173754.46308853 -109420425.46763812 -109913526.49930298 -110166499.36290935 -110172657.92416427 -111002971.87851857 -111016078.76230772 -113272278.6279552 -113661607.37489153 -116479054.99737628

Equation: 1173.795552731984 - cos(sin(5303.030478412251))
Residual Differences:
-103760782.70516123 -104424077.45358562 -106676166.0322513 -106701747.30579 -107286142.91205128 -107613010.2861365 -108148477.09149124 -108256814.59092487 -108852380.37176949 -109168897.30359323 -109173754.12094143 -109420425.10370533 -109913526.0535551 -110166498.83603275 -110172657.44831951 -111002971.46544941 -111016078.56217039 -113272278.17158441 -113661606.88744631 -116479054.78089108

Equation: (x4 - x1) + ((x1 - x3) + 1172.7755960586421)
Residual Differences:
-103760782.80479316 -104424077.60418172 -106676166.16215743 -106701747.39012147 -107286142.97148156 -107613010.25844723 -108148477.05468562 -108256814.59888035 -108852380.40685657 -109168897.16312519 -109173753.97622284 -109420425.14066905 -109913526.05538346 -110166499.32238814 -110172658.05704743 -111002971.98323396 -111016078.86092044 -113272278.51359388 -113661607.34932154 -116479054.97988756

Equation: (x3 - x3) + ((x2 * (x4 - x3)) + 1172.7143584961425)
Residual Differences:
-103760785.9615855 -104424082.76773031 -106676170.51931934 -106701749.97797717 -107286144.59049827 -107613008.43951838 -108148474.87379281 -108256814.18115972 -108852381.06388538 -109168890.82091364 -109173747.45455313 -109420425.87405717 -109913525.38508147 -110166518.0716173 -110172681.73014303 -111002992.09202927 -111016090.17114691 -113272291.57329689 -113661625.29629487 -116479062.31874476

Equation: (x4 - x1) + (((-0.2110335397029714 - x3) / x2) + 1173.793485831572)
Residual Differences:
-103760782.73518023 -104424077.60921797 -106676166.13440172 -106701747.38431735 -107286143.0705683 -107613010.36056016 -108148477.17071372 -108256814.82584119 -108852380.65210201 -109168897.40256271 -109173754.34619084 -109420425.4032914 -109913526.43370704 -110166499.31156038 -110172657.87941428 -111002971.83139813 -111016078.7157242 -113272278.58428578 -113661607.33351912 -116479054.95499639

Equation: (4146.949089782809 / (-4211.974224535262 / x3)) + (1172.7129767190816 + x4)
Residual Differences:
-103760782.2689007 -104424077.06573032 -106676165.62042835 -106701746.84666099 -107286142.42629296 -107613009.71128751 -108148476.50579043 -108256814.04655765 -108852379.85252792 -109168896.60712583 -109173753.418435 -109420424.58158949 -109913525.49779658 -110166498.75791575 -110172657.4902466 -111002971.4177069 -111016078.29622369 -113272277.94915342 -113661606.78389218 -116479054.41509454

Equation: ((0.08992099618038397 / x0) + ((x4 - x3) * x4)) + ((x4 - x3) * 58053.99197670918)
Residual Differences:
-103766569.96185853 -104432825.40639772 -106683712.04185914 -106706645.71190844 -107289594.71155941 -107611400.96398535 -108146338.16184695 -108257276.01204742 -108854417.97742546 -109160736.15776739 -109165346.03696068 -109422571.77676387 -109913631.56090523 -110194752.68210806 -110208020.53737932 -111033051.29321982 -111033433.72245878 -113292146.50077684 -113688438.84011903 -116490614.83736208

Equation: (1172.5030232030078 + ((0.009323031898420386 / x3) / (x3 - x2))) + ((x1 * (x4 * x4)) * ((0.0430409401323849 / x0) / x3))
Residual Differences:
-103760781.29540986 -104424076.0484388 -106676164.62623014 -106701745.8926017 -107286141.49143276 -107613008.85587816 -108148475.6593238 -108256813.14775394 -108852378.92938483 -109168895.84830798 -109173752.65920706 -109420423.64416316 -109913524.59785408 -110166497.39572604 -110172656.0060088 -111002970.03507473 -111016077.12157266 -113272276.75082666 -113661605.43667151 -116479053.32463154

Equation: x4
Residual Differences:
-2915597360.9815774 -2921441009.644353 -2923390594.5204325 -2955713105.640968 -2985048125.202908 -2996810342.051405 -2998516231.983876 -3006005654.687831 -3006740319.04116 -3008428774.1818485 -3019396891.174469 -3025106020.1002684 -3029793823.783339 -3030634946.0821958 -3043252245.1705065 -3052041089.788172 -3063300996.8681397 -3089539848.233384 -3114066771.7403502 -3153949022.146185

Equation: x0 ^ x0
Residual Differences:
-1.293479019944885e+147 -1.9219059243695216e+147 -2.4752681036376617e+147 -5.159894328291048e+147 -6.672238743369183e+147 -1.7049494711889183e+148 -2.589891764361073e+148 -2.655355102369829e+148 -3.6984080715334565e+148 -4.688215506783334e+148 -5.399937163223264e+148 -8.644994104762655e+148 -1.0560829185702915e+149 -1.8535563707901845e+149 -3.598420848775726e+149 -1.3043024675118198e+150 -4.2067173640584384e+150 -8.866901971909837e+150 -1.0766383201498243e+151 -1.5393359697775473e+151

Equation: (x0 ^ x0) + x2
Residual Differences:
-1.293479019944885e+147 -1.9219059243695216e+147 -2.4752681036376617e+147 -5.159894328291048e+147 -6.672238743369183e+147 -1.7049494711889183e+148 -2.589891764361073e+148 -2.655355102369829e+148 -3.6984080715334565e+148 -4.688215506783334e+148 -5.399937163223264e+148 -8.644994104762655e+148 -1.0560829185702915e+149 -1.8535563707901845e+149 -3.598420848775726e+149 -1.3043024675118198e+150 -4.2067173640584384e+150 -8.866901971909837e+150 -1.0766383201498243e+151 -1.5393359697775473e+151

Equation: x4 + 1168.7237224918651
Residual Differences:
-2915595536.875132 -2921439277.558508 -2923388967.110388 -2955711596.8219223 -2985046750.230863 -2996809117.76476 -2998515176.434231 -3006004787.666786 -3006739662.0303144 -3008428350.446604 -3019396725.859824 -3025106020.1002684 -3029793823.783339 -3030634946.082196 -3043252245.170506 -3052041089.7881722 -3063300996.8681397 -3089539848.233384 -3114066771.7403502 -3153949022.146185

Equation: 1172.098237466676 - sin(x4)
Residual Differences:
-2915595611.7399 -2921439352.4322343 -2923389041.99106 -2955711671.709772 -2985046825.1523137 -2996809192.7054305 -2998515251.393117 -3006004862.6431937 -3006739737.0303383 -3008428425.477254 -3019396800.928769 -3025106095.3163 -3029793898.9476185 -3030635021.205772 -3043252320.231408 -3052041164.7865224 -3063301071.8332195 -3089539923.095032 -3114066846.5332794 -3153949096.830988

Equation: 1173.8162661982803 - (x4 / x0)
Residual Differences:
-2915595609.5904837 -2921439350.408484 -2923389040.0880146 -2955711669.9226274 -2985046823.61895 -2996809191.393363 -2998515250.409801 -3006004861.7727466 -3006739736.3240905 -3008428424.9050155 -3019396800.4452763 -3025106094.5778728 -3029793898.304206 -3030635020.7683716 -3043252319.8242154 -3052041164.439061 -3063301071.610198 -3089539922.875946 -3114066846.388755 -3153949096.727106

Equation: 1172.5501481842696 + ((x4 - x1) * x3)
Residual Differences:
-2915595607.9798975 -2921439353.7237654 -2923389046.168373 -2955711691.067167 -2985046842.408189 -2996809201.159157 -2998515250.267983 -3006004863.800242 -3006739751.5838714 -3008428438.023815 -3019396825.733893 -3025106128.508183 -3029793929.660113 -3030635035.573823 -3043252332.5300837 -3052041173.793457 -3063301072.101512 -3089539927.567534 -3114066844.9758453 -3153949096.583053

Equation: (cos(x4) * (x4 - x0)) + 1172.8381830360813
Residual Differences:
-2915595609.5971518 -2921439350.387022 -2923389040.0509834 -2955711669.796165 -2985046823.5937996 -2996809191.3314734 -2998515250.5046463 -3006004861.888494 -3006739736.460298 -3008428425.0547667 -3019396800.5889134 -3025106094.66128 -3029793898.490519 -3030635021.0721993 -3043252320.077522 -3052041164.577044 -3063301071.71588 -3089539922.908201 -3114066846.462833 -3153949096.7905903

Equation: (cos(x4) * 0.07803719881462712) + 1172.8367298968685
Residual Differences:
-2915595609.6578293 -2921439350.4791074 -2923389040.160388 -2955711669.996896 -2985046823.697673 -2996809191.4744964 -2998515250.489716 -3006004861.848705 -3006739736.395361 -3008428424.97065 -3019396800.5050483 -3025106094.634548 -3029793898.3636823 -3030635020.824315 -3043252319.885049 -3052041164.5042014 -3063301071.6722083 -3089539922.946993 -3114066846.459576 -3153949096.8033957

Equation: 1172.6476204008436 + (cos(cos(x0)) * 0.19126181922780888)
Residual Differences:
-2915595609.6542916 -2921439350.4814634 -2923389040.165798 -2955711670.011165 -2985046823.7062697 -2996809191.4861674 -2998515250.497692 -3006004861.8537993 -3006739736.3987336 -3008428424.9719534 -3019396800.504095 -3025106094.6541595 -3029793898.386535 -3030635020.8533554 -3043252319.9108143 -3052041164.516686 -3063301071.672564 -3089539922.9283366 -3114066846.4357224 -3153949096.7655873

Equation: cos(cos(x1) * (x3 * 0.126050816264653)) + 1171.845883853617
Residual Differences:
-2915595609.8333898 -2921439351.2041707 -2923389041.2746725 -2955711671.8741584 -2985046825.6105385 -2996809193.3723063 -2998515252.324093 -3006004863.6623297 -3006739738.2797055 -3008428426.8678207 -3019396802.3288937 -3025106096.0173635 -3029793899.136966 -3030635021.2826257 -3043252320.126014 -3052041164.5292344 -3063301071.647275 -3089539923.1036086 -3114066846.7664413 -3153949097.4685388

Equation: (1172.943667021407 - (-0.05221756673715561 * cos(x4))) - (cos(sin(x0)) * (x3 * (x3 - x1)))
Residual Differences:
-2915595603.736533 -2921439339.069114 -2923389035.181651 -2955711670.2602725 -2985046819.3583827 -2996809191.7642174 -2998515248.8708696 -3006004861.2954636 -3006739727.7738123 -3008428422.1215515 -3019396785.422959 -3025106069.7469196 -3029793869.397084 -3030634990.8730297 -3043252296.1595235 -3052041152.5779266 -3063301056.8735056 -3089539907.95787 -3114066843.841636 -3153949094.655132

Equation: (0.26616244000532696 * cos(cos(x0))) + ((sin(x2) * (0.23678358870927857 / x4)) + 1172.6274478126838)
Residual Differences:
-2915595609.587948 -2921439350.4261136 -2923389040.1193094 -2955711669.974929 -2985046823.6763525 -2996809191.4643717 -2998515250.4803066 -3006004861.8387327 -3006739736.3850937 -3008428424.9595313 -3019396800.491096 -3025106094.6305137 -3029793898.364394 -3030635020.832212 -3043252319.8900566 -3052041164.4919314 -3063301071.6425343 -3089539922.894926 -3114066846.4024844 -3153949096.7309203

Equation: x4
Residual Differences:
-879797.9023799788 -887649.1723146915 -890374.0452784706 -896252.914780155 -905411.3792107601 -907009.3795511305 -916094.4080377864 -938764.708656183 -947348.5243333572 -958860.3315285261 -971209.075492586 -976800.4105120591 -989681.3232513615 -998734.0619507886 -999849.0606094102 -1000667.7281604003 -1071157.3798093193 -1071012.475121675 -1079417.9821348584 -1093221.7533609832

Equation: x0 ^ x0
Residual Differences:
-2.5658227515386125e+17 -2.6589101082321347e+17 -3.632964067693969e+17 -5.201468252046228e+17 -5.6892296787676e+17 -8.055269994277814e+17 -1.5619774599879212e+18 -2.31095885233726e+18 -2.986079365996754e+18 -4.2912117961832463e+18 -7.695967882993694e+18 -8.019982571026816e+18 -8.607217879846555e+18 -9.248555092249997e+18 -1.1085977909897181e+19 -5.745686496502003e+19 -6.497619618363301e+19 -1.7630138990346607e+20 -1.8316903247461335e+20 -2.237416903009923e+20

Equation: (x0 ^ x0) + x2
Residual Differences:
-2.5658227515386125e+17 -2.658910108232135e+17 -3.632964067693969e+17 -5.201468252046228e+17 -5.6892296787676e+17 -8.055269994277814e+17 -1.5619774599879212e+18 -2.31095885233726e+18 -2.986079365996754e+18 -4.2912117961832463e+18 -7.695967882993694e+18 -8.019982571026816e+18 -8.607217879846555e+18 -9.248555092249997e+18 -1.1085977909897181e+19 -5.745686496502003e+19 -6.497619618363301e+19 -1.7630138990346607e+20 -1.8316903247461335e+20 -2.237416903009923e+20

Equation: x0 + 1168.8045229023342
Residual Differences:
-877973.6494860821 -885916.992984833 -888746.6287037247 -894744.1141881074 -904036.7109480007 -905785.3162488984 -915038.960140872 -937897.6989442641 -946691.6608497396 -958436.8624049599 -971043.9651557127 -976800.623193673 -989681.577892017 -998734.335768875 -999849.3201317491 -1000667.7911710992 -1071157.4186201727 -1071012.3362534693 -1079417.9529784506 -1093221.67360202

Equation: 1172.102629094928 - sin(x4)
Residual Differences:
-877985.7640473325 -885929.077672641 -888758.6753251689 -894756.160671507 -904048.5029217044 -905797.1968353145 -915050.975734027 -937909.8226152601 -946703.6728798228 -958448.7888032418 -971055.9956871154 -976812.8021574765 -989693.6642979187 -998746.3421279775 -999861.270352467 -1000679.8980975206 -1071169.45754856 -1071024.4733000488 -1079429.9099680881 -1093233.5572725337

Equation: 1171.8158450480319 + (x0 / x4)
Residual Differences:
-877983.5042889889 -885926.9611749245 -888756.7872278136 -894754.4713780798 -904047.2109239121 -905796.0050359264 -915049.9191926854 -937908.8574857215 -946702.9969364943 -958448.4030374844 -971055.7579525645 -976812.2898808653 -989693.1653622893 -998745.842919452 -999860.7739295202 -1000679.5675513697 -1071169.1253347755 -1071024.1941449784 -1079429.7268604047 -1093233.3962763394

Equation: 1172.5501485942566 + (x3 * (x3 - x0))
Residual Differences:
-877982.2481058764 -885925.6120736697 -888756.0915665219 -894754.4438769125 -904046.1349019038 -905795.532897277 -915049.595719044 -937910.0747850299 -946704.5620940049 -958449.1279336911 -971058.1871447869 -976814.8195879504 -989695.5937140412 -998746.8483455486 -999862.0470042869 -1000680.4813237137 -1071169.9924586867 -1071028.5299043478 -1079431.940144255 -1093232.180577489

Equation: ((x4 - x0) * cos(x4)) + 1172.838183446082
Residual Differences:
-877983.4785968568 -885926.9643722613 -888756.8505502358 -894754.5586824425 -904047.5666211331 -905796.2865681142 -915050.0894074221 -937908.940873561 -946703.2042766567 -958448.7058393159 -971055.9911209918 -976812.5249330783 -989693.4360713128 -998746.1313034631 -999861.0525811712 -1000679.6735648296 -1071169.2219892417 -1071024.1821915577 -1079429.7853196724 -1093233.4358984174

Equation: (0.0780333445893504 * cos(x4)) + 1172.8367282797165
Residual Differences:
-877983.5660246359 -885927.0240244174 -888756.8536372235 -894754.5409538256 -904047.2701221899 -905796.0673339576 -915049.9871913691 -937908.9276755885 -946703.0551236578 -958448.446466836 -971055.7975449547 -976812.3250014061 -989693.2026983269 -998745.8847500185 -999860.8226507138 -1000679.6251461894 -1071169.1914544487 -1071024.2738656956 -1079429.8001749802 -1093233.479832988

Equation: (0.10809371580198827 / cos(sin(x1))) + 1172.6437475390771
Residual Differences:
-877983.5675078373 -885927.0418641574 -888756.862863158 -894754.548792849 -904047.2709211389 -905796.0750151393 -915049.9969513909 -937908.9392919033 -946703.0633957088 -958448.4543724289 -971055.8044148908 -976812.337214931 -989693.2179650698 -998745.898606328 -999860.8346807201 -1000679.6284013661 -1071169.1878116007 -1071024.2533911557 -1079429.7705614187 -1093233.4363164913

Equation: (sin(0.10809371580198827) / cos(sin(x0))) + 1172.6437475390771
Residual Differences:
-877983.5698987967 -885927.0259018688 -888756.8541657713 -894754.5438255974 -904047.2651498934 -905796.0678224525 -915049.9948362071 -937908.9373694769 -946703.0635827428 -958448.4564781791 -971055.8072424054 -976812.3416636721 -989693.2238749366 -998745.9092495862 -999860.8486885967 -1000679.6430395897 -1071169.2041127775 -1071024.2630856705 -1079429.7861835873 -1093233.4486437144

Equation: 1172.8018460986616 + (0.04297647253801416 * cos(x4 / 0.3793251121894125))
Residual Differences:
-877983.5100116851 -885926.9815970192 -888756.8307177273 -894754.5328542589 -904047.2753919392 -905796.0766907785 -915049.997456379 -937908.9372561161 -946703.0526147791 -958448.4230797507 -971055.7613734367 -976812.2950258101 -989693.1718579608 -998745.8538217741 -999860.7902146656 -1000679.5803822048 -1071169.142277119 -1071024.217504189 -1079429.7377717681 -1093233.4045912183

Equation: 1172.8026074666384 + (sin(sin(-0.04513434037377588)) * cos(x4 / 0.5324394069635909))
Residual Differences:
-877983.5089655112 -885926.9641964814 -888756.7839086925 -894754.4679656154 -904047.1999768681 -905795.9977490719 -915049.9194982417 -937908.8594274386 -946702.9994079937 -958448.4092045332 -971055.7681062517 -976812.3068380766 -989693.1925634808 -998745.879563331 -999860.8210448894 -1000679.6469299786 -1071169.211649476 -1071024.2980715053 -1079429.8289476729 -1093233.5021871089

Equation: (cos(cos(x1)) * 0.23854204862496653) + ((sin(x4) / (x4 * x4)) + 1172.6496125740764)
Residual Differences:
-877983.4832806344 -885926.974700276 -888756.8052566604 -894754.5002787979 -904047.2298905115 -905796.0419149295 -915049.9687195832 -937908.9146358963 -946703.0392528091 -958448.4303905977 -971055.7800431766 -976812.3053988386 -989693.185192313 -998745.8626330345 -999860.7964482101 -1000679.5839126391 -1071169.1434138117 -1071024.2090292168 -1079429.7290852305 -1093233.3984855

Equation: (cos(cos(x0)) * sin(sin(0.2584271881151971))) + (1172.6370521940482 + (sin(x4) / (x4 * 4.456239433421058)))
Residual Differences:
-877983.4849338206 -885926.9500451676 -888756.7894201551 -894754.4891072072 -904047.2192371851 -905796.027957719 -915049.9633605033 -937908.9094348035 -946703.039844778 -958448.4366581328 -971055.788533347 -976812.3257182539 -989693.2082111163 -998745.8931670286 -999860.8315266847 -1000679.614326812 -1071169.1742537385 -1071024.2266348286 -1079429.752358445 -1093233.4165638378

Equation: (((-0.14925794676812393 / x1) + 1172.7040589899755) + (sin(x3) / (x3 * x2))) + (cos(cos(x2)) * 0.2155201949585343)
Residual Differences:
-877983.4655400831 -885926.9505855136 -888756.7878069656 -894754.4792291283 -904047.209556762 -905796.017498996 -915049.9413216524 -937908.8803755757 -946703.0045439523 -958448.3952487292 -971055.7441738944 -976812.2798403754 -989693.1617575141 -998745.8386863223 -999860.7777935057 -1000679.5815977788 -1071169.143780961 -1071024.2237208344 -1079429.7353111596 -1093233.4029480244

Equation: x4
Residual Differences:
-3830627589.0093436 -3845929388.999839 -3848740511.810883 -3848874617.1172833 -3861765972.8941503 -3867639614.488422 -3883169687.4320626 -3886728847.5532618 -3898691651.4336815 -3901497568.774749 -3902766107.8734035 -3937988205.661356 -3941155319.6543555 -3949931667.905288 -3967413397.931421 -3985008828.7519755 -3991108585.748831 -3997379018.805414 -4005686201.446718 -4094911439.9125338

Equation: x1 ^ x0
Residual Differences:
-5.9460595161274664e+156 -7.893162043992069e+156 -9.689455127544443e+156 -1.0263562455336194e+157 -4.361427050980571e+157 -7.37937299383171e+157 -1.2978896523845036e+158 -2.672158362935961e+158 -5.483859245667705e+158 -1.1955387745687921e+159 -1.770602697017271e+159 -4.134717714635735e+159 -3.821001718648763e+160 -5.239724007118131e+160 -7.109842909856031e+160 -8.127291712873972e+160 -1.1810258800122193e+161 -1.2595179136571215e+161 -1.685737627536741e+161 -2.34071832349597e+161

Equation: x4 + (x0 ^ x0)
Residual Differences:
-5.8082989883353535e+156 -5.8775054485634526e+156 -7.13219146456714e+156 -7.529282877755181e+156 -4.1140321106583585e+157 -7.525065247352067e+157 -1.3143258055624114e+158 -3.0533846023422053e+158 -5.97252137372017e+158 -1.1919300925659143e+159 -1.34100724699075e+159 -3.0114928694402366e+159 -4.5066658162097365e+160 -6.286072173233067e+160 -8.617216714383846e+160 -8.730143763133981e+160 -1.3358703827963956e+161 -1.4373357252397e+161 -1.6977464891823217e+161 -2.4718928249099007e+161

Equation: x0 + 1168.804522591264
Residual Differences:
-3830625764.8483047 -3845927657.007396 -3848738884.629659 -3848873108.6680226 -3861764598.0137806 -3867638390.236061 -3883168631.835418 -3886727980.329642 -3898690994.262559 -3901497144.764596 -3902765942.400179 -3937988205.3971744 -3941155319.1026287 -3949931667.3746934 -3967413397.4753833 -3985008828.5151224 -3991108585.4345326 -3997379018.552916 -4005686201.3761497 -4094911439.78244

Equation: 1172.0982375662386 - sin(x4)
Residual Differences:
-3830625843.5193605 -3845927735.8217406 -3848738963.6295967 -3848873187.7981215 -3861764677.488139 -3867638469.867227 -3883168711.596193 -3886728060.2636347 -3898691074.4418664 -3901497225.108623 -3902766022.866018 -3937988286.175106 -3941155400.375799 -3949931748.6528325 -3967413478.736371 -3985008909.653585 -3991108666.5567436 -3997379099.5593886 -4005686282.200976 -4094911520.546375

Equation: (x0 / x4) + 1171.8158447375667
Residual Differences:
-3830625841.780362 -3845927734.043614 -3848738961.803528 -3848873185.9538813 -3861764675.7105665 -3867638468.1441917 -3883168709.945986 -3886728058.694439 -3898691072.8522058 -3901497223.58089 -3902766021.3401327 -3937988284.3475666 -3941155398.447967 -3949931746.681052 -3967413476.740182 -3985008907.68425 -3991108664.5804844 -3997379097.6124578 -4005686280.367887 -4094911518.7419977

Equation: 1172.5501482838094 - ((x0 - x3) * x3)
Residual Differences:
-3830625836.1281214 -3845927716.4220963 -3848738945.3644204 -3848873144.004474 -3861764651.096838 -3867638438.0744534 -3883168678.750365 -3886728034.055794 -3898691053.331404 -3901497211.6887236 -3902766010.628753 -3937988263.500409 -3941155412.613472 -3949931762.807637 -3967413495.7852306 -3985008926.8665442 -3991108683.456976 -3997379111.0082045 -4005686284.8382397 -4094911520.084866

Equation: 1172.8381831355987 + ((x4 - x0) * cos(x4))
Residual Differences:
-3830625841.764553 -3845927733.893317 -3848738961.5539446 -3848873185.6271834 -3861764675.594232 -3867638468.071337 -3883168709.9259405 -3886728058.7741094 -3898691072.8883405 -3901497223.670599 -3902766021.353712 -3937988284.392202 -3941155398.505822 -3949931746.7059555 -3967413476.717508 -3985008907.6488676 -3991108664.531028 -3997379097.5758944 -4005686280.404893 -4094911518.754077

Equation: (0.07803630150259039 * cos(x4)) + 1172.836729524481
Residual Differences:
-3830625841.714791 -3845927733.981148 -3848738961.7459874 -3848873185.9011793 -3861764675.6615944 -3867638468.096603 -3883168709.8975296 -3886728058.644038 -3898691072.807252 -3901497223.5330734 -3902766021.294864 -3937988284.303297 -3941155398.429689 -3949931746.675831 -3967413476.7515864 -3985008907.7173634 -3991108664.6220765 -3997379097.666369 -4005686280.4417844 -4094911518.8245573

Equation: 1172.6476218229668 + (cos(cos(x0)) * 0.19126011080406918)
Residual Differences:
-3830625841.877153 -3845927734.1408234 -3848738961.8982334 -3848873186.04538 -3861764675.782518 -3867638468.203347 -3883168709.991578 -3886728058.721716 -3898691072.861533 -3901497223.5748897 -3902766021.3230834 -3937988284.341964 -3941155398.460808 -3949931746.7043014 -3967413476.7722096 -3985008907.717963 -3991108664.623519 -3997379097.6563525 -4005686280.4107103 -4094911518.7881165

Equation: 1172.6501907591667 - (sin(-0.1051011280059851) / cos(sin(x0)))
Residual Differences:
-3830625841.8710456 -3845927734.1342373 -3848738961.892173 -3848873186.0400715 -3861764675.783302 -3867638468.206907 -3883168709.9973564 -3886728058.728438 -3898691072.867758 -3901497223.5792537 -3902766021.327153 -3937988284.333634 -3941155398.457216 -3949931746.704119 -3967413476.7755613 -3985008907.723492 -3991108664.6319346 -3997379097.6654725 -4005686280.4196315 -4094911518.79612

Equation: ((0.01790632901262441 * cos(x0)) + 1172.6926235550225) - (-0.08182977219349488 / cos(sin(x0)))
Residual Differences:
-3830625841.8336363 -3845927734.0968027 -3848738961.8551354 -3848873186.003212 -3861764675.752361 -3867638468.179142 -3883168709.9729986 -3886728058.7097387 -3898691072.8539934 -3901497223.570602 -3902766021.319846 -3937988284.3282804 -3941155398.4577765 -3949931746.7041435 -3967413476.775236 -3985008907.723444 -3991108664.632347 -3997379097.6673117 -4005686280.4234657 -4094911518.802316

Equation: (1172.4282804004167 + (0.794579027156154 / x4)) + ((0.053326489270670394 * x0) * cos(cos(x0)))
Residual Differences:
-3830625839.702759 -3845927731.9695616 -3848738959.698287 -3848873183.8397994 -3861764673.126946 -3867638465.342694 -3883168706.9314404 -3886728055.359142 -3898691069.2767954 -3901497219.7951493 -3902766017.5144 -3937988280.366261 -3941155394.6217155 -3949931742.948676 -3967413473.105913 -3985008904.0579143 -3991108661.0961056 -3997379094.154652 -4005686276.9654818 -4094911515.472161

Equation: x4
Residual Differences:
-171353057.76050234 -171747500.18078622 -172811129.50262836 -174636960.2152765 -174861698.19461098 -175273415.95258287 -175364079.15792596 -175839615.9596004 -176101812.91322634 -176253716.46211806 -176762038.700021 -178590110.89021966 -178888273.62504083 -180590930.83769673 -181290563.78417176 -181314305.2355766 -181920323.47735414 -182837793.7016172 -188177402.8750528 -191931255.07797828

Equation: x0 ^ x0
Residual Differences:
-4.145212721964723e+71 -4.286336840039998e+71 -4.767716598553072e+71 -1.540356275162023e+72 -1.7205405449607963e+72 -2.4640116311595415e+72 -1.0130805551097756e+73 -2.051365364647705e+73 -3.308384611792807e+73 -4.826058937033469e+73 -5.472998488825938e+73 -6.05144225694473e+73 -1.336957028262391e+74 -2.0020340435335957e+74 -2.0220892273703704e+74 -5.556398343241541e+74 -5.561107716806994e+74 -1.1260039939797011e+75 -1.6402884850816405e+75 -1.7123424868295857e+75

Equation: (x0 ^ x0) + x4
Residual Differences:
-4.145212721964723e+71 -4.286336840039998e+71 -4.767716598553072e+71 -1.540356275162023e+72 -1.7205405449607963e+72 -2.4640116311595415e+72 -1.0130805551097756e+73 -2.051365364647705e+73 -3.308384611792807e+73 -4.826058937033469e+73 -5.472998488825938e+73 -6.05144225694473e+73 -1.336957028262391e+74 -2.0020340435335957e+74 -2.0220892273703704e+74 -5.556398343241541e+74 -5.561107716806994e+74 -1.1260039939797011e+75 -1.6402884850816405e+75 -1.7123424868295857e+75

Equation: 1168.8045225104956 + x0
Residual Differences:
-171351233.58396965 -171745768.1135029 -172809502.16207033 -174635451.24968168 -174860323.19110626 -175272191.6524045 -175363023.43008474 -175838748.71092728 -176101155.75026155 -176253292.54500443 -176761873.26763737 -178590111.05579063 -178888273.69972146 -180590930.91690245 -181290564.0009883 -181314305.26326063 -181920323.51369774 -182837793.67514855 -188177402.8137115 -191931255.13836902

Equation: 1171.9753100013907 - sin(x4)
Residual Differences:
-171351273.66739923 -171745808.29644102 -172809542.43983468 -174635491.80376014 -174860363.9106547 -175272232.54748875 -175363064.76075572 -175838790.2994874 -176101197.6203817 -176253334.56600496 -176761915.42645046 -178590153.34364825 -178888316.13698208 -180590973.41464725 -181290606.47673053 -181314347.87091208 -181920366.02955034 -182837836.2518464 -188177445.36085406 -191931297.57959616

Equation: (x0 / x4) + 1171.8143622146245
Residual Differences:
-171351272.25630194 -171745806.89503613 -172809541.0672608 -174635490.49555087 -174860362.56303132 -175272231.20025027 -175363063.36983916 -175838788.8971708 -176101196.13831377 -176253333.11155516 -176761913.96234012 -178590151.63718614 -178888314.34361815 -180590971.54436064 -181290604.53296366 -181314345.90058565 -181920364.0507677 -182837834.25679606 -188177443.37207565 -191931295.6076656

Equation: ((x4 - x1) * x0) + 1172.5538205629957
Residual Differences:
-171351279.58166704 -171745810.04202333 -172809542.45766333 -174635491.74750787 -174860360.40597826 -175272229.7297536 -175363057.86681083 -175838784.65761098 -176101186.94895422 -176253329.81084713 -176761923.43274277 -178590147.54327324 -178888311.6071737 -180590967.43698373 -181290595.02576694 -181314337.42449507 -181920363.3553329 -182837835.3781766 -188177443.0143771 -191931299.40194404

Equation: (cos(x4) * (x4 - x0)) + 1172.8381830548212
Residual Differences:
-171351272.25262424 -171745806.80329397 -172809540.922699 -174635490.56933844 -174860362.51785234 -175272231.13475013 -175363063.46583825 -175838789.0338552 -176101196.19241473 -176253333.18413287 -176761913.97186214 -178590151.47159913 -178888314.24798083 -180590971.46608442 -181290604.4395448 -181314345.87673026 -181920364.0331127 -182837834.26939258 -188177443.4003964 -191931295.64218453

Equation: 1172.8367298336907 + (cos(x4) * 0.07803704283041668)
Residual Differences:
-171351272.18857652 -171745806.8242941 -172809540.99444118 -174635490.42661157 -174860362.48947343 -175272231.1244733 -175363063.2965747 -175838788.82345346 -176101196.06419042 -176253333.03498444 -176761913.88276327 -178590151.56808174 -178888314.28800547 -180590971.50169164 -181290604.50461194 -181314345.88537455 -181920364.04351318 -182837834.26481274 -188177443.39165124 -191931295.64205417

Equation: 1172.6450905087625 + (cos(cos(x0)) * 0.19200201328215433)
Residual Differences:
-171351272.35137713 -171745806.99073532 -172809541.16345003 -174635490.60200164 -174860362.66429108 -175272231.29667544 -175363063.45501643 -175838788.9675731 -176101196.19190586 -176253333.1511647 -176761913.98985237 -178590151.6724761 -178888314.37419257 -180590971.57448277 -181290604.56556273 -181314345.92550424 -181920364.07789415 -182837834.27777424 -188177443.3895161 -191931295.61887532

Equation: (cos(x0) / (x2 / 0.28870531781852393)) + 1172.8412515451923
Residual Differences:
-171351272.26381618 -171745806.89920178 -172809541.06806657 -174635490.49811396 -174860362.55942643 -175272231.19206303 -175363063.36107197 -175838788.88475615 -176101196.1189968 -176253333.0873765 -176761913.9307843 -178590151.60683426 -178888314.32238322 -180590971.5298174 -181290604.52172524 -181314345.90094933 -181920364.05702868 -182837834.27122864 -188177443.39340118 -191931295.6317202

Equation: 1172.841284823356 + ((cos(x0) / x4) * sin(sin(0.3009557547446698)))
Residual Differences:
-171351272.2634968 -171745806.89890173 -172809541.06780574 -174635490.49787796 -174860362.55919766 -175272231.19187257 -175363063.36091456 -175838788.8846304 -176101196.1189089 -176253333.0873035 -176761913.9307053 -178590151.60669154 -178888314.32225904 -180590971.52971423 -181290604.52164313 -181314345.900893 -181920364.05698672 -182837834.27121 -188177443.39340997 -191931295.63175356

Equation: (0.04298087351187875 * cos(x4 / -0.3793299583637452)) + 1172.8018481615209
Residual Differences:
-171351272.2857844 -171745806.9427634 -172809541.1292195 -174635490.57187527 -174860362.64754286 -175272231.28714073 -175363063.45623073 -175838788.97516257 -176101196.19286138 -176253333.15286046 -176761913.9820096 -178590151.62580553 -178888314.33913407 -180590971.54426 -181290604.53391632 -181314345.91149676 -181920364.06465775 -182837834.27334842 -188177443.38796085 -191931295.62243

Equation: 1172.8017945254196 + (cos(x3 / 0.5291000252797071) * sin(sin(-0.04556502309704574)))
Residual Differences:
-171351272.32117316 -171745806.95221582 -172809541.1181695 -174635490.53338307 -174860362.5819401 -175272231.21527547 -175363063.37909734 -175838788.8952132 -176101196.12807304 -176253333.08889282 -176761913.9303167 -178590151.6069036 -178888314.32477772 -180590971.5408994 -181290604.5457279 -181314345.92402813 -181920364.08102024 -182837834.29364836 -188177443.41242734 -191931295.65433314

Equation: x4
Residual Differences:
-6715285002.050876 -6843147435.738923 -6845689130.923839 -6853281932.118014 -6857607230.1741 -6870183215.127134 -6875654427.159595 -6881828251.058546 -6900982086.436006 -6903784880.201712 -6907783002.91696 -6924721704.41756 -6948551226.93618 -6969985479.118178 -6994955667.522965 -7009216232.559891 -7030048272.774403 -7066578388.703267 -7112193572.665413 -7174462162.010765

Equation: x0 ^ x1
Residual Differences:
-3.6398881110222136e+180 -3.895879220890477e+180 -4.820233283522753e+180 -8.10279882578305e+180 -3.841472482703498e+181 -7.524498314535056e+181 -1.062005604014199e+182 -2.0202297490035202e+182 -7.27748015856421e+182 -8.286927465812422e+182 -1.0174500893628309e+183 -1.5024671630498282e+183 -7.36905832641821e+183 -8.99197258062524e+183 -1.3840460647684584e+184 -4.077374371359832e+184 -8.780737036325561e+184 -1.1053481156596506e+185 -1.2288722333451764e+185 -1.6267161636275343e+185

Equation: (x0 ^ x0) + x3
Residual Differences:
-3.745112190752443e+180 -3.9450056709559997e+180 -4.763751512511774e+180 -5.276104333306579e+180 -1.6350506543688954e+181 -3.995287080279599e+181 -7.721835142329685e+181 -1.0447541550152133e+182 -1.1684269166147321e+182 -1.3073153161299994e+182 -2.0797577612747533e+182 -3.408085757992331e+182 -1.896869190241015e+183 -3.685743969309604e+183 -8.713031527263516e+183 -1.4876611935734526e+184 -3.2602305501088056e+184 -5.227611644634899e+184 -5.292445545507409e+184 -1.0323797261465235e+185

Equation: x4 + 1102.648502796926
Residual Differences:
-6715283310.094871 -6843145835.803517 -6845687635.664232 -6853280555.4494095 -6857605987.352495 -6870182122.990929 -6875653503.760389 -6881827516.187941 -6900981561.575601 -6903784588.616906 -6907782969.752754 -6924721704.41756 -6948551226.93618 -6969985479.118178 -6994955667.522966 -7009216232.55989 -7030048272.774404 -7066578388.703267 -7112193572.665413 -7174462162.010765

Equation: (x4 * x4) + 1102.648502796926
Residual Differences:
-6715274930.646662 -6843137455.600941 -6845679221.552172 -6853272140.015725 -6857597566.56612 -6870173690.328642 -6875645047.477521 -6881819003.059088 -6900973043.580843 -6903775956.737979 -6907774337.152108 -6924713079.43427 -6948542570.795766 -6969976811.513389 -6994946999.975533 -7009207547.320577 -7030039587.14431 -7066569693.767434 -7112184876.647076 -7174453458.937903

Equation: 1139.433666620951 + (x3 * (x3 + x3))
Residual Differences:
-6715266385.828749 -6843128792.790162 -6845670568.185524 -6853263445.268277 -6857588843.35786 -6870164948.148899 -6875636326.337503 -6881810308.637157 -6900964318.048707 -6903767338.125234 -6907765716.336479 -6924704403.106788 -6948533910.294009 -6969968084.138651 -6994938217.957412 -7009198783.011918 -7030030821.013436 -7066560918.345481 -7112176090.790066 -7174444671.817047

Equation: ((x3 - x3) + 42.66968691320664) + 1130.1261091454357
Residual Differences:
-6715283264.886754 -6843145790.6976185 -6845687590.84142 -6853280510.731683 -6857605942.761722 -6870182078.56263 -6875653459.558233 -6881827472.391983 -6900981517.903368 -6903784545.657249 -6907782926.894132 -6924721793.669801 -6948551316.258942 -6969985568.405645 -6994955756.713401 -7009216321.748489 -7030048361.868586 -7066578477.750908 -7112193661.622556 -7174462250.909495

Equation: 1172.765286899929 + ((x3 * (x3 + x3)) * 0.0009144847736799606)
Residual Differences:
-6715283249.451113 -6843145775.153291 -6845687575.274461 -6853280495.125577 -6857605927.124577 -6870182062.897127 -6875653443.890164 -6881827456.6959915 -6900981502.174362 -6903784529.921224 -6907782911.155339 -6924721777.7663965 -6948551300.341452 -6969985552.41655 -6994955740.674476 -7009216305.709582 -7030048345.827741 -7066578461.693099 -7112193645.554297 -7174462234.833684

Equation: 1172.7654725651466 + ((x2 * (x1 + x2)) * (x3 + (0.0009201729068579415 - x3)))
Residual Differences:
-6715283249.336107 -6843145775.1384735 -6845687575.251779 -6853280495.121572 -6857605927.108486 -6870182062.892927 -6875653443.86531 -6881827456.655419 -6900981502.131679 -6903784529.881521 -6907782911.092182 -6924721777.861275 -6948551300.354986 -6969985552.486424 -6994955740.780517 -7009216305.7273655 -7030048345.832102 -7066578461.674261 -7112193645.509032 -7174462234.73499

Equation: 1172.7949972159488 + (((x3 + x3) * x4) * ((-0.0017656712797175507 - x3) + (1.000427931575351 * x3)))
Residual Differences:
-6715282628.333287 -6843145149.609148 -6845686947.579312 -6853279865.8410425 -6857605296.432622 -6870181430.660262 -6875652810.724364 -6881826820.287981 -6900980864.297591 -6903783887.501712 -6907782268.682277 -6924721127.671294 -6948550648.369375 -6969984896.910805 -6994955082.985565 -7009215647.237824 -7030047687.156302 -7066577801.845702 -7112192985.118827 -7174461573.698722

Equation: x4
Residual Differences:
-143471403.13891795 -147202812.73272818 -148524019.1698079 -148671298.59135562 -149448328.08127835 -149937464.7264725 -150165866.80157924 -150330221.0888725 -150789048.03345662 -152116522.55052844 -152253663.89124188 -153132214.1356324 -153694371.91714558 -153884180.28130153 -154918010.93262106 -155651629.6861495 -156105507.9346461 -156196993.6713793 -160420781.08246332 -163192299.11785078

Equation: x0 ^ x0
Residual Differences:
-1.3634984680384358e+69 -1.7353761700193923e+69 -4.107523434690298e+69 -4.3738844514223414e+69 -6.6975534178861196e+69 -1.1710548517162326e+70 -1.3648470815063802e+70 -3.279449050823545e+70 -3.293679645524424e+70 -3.561455822088215e+70 -6.978553674630948e+70 -1.0903012478338762e+71 -1.7426972910639778e+71 -1.9180540620285514e+71 -4.3156262809459977e+71 -1.4587684416220601e+72 -2.342887864284335e+72 -3.1759864572452842e+72 -6.8134795496050395e+72 -7.485054361551885e+72

Equation: (x0 ^ x0) + x2
Residual Differences:
-1.3634984680384358e+69 -1.7353761700193923e+69 -4.107523434690298e+69 -4.3738844514223414e+69 -6.6975534178861196e+69 -1.1710548517162326e+70 -1.3648470815063802e+70 -3.279449050823545e+70 -3.293679645524424e+70 -3.561455822088215e+70 -6.978553674630948e+70 -1.0903012478338762e+71 -1.7426972910639778e+71 -1.9180540620285514e+71 -4.3156262809459977e+71 -1.4587684416220601e+72 -2.342887864284335e+72 -3.1759864572452842e+72 -6.8134795496050395e+72 -7.485054361551885e+72

Equation: x0 + 1168.8045225521969
Residual Differences:
-143469578.9191096 -147201080.51833925 -148522391.459474 -148669789.54556742 -149446952.8577832 -149936240.2057921 -150164811.00901884 -150329353.92839488 -150788390.8994766 -152116098.7248866 -152253498.36191458 -153132213.9084874 -153694371.86686522 -153884180.2623125 -154918010.83210608 -155651629.5547325 -156105507.71704155 -156196993.42677778 -160420780.73120522 -163192299.0420474

Equation: 1172.098237527159 - sin(x4)
Residual Differences:
-143469616.8578089 -147201118.50925115 -148522429.6327436 -148669827.74343523 -149446991.16155192 -149936278.67270148 -150164849.52855566 -150329392.79180562 -150788429.79808745 -152116137.70226514 -152253537.52991033 -153132253.37430453 -153694411.60125238 -153884219.9986377 -154918050.7462359 -155651669.85762078 -156105548.03741407 -156197033.74265707 -160420821.1445293 -163192339.64118126

Equation: 1173.8162662587602 - (x4 / x0)
Residual Differences:
-143469616.3869404 -147201118.13671705 -148522429.3553243 -148669827.55658537 -149446991.05810493 -149936278.62438133 -150164849.55993247 -150329392.76619598 -150788429.8389863 -152116137.78201258 -152253537.65777954 -153132253.16011703 -153694411.12033373 -153884219.43603814 -154918050.0732236 -155651668.9492751 -156105547.10806373 -156197032.78014046 -160420820.14094388 -163192338.37698013

Equation: ((x4 - x1) * x3) - -1172.5501482447355
Residual Differences:
-143469615.5437151 -147201118.12923762 -148522434.36644953 -148669829.88672438 -149446995.43678272 -149936277.81086725 -150164853.17481226 -150329387.3664995 -150788424.35367018 -152116134.15632826 -152253533.46833003 -153132251.31507656 -153694398.05403218 -153884216.98031458 -154918043.8733584 -155651660.86691487 -156105543.84850335 -156197034.3732307 -160420830.08755806 -163192335.40212548

Equation: 1172.8381830965473 - (cos(x4) * (x0 - x4))
Residual Differences:
-143469616.39827758 -147201118.15138996 -148522429.38592422 -148669827.5923922 -149446991.1075019 -149936278.686962 -150164849.62608546 -150329392.80254528 -150788429.86083177 -152116137.77756044 -152253537.7348814 -153132253.25074804 -153694411.0786637 -153884219.3715193 -154918050.09320876 -155651669.00928232 -156105547.26366633 -156197032.97144985 -160420820.449274 -163192338.41142914

Equation: 1172.8367296731801 - (-0.07803665485721467 * cos(x4))
Residual Differences:
-143469616.39609405 -147201118.14440933 -148522429.36639726 -148669827.5584775 -149446991.05404344 -149936278.6074721 -150164849.5384334 -150329392.7190618 -150788429.78594565 -152116137.72020206 -152253537.59222212 -153132253.08686075 -153694411.03737572 -153884219.35754502 -154918050.0012659 -155651668.88164634 -156105547.04976183 -156197032.72973698 -160420820.10026717 -163192338.34072116

Equation: 1172.6476212618666 - (cos(cos(x0)) * -0.19126078512951908)
Residual Differences:
-143469616.40213397 -147201118.15538016 -148522429.3851756 -148669827.58438292 -149446991.08916074 -149936278.65933013 -150164849.5921286 -150329392.80503747 -150788429.86998925 -152116137.80557734 -152253537.688137 -153132253.2151485 -153694411.18639576 -153884219.50963753 -154918050.16423032 -155651669.05235562 -156105547.21554852 -156197032.88794905 -160420820.2449821 -163192338.4706512

Equation: 1172.7002794504017 - ((-0.030076512981448606 * x0) * cos(cos(x0)))
Residual Differences:
-143469615.26787117 -147201117.02151066 -148522428.28151652 -148669826.48348868 -149446990.01610225 -149936277.63210288 -150164848.57958 -150329391.879661 -150788428.94629347 -152116136.89105478 -152253536.8426831 -153132252.40427676 -153694410.41631517 -153884218.74764735 -154918049.4580141 -155651668.3860749 -156105546.55024895 -156197032.21973327 -160420819.54917526 -163192337.7731555

Equation: 1172.80266710454 - (0.044910390549641376 * cos(x2 / 0.5278100503360484))
Residual Differences:
-143469616.45358866 -147201118.21410465 -148522429.44168162 -148669827.64295402 -149446991.14554754 -149936278.71771464 -150164849.6415512 -150329392.833759 -150788429.8932819 -152116137.8207125 -152253537.68997455 -153132253.19634035 -153694411.15880528 -153884219.47621074 -154918050.11305878 -155651668.99396023 -156105547.14887992 -156197032.8227487 -160420820.17881146 -163192338.40770128

Equation: 1172.8026314180447 - (sin(0.0447729259610028) * cos(x0 / 0.5225741501382004))
Residual Differences:
-143469616.46724752 -147201118.22355878 -148522429.45146087 -148669827.65223917 -149446991.15286675 -149936278.71334645 -150164849.64418584 -150329392.833084 -150788429.89921045 -152116137.8332457 -152253537.69377843 -153132253.19388995 -153694411.1498158 -153884219.47087574 -154918050.1028028 -155651668.96757957 -156105547.1281822 -156197032.80193347 -160420820.1633577 -163192338.3935453

Equation: (1172.67538779142 - (cos(x4) / (x1 ^ x2))) - ((-0.035245015327009806 * x4) * cos(cos(x1)))
Residual Differences:
-143469615.05303547 -147201116.80996373 -148522428.05774882 -148669826.2631075 -149446989.80431575 -149936277.3702996 -150164848.36717823 -150329391.6047974 -150788428.68036893 -152116136.6757528 -152253536.54860228 -153132252.14740673 -153694410.11581087 -153884218.62851533 -154918049.27468845 -155651668.23678952 -156105546.43870533 -156197032.13304737 -160420819.46736276 -163192337.69074106

Equation: (1172.7673906946502 + (sin(x2) * 0.12305089899263104)) - (cos(cos(x0)) * (0.2011179949249378 * sin(x0)))
Residual Differences:
-143469616.3815314 -147201118.13249427 -148522429.3694751 -148669827.57179993 -149446991.08490208 -149936278.6452081 -150164849.55541298 -150329392.77396652 -150788429.82946694 -152116137.75507718 -152253537.64660892 -153132253.16595736 -153694411.14466754 -153884219.46435344 -154918050.12125194 -155651669.03095055 -156105547.19025466 -156197032.86728257 -160420820.2318381 -163192338.45699307

Equation: (1172.771422508333 + (sin(x4) * 0.11582031126279148)) - ((sin(0.19073809617910906) * sin(x0)) * cos(cos(x0)))
Residual Differences:
-143469616.38486034 -147201118.13839614 -148522429.37586495 -148669827.57730687 -149446991.08911648 -149936278.66628423 -150164849.60373372 -150329392.81667852 -150788429.88219273 -152116137.81601587 -152253537.70745993 -153132253.22089028 -153694411.17499465 -153884219.4967786 -154918050.15631455 -155651669.04218656 -156105547.21593198 -156197032.89275604 -160420820.2663882 -163192338.46136045

Equation: (1172.733589084624 - (-0.19700974729774734 / x1)) - (((0.003090881998173892 * x3) * x4) * cos(x1 / -0.49970027506912285))
Residual Differences:
-143469610.91625875 -147201112.72105247 -148522424.32195196 -148669822.6040535 -149446986.77062345 -149936274.406867 -150164846.39518014 -150329390.34512278 -150788427.56990576 -152116136.50473526 -152253536.41734198 -153132253.47225007 -153694411.62464145 -153884223.13726312 -154918053.84817436 -155651674.1689062 -156105552.92960456 -156197038.88808843 -160420825.57558084 -163192343.85123667

Equation: x4
Residual Differences:
-103762572.19050972 -104425774.80354479 -106677758.47340958 -106703220.99822205 -107287482.62064533 -107614199.09453115 -108149497.04135498 -108257645.8349349 -108853001.5027761 -109169284.8752259 -109173883.15187623 -109420388.92653827 -109913489.93793996 -110166462.75893903 -110172621.342776 -111002935.35147066 -111016042.28293839 -113272241.95221311 -113661570.72388555 -116479018.395671

Equation: x0 ^ x0
Residual Differences:
-2.7414661335911817e+63 -3.46077519761924e+63 -7.557139365331942e+63 -8.58730224194471e+63 -9.906537296755882e+63 -1.107821143302918e+64 -1.2760645280452143e+64 -1.484193878689142e+64 -2.1067903699268615e+64 -3.3224925881691005e+64 -4.31859427233364e+64 -4.982108243322911e+64 -1.5769149761614981e+65 -1.628679094037678e+65 -2.572913572616542e+65 -1.2096338259474855e+66 -4.399009561780389e+66 -4.829652650730983e+66 -7.984421856539086e+66 -1.952699941423756e+67

Equation: (x0 ^ x0) + x4
Residual Differences:
-2.7414661335911817e+63 -3.46077519761924e+63 -7.557139365331942e+63 -8.58730224194471e+63 -9.906537296755882e+63 -1.107821143302918e+64 -1.2760645280452143e+64 -1.484193878689142e+64 -2.1067903699268615e+64 -3.3224925881691005e+64 -4.31859427233364e+64 -4.982108243322911e+64 -1.5769149761614981e+65 -1.628679094037678e+65 -2.572913572616542e+65 -1.2096338259474855e+66 -4.399009561780389e+66 -4.829652650730983e+66 -7.984421856539086e+66 -1.952699941423756e+67

Equation: x1 - -1168.037385130068
Residual Differences:
-103760749.51382655 -104424044.01417242 -106676132.41326311 -106701713.5466328 -107286108.92872292 -107612976.16941638 -108148442.84685409 -108256780.0118044 -108852345.63884325 -109168862.46469139 -109173719.03339827 -109420388.56260547 -109913489.49219207 -110166462.23206244 -110172620.86693124 -111002934.9384015 -111016042.08280104 -113272241.49584231 -113661570.23644032 -116479018.1791858

Equation: cos(x0) + 1172.7129767190816
Residual Differences:
-103760784.26248871 -104424079.0651584 -106676167.78510264 -106701749.06928024 -107286144.67815885 -107613012.03937511 -108148478.82665521 -108256816.29976584 -108852382.07369225 -109168898.99971354 -109173755.77479118 -109420425.39625794 -109913526.53104062 -110166499.40640014 -110172658.13650084 -111002972.2598868 -111016079.38214378 -113272279.08429317 -113661607.85126756 -116479055.73254004

Equation: (x4 - x1) + 1172.7129767190816
Residual Differences:
-103760782.81371357 -104424077.69542713 -106676166.22066693 -106701747.47664842 -107286143.17024283 -107613010.46292041 -108148477.27466127 -108256814.93132453 -108852380.7631715 -109168897.51719688 -109173754.46308853 -109420425.46763812 -109913526.49930298 -110166499.36290935 -110172657.92416427 -111002971.87851857 -111016078.76230772 -113272278.6279552 -113661607.37489153 -116479054.99737628

Equation: 1173.795552731984 - cos(sin(5303.030478412251))
Residual Differences:
-103760782.70516123 -104424077.45358562 -106676166.0322513 -106701747.30579 -107286142.91205128 -107613010.2861365 -108148477.09149124 -108256814.59092487 -108852380.37176949 -109168897.30359323 -109173754.12094143 -109420425.10370533 -109913526.0535551 -110166498.83603275 -110172657.44831951 -111002971.46544941 -111016078.56217039 -113272278.17158441 -113661606.88744631 -116479054.78089108

Equation: (x4 - x1) + ((x1 - x3) + 1172.7755960586421)
Residual Differences:
-103760782.80479316 -104424077.60418172 -106676166.16215743 -106701747.39012147 -107286142.97148156 -107613010.25844723 -108148477.05468562 -108256814.59888035 -108852380.40685657 -109168897.16312519 -109173753.97622284 -109420425.14066905 -109913526.05538346 -110166499.32238814 -110172658.05704743 -111002971.98323396 -111016078.86092044 -113272278.51359388 -113661607.34932154 -116479054.97988756

Equation: (x3 - x3) + ((x2 * (x4 - x3)) + 1172.7143584961425)
Residual Differences:
-103760785.9615855 -104424082.76773031 -106676170.51931934 -106701749.97797717 -107286144.59049827 -107613008.43951838 -108148474.87379281 -108256814.18115972 -108852381.06388538 -109168890.82091364 -109173747.45455313 -109420425.87405717 -109913525.38508147 -110166518.0716173 -110172681.73014303 -111002992.09202927 -111016090.17114691 -113272291.57329689 -113661625.29629487 -116479062.31874476

Equation: (x4 - x1) + (((-0.2110335397029714 - x3) / x2) + 1173.793485831572)
Residual Differences:
-103760782.73518023 -104424077.60921797 -106676166.13440172 -106701747.38431735 -107286143.0705683 -107613010.36056016 -108148477.17071372 -108256814.82584119 -108852380.65210201 -109168897.40256271 -109173754.34619084 -109420425.4032914 -109913526.43370704 -110166499.31156038 -110172657.87941428 -111002971.83139813 -111016078.7157242 -113272278.58428578 -113661607.33351912 -116479054.95499639

Equation: (4146.949089782809 / (-4211.974224535262 / x3)) + (1172.7129767190816 + x4)
Residual Differences:
-103760782.2689007 -104424077.06573032 -106676165.62042835 -106701746.84666099 -107286142.42629296 -107613009.71128751 -108148476.50579043 -108256814.04655765 -108852379.85252792 -109168896.60712583 -109173753.418435 -109420424.58158949 -109913525.49779658 -110166498.75791575 -110172657.4902466 -111002971.4177069 -111016078.29622369 -113272277.94915342 -113661606.78389218 -116479054.41509454

Equation: ((0.08992099618038397 / x0) + ((x4 - x3) * x4)) + ((x4 - x3) * 58053.99197670918)
Residual Differences:
-103766569.96185853 -104432825.40639772 -106683712.04185914 -106706645.71190844 -107289594.71155941 -107611400.96398535 -108146338.16184695 -108257276.01204742 -108854417.97742546 -109160736.15776739 -109165346.03696068 -109422571.77676387 -109913631.56090523 -110194752.68210806 -110208020.53737932 -111033051.29321982 -111033433.72245878 -113292146.50077684 -113688438.84011903 -116490614.83736208

Equation: (1172.5030232030078 + ((0.009323031898420386 / x3) / (x3 - x2))) + ((x1 * (x4 * x4)) * ((0.0430409401323849 / x0) / x3))
Residual Differences:
-103760781.29540986 -104424076.0484388 -106676164.62623014 -106701745.8926017 -107286141.49143276 -107613008.85587816 -108148475.6593238 -108256813.14775394 -108852378.92938483 -109168895.84830798 -109173752.65920706 -109420423.64416316 -109913524.59785408 -110166497.39572604 -110172656.0060088 -111002970.03507473 -111016077.12157266 -113272276.75082666 -113661605.43667151 -116479053.32463154

Equation: x4
Residual Differences:
-2915597360.9815774 -2921441009.644353 -2923390594.5204325 -2955713105.640968 -2985048125.202908 -2996810342.051405 -2998516231.983876 -3006005654.687831 -3006740319.04116 -3008428774.1818485 -3019396891.174469 -3025106020.1002684 -3029793823.783339 -3030634946.0821958 -3043252245.1705065 -3052041089.788172 -3063300996.8681397 -3089539848.233384 -3114066771.7403502 -3153949022.146185

Equation: x0 ^ x0
Residual Differences:
-1.293479019944885e+147 -1.9219059243695216e+147 -2.4752681036376617e+147 -5.159894328291048e+147 -6.672238743369183e+147 -1.7049494711889183e+148 -2.589891764361073e+148 -2.655355102369829e+148 -3.6984080715334565e+148 -4.688215506783334e+148 -5.399937163223264e+148 -8.644994104762655e+148 -1.0560829185702915e+149 -1.8535563707901845e+149 -3.598420848775726e+149 -1.3043024675118198e+150 -4.2067173640584384e+150 -8.866901971909837e+150 -1.0766383201498243e+151 -1.5393359697775473e+151

Equation: (x0 ^ x0) + x2
Residual Differences:
-1.293479019944885e+147 -1.9219059243695216e+147 -2.4752681036376617e+147 -5.159894328291048e+147 -6.672238743369183e+147 -1.7049494711889183e+148 -2.589891764361073e+148 -2.655355102369829e+148 -3.6984080715334565e+148 -4.688215506783334e+148 -5.399937163223264e+148 -8.644994104762655e+148 -1.0560829185702915e+149 -1.8535563707901845e+149 -3.598420848775726e+149 -1.3043024675118198e+150 -4.2067173640584384e+150 -8.866901971909837e+150 -1.0766383201498243e+151 -1.5393359697775473e+151

Equation: x4 + 1168.7237224918651
Residual Differences:
-2915595536.875132 -2921439277.558508 -2923388967.110388 -2955711596.8219223 -2985046750.230863 -2996809117.76476 -2998515176.434231 -3006004787.666786 -3006739662.0303144 -3008428350.446604 -3019396725.859824 -3025106020.1002684 -3029793823.783339 -3030634946.082196 -3043252245.170506 -3052041089.7881722 -3063300996.8681397 -3089539848.233384 -3114066771.7403502 -3153949022.146185

Equation: 1172.098237466676 - sin(x4)
Residual Differences:
-2915595611.7399 -2921439352.4322343 -2923389041.99106 -2955711671.709772 -2985046825.1523137 -2996809192.7054305 -2998515251.393117 -3006004862.6431937 -3006739737.0303383 -3008428425.477254 -3019396800.928769 -3025106095.3163 -3029793898.9476185 -3030635021.205772 -3043252320.231408 -3052041164.7865224 -3063301071.8332195 -3089539923.095032 -3114066846.5332794 -3153949096.830988

Equation: 1173.8162661982803 - (x4 / x0)
Residual Differences:
-2915595609.5904837 -2921439350.408484 -2923389040.0880146 -2955711669.9226274 -2985046823.61895 -2996809191.393363 -2998515250.409801 -3006004861.7727466 -3006739736.3240905 -3008428424.9050155 -3019396800.4452763 -3025106094.5778728 -3029793898.304206 -3030635020.7683716 -3043252319.8242154 -3052041164.439061 -3063301071.610198 -3089539922.875946 -3114066846.388755 -3153949096.727106

Equation: 1172.5501481842696 + ((x4 - x1) * x3)
Residual Differences:
-2915595607.9798975 -2921439353.7237654 -2923389046.168373 -2955711691.067167 -2985046842.408189 -2996809201.159157 -2998515250.267983 -3006004863.800242 -3006739751.5838714 -3008428438.023815 -3019396825.733893 -3025106128.508183 -3029793929.660113 -3030635035.573823 -3043252332.5300837 -3052041173.793457 -3063301072.101512 -3089539927.567534 -3114066844.9758453 -3153949096.583053

Equation: (cos(x4) * (x4 - x0)) + 1172.8381830360813
Residual Differences:
-2915595609.5971518 -2921439350.387022 -2923389040.0509834 -2955711669.796165 -2985046823.5937996 -2996809191.3314734 -2998515250.5046463 -3006004861.888494 -3006739736.460298 -3008428425.0547667 -3019396800.5889134 -3025106094.66128 -3029793898.490519 -3030635021.0721993 -3043252320.077522 -3052041164.577044 -3063301071.71588 -3089539922.908201 -3114066846.462833 -3153949096.7905903

Equation: (cos(x4) * 0.07803719881462712) + 1172.8367298968685
Residual Differences:
-2915595609.6578293 -2921439350.4791074 -2923389040.160388 -2955711669.996896 -2985046823.697673 -2996809191.4744964 -2998515250.489716 -3006004861.848705 -3006739736.395361 -3008428424.97065 -3019396800.5050483 -3025106094.634548 -3029793898.3636823 -3030635020.824315 -3043252319.885049 -3052041164.5042014 -3063301071.6722083 -3089539922.946993 -3114066846.459576 -3153949096.8033957

Equation: 1172.6476204008436 + (cos(cos(x0)) * 0.19126181922780888)
Residual Differences:
-2915595609.6542916 -2921439350.4814634 -2923389040.165798 -2955711670.011165 -2985046823.7062697 -2996809191.4861674 -2998515250.497692 -3006004861.8537993 -3006739736.3987336 -3008428424.9719534 -3019396800.504095 -3025106094.6541595 -3029793898.386535 -3030635020.8533554 -3043252319.9108143 -3052041164.516686 -3063301071.672564 -3089539922.9283366 -3114066846.4357224 -3153949096.7655873

Equation: cos(cos(x1) * (x3 * 0.126050816264653)) + 1171.845883853617
Residual Differences:
-2915595609.8333898 -2921439351.2041707 -2923389041.2746725 -2955711671.8741584 -2985046825.6105385 -2996809193.3723063 -2998515252.324093 -3006004863.6623297 -3006739738.2797055 -3008428426.8678207 -3019396802.3288937 -3025106096.0173635 -3029793899.136966 -3030635021.2826257 -3043252320.126014 -3052041164.5292344 -3063301071.647275 -3089539923.1036086 -3114066846.7664413 -3153949097.4685388

Equation: (1172.943667021407 - (-0.05221756673715561 * cos(x4))) - (cos(sin(x0)) * (x3 * (x3 - x1)))
Residual Differences:
-2915595603.736533 -2921439339.069114 -2923389035.181651 -2955711670.2602725 -2985046819.3583827 -2996809191.7642174 -2998515248.8708696 -3006004861.2954636 -3006739727.7738123 -3008428422.1215515 -3019396785.422959 -3025106069.7469196 -3029793869.397084 -3030634990.8730297 -3043252296.1595235 -3052041152.5779266 -3063301056.8735056 -3089539907.95787 -3114066843.841636 -3153949094.655132

Equation: (0.26616244000532696 * cos(cos(x0))) + ((sin(x2) * (0.23678358870927857 / x4)) + 1172.6274478126838)
Residual Differences:
-2915595609.587948 -2921439350.4261136 -2923389040.1193094 -2955711669.974929 -2985046823.6763525 -2996809191.4643717 -2998515250.4803066 -3006004861.8387327 -3006739736.3850937 -3008428424.9595313 -3019396800.491096 -3025106094.6305137 -3029793898.364394 -3030635020.832212 -3043252319.8900566 -3052041164.4919314 -3063301071.6425343 -3089539922.894926 -3114066846.4024844 -3153949096.7309203

Equation: x4
Residual Differences:
-879797.9023799788 -887649.1723146915 -890374.0452784706 -896252.914780155 -905411.3792107601 -907009.3795511305 -916094.4080377864 -938764.708656183 -947348.5243333572 -958860.3315285261 -971209.075492586 -976800.4105120591 -989681.3232513615 -998734.0619507886 -999849.0606094102 -1000667.7281604003 -1071157.3798093193 -1071012.475121675 -1079417.9821348584 -1093221.7533609832

Equation: x0 ^ x0
Residual Differences:
-2.5658227515386125e+17 -2.6589101082321347e+17 -3.632964067693969e+17 -5.201468252046228e+17 -5.6892296787676e+17 -8.055269994277814e+17 -1.5619774599879212e+18 -2.31095885233726e+18 -2.986079365996754e+18 -4.2912117961832463e+18 -7.695967882993694e+18 -8.019982571026816e+18 -8.607217879846555e+18 -9.248555092249997e+18 -1.1085977909897181e+19 -5.745686496502003e+19 -6.497619618363301e+19 -1.7630138990346607e+20 -1.8316903247461335e+20 -2.237416903009923e+20

Equation: (x0 ^ x0) + x2
Residual Differences:
-2.5658227515386125e+17 -2.658910108232135e+17 -3.632964067693969e+17 -5.201468252046228e+17 -5.6892296787676e+17 -8.055269994277814e+17 -1.5619774599879212e+18 -2.31095885233726e+18 -2.986079365996754e+18 -4.2912117961832463e+18 -7.695967882993694e+18 -8.019982571026816e+18 -8.607217879846555e+18 -9.248555092249997e+18 -1.1085977909897181e+19 -5.745686496502003e+19 -6.497619618363301e+19 -1.7630138990346607e+20 -1.8316903247461335e+20 -2.237416903009923e+20

Equation: x0 + 1168.8045229023342
Residual Differences:
-877973.6494860821 -885916.992984833 -888746.6287037247 -894744.1141881074 -904036.7109480007 -905785.3162488984 -915038.960140872 -937897.6989442641 -946691.6608497396 -958436.8624049599 -971043.9651557127 -976800.623193673 -989681.577892017 -998734.335768875 -999849.3201317491 -1000667.7911710992 -1071157.4186201727 -1071012.3362534693 -1079417.9529784506 -1093221.67360202

Equation: 1172.102629094928 - sin(x4)
Residual Differences:
-877985.7640473325 -885929.077672641 -888758.6753251689 -894756.160671507 -904048.5029217044 -905797.1968353145 -915050.975734027 -937909.8226152601 -946703.6728798228 -958448.7888032418 -971055.9956871154 -976812.8021574765 -989693.6642979187 -998746.3421279775 -999861.270352467 -1000679.8980975206 -1071169.45754856 -1071024.4733000488 -1079429.9099680881 -1093233.5572725337

Equation: 1171.8158450480319 + (x0 / x4)
Residual Differences:
-877983.5042889889 -885926.9611749245 -888756.7872278136 -894754.4713780798 -904047.2109239121 -905796.0050359264 -915049.9191926854 -937908.8574857215 -946702.9969364943 -958448.4030374844 -971055.7579525645 -976812.2898808653 -989693.1653622893 -998745.842919452 -999860.7739295202 -1000679.5675513697 -1071169.1253347755 -1071024.1941449784 -1079429.7268604047 -1093233.3962763394

Equation: 1172.5501485942566 + (x3 * (x3 - x0))
Residual Differences:
-877982.2481058764 -885925.6120736697 -888756.0915665219 -894754.4438769125 -904046.1349019038 -905795.532897277 -915049.595719044 -937910.0747850299 -946704.5620940049 -958449.1279336911 -971058.1871447869 -976814.8195879504 -989695.5937140412 -998746.8483455486 -999862.0470042869 -1000680.4813237137 -1071169.9924586867 -1071028.5299043478 -1079431.940144255 -1093232.180577489

Equation: ((x4 - x0) * cos(x4)) + 1172.838183446082
Residual Differences:
-877983.4785968568 -885926.9643722613 -888756.8505502358 -894754.5586824425 -904047.5666211331 -905796.2865681142 -915050.0894074221 -937908.940873561 -946703.2042766567 -958448.7058393159 -971055.9911209918 -976812.5249330783 -989693.4360713128 -998746.1313034631 -999861.0525811712 -1000679.6735648296 -1071169.2219892417 -1071024.1821915577 -1079429.7853196724 -1093233.4358984174

Equation: (0.0780333445893504 * cos(x4)) + 1172.8367282797165
Residual Differences:
-877983.5660246359 -885927.0240244174 -888756.8536372235 -894754.5409538256 -904047.2701221899 -905796.0673339576 -915049.9871913691 -937908.9276755885 -946703.0551236578 -958448.446466836 -971055.7975449547 -976812.3250014061 -989693.2026983269 -998745.8847500185 -999860.8226507138 -1000679.6251461894 -1071169.1914544487 -1071024.2738656956 -1079429.8001749802 -1093233.479832988

Equation: (0.10809371580198827 / cos(sin(x1))) + 1172.6437475390771
Residual Differences:
-877983.5675078373 -885927.0418641574 -888756.862863158 -894754.548792849 -904047.2709211389 -905796.0750151393 -915049.9969513909 -937908.9392919033 -946703.0633957088 -958448.4543724289 -971055.8044148908 -976812.337214931 -989693.2179650698 -998745.898606328 -999860.8346807201 -1000679.6284013661 -1071169.1878116007 -1071024.2533911557 -1079429.7705614187 -1093233.4363164913

Equation: (sin(0.10809371580198827) / cos(sin(x0))) + 1172.6437475390771
Residual Differences:
-877983.5698987967 -885927.0259018688 -888756.8541657713 -894754.5438255974 -904047.2651498934 -905796.0678224525 -915049.9948362071 -937908.9373694769 -946703.0635827428 -958448.4564781791 -971055.8072424054 -976812.3416636721 -989693.2238749366 -998745.9092495862 -999860.8486885967 -1000679.6430395897 -1071169.2041127775 -1071024.2630856705 -1079429.7861835873 -1093233.4486437144

Equation: 1172.8018460986616 + (0.04297647253801416 * cos(x4 / 0.3793251121894125))
Residual Differences:
-877983.5100116851 -885926.9815970192 -888756.8307177273 -894754.5328542589 -904047.2753919392 -905796.0766907785 -915049.997456379 -937908.9372561161 -946703.0526147791 -958448.4230797507 -971055.7613734367 -976812.2950258101 -989693.1718579608 -998745.8538217741 -999860.7902146656 -1000679.5803822048 -1071169.142277119 -1071024.217504189 -1079429.7377717681 -1093233.4045912183

Equation: 1172.8026074666384 + (sin(sin(-0.04513434037377588)) * cos(x4 / 0.5324394069635909))
Residual Differences:
-877983.5089655112 -885926.9641964814 -888756.7839086925 -894754.4679656154 -904047.1999768681 -905795.9977490719 -915049.9194982417 -937908.8594274386 -946702.9994079937 -958448.4092045332 -971055.7681062517 -976812.3068380766 -989693.1925634808 -998745.879563331 -999860.8210448894 -1000679.6469299786 -1071169.211649476 -1071024.2980715053 -1079429.8289476729 -1093233.5021871089

Equation: (cos(cos(x1)) * 0.23854204862496653) + ((sin(x4) / (x4 * x4)) + 1172.6496125740764)
Residual Differences:
-877983.4832806344 -885926.974700276 -888756.8052566604 -894754.5002787979 -904047.2298905115 -905796.0419149295 -915049.9687195832 -937908.9146358963 -946703.0392528091 -958448.4303905977 -971055.7800431766 -976812.3053988386 -989693.185192313 -998745.8626330345 -999860.7964482101 -1000679.5839126391 -1071169.1434138117 -1071024.2090292168 -1079429.7290852305 -1093233.3984855

Equation: (cos(cos(x0)) * sin(sin(0.2584271881151971))) + (1172.6370521940482 + (sin(x4) / (x4 * 4.456239433421058)))
Residual Differences:
-877983.4849338206 -885926.9500451676 -888756.7894201551 -894754.4891072072 -904047.2192371851 -905796.027957719 -915049.9633605033 -937908.9094348035 -946703.039844778 -958448.4366581328 -971055.788533347 -976812.3257182539 -989693.2082111163 -998745.8931670286 -999860.8315266847 -1000679.614326812 -1071169.1742537385 -1071024.2266348286 -1079429.752358445 -1093233.4165638378

Equation: (((-0.14925794676812393 / x1) + 1172.7040589899755) + (sin(x3) / (x3 * x2))) + (cos(cos(x2)) * 0.2155201949585343)
Residual Differences:
-877983.4655400831 -885926.9505855136 -888756.7878069656 -894754.4792291283 -904047.209556762 -905796.017498996 -915049.9413216524 -937908.8803755757 -946703.0045439523 -958448.3952487292 -971055.7441738944 -976812.2798403754 -989693.1617575141 -998745.8386863223 -999860.7777935057 -1000679.5815977788 -1071169.143780961 -1071024.2237208344 -1079429.7353111596 -1093233.4029480244

Equation: x4
Residual Differences:
-3830627589.0093436 -3845929388.999839 -3848740511.810883 -3848874617.1172833 -3861765972.8941503 -3867639614.488422 -3883169687.4320626 -3886728847.5532618 -3898691651.4336815 -3901497568.774749 -3902766107.8734035 -3937988205.661356 -3941155319.6543555 -3949931667.905288 -3967413397.931421 -3985008828.7519755 -3991108585.748831 -3997379018.805414 -4005686201.446718 -4094911439.9125338

Equation: x1 ^ x0
Residual Differences:
-5.9460595161274664e+156 -7.893162043992069e+156 -9.689455127544443e+156 -1.0263562455336194e+157 -4.361427050980571e+157 -7.37937299383171e+157 -1.2978896523845036e+158 -2.672158362935961e+158 -5.483859245667705e+158 -1.1955387745687921e+159 -1.770602697017271e+159 -4.134717714635735e+159 -3.821001718648763e+160 -5.239724007118131e+160 -7.109842909856031e+160 -8.127291712873972e+160 -1.1810258800122193e+161 -1.2595179136571215e+161 -1.685737627536741e+161 -2.34071832349597e+161

Equation: x4 + (x0 ^ x0)
Residual Differences:
-5.8082989883353535e+156 -5.8775054485634526e+156 -7.13219146456714e+156 -7.529282877755181e+156 -4.1140321106583585e+157 -7.525065247352067e+157 -1.3143258055624114e+158 -3.0533846023422053e+158 -5.97252137372017e+158 -1.1919300925659143e+159 -1.34100724699075e+159 -3.0114928694402366e+159 -4.5066658162097365e+160 -6.286072173233067e+160 -8.617216714383846e+160 -8.730143763133981e+160 -1.3358703827963956e+161 -1.4373357252397e+161 -1.6977464891823217e+161 -2.4718928249099007e+161

Equation: x0 + 1168.804522591264
Residual Differences:
-3830625764.8483047 -3845927657.007396 -3848738884.629659 -3848873108.6680226 -3861764598.0137806 -3867638390.236061 -3883168631.835418 -3886727980.329642 -3898690994.262559 -3901497144.764596 -3902765942.400179 -3937988205.3971744 -3941155319.1026287 -3949931667.3746934 -3967413397.4753833 -3985008828.5151224 -3991108585.4345326 -3997379018.552916 -4005686201.3761497 -4094911439.78244

Equation: 1172.0982375662386 - sin(x4)
Residual Differences:
-3830625843.5193605 -3845927735.8217406 -3848738963.6295967 -3848873187.7981215 -3861764677.488139 -3867638469.867227 -3883168711.596193 -3886728060.2636347 -3898691074.4418664 -3901497225.108623 -3902766022.866018 -3937988286.175106 -3941155400.375799 -3949931748.6528325 -3967413478.736371 -3985008909.653585 -3991108666.5567436 -3997379099.5593886 -4005686282.200976 -4094911520.546375

Equation: (x0 / x4) + 1171.8158447375667
Residual Differences:
-3830625841.780362 -3845927734.043614 -3848738961.803528 -3848873185.9538813 -3861764675.7105665 -3867638468.1441917 -3883168709.945986 -3886728058.694439 -3898691072.8522058 -3901497223.58089 -3902766021.3401327 -3937988284.3475666 -3941155398.447967 -3949931746.681052 -3967413476.740182 -3985008907.68425 -3991108664.5804844 -3997379097.6124578 -4005686280.367887 -4094911518.7419977

Equation: 1172.5501482838094 - ((x0 - x3) * x3)
Residual Differences:
-3830625836.1281214 -3845927716.4220963 -3848738945.3644204 -3848873144.004474 -3861764651.096838 -3867638438.0744534 -3883168678.750365 -3886728034.055794 -3898691053.331404 -3901497211.6887236 -3902766010.628753 -3937988263.500409 -3941155412.613472 -3949931762.807637 -3967413495.7852306 -3985008926.8665442 -3991108683.456976 -3997379111.0082045 -4005686284.8382397 -4094911520.084866

Equation: 1172.8381831355987 + ((x4 - x0) * cos(x4))
Residual Differences:
-3830625841.764553 -3845927733.893317 -3848738961.5539446 -3848873185.6271834 -3861764675.594232 -3867638468.071337 -3883168709.9259405 -3886728058.7741094 -3898691072.8883405 -3901497223.670599 -3902766021.353712 -3937988284.392202 -3941155398.505822 -3949931746.7059555 -3967413476.717508 -3985008907.6488676 -3991108664.531028 -3997379097.5758944 -4005686280.404893 -4094911518.754077

Equation: (0.07803630150259039 * cos(x4)) + 1172.836729524481
Residual Differences:
-3830625841.714791 -3845927733.981148 -3848738961.7459874 -3848873185.9011793 -3861764675.6615944 -3867638468.096603 -3883168709.8975296 -3886728058.644038 -3898691072.807252 -3901497223.5330734 -3902766021.294864 -3937988284.303297 -3941155398.429689 -3949931746.675831 -3967413476.7515864 -3985008907.7173634 -3991108664.6220765 -3997379097.666369 -4005686280.4417844 -4094911518.8245573

Equation: 1172.6476218229668 + (cos(cos(x0)) * 0.19126011080406918)
Residual Differences:
-3830625841.877153 -3845927734.1408234 -3848738961.8982334 -3848873186.04538 -3861764675.782518 -3867638468.203347 -3883168709.991578 -3886728058.721716 -3898691072.861533 -3901497223.5748897 -3902766021.3230834 -3937988284.341964 -3941155398.460808 -3949931746.7043014 -3967413476.7722096 -3985008907.717963 -3991108664.623519 -3997379097.6563525 -4005686280.4107103 -4094911518.7881165

Equation: 1172.6501907591667 - (sin(-0.1051011280059851) / cos(sin(x0)))
Residual Differences:
-3830625841.8710456 -3845927734.1342373 -3848738961.892173 -3848873186.0400715 -3861764675.783302 -3867638468.206907 -3883168709.9973564 -3886728058.728438 -3898691072.867758 -3901497223.5792537 -3902766021.327153 -3937988284.333634 -3941155398.457216 -3949931746.704119 -3967413476.7755613 -3985008907.723492 -3991108664.6319346 -3997379097.6654725 -4005686280.4196315 -4094911518.79612

Equation: ((0.01790632901262441 * cos(x0)) + 1172.6926235550225) - (-0.08182977219349488 / cos(sin(x0)))
Residual Differences:
-3830625841.8336363 -3845927734.0968027 -3848738961.8551354 -3848873186.003212 -3861764675.752361 -3867638468.179142 -3883168709.9729986 -3886728058.7097387 -3898691072.8539934 -3901497223.570602 -3902766021.319846 -3937988284.3282804 -3941155398.4577765 -3949931746.7041435 -3967413476.775236 -3985008907.723444 -3991108664.632347 -3997379097.6673117 -4005686280.4234657 -4094911518.802316

Equation: (1172.4282804004167 + (0.794579027156154 / x4)) + ((0.053326489270670394 * x0) * cos(cos(x0)))
Residual Differences:
-3830625839.702759 -3845927731.9695616 -3848738959.698287 -3848873183.8397994 -3861764673.126946 -3867638465.342694 -3883168706.9314404 -3886728055.359142 -3898691069.2767954 -3901497219.7951493 -3902766017.5144 -3937988280.366261 -3941155394.6217155 -3949931742.948676 -3967413473.105913 -3985008904.0579143 -3991108661.0961056 -3997379094.154652 -4005686276.9654818 -4094911515.472161

Equation: x4
Residual Differences:
-171353057.76050234 -171747500.18078622 -172811129.50262836 -174636960.2152765 -174861698.19461098 -175273415.95258287 -175364079.15792596 -175839615.9596004 -176101812.91322634 -176253716.46211806 -176762038.700021 -178590110.89021966 -178888273.62504083 -180590930.83769673 -181290563.78417176 -181314305.2355766 -181920323.47735414 -182837793.7016172 -188177402.8750528 -191931255.07797828

Equation: x0 ^ x0
Residual Differences:
-4.145212721964723e+71 -4.286336840039998e+71 -4.767716598553072e+71 -1.540356275162023e+72 -1.7205405449607963e+72 -2.4640116311595415e+72 -1.0130805551097756e+73 -2.051365364647705e+73 -3.308384611792807e+73 -4.826058937033469e+73 -5.472998488825938e+73 -6.05144225694473e+73 -1.336957028262391e+74 -2.0020340435335957e+74 -2.0220892273703704e+74 -5.556398343241541e+74 -5.561107716806994e+74 -1.1260039939797011e+75 -1.6402884850816405e+75 -1.7123424868295857e+75

Equation: (x0 ^ x0) + x4
Residual Differences:
-4.145212721964723e+71 -4.286336840039998e+71 -4.767716598553072e+71 -1.540356275162023e+72 -1.7205405449607963e+72 -2.4640116311595415e+72 -1.0130805551097756e+73 -2.051365364647705e+73 -3.308384611792807e+73 -4.826058937033469e+73 -5.472998488825938e+73 -6.05144225694473e+73 -1.336957028262391e+74 -2.0020340435335957e+74 -2.0220892273703704e+74 -5.556398343241541e+74 -5.561107716806994e+74 -1.1260039939797011e+75 -1.6402884850816405e+75 -1.7123424868295857e+75

Equation: 1168.8045225104956 + x0
Residual Differences:
-171351233.58396965 -171745768.1135029 -172809502.16207033 -174635451.24968168 -174860323.19110626 -175272191.6524045 -175363023.43008474 -175838748.71092728 -176101155.75026155 -176253292.54500443 -176761873.26763737 -178590111.05579063 -178888273.69972146 -180590930.91690245 -181290564.0009883 -181314305.26326063 -181920323.51369774 -182837793.67514855 -188177402.8137115 -191931255.13836902

Equation: 1171.9753100013907 - sin(x4)
Residual Differences:
-171351273.66739923 -171745808.29644102 -172809542.43983468 -174635491.80376014 -174860363.9106547 -175272232.54748875 -175363064.76075572 -175838790.2994874 -176101197.6203817 -176253334.56600496 -176761915.42645046 -178590153.34364825 -178888316.13698208 -180590973.41464725 -181290606.47673053 -181314347.87091208 -181920366.02955034 -182837836.2518464 -188177445.36085406 -191931297.57959616

Equation: (x0 / x4) + 1171.8143622146245
Residual Differences:
-171351272.25630194 -171745806.89503613 -172809541.0672608 -174635490.49555087 -174860362.56303132 -175272231.20025027 -175363063.36983916 -175838788.8971708 -176101196.13831377 -176253333.11155516 -176761913.96234012 -178590151.63718614 -178888314.34361815 -180590971.54436064 -181290604.53296366 -181314345.90058565 -181920364.0507677 -182837834.25679606 -188177443.37207565 -191931295.6076656

Equation: ((x4 - x1) * x0) + 1172.5538205629957
Residual Differences:
-171351279.58166704 -171745810.04202333 -172809542.45766333 -174635491.74750787 -174860360.40597826 -175272229.7297536 -175363057.86681083 -175838784.65761098 -176101186.94895422 -176253329.81084713 -176761923.43274277 -178590147.54327324 -178888311.6071737 -180590967.43698373 -181290595.02576694 -181314337.42449507 -181920363.3553329 -182837835.3781766 -188177443.0143771 -191931299.40194404

Equation: (cos(x4) * (x4 - x0)) + 1172.8381830548212
Residual Differences:
-171351272.25262424 -171745806.80329397 -172809540.922699 -174635490.56933844 -174860362.51785234 -175272231.13475013 -175363063.46583825 -175838789.0338552 -176101196.19241473 -176253333.18413287 -176761913.97186214 -178590151.47159913 -178888314.24798083 -180590971.46608442 -181290604.4395448 -181314345.87673026 -181920364.0331127 -182837834.26939258 -188177443.4003964 -191931295.64218453

Equation: 1172.8367298336907 + (cos(x4) * 0.07803704283041668)
Residual Differences:
-171351272.18857652 -171745806.8242941 -172809540.99444118 -174635490.42661157 -174860362.48947343 -175272231.1244733 -175363063.2965747 -175838788.82345346 -176101196.06419042 -176253333.03498444 -176761913.88276327 -178590151.56808174 -178888314.28800547 -180590971.50169164 -181290604.50461194 -181314345.88537455 -181920364.04351318 -182837834.26481274 -188177443.39165124 -191931295.64205417

Equation: 1172.6450905087625 + (cos(cos(x0)) * 0.19200201328215433)
Residual Differences:
-171351272.35137713 -171745806.99073532 -172809541.16345003 -174635490.60200164 -174860362.66429108 -175272231.29667544 -175363063.45501643 -175838788.9675731 -176101196.19190586 -176253333.1511647 -176761913.98985237 -178590151.6724761 -178888314.37419257 -180590971.57448277 -181290604.56556273 -181314345.92550424 -181920364.07789415 -182837834.27777424 -188177443.3895161 -191931295.61887532

Equation: (cos(x0) / (x2 / 0.28870531781852393)) + 1172.8412515451923
Residual Differences:
-171351272.26381618 -171745806.89920178 -172809541.06806657 -174635490.49811396 -174860362.55942643 -175272231.19206303 -175363063.36107197 -175838788.88475615 -176101196.1189968 -176253333.0873765 -176761913.9307843 -178590151.60683426 -178888314.32238322 -180590971.5298174 -181290604.52172524 -181314345.90094933 -181920364.05702868 -182837834.27122864 -188177443.39340118 -191931295.6317202

Equation: 1172.841284823356 + ((cos(x0) / x4) * sin(sin(0.3009557547446698)))
Residual Differences:
-171351272.2634968 -171745806.89890173 -172809541.06780574 -174635490.49787796 -174860362.55919766 -175272231.19187257 -175363063.36091456 -175838788.8846304 -176101196.1189089 -176253333.0873035 -176761913.9307053 -178590151.60669154 -178888314.32225904 -180590971.52971423 -181290604.52164313 -181314345.900893 -181920364.05698672 -182837834.27121 -188177443.39340997 -191931295.63175356

Equation: (0.04298087351187875 * cos(x4 / -0.3793299583637452)) + 1172.8018481615209
Residual Differences:
-171351272.2857844 -171745806.9427634 -172809541.1292195 -174635490.57187527 -174860362.64754286 -175272231.28714073 -175363063.45623073 -175838788.97516257 -176101196.19286138 -176253333.15286046 -176761913.9820096 -178590151.62580553 -178888314.33913407 -180590971.54426 -181290604.53391632 -181314345.91149676 -181920364.06465775 -182837834.27334842 -188177443.38796085 -191931295.62243

Equation: 1172.8017945254196 + (cos(x3 / 0.5291000252797071) * sin(sin(-0.04556502309704574)))
Residual Differences:
-171351272.32117316 -171745806.95221582 -172809541.1181695 -174635490.53338307 -174860362.5819401 -175272231.21527547 -175363063.37909734 -175838788.8952132 -176101196.12807304 -176253333.08889282 -176761913.9303167 -178590151.6069036 -178888314.32477772 -180590971.5408994 -181290604.5457279 -181314345.92402813 -181920364.08102024 -182837834.29364836 -188177443.41242734 -191931295.65433314

Equation: x4
Residual Differences:
-6715285002.050876 -6843147435.738923 -6845689130.923839 -6853281932.118014 -6857607230.1741 -6870183215.127134 -6875654427.159595 -6881828251.058546 -6900982086.436006 -6903784880.201712 -6907783002.91696 -6924721704.41756 -6948551226.93618 -6969985479.118178 -6994955667.522965 -7009216232.559891 -7030048272.774403 -7066578388.703267 -7112193572.665413 -7174462162.010765

Equation: x0 ^ x1
Residual Differences:
-3.6398881110222136e+180 -3.895879220890477e+180 -4.820233283522753e+180 -8.10279882578305e+180 -3.841472482703498e+181 -7.524498314535056e+181 -1.062005604014199e+182 -2.0202297490035202e+182 -7.27748015856421e+182 -8.286927465812422e+182 -1.0174500893628309e+183 -1.5024671630498282e+183 -7.36905832641821e+183 -8.99197258062524e+183 -1.3840460647684584e+184 -4.077374371359832e+184 -8.780737036325561e+184 -1.1053481156596506e+185 -1.2288722333451764e+185 -1.6267161636275343e+185

Equation: (x0 ^ x0) + x3
Residual Differences:
-3.745112190752443e+180 -3.9450056709559997e+180 -4.763751512511774e+180 -5.276104333306579e+180 -1.6350506543688954e+181 -3.995287080279599e+181 -7.721835142329685e+181 -1.0447541550152133e+182 -1.1684269166147321e+182 -1.3073153161299994e+182 -2.0797577612747533e+182 -3.408085757992331e+182 -1.896869190241015e+183 -3.685743969309604e+183 -8.713031527263516e+183 -1.4876611935734526e+184 -3.2602305501088056e+184 -5.227611644634899e+184 -5.292445545507409e+184 -1.0323797261465235e+185

Equation: x4 + 1102.648502796926
Residual Differences:
-6715283310.094871 -6843145835.803517 -6845687635.664232 -6853280555.4494095 -6857605987.352495 -6870182122.990929 -6875653503.760389 -6881827516.187941 -6900981561.575601 -6903784588.616906 -6907782969.752754 -6924721704.41756 -6948551226.93618 -6969985479.118178 -6994955667.522966 -7009216232.55989 -7030048272.774404 -7066578388.703267 -7112193572.665413 -7174462162.010765

Equation: (x4 * x4) + 1102.648502796926
Residual Differences:
-6715274930.646662 -6843137455.600941 -6845679221.552172 -6853272140.015725 -6857597566.56612 -6870173690.328642 -6875645047.477521 -6881819003.059088 -6900973043.580843 -6903775956.737979 -6907774337.152108 -6924713079.43427 -6948542570.795766 -6969976811.513389 -6994946999.975533 -7009207547.320577 -7030039587.14431 -7066569693.767434 -7112184876.647076 -7174453458.937903

Equation: 1139.433666620951 + (x3 * (x3 + x3))
Residual Differences:
-6715266385.828749 -6843128792.790162 -6845670568.185524 -6853263445.268277 -6857588843.35786 -6870164948.148899 -6875636326.337503 -6881810308.637157 -6900964318.048707 -6903767338.125234 -6907765716.336479 -6924704403.106788 -6948533910.294009 -6969968084.138651 -6994938217.957412 -7009198783.011918 -7030030821.013436 -7066560918.345481 -7112176090.790066 -7174444671.817047

Equation: ((x3 - x3) + 42.66968691320664) + 1130.1261091454357
Residual Differences:
-6715283264.886754 -6843145790.6976185 -6845687590.84142 -6853280510.731683 -6857605942.761722 -6870182078.56263 -6875653459.558233 -6881827472.391983 -6900981517.903368 -6903784545.657249 -6907782926.894132 -6924721793.669801 -6948551316.258942 -6969985568.405645 -6994955756.713401 -7009216321.748489 -7030048361.868586 -7066578477.750908 -7112193661.622556 -7174462250.909495

Equation: 1172.765286899929 + ((x3 * (x3 + x3)) * 0.0009144847736799606)
Residual Differences:
-6715283249.451113 -6843145775.153291 -6845687575.274461 -6853280495.125577 -6857605927.124577 -6870182062.897127 -6875653443.890164 -6881827456.6959915 -6900981502.174362 -6903784529.921224 -6907782911.155339 -6924721777.7663965 -6948551300.341452 -6969985552.41655 -6994955740.674476 -7009216305.709582 -7030048345.827741 -7066578461.693099 -7112193645.554297 -7174462234.833684

Equation: 1172.7654725651466 + ((x2 * (x1 + x2)) * (x3 + (0.0009201729068579415 - x3)))
Residual Differences:
-6715283249.336107 -6843145775.1384735 -6845687575.251779 -6853280495.121572 -6857605927.108486 -6870182062.892927 -6875653443.86531 -6881827456.655419 -6900981502.131679 -6903784529.881521 -6907782911.092182 -6924721777.861275 -6948551300.354986 -6969985552.486424 -6994955740.780517 -7009216305.7273655 -7030048345.832102 -7066578461.674261 -7112193645.509032 -7174462234.73499

Equation: 1172.7949972159488 + (((x3 + x3) * x4) * ((-0.0017656712797175507 - x3) + (1.000427931575351 * x3)))
Residual Differences:
-6715282628.333287 -6843145149.609148 -6845686947.579312 -6853279865.8410425 -6857605296.432622 -6870181430.660262 -6875652810.724364 -6881826820.287981 -6900980864.297591 -6903783887.501712 -6907782268.682277 -6924721127.671294 -6948550648.369375 -6969984896.910805 -6994955082.985565 -7009215647.237824 -7030047687.156302 -7066577801.845702 -7112192985.118827 -7174461573.698722

Equation: x4
Residual Differences:
-143471403.13891795 -147202812.73272818 -148524019.1698079 -148671298.59135562 -149448328.08127835 -149937464.7264725 -150165866.80157924 -150330221.0888725 -150789048.03345662 -152116522.55052844 -152253663.89124188 -153132214.1356324 -153694371.91714558 -153884180.28130153 -154918010.93262106 -155651629.6861495 -156105507.9346461 -156196993.6713793 -160420781.08246332 -163192299.11785078

Equation: x0 ^ x0
Residual Differences:
-1.3634984680384358e+69 -1.7353761700193923e+69 -4.107523434690298e+69 -4.3738844514223414e+69 -6.6975534178861196e+69 -1.1710548517162326e+70 -1.3648470815063802e+70 -3.279449050823545e+70 -3.293679645524424e+70 -3.561455822088215e+70 -6.978553674630948e+70 -1.0903012478338762e+71 -1.7426972910639778e+71 -1.9180540620285514e+71 -4.3156262809459977e+71 -1.4587684416220601e+72 -2.342887864284335e+72 -3.1759864572452842e+72 -6.8134795496050395e+72 -7.485054361551885e+72

Equation: (x0 ^ x0) + x2
Residual Differences:
-1.3634984680384358e+69 -1.7353761700193923e+69 -4.107523434690298e+69 -4.3738844514223414e+69 -6.6975534178861196e+69 -1.1710548517162326e+70 -1.3648470815063802e+70 -3.279449050823545e+70 -3.293679645524424e+70 -3.561455822088215e+70 -6.978553674630948e+70 -1.0903012478338762e+71 -1.7426972910639778e+71 -1.9180540620285514e+71 -4.3156262809459977e+71 -1.4587684416220601e+72 -2.342887864284335e+72 -3.1759864572452842e+72 -6.8134795496050395e+72 -7.485054361551885e+72

Equation: x0 + 1168.8045225521969
Residual Differences:
-143469578.9191096 -147201080.51833925 -148522391.459474 -148669789.54556742 -149446952.8577832 -149936240.2057921 -150164811.00901884 -150329353.92839488 -150788390.8994766 -152116098.7248866 -152253498.36191458 -153132213.9084874 -153694371.86686522 -153884180.2623125 -154918010.83210608 -155651629.5547325 -156105507.71704155 -156196993.42677778 -160420780.73120522 -163192299.0420474

Equation: 1172.098237527159 - sin(x4)
Residual Differences:
-143469616.8578089 -147201118.50925115 -148522429.6327436 -148669827.74343523 -149446991.16155192 -149936278.67270148 -150164849.52855566 -150329392.79180562 -150788429.79808745 -152116137.70226514 -152253537.52991033 -153132253.37430453 -153694411.60125238 -153884219.9986377 -154918050.7462359 -155651669.85762078 -156105548.03741407 -156197033.74265707 -160420821.1445293 -163192339.64118126

Equation: 1173.8162662587602 - (x4 / x0)
Residual Differences:
-143469616.3869404 -147201118.13671705 -148522429.3553243 -148669827.55658537 -149446991.05810493 -149936278.62438133 -150164849.55993247 -150329392.76619598 -150788429.8389863 -152116137.78201258 -152253537.65777954 -153132253.16011703 -153694411.12033373 -153884219.43603814 -154918050.0732236 -155651668.9492751 -156105547.10806373 -156197032.78014046 -160420820.14094388 -163192338.37698013

Equation: ((x4 - x1) * x3) - -1172.5501482447355
Residual Differences:
-143469615.5437151 -147201118.12923762 -148522434.36644953 -148669829.88672438 -149446995.43678272 -149936277.81086725 -150164853.17481226 -150329387.3664995 -150788424.35367018 -152116134.15632826 -152253533.46833003 -153132251.31507656 -153694398.05403218 -153884216.98031458 -154918043.8733584 -155651660.86691487 -156105543.84850335 -156197034.3732307 -160420830.08755806 -163192335.40212548

Equation: 1172.8381830965473 - (cos(x4) * (x0 - x4))
Residual Differences:
-143469616.39827758 -147201118.15138996 -148522429.38592422 -148669827.5923922 -149446991.1075019 -149936278.686962 -150164849.62608546 -150329392.80254528 -150788429.86083177 -152116137.77756044 -152253537.7348814 -153132253.25074804 -153694411.0786637 -153884219.3715193 -154918050.09320876 -155651669.00928232 -156105547.26366633 -156197032.97144985 -160420820.449274 -163192338.41142914

Equation: 1172.8367296731801 - (-0.07803665485721467 * cos(x4))
Residual Differences:
-143469616.39609405 -147201118.14440933 -148522429.36639726 -148669827.5584775 -149446991.05404344 -149936278.6074721 -150164849.5384334 -150329392.7190618 -150788429.78594565 -152116137.72020206 -152253537.59222212 -153132253.08686075 -153694411.03737572 -153884219.35754502 -154918050.0012659 -155651668.88164634 -156105547.04976183 -156197032.72973698 -160420820.10026717 -163192338.34072116

Equation: 1172.6476212618666 - (cos(cos(x0)) * -0.19126078512951908)
Residual Differences:
-143469616.40213397 -147201118.15538016 -148522429.3851756 -148669827.58438292 -149446991.08916074 -149936278.65933013 -150164849.5921286 -150329392.80503747 -150788429.86998925 -152116137.80557734 -152253537.688137 -153132253.2151485 -153694411.18639576 -153884219.50963753 -154918050.16423032 -155651669.05235562 -156105547.21554852 -156197032.88794905 -160420820.2449821 -163192338.4706512

Equation: 1172.7002794504017 - ((-0.030076512981448606 * x0) * cos(cos(x0)))
Residual Differences:
-143469615.26787117 -147201117.02151066 -148522428.28151652 -148669826.48348868 -149446990.01610225 -149936277.63210288 -150164848.57958 -150329391.879661 -150788428.94629347 -152116136.89105478 -152253536.8426831 -153132252.40427676 -153694410.41631517 -153884218.74764735 -154918049.4580141 -155651668.3860749 -156105546.55024895 -156197032.21973327 -160420819.54917526 -163192337.7731555

Equation: 1172.80266710454 - (0.044910390549641376 * cos(x2 / 0.5278100503360484))
Residual Differences:
-143469616.45358866 -147201118.21410465 -148522429.44168162 -148669827.64295402 -149446991.14554754 -149936278.71771464 -150164849.6415512 -150329392.833759 -150788429.8932819 -152116137.8207125 -152253537.68997455 -153132253.19634035 -153694411.15880528 -153884219.47621074 -154918050.11305878 -155651668.99396023 -156105547.14887992 -156197032.8227487 -160420820.17881146 -163192338.40770128

Equation: 1172.8026314180447 - (sin(0.0447729259610028) * cos(x0 / 0.5225741501382004))
Residual Differences:
-143469616.46724752 -147201118.22355878 -148522429.45146087 -148669827.65223917 -149446991.15286675 -149936278.71334645 -150164849.64418584 -150329392.833084 -150788429.89921045 -152116137.8332457 -152253537.69377843 -153132253.19388995 -153694411.1498158 -153884219.47087574 -154918050.1028028 -155651668.96757957 -156105547.1281822 -156197032.80193347 -160420820.1633577 -163192338.3935453

Equation: (1172.67538779142 - (cos(x4) / (x1 ^ x2))) - ((-0.035245015327009806 * x4) * cos(cos(x1)))
Residual Differences:
-143469615.05303547 -147201116.80996373 -148522428.05774882 -148669826.2631075 -149446989.80431575 -149936277.3702996 -150164848.36717823 -150329391.6047974 -150788428.68036893 -152116136.6757528 -152253536.54860228 -153132252.14740673 -153694410.11581087 -153884218.62851533 -154918049.27468845 -155651668.23678952 -156105546.43870533 -156197032.13304737 -160420819.46736276 -163192337.69074106

Equation: (1172.7673906946502 + (sin(x2) * 0.12305089899263104)) - (cos(cos(x0)) * (0.2011179949249378 * sin(x0)))
Residual Differences:
-143469616.3815314 -147201118.13249427 -148522429.3694751 -148669827.57179993 -149446991.08490208 -149936278.6452081 -150164849.55541298 -150329392.77396652 -150788429.82946694 -152116137.75507718 -152253537.64660892 -153132253.16595736 -153694411.14466754 -153884219.46435344 -154918050.12125194 -155651669.03095055 -156105547.19025466 -156197032.86728257 -160420820.2318381 -163192338.45699307

Equation: (1172.771422508333 + (sin(x4) * 0.11582031126279148)) - ((sin(0.19073809617910906) * sin(x0)) * cos(cos(x0)))
Residual Differences:
-143469616.38486034 -147201118.13839614 -148522429.37586495 -148669827.57730687 -149446991.08911648 -149936278.66628423 -150164849.60373372 -150329392.81667852 -150788429.88219273 -152116137.81601587 -152253537.70745993 -153132253.22089028 -153694411.17499465 -153884219.4967786 -154918050.15631455 -155651669.04218656 -156105547.21593198 -156197032.89275604 -160420820.2663882 -163192338.46136045

Equation: (1172.733589084624 - (-0.19700974729774734 / x1)) - (((0.003090881998173892 * x3) * x4) * cos(x1 / -0.49970027506912285))
Residual Differences:
-143469610.91625875 -147201112.72105247 -148522424.32195196 -148669822.6040535 -149446986.77062345 -149936274.406867 -150164846.39518014 -150329390.34512278 -150788427.56990576 -152116136.50473526 -152253536.41734198 -153132253.47225007 -153694411.62464145 -153884223.13726312 -154918053.84817436 -155651674.1689062 -156105552.92960456 -156197038.88808843 -160420825.57558084 -163192343.85123667

Equation: x4
Residual Differences:
-103762572.19050972 -104425774.80354479 -106677758.47340958 -106703220.99822205 -107287482.62064533 -107614199.09453115 -108149497.04135498 -108257645.8349349 -108853001.5027761 -109169284.8752259 -109173883.15187623 -109420388.92653827 -109913489.93793996 -110166462.75893903 -110172621.342776 -111002935.35147066 -111016042.28293839 -113272241.95221311 -113661570.72388555 -116479018.395671

Equation: x0 ^ x0
Residual Differences:
-2.7414661335911817e+63 -3.46077519761924e+63 -7.557139365331942e+63 -8.58730224194471e+63 -9.906537296755882e+63 -1.107821143302918e+64 -1.2760645280452143e+64 -1.484193878689142e+64 -2.1067903699268615e+64 -3.3224925881691005e+64 -4.31859427233364e+64 -4.982108243322911e+64 -1.5769149761614981e+65 -1.628679094037678e+65 -2.572913572616542e+65 -1.2096338259474855e+66 -4.399009561780389e+66 -4.829652650730983e+66 -7.984421856539086e+66 -1.952699941423756e+67

Equation: (x0 ^ x0) + x4
Residual Differences:
-2.7414661335911817e+63 -3.46077519761924e+63 -7.557139365331942e+63 -8.58730224194471e+63 -9.906537296755882e+63 -1.107821143302918e+64 -1.2760645280452143e+64 -1.484193878689142e+64 -2.1067903699268615e+64 -3.3224925881691005e+64 -4.31859427233364e+64 -4.982108243322911e+64 -1.5769149761614981e+65 -1.628679094037678e+65 -2.572913572616542e+65 -1.2096338259474855e+66 -4.399009561780389e+66 -4.829652650730983e+66 -7.984421856539086e+66 -1.952699941423756e+67

Equation: x1 - -1168.037385130068
Residual Differences:
-103760749.51382655 -104424044.01417242 -106676132.41326311 -106701713.5466328 -107286108.92872292 -107612976.16941638 -108148442.84685409 -108256780.0118044 -108852345.63884325 -109168862.46469139 -109173719.03339827 -109420388.56260547 -109913489.49219207 -110166462.23206244 -110172620.86693124 -111002934.9384015 -111016042.08280104 -113272241.49584231 -113661570.23644032 -116479018.1791858

Equation: cos(x0) + 1172.7129767190816
Residual Differences:
-103760784.26248871 -104424079.0651584 -106676167.78510264 -106701749.06928024 -107286144.67815885 -107613012.03937511 -108148478.82665521 -108256816.29976584 -108852382.07369225 -109168898.99971354 -109173755.77479118 -109420425.39625794 -109913526.53104062 -110166499.40640014 -110172658.13650084 -111002972.2598868 -111016079.38214378 -113272279.08429317 -113661607.85126756 -116479055.73254004

Equation: (x4 - x1) + 1172.7129767190816
Residual Differences:
-103760782.81371357 -104424077.69542713 -106676166.22066693 -106701747.47664842 -107286143.17024283 -107613010.46292041 -108148477.27466127 -108256814.93132453 -108852380.7631715 -109168897.51719688 -109173754.46308853 -109420425.46763812 -109913526.49930298 -110166499.36290935 -110172657.92416427 -111002971.87851857 -111016078.76230772 -113272278.6279552 -113661607.37489153 -116479054.99737628

Equation: 1173.795552731984 - cos(sin(5303.030478412251))
Residual Differences:
-103760782.70516123 -104424077.45358562 -106676166.0322513 -106701747.30579 -107286142.91205128 -107613010.2861365 -108148477.09149124 -108256814.59092487 -108852380.37176949 -109168897.30359323 -109173754.12094143 -109420425.10370533 -109913526.0535551 -110166498.83603275 -110172657.44831951 -111002971.46544941 -111016078.56217039 -113272278.17158441 -113661606.88744631 -116479054.78089108

Equation: (x4 - x1) + ((x1 - x3) + 1172.7755960586421)
Residual Differences:
-103760782.80479316 -104424077.60418172 -106676166.16215743 -106701747.39012147 -107286142.97148156 -107613010.25844723 -108148477.05468562 -108256814.59888035 -108852380.40685657 -109168897.16312519 -109173753.97622284 -109420425.14066905 -109913526.05538346 -110166499.32238814 -110172658.05704743 -111002971.98323396 -111016078.86092044 -113272278.51359388 -113661607.34932154 -116479054.97988756

Equation: (x3 - x3) + ((x2 * (x4 - x3)) + 1172.7143584961425)
Residual Differences:
-103760785.9615855 -104424082.76773031 -106676170.51931934 -106701749.97797717 -107286144.59049827 -107613008.43951838 -108148474.87379281 -108256814.18115972 -108852381.06388538 -109168890.82091364 -109173747.45455313 -109420425.87405717 -109913525.38508147 -110166518.0716173 -110172681.73014303 -111002992.09202927 -111016090.17114691 -113272291.57329689 -113661625.29629487 -116479062.31874476

Equation: (x4 - x1) + (((-0.2110335397029714 - x3) / x2) + 1173.793485831572)
Residual Differences:
-103760782.73518023 -104424077.60921797 -106676166.13440172 -106701747.38431735 -107286143.0705683 -107613010.36056016 -108148477.17071372 -108256814.82584119 -108852380.65210201 -109168897.40256271 -109173754.34619084 -109420425.4032914 -109913526.43370704 -110166499.31156038 -110172657.87941428 -111002971.83139813 -111016078.7157242 -113272278.58428578 -113661607.33351912 -116479054.95499639

Equation: (4146.949089782809 / (-4211.974224535262 / x3)) + (1172.7129767190816 + x4)
Residual Differences:
-103760782.2689007 -104424077.06573032 -106676165.62042835 -106701746.84666099 -107286142.42629296 -107613009.71128751 -108148476.50579043 -108256814.04655765 -108852379.85252792 -109168896.60712583 -109173753.418435 -109420424.58158949 -109913525.49779658 -110166498.75791575 -110172657.4902466 -111002971.4177069 -111016078.29622369 -113272277.94915342 -113661606.78389218 -116479054.41509454

Equation: ((0.08992099618038397 / x0) + ((x4 - x3) * x4)) + ((x4 - x3) * 58053.99197670918)
Residual Differences:
-103766569.96185853 -104432825.40639772 -106683712.04185914 -106706645.71190844 -107289594.71155941 -107611400.96398535 -108146338.16184695 -108257276.01204742 -108854417.97742546 -109160736.15776739 -109165346.03696068 -109422571.77676387 -109913631.56090523 -110194752.68210806 -110208020.53737932 -111033051.29321982 -111033433.72245878 -113292146.50077684 -113688438.84011903 -116490614.83736208

Equation: (1172.5030232030078 + ((0.009323031898420386 / x3) / (x3 - x2))) + ((x1 * (x4 * x4)) * ((0.0430409401323849 / x0) / x3))
Residual Differences:
-103760781.29540986 -104424076.0484388 -106676164.62623014 -106701745.8926017 -107286141.49143276 -107613008.85587816 -108148475.6593238 -108256813.14775394 -108852378.92938483 -109168895.84830798 -109173752.65920706 -109420423.64416316 -109913524.59785408 -110166497.39572604 -110172656.0060088 -111002970.03507473 -111016077.12157266 -113272276.75082666 -113661605.43667151 -116479053.32463154

