Complexity,Loss,Equation
1,1.3246649545570536e-45,"1.5955086475188879e-12"
