Complexity,Loss,Equation
1,0.6353796184695035,"-0.7971070307488867"
2,9.878158737760217e-24,"cube(x5)"
7,9.878143931561691e-24,"sin(x5 - x5) / exp(0.22270620499128202)"
