Complexity,Loss,Equation
1,0.01106446107919703,"0.10518774208238399"
2,6.307432529669274e-22,"cube(x4)"
5,6.171208737198348e-22,"sin(cube(x5)) / 0.24925906669565673"
6,5.814843944179258e-22,"cube(x0 + x4) * x5"
