Complexity,Loss,Equation
2,1.165502627441445e-22,"cube(x4)"
5,8.261424570125114e-23,"cube(sin(x4) / 0.050507582711868074)"
