Equation: x4
Residuals:
402.42699999999996 466.6862 538.957 619.9712000000001 710.5038000000001 811.4801 923.5667 1047.7716 1185.0566000000001 1336.4331 1502.9637 1685.7634 1886.0007 2104.8989 2343.7374 2604.1216 2886.9330999999997 3193.8739 3526.4607 3886.2723

Equation: x3 ^ x0
Residuals:
376.83832621498397 434.36938836654105 498.14053109880217 568.3965156002702 645.2850535149626 728.902617013904 818.9024705896829 914.92118179433 1016.1603238285719 1121.3425242177193 1228.5489265546453 1335.003764195405 1436.789119750128 1528.4671572445814 1602.5788411373708 1649.0059831286553 1653.92368641088 1598.9143748642346 1459.1687646925602 1201.4426114442708

Equation: x4 + (x3 ^ x0)
Residuals:
373.75752621498395 431.18758836654104 494.85773109880216 565.0127156002701 641.8002535149626 725.316717013904 815.215570589683 911.13328179433 1012.2714238285719 1117.3526242177195 1224.4580265546454 1330.811864195405 1432.4962197501281 1524.0732572445813 1598.0839411373709 1644.4099831286553 1649.2266864108801 1594.1163748642346 1454.2697646925603 1196.4426114442708

Equation: x3 + 1586.9734974113242
Residuals:
1184.5262974113243 1120.2670974113244 1047.9962974113241 966.9820974113243 876.4494974113242 775.4731974113242 663.3865974113241 539.1816974113242 401.8966974113241 250.52019741132426 83.98959741132421 98.81010258867582 299.0474025886758 517.9456025886759 756.784102588676 1017.1683025886757 1299.9798025886757 1606.9206025886756 1939.5074025886759 2299.319002588676

Equation: sin(x1) + 1592.5421188138653
Residuals:
1187.155413543128 1122.6945100540686 1050.2217987307345 969.0065080947595 878.2746583030608 777.1017580198759 664.8225693776772 540.4298298464764 402.962624523542 251.4103810804238 84.71126132705285 98.24904655287901 298.6384350161138 517.6796833521123 756.6517629903046 1017.1598594797879 1300.085095412582 1607.1294684268878 1939.8096522976919 2299.704524651105

Equation: 1591.8576055645985 + (x2 - x1)
Residuals:
1186.3700055645986 1122.0098055645985 1049.6380055645986 968.5228055645985 877.8892055645985 776.8118055645984 664.6242055645985 540.3183055645984 402.93230556459844 251.45480556459847 84.82320556459854 98.0774944354016 298.4157944354015 517.4149944354017 756.3544944354016 1016.8397944354015 1299.7522944354014 1606.7940944354013 1939.4818944354015 2299.3944944354016

Equation: sin(x2 - x1) + 1591.8576069381254
Residuals:
1186.370005564419 1122.009805564419 1049.638005564419 968.5228055644188 877.8892055644188 776.8118055644188 664.6242055644188 540.3183055644188 402.9323055644188 251.45480556441885 84.82320556441891 98.07749443558123 298.4157944355811 517.4149944355813 756.3544944355813 1016.8397944355811 1299.752294435581 1606.794094435581 1939.4818944355811 2299.3944944355812

Equation: (x1 / x3) + (x1 * (1590.8879372563958 / x1))
Residuals:
1186.366937230257 1122.007158916315 1049.6357544941816 968.5209263157369 877.8876764586124 776.8106070827973 664.6233191747419 540.3177145343107 402.931994471998 251.45476016492785 84.8234126734003 98.07704704496814 298.4151181231066 517.4140997740362 756.3533912818305 1016.8384918008182 1299.7508011288248 1606.7924185182283 1939.4800434683725 2299.3924755192174

Equation: (-0.29156573748370906 / x1) + (x1 * (1591.9516862525338 / x1))
Residuals:
1186.3473476996287 1121.9902716243512 1049.6213997099594 968.508949812511 877.8779376813394 776.8029796070048 664.6176831591649 540.3139618709481 402.9300256231463 251.45448328063458 84.82474281966688 98.07418856350091 298.41080435954086 517.4083986660005 756.3463661181863 1016.8302004118141 1299.7412999819333 1606.7817592655738 1939.4682745232358 2299.3796423212775

Equation: ((1591.839253394585 / x1) * x1) + (sin(-109.9581517703668) * (x1 * x0))
Residuals:
1186.353279405013 1121.9945686815377 1049.624307104285 968.5106946732544 877.8787313884469 776.8030189433855 664.6171539996828 540.3130382022027 402.92887155094536 251.45325404591063 84.82358568709856 98.07513352549108 298.41140359185783 517.4085245120025 756.345896285924 1016.8290167334549 1299.7392901662715 1606.7788144528656 1939.4642895932373 2299.374515587386

Equation: (cos(-30.370962398442607) / (x2 * x4)) + (((1591.7082061492424 / x1) - -0.03428513761408914) * x1)
Residuals:
1186.3575401381927 1121.9974337843876 1049.6260354728643 968.5115087639913 877.8788224513108 776.802550898866 664.6162686534315 540.3118565970453 402.9274971905377 251.45177509730684 84.8220768595504 98.07660937131413 298.41279406015383 517.409786477602 756.3469948599436 1016.8299241639263 1299.739985638121 1606.7792828421816 1939.46452104281 2299.37450497807

Equation: x4
Residuals:
402.42699999999996 466.6862 538.957 619.9712000000001 710.5038000000001 811.4801 923.5667 1047.7716 1185.0566000000001 1336.4331 1502.9637 1685.7634 1886.0007 2104.8989 2343.7374 2604.1216 2886.9330999999997 3193.8739 3526.4607 3886.2723

Equation: x4 ^ x0
Residuals:
376.266914725888 433.661329215125 497.26029745008134 567.2987968819918 643.9119344140406 727.1795220500019 816.7344529736134 912.1857136821864 1012.6994693553 1116.9522960230267 1222.9653340680184 1327.884494977195 1427.6894475028873 1516.8082055592672 1587.6057105013474 1629.727575880289 1629.0525294012132 1566.7574751586965 1417.5024062725815 1147.3409265816817

Equation: (x4 ^ x0) + x4
Residuals:
373.186114725888 430.479529215125 493.97749745008133 563.9149968819919 640.4271344140406 723.5936220500018 813.0475529736134 908.3978136821863 1008.8105693553 1112.9623960230267 1218.8744340680182 1323.6925949771949 1423.3965475028874 1512.4143055592672 1583.1108105013473 1625.131575880289 1624.3555294012133 1561.9594751586965 1412.6034062725817 1142.3409265816817

Equation: 1587.8057416298186 + x4
Residuals:
1185.3787416298187 1121.1195416298187 1048.8487416298185 967.8345416298187 877.3019416298185 776.3256416298186 664.2390416298185 540.0341416298186 402.7491416298185 251.37264162981865 84.8420416298186 97.95765837018143 298.19495837018144 517.0931583701815 755.9316583701816 1016.3158583701813 1299.1273583701814 1606.0681583701812 1938.6549583701815 2298.4665583701817

Equation: 1592.5751516548962 + sin(x4)
Residuals:
1187.1281068696962 1122.6669551410155 1050.1946131085192 968.9803055299067 878.2500425424486 777.0793190743229 664.802870768578 540.4134090302384 402.9499855482211 251.40198944830104 84.70753925008057 98.24772445640178 298.63174553977433 517.6673579956114 756.6335906961008 1017.1356827903082 1300.0548299370819 1607.0930859594612 1939.76718697884 2299.6560726197667

Equation: (x0 / x4) + 1590.8929016678078
Residuals:
1186.35887471377 1121.9995072369825 1049.6284885326795 968.5140231879923 877.8811152582576 776.8043689702981 664.6173862375006 540.3120705872618 402.9266245843137 251.44965053369424 84.81855051280536 98.0816736011634 298.4195201076818 517.4182874625776 756.3573742604665 1016.842278836979 1299.7544008018535 1606.795838682338 1939.4832914940619 2299.395558332192

Equation: 1591.548689559815 + (x4 * (x4 - x0))
Residuals:
1186.2898181998148 1121.937778999815 1049.574139799815 968.467100599815 877.841661399815 776.7724302798149 664.592991079815 540.2952518798149 402.917412679815 251.4480734798151 84.82463427981497 98.06790492018513 298.398044120185 517.3890833201851 756.320422520185 1016.797553640185 1299.7018928401849 1606.7355320401848 1939.415171240185 2299.319610440185

Equation: (0.07692014042067988 * x2) + 1591.5675957762003
Residuals:
1186.2936637711355 1121.9412327053178 1049.5772016395003 968.4697705736828 877.8439395078652 776.7743161340618 664.5944850682442 540.2963540024268 402.9181229366093 251.44839187079174 84.82456080497423 98.06837026084327 298.39890132666073 517.3903323924785 756.3220634582958 1016.7995868320993 1299.7043178979166 1606.738348963734 1939.4183800295518 2299.3232110953695

Equation: 1591.929834415598 + (cos(x4) * 0.0991134335263575)
Residuals:
1186.3231040747464 1121.9628010861893 1049.59190747813 968.4786140123215 877.847901256736 776.7743440433931 664.5914956098432 540.2912108622711 402.9116325681639 251.44129527536825 84.81752597919967 98.07475513346981 298.4041338707277 517.3940011610398 756.3238521264741 1016.799275268957 1299.701790778885 1606.7335907435256 1939.4114770865517 2299.3143508512394

Equation: (cos(cos(x0)) * 0.2436650262964343) + 1591.6890718006675
Residuals:
1186.3149698584907 1121.9528934346376 1049.5812983382552 968.46837843341 877.839064844568 776.7678321103872 664.5880708435129 540.2914243703328 402.9157677204546 251.44931780433944 84.82904276155455 98.06052363314484 298.3883624643465 517.3782458198864 756.3100101473892 1016.7895244259678 1299.6984860706903 1606.739165992933 1939.4283208607565 2299.3446821535417

Equation: (cos(cos(x0)) * (x0 * (x3 - x1))) + 1591.7495514308484
Residuals:
1186.308253402241 1121.9493275384148 1049.5798437981575 968.4681033825318 877.8391716721188 776.7676789501734 664.5871898479386 540.2895328717145 402.9127739151588 251.4453194351829 84.82431780112051 98.06553496928359 298.3930844651543 517.3820020667338 756.3120646926977 1016.789124026317 1299.6949135239965 1606.7317758946447 1939.4165778973424 2299.328187981848

Equation: (cos(cos(x0)) * (x0 * 0.038272065251687686)) + 1591.756301445235
Residuals:
1186.3115006479206 1121.9525076732373 1049.5829019317525 968.4709792941019 877.8418016971633 776.7699978291228 664.5891341841543 540.2910430342488 402.9137973366669 251.4458137425545 84.82425387504759 98.0661702368609 298.3942859795461 517.3837451720387 756.3143048800853 1016.7917982632182 1299.6979412141418 1606.7350636578858 1939.4200235700548 2299.331685795045

Equation: 1591.9138642892804 + (cos(-60.444164470534645 * x4) / (x1 * x4))
Residuals:
1186.3361415767085 1121.9678266912088 1049.5913627359664 968.474661117054 877.8423906163563 776.7687801809627 664.5869820121795 540.2885835936279 402.9113888806619 251.4436087601366 84.82226915900856 98.06798173995526 298.3959672624403 517.3852770546018 756.3155629892326 1016.7928188454644 1299.6980204167044 1606.7336971960033 1939.4166327152677 2299.3256687061794

Equation: 1591.9398618857508 - (sin(cos(x0)) * ((x1 * 0.04016762268288687) * cos(x0)))
Residuals:
1186.331655491958 1121.966508367137 1049.5914780306603 968.4749326620365 877.8420080250934 776.7674003163957 664.5847363705802 540.2858693932196 402.90884796444743 251.4419982079571 84.82231141859552 98.06575663951344 298.39137121064164 517.378587101168 756.3076011759304 1016.7846857809707 1299.6919532559125 1606.7320425186354 1939.4220018819653 2299.3407450499894

Equation: ((0.5187378921827753 ^ x1) + 1591.60478708356) + (cos(cos(x1)) * (x3 * 0.06081937986539766))
Residuals:
1186.3364591315526 1121.969626264019 1049.5933843898738 968.4760391951913 877.8426424623366 776.767786839802 664.5849843538526 540.2859733734099 402.9087047291014 251.44144082005096 84.82115885690018 98.06763899160183 298.3940077601212 517.3818342697059 756.3111053257553 1016.7878643688198 1299.6940067635376 1606.7319942721201 1939.4187634098944 2299.333197761194

Equation: (((1.069403990192966 * x0) - x0) * cos(cos(x1))) + (1591.4001608410122 + ((x4 / x3) / x0))
Residuals:
1186.3416778651872 1121.9730202928938 1049.5952780439793 968.4767491589623 877.8424762699852 776.7670387559592 664.5839312324681 540.2848653011131 402.9077568386865 251.4408235494477 84.8209881455482 98.06731062205222 298.39319819181105 517.3806358014579 756.3096848191278 1016.7864590742122 1299.6929151786333 1606.731562595954 1939.419368602395 2299.3352280036215

Equation: (cos(cos(x1)) * (0.06973217781068503 * x0)) + (1591.3976529735648 - ((-0.18629325538005953 - x0) / (x4 * x3)))
Residuals:
1186.3420960798321 1121.9733078886823 1049.5954559837928 968.4768377882303 877.8424952064119 776.7670066609082 664.5838656929825 540.2847823468137 402.9076706288795 251.44074597470285 84.82092843486134 98.06734624985461 298.3932067898447 517.3806178279347 756.3096441066214 1016.7864026008638 1299.6928527020566 1606.731506010293 1939.4193312223572 2299.335223732828

Equation: x4
Residuals:
402.42699999999996 466.6862 538.957 619.9712000000001 710.5038000000001 811.4801 923.5667 1047.7716 1185.0566000000001 1336.4331 1502.9637 1685.7634 1886.0007 2104.8989 2343.7374 2604.1216 2886.9330999999997 3193.8739 3526.4607 3886.2723

Equation: x4 ^ x0
Residuals:
376.266914725888 433.661329215125 497.26029745008134 567.2987968819918 643.9119344140406 727.1795220500019 816.7344529736134 912.1857136821864 1012.6994693553 1116.9522960230267 1222.9653340680184 1327.884494977195 1427.6894475028873 1516.8082055592672 1587.6057105013474 1629.727575880289 1629.0525294012132 1566.7574751586965 1417.5024062725815 1147.3409265816817

Equation: x4 + (x4 ^ x0)
Residuals:
373.186114725888 430.479529215125 493.97749745008133 563.9149968819919 640.4271344140406 723.5936220500018 813.0475529736134 908.3978136821863 1008.8105693553 1112.9623960230267 1218.8744340680182 1323.6925949771949 1423.3965475028874 1512.4143055592672 1583.1108105013473 1625.131575880289 1624.3555294012133 1561.9594751586965 1412.6034062725817 1142.3409265816817

Equation: x4 + 1587.8057417374714
Residuals:
1185.3787417374715 1121.1195417374715 1048.8487417374713 967.8345417374715 877.3019417374713 776.3256417374714 664.2390417374713 540.0341417374714 402.7491417374713 251.37264173747144 84.84204173747139 97.95765826252864 298.19495826252864 517.0931582625287 755.9316582625288 1016.3158582625285 1299.1273582625286 1606.0681582625284 1938.6549582625287 2298.4665582625285

Equation: 1591.1181829459795 - sin(x3)
Residuals:
1185.529478812753 1121.2701889576133 1048.999095194576 967.9833710923151 877.4470027595299 776.4636903215605 664.365888837184 540.1446778771078 402.83739426258376 251.43183569013672 84.8646689089062 97.97976280581656 298.27053295903374 517.2314259906886 756.1422323380907 1016.6087308350327 1299.5125502749434 1606.5558555921048 1939.2553314438258 2299.189658825958

Equation: 1590.8929017754504 + (x0 / x4)
Residuals:
1186.3588748214124 1121.999507344625 1049.6284886403218 968.5140232956348 877.8811153659004 776.8043690779407 664.6173863451431 540.3120706949044 402.92662469195625 251.4496506413368 84.81855062044792 98.08167349352084 298.41952000003926 517.418287354935 756.3573741528239 1016.8422787293364 1299.754400694211 1606.7958385746954 1939.4832913864193 2299.39555822455

Equation: 1591.5503218274462 + ((x4 - x0) * x3)
Residuals:
1186.2898183074462 1121.9377791074462 1049.5741399074464 968.4671007074462 877.8416615074462 776.7724303874461 664.5929911874462 540.2952519874461 402.9174127874462 251.4480735874463 84.82463438744617 98.06790481255393 298.3980440125538 517.3890832125539 756.3204224125539 1016.7975535325538 1299.7018927325537 1606.7355319325536 1939.4151711325537 2299.3196103325536

Equation: 1591.5707043840941 + (0.07691990915400289 * x0)
Residuals:
1186.2936641115562 1121.9412330223806 1049.5772019332053 968.4697708440297 877.8439397548542 776.7743163576697 664.5944852684943 540.2963541793188 402.91812309014335 251.44839200096794 84.82456091179256 98.06837017738303 298.39890126655837 517.390332355734 756.3220634449094 1016.7995868420937 1299.704317931269 1606.7383490204445 1939.41838010962 2299.3232111987954

Equation: (0.099112586631245 * cos(x4)) + 1591.9298340777914
Residuals:
1186.3231045822704 1121.9628015945932 1049.591907978789 968.4786144966899 877.847901716434 776.7743444702555 664.5914959961049 540.291211200552 402.91163285157313 251.4412954975744 84.81752613449453 98.07475505011166 298.4041338635991 517.3940012336566 756.3238522815388 1016.7992755084167 1299.7017911036592 1606.7335911537473 1939.4114775814826 2299.314351429278

Equation: 1591.689073287978 + (cos(cos(x0)) * 0.24366324409966666)
Residuals:
1186.3149703679169 1121.952893957788 1049.5812988599068 968.4683789383848 877.8390653181915 776.7678325389024 664.5880712146948 540.2914246738333 402.91576794830235 251.44931795136563 84.8290428257485 98.06052365038363 298.3883625580995 517.3782459817824 756.3100103658651 1016.7895246867611 1299.6984863573634 1606.7391662877988 1939.4283211457123 2299.344682410987

Equation: 1591.7563024577205 + ((0.03827178001651473 * x0) * cos(cos(x0)))
Residuals:
1186.311501190884 1121.9525082072046 1049.5829024493664 968.4709797872902 877.8418021573924 776.7699982476447 664.5891345524713 540.2910433443678 402.91379758154153 251.4458139165049 84.82425397417069 98.06617021432226 298.3942860329089 517.3837452979981 756.3143050726753 1016.7917985139893 1299.697941512291 1606.7350639908962 1939.4200239242318 2299.3316861562107

Equation: ((sin(x0) * sin(x0)) * (sin(x0) * -0.10981636270076933)) + 1591.8274075528761
Residuals:
1186.3192989266468 1121.9594002136282 1049.5876317154866 968.4728633534157 877.8407244919603 776.7663436746539 664.583680570654 540.2848035088753 402.9078581899421 251.4411688069938 84.82165757694406 98.0663168984338 298.3920058839376 517.3795062240656 756.3089913325332 1016.786637501014 1299.6943919649157 1606.734679897071 1939.424308330111 2299.3419478734345

Equation: ((sin(1636.7605905050605) * sin(x4)) * (sin(x4) * (x0 * x0))) + ((x1 / (x0 * x3)) + 1591.529386983465)
Residuals:
1186.3508253373702 1121.9798855512702 1049.599889261181 968.4792682282232 877.8431811145873 776.7662946823368 664.582161872984 540.2825131938719 402.9052520372286 251.4385548494513 84.81927946879978 98.068219299372 298.3931672004194 517.3796418558954 756.3078389809923 1016.7840272325896 1299.6903426829842 1606.7294941049806 1939.4186644831375 2299.336967198138

Equation: ((sin(x4) * sin(1636.7613972823217)) * ((x0 * x0) * sin(x4))) + ((0.8079525103373469 / x3) + 1591.5873045836981)
Residuals:
1186.343767818577 1121.9749864930386 1049.5968461020052 968.4777655115297 877.8428960009152 776.766905150813 664.5833532974129 540.2839913436671 402.9067527930208 251.43985492806792 84.8202064709144 98.06777816315252 298.39325831878546 517.3802409112009 756.3088495823658 1016.7852829539333 1299.6916117356127 1606.7304890191408 1939.4190538619205 2299.336390744258

Equation: ((0.008264896673610047 * (x0 * x0)) * (sin(x0) * sin(x1))) + (1591.8979225094336 + (-0.006280713076228604 * (x1 * x0)))
Residuals:
1186.3344866216644 1121.9691982526633 1049.5937332674212 968.4765992590435 877.8430422821187 776.7678302820934 664.5846251873957 540.2852826377484 402.9078373939849 251.44060199649857 84.8205706793542 98.06777011285044 298.3935246791459 517.3806649135663 756.3093018303598 1016.7856451894777 1299.691801599555 1606.730483605522 1939.4189117449416 2299.3362710102556

Equation: ((sin(x4) * (x0 * x0)) * (sin(1636.7624476173005) * sin(x4))) + ((1.0996138116082828 / (x4 * x3)) + 1591.731160376861)
Residuals:
1186.3402229266526 1121.9725843099925 1049.595515160454 968.4773694594792 877.8432485320178 776.7677865027817 664.5845258404984 540.2852188960699 402.907817613632 251.44057470620578 84.820449948646 98.06807768874614 298.39409234311984 517.3815185791434 756.3103945995244 1016.7868347935341 1299.6928317150075 1606.7309711698422 1939.4183398123323 2299.333988671763

Equation: x1 ^ x0
Residuals:
377.95871939759195 435.7572493936817 499.8653295803409 570.5468381539523 647.9741127351167 732.2761714008823 823.1460666685599 920.2742328187037 1022.9313870645992 1129.9300753714551 1239.4685888318184 1348.9240569164187 1454.5784693783053 1551.2558194385088 1631.8405942030204 1686.6755283771824 1702.5140049530266 1661.7296448694449 1540.5485440993825 1307.0961624466008

Equation: x0 + (x3 ^ x0)
Residuals:
373.83832621498397 431.26838836654105 494.9385310988022 565.0935156002702 641.8810535149626 725.397517013904 815.296370589683 911.21408179433 1012.3522238285718 1117.4334242177194 1224.5388265546453 1330.892664195405 1432.577019750128 1524.1540572445815 1598.1647411373708 1644.4907831286553 1649.30748641088 1594.1971748642345 1454.35056469256 1196.523411444271

Equation: (x4 - cos(x4)) ^ x4
Residuals:
329.4789644885648 375.07276122334815 424.6096033362241 478.1181455975265 535.5927470322002 597.0557715477166 662.3072878681733 731.2849105134508 803.8120681341653 879.635742568802 958.3924170104716 1039.5552072304777 1122.356293477627 1205.677323146267 1287.8979226829858 1366.765029700122 1438.8050050495542 1499.4223046785223 1542.0774827091732 1557.682474705221

Equation: x3 * (x3 / (x1 - x0))
Residuals:
58.2185544554456 24.969354455445625 15.281445544554344 63.265645544554445 119.75824554455437 185.64934207920783 261.67494207920777 348.8088420792078 448.01284207920776 560.2983420792077 686.7279420792077 828.4166420792078 986.5329420792076 1162.3001420792077 1356.9976420792077 1572.185637623762 1808.835137623762 2068.6039376237622 2353.008737623762 2663.6283376237625

Equation: (x2 - x1) + 1591.7811886243392
Residuals:
1186.293588624339 1121.9333886243392 1049.561588624339 968.4463886243391 877.8127886243391 776.7353886243391 664.5477886243391 540.241888624339 402.85588862433906 251.3783886243391 84.74678862433916 98.15391137566098 298.4922113756609 517.4914113756611 756.430911375661 1016.9162113756609 1299.8287113756608 1606.8705113756607 1939.5583113756609 2299.4709113756608

Equation: ((x2 - x2) / x2) + (1591.8014408983863 - (-0.01894169227571789 * x2))
Residuals:
1186.3512312195812 1121.9929443305014 1049.6230574414212 968.509770552341 877.8780836632608 776.8025986683499 664.6169117792697 540.3129248901894 402.9288380011094 251.4532511120292 84.82356422294924 98.07522266613114 298.41160955521127 517.4088964442915 756.3464833333717 1016.8298683282824 1299.7404552173625 1606.7803421064425 1939.466228995523 2299.376915884603

Equation: ((x2 - (x1 + x4)) - x1) + (1591.8014408628223 - (-2.0189417013955024 * x2))
Residuals:
1186.351231211745 1121.9929443235862 1049.6230574354272 968.5097705472681 877.8780836591089 776.8025986651201 664.6169117769609 540.312924888802 402.9288380006428 251.45325111248394 84.82356422432485 98.07522266383444 298.41160955199325 517.4088964401526 756.3464833283115 1016.8298683223004 1299.7404552104592 1606.7803420986183 1939.4662289867774 2299.3769158749365

Equation: (((x3 - x0) / (x1 ^ x1)) - x1) + (1591.7811886243392 - (x2 * -1.0189535086579462))
Residuals:
1186.353366012644 1121.994665361645 1049.624440182507 968.5108778318906 877.8789675270549 776.803301868646 664.6174697323822 540.3133663822716 402.9291864661584 251.45352555315844 84.82377999295113 98.0750532078614 298.41147649322306 517.4087918501614 756.3464008877793 1016.8298030248388 1299.7404030598996 1606.7802999535622 1939.4661943727858 2299.376886848243

Equation: (((0.30522995764037286 / 1591.7811886243392) / cos(x1)) - x1) + (1591.7811886243392 - (x2 * -1.0189535086579462))
Residuals:
1186.3510216967616 1121.9927373828432 1049.622851102441 968.5095628252884 877.8778724150812 776.8023814983821 664.6166858765985 540.3126867902479 402.9285832464268 251.4529736976972 84.82325564102234 98.07557520431283 298.412026758946 517.4094154249772 756.3471814804841 1016.8309558705191 1299.7429783385032 1606.7726705942475 1939.4646981020405 2299.376057566208

Equation: (((x2 - x1) / (x1 / 26.52484921938774)) - x1) + ((1591.720519298262 + -0.20954136489932895) - (x2 * -1.0523020940682895))
Residuals:
1186.359803337058 1121.9991451021135 1049.6272467550657 968.5122754823522 877.8792023418772 776.8026026271571 664.6160519672308 540.3114307228675 402.9269207364214 251.45110571716668 84.82137100737123 98.07729661731764 298.413409118903 517.4102773441534 756.3473111516098 1016.8300168962644 1299.7398079144016 1606.7787891987214 1939.463667621195 2299.3732494917267

Equation: x3
Residuals:
402.44719999999995 466.7064 538.9771999999999 619.9914 710.524 811.5003 923.5869 1047.7918 1185.0768 1336.4533 1502.9839 1685.7836 1886.0209 2104.9191 2343.7576 2604.1418 2886.9532999999997 3193.8941 3526.4809 3886.2925

Equation: x3 ^ x0
Residuals:
376.83832621498397 434.36938836654105 498.14053109880217 568.3965156002702 645.2850535149626 728.902617013904 818.9024705896829 914.92118179433 1016.1603238285719 1121.3425242177193 1228.5489265546453 1335.003764195405 1436.789119750128 1528.4671572445814 1602.5788411373708 1649.0059831286553 1653.92368641088 1598.9143748642346 1459.1687646925602 1201.4426114442708

Equation: x2 + (x3 ^ x0)
Residuals:
373.797926214984 431.227988366541 494.89813109880214 565.0531156002701 641.8406535149626 725.357117013904 815.255970589683 911.1736817943299 1012.3118238285718 1117.3930242177194 1224.4984265546454 1330.852264195405 1432.536619750128 1524.1136572445814 1598.1243411373707 1644.4503831286552 1649.26708641088 1594.1567748642346 1454.3101646925602 1196.4830114442707

Equation: x0 ^ (x1 - cos(x4))
Residuals:
322.8580622150266 363.89875402680497 407.66635551069044 454.2333993762368 503.80314740005065 556.812000282728 613.7550990584499 675.5237858050675 743.1990565391452 818.0745045531984 901.6003416019987 995.3007180603892 1100.6699115133 1219.0544418650366 1351.5272437785482 1498.911005532419 1661.0455559170691 1837.5169019658179 2026.9212373842013 2226.7895664603766

Equation: sin(cos(x1)) + 1591.8238932181373
Residuals:
1185.4786210912048 1121.1145345927696 1048.7443810349473 967.6364210732627 877.0159115056359 775.9579004733453 663.79649771562 539.5242244690646 402.17986567182584 250.75249993568104 84.17981238384027 98.65318535201823 298.91531907562467 517.8305914697478 756.6794903270447 1017.0688649264202 1299.8820497535517 1606.8230009764923 1939.4104595647957 2299.2252358501146

Equation: (x0 / 15190.359704316805) + 1591.8238932181373
Residuals:
1186.3162907118149 1121.9560973607686 1049.5843040097225 968.4691106586761 877.8355173076301 776.758123963167 664.5705306121208 540.2646372610745 402.87864391002836 251.40115055898218 84.76955720793603 98.13113614311033 298.46942949415643 517.4686228452028 756.408116196249 1016.8934095407119 1299.805902891758 1606.847696242804 1939.5354895938503 2299.4480829448967

Equation: (x0 / ((x0 ^ x0) + x0)) + 1591.8238932181373
Residuals:
1186.4160932181371 1122.040778130537 1049.6556755180895 968.5288841486924 877.8852768934217 776.7993030956063 664.6044297668525 540.2923979484087 402.9012631708431 251.41948996297538 84.78435415152762 98.11925595646176 298.4599392469488 517.4610820902269 756.4021590484904 1016.8887349684592 1299.8022613268956 1606.8448848544506 1939.5333433644935 2299.44646819877

Equation: sin(x1 - x2) + ((x3 - x0) + 1591.8238932181373)
Residuals:
1186.3564945918438 1121.996294591844 1049.6244945918438 968.5092945918439 877.8756945918439 776.7982945918438 664.6106945918439 540.3047945918438 402.91879459184383 251.44129459184387 84.80969459184394 98.0910054081562 298.4293054081561 517.4285054081563 756.3680054081563 1016.8533054081561 1299.765805408156 1606.807605408156 1939.495405408156 2299.408005408156

Equation: (cos(x0) / (x0 ^ x0)) + ((x3 - x0) + 1591.8234275598704)
Residuals:
1186.3395611711076 1121.986139679428 1049.6201923429462 968.5099570171183 877.8805002856312 776.8065083641034 664.6216651368495 540.3179655270517 402.93369675787494 251.45753912866894 84.82696437245909 98.07296501451651 298.41069575098345 517.4094832846283 756.3486910214724 1016.8337892439588 1299.7461548510494 1606.7878692461513 1939.4756183093166 2299.3881913615614

Equation: ((cos(x4) / (x0 * x1)) / x4) + ((x3 - x0) + 1591.8238932181373)
Residuals:
1186.3409349463968 1121.9840478567012 1049.615462635115 968.503355665983 877.8727098297487 776.7981158015095 664.6131600242102 540.3097405400194 402.9260550782624 251.45070339716494 84.821086880243 98.07779178548935 298.41442886803907 517.4121197997674 756.3502593482694 1016.8343406202896 1299.7457598576952 1606.7866093117016 1939.4735822819225 2299.3854719115525

Equation: ((cos(x4) / (x2 * x1)) / x4) + (sin(x3 - x0) + 1591.8238932181373)
Residuals:
1186.3413730084626 1121.984428036507 1049.6157897614125 968.5036344152725 877.8729446679416 776.7983109125566 664.6133194083138 540.3098678878002 402.9261538136077 251.45077668375984 84.82113763131156 98.07776089549475 298.41441539068205 517.4121214994077 756.3502741887928 1016.8343667623822 1299.745795613657 1606.786653167586 1939.4736328739132 2299.3855280150074

Equation: (sin(cos(x4)) / ((x0 * x1) * x0)) + (sin(x3 - x0) + 1591.8238932181373)
Residuals:
1186.3457357591983 1121.9884348237674 1049.6193492915954 968.506691467496 877.8754778532985 776.8003283150556 664.6148550767448 540.3109744618694 402.9268968573274 251.4512284988175 84.82137142092733 98.07767619156425 298.41441931582676 517.4121651465275 756.3503219911022 1016.8343969631462 1299.7457996149483 1606.7866337240655 1939.4736015830563 2299.3855023430942

Equation: 1591.8701840143544 + (cos(5003.140054956316 / 3185.0703917541296) * (x4 - (x0 ^ x0)))
Residuals:
1186.3627083095266 1122.0025941288168 1049.6309025640649 968.5158398327433 877.882413942673 776.8052354743425 664.6179173637031 540.3123771177213 402.92683720643345 251.44992684679733 84.81908409788139 98.080641373964 298.4176846400644 517.4152606707748 756.3526579202578 1016.8352267380549 1299.7441793983207 1606.7813590792903 1939.4631297375604 2299.3678468693843

Equation: (((x0 - 2.295035265853116) / 17152.182728116586) * ((x1 + x0) * (x0 * x3))) + (1591.8224255018024 + (x2 - x0))
Residuals:
1186.3572973889009 1121.9976919843382 1049.6265742502728 968.5121516700012 877.8794320180317 776.8030243993489 664.616535214755 540.3118740379562 402.92724980859157 251.4512717575103 84.82134940677292 98.07750743035058 298.4137886493777 517.4107838546172 756.3478823591652 1016.8305704949539 1299.7402421501072 1606.7789832850062 1939.463482047617 2299.372526294694

Equation: (((x0 - 2.295035265853116) / (x3 + 17152.182728116586)) * ((x1 + x0) * (x0 * x3))) + (1591.8224255018024 + (x2 - x0))
Residuals:
1186.3572969835823 1121.997691456067 1049.6265735753764 968.5121508217917 877.8794309665706 776.8030231109522 664.6165336524584 540.3118721605713 402.92724757065434 251.45126910900285 84.82134629283655 98.07751106970863 298.4137928795892 517.4107887468645 756.3478879907018 1016.830576950292 1299.7402495188735 1606.7789916646839 1939.463491543129 2299.372537018767

Equation: x4
Residuals:
402.42699999999996 466.6862 538.957 619.9712000000001 710.5038000000001 811.4801 923.5667 1047.7716 1185.0566000000001 1336.4331 1502.9637 1685.7634 1886.0007 2104.8989 2343.7374 2604.1216 2886.9330999999997 3193.8739 3526.4607 3886.2723

Equation: x4 ^ x0
Residuals:
376.266914725888 433.661329215125 497.26029745008134 567.2987968819918 643.9119344140406 727.1795220500019 816.7344529736134 912.1857136821864 1012.6994693553 1116.9522960230267 1222.9653340680184 1327.884494977195 1427.6894475028873 1516.8082055592672 1587.6057105013474 1629.727575880289 1629.0525294012132 1566.7574751586965 1417.5024062725815 1147.3409265816817

Equation: (x4 ^ x0) + x4
Residuals:
373.186114725888 430.479529215125 493.97749745008133 563.9149968819919 640.4271344140406 723.5936220500018 813.0475529736134 908.3978136821863 1008.8105693553 1112.9623960230267 1218.8744340680182 1323.6925949771949 1423.3965475028874 1512.4143055592672 1583.1108105013473 1625.131575880289 1624.3555294012133 1561.9594751586965 1412.6034062725817 1142.3409265816817

Equation: x4 - -1587.8057416947236
Residuals:
1185.3787416947234 1121.1195416947237 1048.8487416947237 967.8345416947236 877.3019416947235 776.3256416947236 664.2390416947235 540.0341416947235 402.74914169472345 251.3726416947236 84.84204169472378 97.95765830527648 298.19495830527626 517.0931583052766 755.9316583052764 1016.3158583052764 1299.1273583052762 1606.0681583052763 1938.6549583052763 2298.4665583052765

Equation: 1591.1802566665226 - sin(x4)
Residuals:
1185.6117014517222 1121.3524531804035 1049.0811952128997 968.0651027915121 877.5281657789702 776.5440892470958 664.4453375528408 540.2229992911803 402.91442277319766 251.50741887311779 84.93866907133838 97.90746722217978 298.2000461388068 517.1628336829701 756.0756009824809 1016.5441088882728 1299.449961741499 1606.4953057191196 1939.196804699741 2299.1331190588144

Equation: 1592.8982853981302 - (x4 / x0)
Residuals:
1186.3635520647967 1122.0042292871983 1049.6332511695232 968.5188227883814 877.8859486178716 776.8092332740823 664.6222789202177 540.3169893850741 402.93156746792874 251.45461567875736 84.82353627466705 98.07666870904313 298.4144974322869 517.4132482273367 756.352319579102 1016.837209711721 1299.7493181762381 1606.790743407093 1939.4781843499084 2299.3904400369

Equation: 1591.7088160444478 - (sin(x4) / x4)
Residuals:
1186.18129544759 1121.8534493067148 1049.5118875402372 968.4246967480915 877.8167808723998 776.7626834642233 664.5958981585052 540.3083072070069 402.9380868296762 251.47383133470453 84.85295285170696 98.03951906819862 298.3720379808799 517.3678412007087 756.3062505686034 1016.7926755035928 1299.7084073125932 1606.7554270955359 1939.4503045242934 2299.3716991006195

Equation: (x0 * (x4 - x0)) + 1591.5558421222784
Residuals:
1186.2904421222784 1121.9384029222786 1049.5747637222785 968.4677245222783 877.8422853222784 776.7730542022784 664.5936150022783 540.2958758022783 402.91803660227833 251.4486974022784 84.82525820227852 98.06728099772158 298.39742019772166 517.3884593977218 756.3197985977217 1016.7969297177215 1299.7012689177216 1606.7349081177215 1939.4145473177216 2299.318986517722

Equation: 1591.5660425738995 + (0.0769200114046748 * x3)
Residuals:
1186.2936639608047 1121.9412328819567 1049.5772018031084 968.4697707242603 877.8439396454122 776.774316258565 664.5944851797169 540.2963541008687 402.91812302202084 251.44839194317274 84.82456086432467 98.06837021452361 298.39890129337164 517.39033237222 756.3220634510681 1016.7995868379148 1299.7043179167629 1606.738348995611 1939.4183800744593 2299.3232111533075

Equation: 1591.9298342224956 + (cos(x4) * 0.0991129489017492)
Residuals:
1186.3231043653736 1121.9628013773197 1049.5919077648286 968.4786142896978 877.8479015199952 776.7743442878625 664.5914958310793 540.2912110560508 402.91163273054417 251.4412954027257 84.81752606826808 98.07475508556627 298.4041338664456 517.3940012023907 756.323852215005 1016.7992754057818 1299.70179096453 1606.7335909780666 1939.4114773695665 2299.3143511818116

Equation: (0.24366398462591357 * cos(cos(x0))) + 1591.689072668865
Residuals:
1186.3149701551274 1121.9528937392963 1049.5812986420378 968.468378727445 877.8390651202789 776.7678323597329 664.5880710593478 540.291424546609 402.9157678525128 251.44931788915846 84.82904279795912 98.06052364433663 298.38836252025976 517.3782459156284 756.3100102762014 1016.7895245795139 1299.6984862393629 1606.739166166394 1939.4283210284252 2299.344682305131

Equation: ((cos(51.79835296596484) * x3) * cos(cos(x0))) + 1591.7556498770955
Residuals:
1186.3115249302246 1121.952503054257 1049.5828788723438 968.4709473071448 877.8417690709888 776.7699714026085 664.5891191327478 540.2910427417964 402.9138133020863 251.44584555454912 84.82429926310829 98.0661152660573 298.394226916306 517.3836886919673 756.3142584592874 1016.7917697640291 1299.6979383705968 1606.7350936809626 1939.420092738379 2299.331799139046

Equation: (cos(x1 / 0.5215711571310857) * -0.05722091466063168) + 1591.884570483305
Residuals:
1186.3263528959933 1121.9618876767838 1049.5878665892315 968.4725726611769 877.8410094038032 776.7677057048047 664.5861003596813 540.287872332274 402.91093483185205 251.4435490875394 84.82273701211693 98.06690466446571 298.39428932020405 517.383124988303 756.3131991042335 1016.7903567129724 1299.6963182475438 1606.733419378865 1939.4185357582394 2299.3305677037415

Equation: (cos(x1 / 0.5215711571310857) * sin(-0.05722091466063168)) + 1591.884570483305
Residuals:
1186.326380404645 1121.961917512608 1049.5878976369168 968.4726037601108 877.8410393914575 776.767733457451 664.5861248415467 540.2878926281869 402.91095018311876 251.44355892030444 84.82274095881598 98.06690675136701 298.3942973626938 517.3831386857398 756.3132179445852 1016.7903799959447 1299.6963450980084 1606.7334487931084 1939.4185666367098 2299.3305988921516

Equation: ((cos(x0) * (-0.00995127088919187 * x4)) * (cos(x1) * x1)) + 1591.9418039277418
Residuals:
1186.3430122128225 1121.9750794580564 1049.5972741578603 968.478172300209 877.8430728975344 776.7667762562676 664.5829562736444 540.2834510463676 402.90625155331827 251.43959884177002 84.8203892099566 98.06701253382448 298.39185184786334 517.3782558116154 756.3064980266754 1016.7829511628436 1299.6898761119332 1606.7301232867617 1939.4210269530722 2299.3418541935416

Equation: 1591.9404386258675 + (cos(x2 + -0.18321118110608922) * (cos(x0) * (-0.03319950026726289 * x1)))
Residuals:
1186.3373605309703 1121.9706381647381 1049.5942206509512 968.4765629158051 877.8428326588574 776.7677014600506 664.5847252798189 540.2856547016022 402.9084302013882 251.44129027268536 84.82118357202148 98.06741424940583 298.39357965048634 517.381217073686 756.3103325962165 1016.7869990129293 1299.6931610158501 1606.7313572845371 1939.4186338101015 2299.3340149565715

Equation: x4
Residuals:
402.42699999999996 466.6862 538.957 619.9712000000001 710.5038000000001 811.4801 923.5667 1047.7716 1185.0566000000001 1336.4331 1502.9637 1685.7634 1886.0007 2104.8989 2343.7374 2604.1216 2886.9330999999997 3193.8739 3526.4607 3886.2723

Equation: x4 ^ x0
Residuals:
376.266914725888 433.661329215125 497.26029745008134 567.2987968819918 643.9119344140406 727.1795220500019 816.7344529736134 912.1857136821864 1012.6994693553 1116.9522960230267 1222.9653340680184 1327.884494977195 1427.6894475028873 1516.8082055592672 1587.6057105013474 1629.727575880289 1629.0525294012132 1566.7574751586965 1417.5024062725815 1147.3409265816817

Equation: (x4 ^ x0) + x4
Residuals:
373.186114725888 430.479529215125 493.97749745008133 563.9149968819919 640.4271344140406 723.5936220500018 813.0475529736134 908.3978136821863 1008.8105693553 1112.9623960230267 1218.8744340680182 1323.6925949771949 1423.3965475028874 1512.4143055592672 1583.1108105013473 1625.131575880289 1624.3555294012133 1561.9594751586965 1412.6034062725817 1142.3409265816817

Equation: 1587.8057414779366 + x4
Residuals:
1185.3787414779367 1121.1195414779368 1048.8487414779365 967.8345414779367 877.3019414779366 776.3256414779366 664.2390414779366 540.0341414779366 402.7491414779365 251.37264147793667 84.84204147793662 97.95765852206341 298.1949585220634 517.0931585220635 755.9316585220636 1016.3158585220633 1299.1273585220633 1606.0681585220632 1938.6549585220635 2298.4665585220637

Equation: (x3 - x4) + 1591.899787843145
Residuals:
1186.3717878431448 1122.011587843145 1049.6397878431449 968.5245878431449 877.8909878431449 776.8135878431449 664.6259878431449 540.3200878431448 402.9340878431449 251.45658784314492 84.82498784314498 98.07571215685516 298.41401215685505 517.4132121568553 756.3527121568552 1016.838012156855 1299.750512156855 1606.792312156855 1939.480112156855 2299.392712156855

Equation: 1872.0516962744707 + -280.1739922965487
Residuals:
1186.3699039779221 1122.009703977922 1049.6379039779222 968.522703977922 877.889103977922 776.811703977922 664.624103977922 540.3182039779219 402.932203977922 251.454703977922 84.82310397792207 98.07759602207807 298.41589602207796 517.4150960220782 756.3545960220781 1016.8398960220779 1299.7523960220778 1606.7941960220778 1939.481996022078 2299.394596022078

Equation: 1591.9195014612417 + (cos(x3) / (x0 * x0))
Residuals:
1186.3009545848413 1121.94753110333 1049.5828803827849 968.4750904164639 877.8490625521898 776.7793172877693 664.5993624747434 540.301037707474 402.92248307806244 251.4522459531429 84.82768033318871 98.06625368653386 298.39809037583245 517.3911587679434 756.3248830102877 1016.8047775232042 1299.7122683009793 1606.7494610744427 1939.4330633392296 2299.3418790582587

Equation: (cos(1584.8576613292207) * x0) + 1591.577987400513
Residuals:
1186.2974666445143 1121.9449183790623 1049.5807701136105 968.4732218481583 877.8472735827064 776.7775328932294 664.5975846277775 540.2993363623252 402.9209880968733 251.45113983142141 84.82719156596954 98.06585669948254 298.39650496493437 517.3880532303865 756.3199014958384 1016.7975421853155 1299.7023904507673 1606.7365387162192 1939.4166869816713 2299.3216352471236

Equation: x2 - ((0.9230795549534202 * x1) - 1591.5489481891807)
Residuals:
1186.2936633173103 1121.9412322822602 1049.5772012472098 968.4697702121596 877.8439391771093 776.7743158341034 664.5944847990531 540.2963537640028 402.91812272895254 251.4483916939023 84.82456065885208 98.06837037619835 298.3989014112485 517.3903324462992 756.3220634813495 1016.799586824355 1299.7043178594051 1606.7383488944554 1939.4183799295058 2299.323210964556

Equation: ((cos(x0) * 0.3627948642054794) / x0) + 1591.9356044277008
Residuals:
1186.3080830299114 1121.9507079410275 1049.5827085071455 968.472194107032 877.8440738231208 776.7728630442366 664.5920585078002 540.293475467839 402.91522414604765 251.4458159023486 84.82256363977103 98.0696177769114 298.3993110971426 517.3898962625949 756.320849993881 1016.7977371639295 1299.7020435728482 1606.7359255632948 1939.4161432035053 2299.321551591621

Equation: (cos(x0 * 63.6670459510066) / (x0 * x0)) + 1591.9161008748276
Residuals:
1186.3189153424705 1121.9562887366105 1049.5844034751085 968.4711677583232 877.8412952630639 776.769164906387 664.588058310208 540.2895971360947 402.9117350752308 251.44284032058954 84.8200970382536 98.07169334152672 298.4012110380738 517.3919170577735 756.3233525688677 1016.8008262638696 1299.7064807656002 1606.7421715788598 1939.4246583449396 2299.3327814245945

Equation: (sin(x0 - 0.4899639417080999) * (sin(x1) / (x4 + x1))) - -1591.8415794892132
Residuals:
1186.3454979858539 1121.9752165259843 1049.5966243753655 968.4778902159771 877.84387392931 776.7689400584422 664.586357736061 540.2876308854579 402.91050790856434 251.44310088159477 84.82230425054308 98.06738656997868 298.39495733199215 517.384158418788 756.3147901722493 1016.792684032587 1299.699520701116 1606.7375790445412 1939.423663548268 2299.336595668211

Equation: ((sin(x0) * (x3 * x1)) * -0.014551256850706245) - ((-2.2322653960234704 / x4) - 1591.146494943151)
Residuals:
1186.3442866974847 1121.9742409132257 1049.5959183013078 968.4773263256543 877.8432479033357 776.7680419128642 664.5850299069257 540.2858086041094 402.908243552831 251.44057092500998 84.81979928779242 98.06948779386107 298.39622836923763 517.3841779817556 756.3132048780408 1016.7892762656934 1299.6942877476004 1606.7308014874166 1939.4159778193034 2299.3290584821398

Equation: x4
Residuals:
402.42699999999996 466.6862 538.957 619.9712000000001 710.5038000000001 811.4801 923.5667 1047.7716 1185.0566000000001 1336.4331 1502.9637 1685.7634 1886.0007 2104.8989 2343.7374 2604.1216 2886.9330999999997 3193.8739 3526.4607 3886.2723

Equation: x3 ^ x0
Residuals:
376.83832621498397 434.36938836654105 498.14053109880217 568.3965156002702 645.2850535149626 728.902617013904 818.9024705896829 914.92118179433 1016.1603238285719 1121.3425242177193 1228.5489265546453 1335.003764195405 1436.789119750128 1528.4671572445814 1602.5788411373708 1649.0059831286553 1653.92368641088 1598.9143748642346 1459.1687646925602 1201.4426114442708

Equation: x4 + (x3 ^ x0)
Residuals:
373.75752621498395 431.18758836654104 494.85773109880216 565.0127156002701 641.8002535149626 725.316717013904 815.215570589683 911.13328179433 1012.2714238285719 1117.3526242177195 1224.4580265546454 1330.811864195405 1432.4962197501281 1524.0732572445813 1598.0839411373709 1644.4099831286553 1649.2266864108801 1594.1163748642346 1454.2697646925603 1196.4426114442708

Equation: x3 + 1586.9734974113242
Residuals:
1184.5262974113243 1120.2670974113244 1047.9962974113241 966.9820974113243 876.4494974113242 775.4731974113242 663.3865974113241 539.1816974113242 401.8966974113241 250.52019741132426 83.98959741132421 98.81010258867582 299.0474025886758 517.9456025886759 756.784102588676 1017.1683025886757 1299.9798025886757 1606.9206025886756 1939.5074025886759 2299.319002588676

Equation: sin(x1) + 1592.5421188138653
Residuals:
1187.155413543128 1122.6945100540686 1050.2217987307345 969.0065080947595 878.2746583030608 777.1017580198759 664.8225693776772 540.4298298464764 402.962624523542 251.4103810804238 84.71126132705285 98.24904655287901 298.6384350161138 517.6796833521123 756.6517629903046 1017.1598594797879 1300.085095412582 1607.1294684268878 1939.8096522976919 2299.704524651105

Equation: 1591.8576055645985 + (x2 - x1)
Residuals:
1186.3700055645986 1122.0098055645985 1049.6380055645986 968.5228055645985 877.8892055645985 776.8118055645984 664.6242055645985 540.3183055645984 402.93230556459844 251.45480556459847 84.82320556459854 98.0774944354016 298.4157944354015 517.4149944354017 756.3544944354016 1016.8397944354015 1299.7522944354014 1606.7940944354013 1939.4818944354015 2299.3944944354016

Equation: sin(x2 - x1) + 1591.8576069381254
Residuals:
1186.370005564419 1122.009805564419 1049.638005564419 968.5228055644188 877.8892055644188 776.8118055644188 664.6242055644188 540.3183055644188 402.9323055644188 251.45480556441885 84.82320556441891 98.07749443558123 298.4157944355811 517.4149944355813 756.3544944355813 1016.8397944355811 1299.752294435581 1606.794094435581 1939.4818944355811 2299.3944944355812

Equation: (x1 / x3) + (x1 * (1590.8879372563958 / x1))
Residuals:
1186.366937230257 1122.007158916315 1049.6357544941816 968.5209263157369 877.8876764586124 776.8106070827973 664.6233191747419 540.3177145343107 402.931994471998 251.45476016492785 84.8234126734003 98.07704704496814 298.4151181231066 517.4140997740362 756.3533912818305 1016.8384918008182 1299.7508011288248 1606.7924185182283 1939.4800434683725 2299.3924755192174

Equation: (-0.29156573748370906 / x1) + (x1 * (1591.9516862525338 / x1))
Residuals:
1186.3473476996287 1121.9902716243512 1049.6213997099594 968.508949812511 877.8779376813394 776.8029796070048 664.6176831591649 540.3139618709481 402.9300256231463 251.45448328063458 84.82474281966688 98.07418856350091 298.41080435954086 517.4083986660005 756.3463661181863 1016.8302004118141 1299.7412999819333 1606.7817592655738 1939.4682745232358 2299.3796423212775

Equation: ((1591.839253394585 / x1) * x1) + (sin(-109.9581517703668) * (x1 * x0))
Residuals:
1186.353279405013 1121.9945686815377 1049.624307104285 968.5106946732544 877.8787313884469 776.8030189433855 664.6171539996828 540.3130382022027 402.92887155094536 251.45325404591063 84.82358568709856 98.07513352549108 298.41140359185783 517.4085245120025 756.345896285924 1016.8290167334549 1299.7392901662715 1606.7788144528656 1939.4642895932373 2299.374515587386

Equation: (cos(-30.370962398442607) / (x2 * x4)) + (((1591.7082061492424 / x1) - -0.03428513761408914) * x1)
Residuals:
1186.3575401381927 1121.9974337843876 1049.6260354728643 968.5115087639913 877.8788224513108 776.802550898866 664.6162686534315 540.3118565970453 402.9274971905377 251.45177509730684 84.8220768595504 98.07660937131413 298.41279406015383 517.409786477602 756.3469948599436 1016.8299241639263 1299.739985638121 1606.7792828421816 1939.46452104281 2299.37450497807

Equation: x4
Residuals:
402.42699999999996 466.6862 538.957 619.9712000000001 710.5038000000001 811.4801 923.5667 1047.7716 1185.0566000000001 1336.4331 1502.9637 1685.7634 1886.0007 2104.8989 2343.7374 2604.1216 2886.9330999999997 3193.8739 3526.4607 3886.2723

Equation: x4 ^ x0
Residuals:
376.266914725888 433.661329215125 497.26029745008134 567.2987968819918 643.9119344140406 727.1795220500019 816.7344529736134 912.1857136821864 1012.6994693553 1116.9522960230267 1222.9653340680184 1327.884494977195 1427.6894475028873 1516.8082055592672 1587.6057105013474 1629.727575880289 1629.0525294012132 1566.7574751586965 1417.5024062725815 1147.3409265816817

Equation: (x4 ^ x0) + x4
Residuals:
373.186114725888 430.479529215125 493.97749745008133 563.9149968819919 640.4271344140406 723.5936220500018 813.0475529736134 908.3978136821863 1008.8105693553 1112.9623960230267 1218.8744340680182 1323.6925949771949 1423.3965475028874 1512.4143055592672 1583.1108105013473 1625.131575880289 1624.3555294012133 1561.9594751586965 1412.6034062725817 1142.3409265816817

Equation: 1587.8057416298186 + x4
Residuals:
1185.3787416298187 1121.1195416298187 1048.8487416298185 967.8345416298187 877.3019416298185 776.3256416298186 664.2390416298185 540.0341416298186 402.7491416298185 251.37264162981865 84.8420416298186 97.95765837018143 298.19495837018144 517.0931583701815 755.9316583701816 1016.3158583701813 1299.1273583701814 1606.0681583701812 1938.6549583701815 2298.4665583701817

Equation: 1592.5751516548962 + sin(x4)
Residuals:
1187.1281068696962 1122.6669551410155 1050.1946131085192 968.9803055299067 878.2500425424486 777.0793190743229 664.802870768578 540.4134090302384 402.9499855482211 251.40198944830104 84.70753925008057 98.24772445640178 298.63174553977433 517.6673579956114 756.6335906961008 1017.1356827903082 1300.0548299370819 1607.0930859594612 1939.76718697884 2299.6560726197667

Equation: (x0 / x4) + 1590.8929016678078
Residuals:
1186.35887471377 1121.9995072369825 1049.6284885326795 968.5140231879923 877.8811152582576 776.8043689702981 664.6173862375006 540.3120705872618 402.9266245843137 251.44965053369424 84.81855051280536 98.0816736011634 298.4195201076818 517.4182874625776 756.3573742604665 1016.842278836979 1299.7544008018535 1606.795838682338 1939.4832914940619 2299.395558332192

Equation: 1591.548689559815 + (x4 * (x4 - x0))
Residuals:
1186.2898181998148 1121.937778999815 1049.574139799815 968.467100599815 877.841661399815 776.7724302798149 664.592991079815 540.2952518798149 402.917412679815 251.4480734798151 84.82463427981497 98.06790492018513 298.398044120185 517.3890833201851 756.320422520185 1016.797553640185 1299.7018928401849 1606.7355320401848 1939.415171240185 2299.319610440185

Equation: (0.07692014042067988 * x2) + 1591.5675957762003
Residuals:
1186.2936637711355 1121.9412327053178 1049.5772016395003 968.4697705736828 877.8439395078652 776.7743161340618 664.5944850682442 540.2963540024268 402.9181229366093 251.44839187079174 84.82456080497423 98.06837026084327 298.39890132666073 517.3903323924785 756.3220634582958 1016.7995868320993 1299.7043178979166 1606.738348963734 1939.4183800295518 2299.3232110953695

Equation: 1591.929834415598 + (cos(x4) * 0.0991134335263575)
Residuals:
1186.3231040747464 1121.9628010861893 1049.59190747813 968.4786140123215 877.847901256736 776.7743440433931 664.5914956098432 540.2912108622711 402.9116325681639 251.44129527536825 84.81752597919967 98.07475513346981 298.4041338707277 517.3940011610398 756.3238521264741 1016.799275268957 1299.701790778885 1606.7335907435256 1939.4114770865517 2299.3143508512394

Equation: (cos(cos(x0)) * 0.2436650262964343) + 1591.6890718006675
Residuals:
1186.3149698584907 1121.9528934346376 1049.5812983382552 968.46837843341 877.839064844568 776.7678321103872 664.5880708435129 540.2914243703328 402.9157677204546 251.44931780433944 84.82904276155455 98.06052363314484 298.3883624643465 517.3782458198864 756.3100101473892 1016.7895244259678 1299.6984860706903 1606.739165992933 1939.4283208607565 2299.3446821535417

Equation: (cos(cos(x0)) * (x0 * (x3 - x1))) + 1591.7495514308484
Residuals:
1186.308253402241 1121.9493275384148 1049.5798437981575 968.4681033825318 877.8391716721188 776.7676789501734 664.5871898479386 540.2895328717145 402.9127739151588 251.4453194351829 84.82431780112051 98.06553496928359 298.3930844651543 517.3820020667338 756.3120646926977 1016.789124026317 1299.6949135239965 1606.7317758946447 1939.4165778973424 2299.328187981848

Equation: (cos(cos(x0)) * (x0 * 0.038272065251687686)) + 1591.756301445235
Residuals:
1186.3115006479206 1121.9525076732373 1049.5829019317525 968.4709792941019 877.8418016971633 776.7699978291228 664.5891341841543 540.2910430342488 402.9137973366669 251.4458137425545 84.82425387504759 98.0661702368609 298.3942859795461 517.3837451720387 756.3143048800853 1016.7917982632182 1299.6979412141418 1606.7350636578858 1939.4200235700548 2299.331685795045

Equation: 1591.9138642892804 + (cos(-60.444164470534645 * x4) / (x1 * x4))
Residuals:
1186.3361415767085 1121.9678266912088 1049.5913627359664 968.474661117054 877.8423906163563 776.7687801809627 664.5869820121795 540.2885835936279 402.9113888806619 251.4436087601366 84.82226915900856 98.06798173995526 298.3959672624403 517.3852770546018 756.3155629892326 1016.7928188454644 1299.6980204167044 1606.7336971960033 1939.4166327152677 2299.3256687061794

Equation: 1591.9398618857508 - (sin(cos(x0)) * ((x1 * 0.04016762268288687) * cos(x0)))
Residuals:
1186.331655491958 1121.966508367137 1049.5914780306603 968.4749326620365 877.8420080250934 776.7674003163957 664.5847363705802 540.2858693932196 402.90884796444743 251.4419982079571 84.82231141859552 98.06575663951344 298.39137121064164 517.378587101168 756.3076011759304 1016.7846857809707 1299.6919532559125 1606.7320425186354 1939.4220018819653 2299.3407450499894

Equation: ((0.5187378921827753 ^ x1) + 1591.60478708356) + (cos(cos(x1)) * (x3 * 0.06081937986539766))
Residuals:
1186.3364591315526 1121.969626264019 1049.5933843898738 968.4760391951913 877.8426424623366 776.767786839802 664.5849843538526 540.2859733734099 402.9087047291014 251.44144082005096 84.82115885690018 98.06763899160183 298.3940077601212 517.3818342697059 756.3111053257553 1016.7878643688198 1299.6940067635376 1606.7319942721201 1939.4187634098944 2299.333197761194

Equation: (((1.069403990192966 * x0) - x0) * cos(cos(x1))) + (1591.4001608410122 + ((x4 / x3) / x0))
Residuals:
1186.3416778651872 1121.9730202928938 1049.5952780439793 968.4767491589623 877.8424762699852 776.7670387559592 664.5839312324681 540.2848653011131 402.9077568386865 251.4408235494477 84.8209881455482 98.06731062205222 298.39319819181105 517.3806358014579 756.3096848191278 1016.7864590742122 1299.6929151786333 1606.731562595954 1939.419368602395 2299.3352280036215

Equation: (cos(cos(x1)) * (0.06973217781068503 * x0)) + (1591.3976529735648 - ((-0.18629325538005953 - x0) / (x4 * x3)))
Residuals:
1186.3420960798321 1121.9733078886823 1049.5954559837928 968.4768377882303 877.8424952064119 776.7670066609082 664.5838656929825 540.2847823468137 402.9076706288795 251.44074597470285 84.82092843486134 98.06734624985461 298.3932067898447 517.3806178279347 756.3096441066214 1016.7864026008638 1299.6928527020566 1606.731506010293 1939.4193312223572 2299.335223732828

Equation: x4
Residuals:
402.42699999999996 466.6862 538.957 619.9712000000001 710.5038000000001 811.4801 923.5667 1047.7716 1185.0566000000001 1336.4331 1502.9637 1685.7634 1886.0007 2104.8989 2343.7374 2604.1216 2886.9330999999997 3193.8739 3526.4607 3886.2723

Equation: x4 ^ x0
Residuals:
376.266914725888 433.661329215125 497.26029745008134 567.2987968819918 643.9119344140406 727.1795220500019 816.7344529736134 912.1857136821864 1012.6994693553 1116.9522960230267 1222.9653340680184 1327.884494977195 1427.6894475028873 1516.8082055592672 1587.6057105013474 1629.727575880289 1629.0525294012132 1566.7574751586965 1417.5024062725815 1147.3409265816817

Equation: x4 + (x4 ^ x0)
Residuals:
373.186114725888 430.479529215125 493.97749745008133 563.9149968819919 640.4271344140406 723.5936220500018 813.0475529736134 908.3978136821863 1008.8105693553 1112.9623960230267 1218.8744340680182 1323.6925949771949 1423.3965475028874 1512.4143055592672 1583.1108105013473 1625.131575880289 1624.3555294012133 1561.9594751586965 1412.6034062725817 1142.3409265816817

Equation: x4 + 1587.8057417374714
Residuals:
1185.3787417374715 1121.1195417374715 1048.8487417374713 967.8345417374715 877.3019417374713 776.3256417374714 664.2390417374713 540.0341417374714 402.7491417374713 251.37264173747144 84.84204173747139 97.95765826252864 298.19495826252864 517.0931582625287 755.9316582625288 1016.3158582625285 1299.1273582625286 1606.0681582625284 1938.6549582625287 2298.4665582625285

Equation: 1591.1181829459795 - sin(x3)
Residuals:
1185.529478812753 1121.2701889576133 1048.999095194576 967.9833710923151 877.4470027595299 776.4636903215605 664.365888837184 540.1446778771078 402.83739426258376 251.43183569013672 84.8646689089062 97.97976280581656 298.27053295903374 517.2314259906886 756.1422323380907 1016.6087308350327 1299.5125502749434 1606.5558555921048 1939.2553314438258 2299.189658825958

Equation: 1590.8929017754504 + (x0 / x4)
Residuals:
1186.3588748214124 1121.999507344625 1049.6284886403218 968.5140232956348 877.8811153659004 776.8043690779407 664.6173863451431 540.3120706949044 402.92662469195625 251.4496506413368 84.81855062044792 98.08167349352084 298.41952000003926 517.418287354935 756.3573741528239 1016.8422787293364 1299.754400694211 1606.7958385746954 1939.4832913864193 2299.39555822455

Equation: 1591.5503218274462 + ((x4 - x0) * x3)
Residuals:
1186.2898183074462 1121.9377791074462 1049.5741399074464 968.4671007074462 877.8416615074462 776.7724303874461 664.5929911874462 540.2952519874461 402.9174127874462 251.4480735874463 84.82463438744617 98.06790481255393 298.3980440125538 517.3890832125539 756.3204224125539 1016.7975535325538 1299.7018927325537 1606.7355319325536 1939.4151711325537 2299.3196103325536

Equation: 1591.5707043840941 + (0.07691990915400289 * x0)
Residuals:
1186.2936641115562 1121.9412330223806 1049.5772019332053 968.4697708440297 877.8439397548542 776.7743163576697 664.5944852684943 540.2963541793188 402.91812309014335 251.44839200096794 84.82456091179256 98.06837017738303 298.39890126655837 517.390332355734 756.3220634449094 1016.7995868420937 1299.704317931269 1606.7383490204445 1939.41838010962 2299.3232111987954

Equation: (0.099112586631245 * cos(x4)) + 1591.9298340777914
Residuals:
1186.3231045822704 1121.9628015945932 1049.591907978789 968.4786144966899 877.847901716434 776.7743444702555 664.5914959961049 540.291211200552 402.91163285157313 251.4412954975744 84.81752613449453 98.07475505011166 298.4041338635991 517.3940012336566 756.3238522815388 1016.7992755084167 1299.7017911036592 1606.7335911537473 1939.4114775814826 2299.314351429278

Equation: 1591.689073287978 + (cos(cos(x0)) * 0.24366324409966666)
Residuals:
1186.3149703679169 1121.952893957788 1049.5812988599068 968.4683789383848 877.8390653181915 776.7678325389024 664.5880712146948 540.2914246738333 402.91576794830235 251.44931795136563 84.8290428257485 98.06052365038363 298.3883625580995 517.3782459817824 756.3100103658651 1016.7895246867611 1299.6984863573634 1606.7391662877988 1939.4283211457123 2299.344682410987

Equation: 1591.7563024577205 + ((0.03827178001651473 * x0) * cos(cos(x0)))
Residuals:
1186.311501190884 1121.9525082072046 1049.5829024493664 968.4709797872902 877.8418021573924 776.7699982476447 664.5891345524713 540.2910433443678 402.91379758154153 251.4458139165049 84.82425397417069 98.06617021432226 298.3942860329089 517.3837452979981 756.3143050726753 1016.7917985139893 1299.697941512291 1606.7350639908962 1939.4200239242318 2299.3316861562107

Equation: ((sin(x0) * sin(x0)) * (sin(x0) * -0.10981636270076933)) + 1591.8274075528761
Residuals:
1186.3192989266468 1121.9594002136282 1049.5876317154866 968.4728633534157 877.8407244919603 776.7663436746539 664.583680570654 540.2848035088753 402.9078581899421 251.4411688069938 84.82165757694406 98.0663168984338 298.3920058839376 517.3795062240656 756.3089913325332 1016.786637501014 1299.6943919649157 1606.734679897071 1939.424308330111 2299.3419478734345

Equation: ((sin(1636.7605905050605) * sin(x4)) * (sin(x4) * (x0 * x0))) + ((x1 / (x0 * x3)) + 1591.529386983465)
Residuals:
1186.3508253373702 1121.9798855512702 1049.599889261181 968.4792682282232 877.8431811145873 776.7662946823368 664.582161872984 540.2825131938719 402.9052520372286 251.4385548494513 84.81927946879978 98.068219299372 298.3931672004194 517.3796418558954 756.3078389809923 1016.7840272325896 1299.6903426829842 1606.7294941049806 1939.4186644831375 2299.336967198138

Equation: ((sin(x4) * sin(1636.7613972823217)) * ((x0 * x0) * sin(x4))) + ((0.8079525103373469 / x3) + 1591.5873045836981)
Residuals:
1186.343767818577 1121.9749864930386 1049.5968461020052 968.4777655115297 877.8428960009152 776.766905150813 664.5833532974129 540.2839913436671 402.9067527930208 251.43985492806792 84.8202064709144 98.06777816315252 298.39325831878546 517.3802409112009 756.3088495823658 1016.7852829539333 1299.6916117356127 1606.7304890191408 1939.4190538619205 2299.336390744258

Equation: ((0.008264896673610047 * (x0 * x0)) * (sin(x0) * sin(x1))) + (1591.8979225094336 + (-0.006280713076228604 * (x1 * x0)))
Residuals:
1186.3344866216644 1121.9691982526633 1049.5937332674212 968.4765992590435 877.8430422821187 776.7678302820934 664.5846251873957 540.2852826377484 402.9078373939849 251.44060199649857 84.8205706793542 98.06777011285044 298.3935246791459 517.3806649135663 756.3093018303598 1016.7856451894777 1299.691801599555 1606.730483605522 1939.4189117449416 2299.3362710102556

Equation: ((sin(x4) * (x0 * x0)) * (sin(1636.7624476173005) * sin(x4))) + ((1.0996138116082828 / (x4 * x3)) + 1591.731160376861)
Residuals:
1186.3402229266526 1121.9725843099925 1049.595515160454 968.4773694594792 877.8432485320178 776.7677865027817 664.5845258404984 540.2852188960699 402.907817613632 251.44057470620578 84.820449948646 98.06807768874614 298.39409234311984 517.3815185791434 756.3103945995244 1016.7868347935341 1299.6928317150075 1606.7309711698422 1939.4183398123323 2299.333988671763

Equation: x1 ^ x0
Residuals:
377.95871939759195 435.7572493936817 499.8653295803409 570.5468381539523 647.9741127351167 732.2761714008823 823.1460666685599 920.2742328187037 1022.9313870645992 1129.9300753714551 1239.4685888318184 1348.9240569164187 1454.5784693783053 1551.2558194385088 1631.8405942030204 1686.6755283771824 1702.5140049530266 1661.7296448694449 1540.5485440993825 1307.0961624466008

Equation: x0 + (x3 ^ x0)
Residuals:
373.83832621498397 431.26838836654105 494.9385310988022 565.0935156002702 641.8810535149626 725.397517013904 815.296370589683 911.21408179433 1012.3522238285718 1117.4334242177194 1224.5388265546453 1330.892664195405 1432.577019750128 1524.1540572445815 1598.1647411373708 1644.4907831286553 1649.30748641088 1594.1971748642345 1454.35056469256 1196.523411444271

Equation: (x4 - cos(x4)) ^ x4
Residuals:
329.4789644885648 375.07276122334815 424.6096033362241 478.1181455975265 535.5927470322002 597.0557715477166 662.3072878681733 731.2849105134508 803.8120681341653 879.635742568802 958.3924170104716 1039.5552072304777 1122.356293477627 1205.677323146267 1287.8979226829858 1366.765029700122 1438.8050050495542 1499.4223046785223 1542.0774827091732 1557.682474705221

Equation: x3 * (x3 / (x1 - x0))
Residuals:
58.2185544554456 24.969354455445625 15.281445544554344 63.265645544554445 119.75824554455437 185.64934207920783 261.67494207920777 348.8088420792078 448.01284207920776 560.2983420792077 686.7279420792077 828.4166420792078 986.5329420792076 1162.3001420792077 1356.9976420792077 1572.185637623762 1808.835137623762 2068.6039376237622 2353.008737623762 2663.6283376237625

Equation: (x2 - x1) + 1591.7811886243392
Residuals:
1186.293588624339 1121.9333886243392 1049.561588624339 968.4463886243391 877.8127886243391 776.7353886243391 664.5477886243391 540.241888624339 402.85588862433906 251.3783886243391 84.74678862433916 98.15391137566098 298.4922113756609 517.4914113756611 756.430911375661 1016.9162113756609 1299.8287113756608 1606.8705113756607 1939.5583113756609 2299.4709113756608

Equation: ((x2 - x2) / x2) + (1591.8014408983863 - (-0.01894169227571789 * x2))
Residuals:
1186.3512312195812 1121.9929443305014 1049.6230574414212 968.509770552341 877.8780836632608 776.8025986683499 664.6169117792697 540.3129248901894 402.9288380011094 251.4532511120292 84.82356422294924 98.07522266613114 298.41160955521127 517.4088964442915 756.3464833333717 1016.8298683282824 1299.7404552173625 1606.7803421064425 1939.466228995523 2299.376915884603

Equation: ((x2 - (x1 + x4)) - x1) + (1591.8014408628223 - (-2.0189417013955024 * x2))
Residuals:
1186.351231211745 1121.9929443235862 1049.6230574354272 968.5097705472681 877.8780836591089 776.8025986651201 664.6169117769609 540.312924888802 402.9288380006428 251.45325111248394 84.82356422432485 98.07522266383444 298.41160955199325 517.4088964401526 756.3464833283115 1016.8298683223004 1299.7404552104592 1606.7803420986183 1939.4662289867774 2299.3769158749365

Equation: (((x3 - x0) / (x1 ^ x1)) - x1) + (1591.7811886243392 - (x2 * -1.0189535086579462))
Residuals:
1186.353366012644 1121.994665361645 1049.624440182507 968.5108778318906 877.8789675270549 776.803301868646 664.6174697323822 540.3133663822716 402.9291864661584 251.45352555315844 84.82377999295113 98.0750532078614 298.41147649322306 517.4087918501614 756.3464008877793 1016.8298030248388 1299.7404030598996 1606.7802999535622 1939.4661943727858 2299.376886848243

Equation: (((0.30522995764037286 / 1591.7811886243392) / cos(x1)) - x1) + (1591.7811886243392 - (x2 * -1.0189535086579462))
Residuals:
1186.3510216967616 1121.9927373828432 1049.622851102441 968.5095628252884 877.8778724150812 776.8023814983821 664.6166858765985 540.3126867902479 402.9285832464268 251.4529736976972 84.82325564102234 98.07557520431283 298.412026758946 517.4094154249772 756.3471814804841 1016.8309558705191 1299.7429783385032 1606.7726705942475 1939.4646981020405 2299.376057566208

Equation: (((x2 - x1) / (x1 / 26.52484921938774)) - x1) + ((1591.720519298262 + -0.20954136489932895) - (x2 * -1.0523020940682895))
Residuals:
1186.359803337058 1121.9991451021135 1049.6272467550657 968.5122754823522 877.8792023418772 776.8026026271571 664.6160519672308 540.3114307228675 402.9269207364214 251.45110571716668 84.82137100737123 98.07729661731764 298.413409118903 517.4102773441534 756.3473111516098 1016.8300168962644 1299.7398079144016 1606.7787891987214 1939.463667621195 2299.3732494917267

Equation: x3
Residuals:
402.44719999999995 466.7064 538.9771999999999 619.9914 710.524 811.5003 923.5869 1047.7918 1185.0768 1336.4533 1502.9839 1685.7836 1886.0209 2104.9191 2343.7576 2604.1418 2886.9532999999997 3193.8941 3526.4809 3886.2925

Equation: x3 ^ x0
Residuals:
376.83832621498397 434.36938836654105 498.14053109880217 568.3965156002702 645.2850535149626 728.902617013904 818.9024705896829 914.92118179433 1016.1603238285719 1121.3425242177193 1228.5489265546453 1335.003764195405 1436.789119750128 1528.4671572445814 1602.5788411373708 1649.0059831286553 1653.92368641088 1598.9143748642346 1459.1687646925602 1201.4426114442708

Equation: x2 + (x3 ^ x0)
Residuals:
373.797926214984 431.227988366541 494.89813109880214 565.0531156002701 641.8406535149626 725.357117013904 815.255970589683 911.1736817943299 1012.3118238285718 1117.3930242177194 1224.4984265546454 1330.852264195405 1432.536619750128 1524.1136572445814 1598.1243411373707 1644.4503831286552 1649.26708641088 1594.1567748642346 1454.3101646925602 1196.4830114442707

Equation: x0 ^ (x1 - cos(x4))
Residuals:
322.8580622150266 363.89875402680497 407.66635551069044 454.2333993762368 503.80314740005065 556.812000282728 613.7550990584499 675.5237858050675 743.1990565391452 818.0745045531984 901.6003416019987 995.3007180603892 1100.6699115133 1219.0544418650366 1351.5272437785482 1498.911005532419 1661.0455559170691 1837.5169019658179 2026.9212373842013 2226.7895664603766

Equation: sin(cos(x1)) + 1591.8238932181373
Residuals:
1185.4786210912048 1121.1145345927696 1048.7443810349473 967.6364210732627 877.0159115056359 775.9579004733453 663.79649771562 539.5242244690646 402.17986567182584 250.75249993568104 84.17981238384027 98.65318535201823 298.91531907562467 517.8305914697478 756.6794903270447 1017.0688649264202 1299.8820497535517 1606.8230009764923 1939.4104595647957 2299.2252358501146

Equation: (x0 / 15190.359704316805) + 1591.8238932181373
Residuals:
1186.3162907118149 1121.9560973607686 1049.5843040097225 968.4691106586761 877.8355173076301 776.758123963167 664.5705306121208 540.2646372610745 402.87864391002836 251.40115055898218 84.76955720793603 98.13113614311033 298.46942949415643 517.4686228452028 756.408116196249 1016.8934095407119 1299.805902891758 1606.847696242804 1939.5354895938503 2299.4480829448967

Equation: (x0 / ((x0 ^ x0) + x0)) + 1591.8238932181373
Residuals:
1186.4160932181371 1122.040778130537 1049.6556755180895 968.5288841486924 877.8852768934217 776.7993030956063 664.6044297668525 540.2923979484087 402.9012631708431 251.41948996297538 84.78435415152762 98.11925595646176 298.4599392469488 517.4610820902269 756.4021590484904 1016.8887349684592 1299.8022613268956 1606.8448848544506 1939.5333433644935 2299.44646819877

Equation: sin(x1 - x2) + ((x3 - x0) + 1591.8238932181373)
Residuals:
1186.3564945918438 1121.996294591844 1049.6244945918438 968.5092945918439 877.8756945918439 776.7982945918438 664.6106945918439 540.3047945918438 402.91879459184383 251.44129459184387 84.80969459184394 98.0910054081562 298.4293054081561 517.4285054081563 756.3680054081563 1016.8533054081561 1299.765805408156 1606.807605408156 1939.495405408156 2299.408005408156

Equation: (cos(x0) / (x0 ^ x0)) + ((x3 - x0) + 1591.8234275598704)
Residuals:
1186.3395611711076 1121.986139679428 1049.6201923429462 968.5099570171183 877.8805002856312 776.8065083641034 664.6216651368495 540.3179655270517 402.93369675787494 251.45753912866894 84.82696437245909 98.07296501451651 298.41069575098345 517.4094832846283 756.3486910214724 1016.8337892439588 1299.7461548510494 1606.7878692461513 1939.4756183093166 2299.3881913615614

Equation: ((cos(x4) / (x0 * x1)) / x4) + ((x3 - x0) + 1591.8238932181373)
Residuals:
1186.3409349463968 1121.9840478567012 1049.615462635115 968.503355665983 877.8727098297487 776.7981158015095 664.6131600242102 540.3097405400194 402.9260550782624 251.45070339716494 84.821086880243 98.07779178548935 298.41442886803907 517.4121197997674 756.3502593482694 1016.8343406202896 1299.7457598576952 1606.7866093117016 1939.4735822819225 2299.3854719115525

Equation: ((cos(x4) / (x2 * x1)) / x4) + (sin(x3 - x0) + 1591.8238932181373)
Residuals:
1186.3413730084626 1121.984428036507 1049.6157897614125 968.5036344152725 877.8729446679416 776.7983109125566 664.6133194083138 540.3098678878002 402.9261538136077 251.45077668375984 84.82113763131156 98.07776089549475 298.41441539068205 517.4121214994077 756.3502741887928 1016.8343667623822 1299.745795613657 1606.786653167586 1939.4736328739132 2299.3855280150074

Equation: (sin(cos(x4)) / ((x0 * x1) * x0)) + (sin(x3 - x0) + 1591.8238932181373)
Residuals:
1186.3457357591983 1121.9884348237674 1049.6193492915954 968.506691467496 877.8754778532985 776.8003283150556 664.6148550767448 540.3109744618694 402.9268968573274 251.4512284988175 84.82137142092733 98.07767619156425 298.41441931582676 517.4121651465275 756.3503219911022 1016.8343969631462 1299.7457996149483 1606.7866337240655 1939.4736015830563 2299.3855023430942

Equation: 1591.8701840143544 + (cos(5003.140054956316 / 3185.0703917541296) * (x4 - (x0 ^ x0)))
Residuals:
1186.3627083095266 1122.0025941288168 1049.6309025640649 968.5158398327433 877.882413942673 776.8052354743425 664.6179173637031 540.3123771177213 402.92683720643345 251.44992684679733 84.81908409788139 98.080641373964 298.4176846400644 517.4152606707748 756.3526579202578 1016.8352267380549 1299.7441793983207 1606.7813590792903 1939.4631297375604 2299.3678468693843

Equation: (((x0 - 2.295035265853116) / 17152.182728116586) * ((x1 + x0) * (x0 * x3))) + (1591.8224255018024 + (x2 - x0))
Residuals:
1186.3572973889009 1121.9976919843382 1049.6265742502728 968.5121516700012 877.8794320180317 776.8030243993489 664.616535214755 540.3118740379562 402.92724980859157 251.4512717575103 84.82134940677292 98.07750743035058 298.4137886493777 517.4107838546172 756.3478823591652 1016.8305704949539 1299.7402421501072 1606.7789832850062 1939.463482047617 2299.372526294694

Equation: (((x0 - 2.295035265853116) / (x3 + 17152.182728116586)) * ((x1 + x0) * (x0 * x3))) + (1591.8224255018024 + (x2 - x0))
Residuals:
1186.3572969835823 1121.997691456067 1049.6265735753764 968.5121508217917 877.8794309665706 776.8030231109522 664.6165336524584 540.3118721605713 402.92724757065434 251.45126910900285 84.82134629283655 98.07751106970863 298.4137928795892 517.4107887468645 756.3478879907018 1016.830576950292 1299.7402495188735 1606.7789916646839 1939.463491543129 2299.372537018767

Equation: x4
Residuals:
402.42699999999996 466.6862 538.957 619.9712000000001 710.5038000000001 811.4801 923.5667 1047.7716 1185.0566000000001 1336.4331 1502.9637 1685.7634 1886.0007 2104.8989 2343.7374 2604.1216 2886.9330999999997 3193.8739 3526.4607 3886.2723

Equation: x4 ^ x0
Residuals:
376.266914725888 433.661329215125 497.26029745008134 567.2987968819918 643.9119344140406 727.1795220500019 816.7344529736134 912.1857136821864 1012.6994693553 1116.9522960230267 1222.9653340680184 1327.884494977195 1427.6894475028873 1516.8082055592672 1587.6057105013474 1629.727575880289 1629.0525294012132 1566.7574751586965 1417.5024062725815 1147.3409265816817

Equation: (x4 ^ x0) + x4
Residuals:
373.186114725888 430.479529215125 493.97749745008133 563.9149968819919 640.4271344140406 723.5936220500018 813.0475529736134 908.3978136821863 1008.8105693553 1112.9623960230267 1218.8744340680182 1323.6925949771949 1423.3965475028874 1512.4143055592672 1583.1108105013473 1625.131575880289 1624.3555294012133 1561.9594751586965 1412.6034062725817 1142.3409265816817

Equation: x4 - -1587.8057416947236
Residuals:
1185.3787416947234 1121.1195416947237 1048.8487416947237 967.8345416947236 877.3019416947235 776.3256416947236 664.2390416947235 540.0341416947235 402.74914169472345 251.3726416947236 84.84204169472378 97.95765830527648 298.19495830527626 517.0931583052766 755.9316583052764 1016.3158583052764 1299.1273583052762 1606.0681583052763 1938.6549583052763 2298.4665583052765

Equation: 1591.1802566665226 - sin(x4)
Residuals:
1185.6117014517222 1121.3524531804035 1049.0811952128997 968.0651027915121 877.5281657789702 776.5440892470958 664.4453375528408 540.2229992911803 402.91442277319766 251.50741887311779 84.93866907133838 97.90746722217978 298.2000461388068 517.1628336829701 756.0756009824809 1016.5441088882728 1299.449961741499 1606.4953057191196 1939.196804699741 2299.1331190588144

Equation: 1592.8982853981302 - (x4 / x0)
Residuals:
1186.3635520647967 1122.0042292871983 1049.6332511695232 968.5188227883814 877.8859486178716 776.8092332740823 664.6222789202177 540.3169893850741 402.93156746792874 251.45461567875736 84.82353627466705 98.07666870904313 298.4144974322869 517.4132482273367 756.352319579102 1016.837209711721 1299.7493181762381 1606.790743407093 1939.4781843499084 2299.3904400369

Equation: 1591.7088160444478 - (sin(x4) / x4)
Residuals:
1186.18129544759 1121.8534493067148 1049.5118875402372 968.4246967480915 877.8167808723998 776.7626834642233 664.5958981585052 540.3083072070069 402.9380868296762 251.47383133470453 84.85295285170696 98.03951906819862 298.3720379808799 517.3678412007087 756.3062505686034 1016.7926755035928 1299.7084073125932 1606.7554270955359 1939.4503045242934 2299.3716991006195

Equation: (x0 * (x4 - x0)) + 1591.5558421222784
Residuals:
1186.2904421222784 1121.9384029222786 1049.5747637222785 968.4677245222783 877.8422853222784 776.7730542022784 664.5936150022783 540.2958758022783 402.91803660227833 251.4486974022784 84.82525820227852 98.06728099772158 298.39742019772166 517.3884593977218 756.3197985977217 1016.7969297177215 1299.7012689177216 1606.7349081177215 1939.4145473177216 2299.318986517722

Equation: 1591.5660425738995 + (0.0769200114046748 * x3)
Residuals:
1186.2936639608047 1121.9412328819567 1049.5772018031084 968.4697707242603 877.8439396454122 776.774316258565 664.5944851797169 540.2963541008687 402.91812302202084 251.44839194317274 84.82456086432467 98.06837021452361 298.39890129337164 517.39033237222 756.3220634510681 1016.7995868379148 1299.7043179167629 1606.738348995611 1939.4183800744593 2299.3232111533075

Equation: 1591.9298342224956 + (cos(x4) * 0.0991129489017492)
Residuals:
1186.3231043653736 1121.9628013773197 1049.5919077648286 968.4786142896978 877.8479015199952 776.7743442878625 664.5914958310793 540.2912110560508 402.91163273054417 251.4412954027257 84.81752606826808 98.07475508556627 298.4041338664456 517.3940012023907 756.323852215005 1016.7992754057818 1299.70179096453 1606.7335909780666 1939.4114773695665 2299.3143511818116

Equation: (0.24366398462591357 * cos(cos(x0))) + 1591.689072668865
Residuals:
1186.3149701551274 1121.9528937392963 1049.5812986420378 968.468378727445 877.8390651202789 776.7678323597329 664.5880710593478 540.291424546609 402.9157678525128 251.44931788915846 84.82904279795912 98.06052364433663 298.38836252025976 517.3782459156284 756.3100102762014 1016.7895245795139 1299.6984862393629 1606.739166166394 1939.4283210284252 2299.344682305131

Equation: ((cos(51.79835296596484) * x3) * cos(cos(x0))) + 1591.7556498770955
Residuals:
1186.3115249302246 1121.952503054257 1049.5828788723438 968.4709473071448 877.8417690709888 776.7699714026085 664.5891191327478 540.2910427417964 402.9138133020863 251.44584555454912 84.82429926310829 98.0661152660573 298.394226916306 517.3836886919673 756.3142584592874 1016.7917697640291 1299.6979383705968 1606.7350936809626 1939.420092738379 2299.331799139046

Equation: (cos(x1 / 0.5215711571310857) * -0.05722091466063168) + 1591.884570483305
Residuals:
1186.3263528959933 1121.9618876767838 1049.5878665892315 968.4725726611769 877.8410094038032 776.7677057048047 664.5861003596813 540.287872332274 402.91093483185205 251.4435490875394 84.82273701211693 98.06690466446571 298.39428932020405 517.383124988303 756.3131991042335 1016.7903567129724 1299.6963182475438 1606.733419378865 1939.4185357582394 2299.3305677037415

Equation: (cos(x1 / 0.5215711571310857) * sin(-0.05722091466063168)) + 1591.884570483305
Residuals:
1186.326380404645 1121.961917512608 1049.5878976369168 968.4726037601108 877.8410393914575 776.767733457451 664.5861248415467 540.2878926281869 402.91095018311876 251.44355892030444 84.82274095881598 98.06690675136701 298.3942973626938 517.3831386857398 756.3132179445852 1016.7903799959447 1299.6963450980084 1606.7334487931084 1939.4185666367098 2299.3305988921516

Equation: ((cos(x0) * (-0.00995127088919187 * x4)) * (cos(x1) * x1)) + 1591.9418039277418
Residuals:
1186.3430122128225 1121.9750794580564 1049.5972741578603 968.478172300209 877.8430728975344 776.7667762562676 664.5829562736444 540.2834510463676 402.90625155331827 251.43959884177002 84.8203892099566 98.06701253382448 298.39185184786334 517.3782558116154 756.3064980266754 1016.7829511628436 1299.6898761119332 1606.7301232867617 1939.4210269530722 2299.3418541935416

Equation: 1591.9404386258675 + (cos(x2 + -0.18321118110608922) * (cos(x0) * (-0.03319950026726289 * x1)))
Residuals:
1186.3373605309703 1121.9706381647381 1049.5942206509512 968.4765629158051 877.8428326588574 776.7677014600506 664.5847252798189 540.2856547016022 402.9084302013882 251.44129027268536 84.82118357202148 98.06741424940583 298.39357965048634 517.381217073686 756.3103325962165 1016.7869990129293 1299.6931610158501 1606.7313572845371 1939.4186338101015 2299.3340149565715

Equation: x4
Residuals:
402.42699999999996 466.6862 538.957 619.9712000000001 710.5038000000001 811.4801 923.5667 1047.7716 1185.0566000000001 1336.4331 1502.9637 1685.7634 1886.0007 2104.8989 2343.7374 2604.1216 2886.9330999999997 3193.8739 3526.4607 3886.2723

Equation: x4 ^ x0
Residuals:
376.266914725888 433.661329215125 497.26029745008134 567.2987968819918 643.9119344140406 727.1795220500019 816.7344529736134 912.1857136821864 1012.6994693553 1116.9522960230267 1222.9653340680184 1327.884494977195 1427.6894475028873 1516.8082055592672 1587.6057105013474 1629.727575880289 1629.0525294012132 1566.7574751586965 1417.5024062725815 1147.3409265816817

Equation: (x4 ^ x0) + x4
Residuals:
373.186114725888 430.479529215125 493.97749745008133 563.9149968819919 640.4271344140406 723.5936220500018 813.0475529736134 908.3978136821863 1008.8105693553 1112.9623960230267 1218.8744340680182 1323.6925949771949 1423.3965475028874 1512.4143055592672 1583.1108105013473 1625.131575880289 1624.3555294012133 1561.9594751586965 1412.6034062725817 1142.3409265816817

Equation: 1587.8057414779366 + x4
Residuals:
1185.3787414779367 1121.1195414779368 1048.8487414779365 967.8345414779367 877.3019414779366 776.3256414779366 664.2390414779366 540.0341414779366 402.7491414779365 251.37264147793667 84.84204147793662 97.95765852206341 298.1949585220634 517.0931585220635 755.9316585220636 1016.3158585220633 1299.1273585220633 1606.0681585220632 1938.6549585220635 2298.4665585220637

Equation: (x3 - x4) + 1591.899787843145
Residuals:
1186.3717878431448 1122.011587843145 1049.6397878431449 968.5245878431449 877.8909878431449 776.8135878431449 664.6259878431449 540.3200878431448 402.9340878431449 251.45658784314492 84.82498784314498 98.07571215685516 298.41401215685505 517.4132121568553 756.3527121568552 1016.838012156855 1299.750512156855 1606.792312156855 1939.480112156855 2299.392712156855

Equation: 1872.0516962744707 + -280.1739922965487
Residuals:
1186.3699039779221 1122.009703977922 1049.6379039779222 968.522703977922 877.889103977922 776.811703977922 664.624103977922 540.3182039779219 402.932203977922 251.454703977922 84.82310397792207 98.07759602207807 298.41589602207796 517.4150960220782 756.3545960220781 1016.8398960220779 1299.7523960220778 1606.7941960220778 1939.481996022078 2299.394596022078

Equation: 1591.9195014612417 + (cos(x3) / (x0 * x0))
Residuals:
1186.3009545848413 1121.94753110333 1049.5828803827849 968.4750904164639 877.8490625521898 776.7793172877693 664.5993624747434 540.301037707474 402.92248307806244 251.4522459531429 84.82768033318871 98.06625368653386 298.39809037583245 517.3911587679434 756.3248830102877 1016.8047775232042 1299.7122683009793 1606.7494610744427 1939.4330633392296 2299.3418790582587

Equation: (cos(1584.8576613292207) * x0) + 1591.577987400513
Residuals:
1186.2974666445143 1121.9449183790623 1049.5807701136105 968.4732218481583 877.8472735827064 776.7775328932294 664.5975846277775 540.2993363623252 402.9209880968733 251.45113983142141 84.82719156596954 98.06585669948254 298.39650496493437 517.3880532303865 756.3199014958384 1016.7975421853155 1299.7023904507673 1606.7365387162192 1939.4166869816713 2299.3216352471236

Equation: x2 - ((0.9230795549534202 * x1) - 1591.5489481891807)
Residuals:
1186.2936633173103 1121.9412322822602 1049.5772012472098 968.4697702121596 877.8439391771093 776.7743158341034 664.5944847990531 540.2963537640028 402.91812272895254 251.4483916939023 84.82456065885208 98.06837037619835 298.3989014112485 517.3903324462992 756.3220634813495 1016.799586824355 1299.7043178594051 1606.7383488944554 1939.4183799295058 2299.323210964556

Equation: ((cos(x0) * 0.3627948642054794) / x0) + 1591.9356044277008
Residuals:
1186.3080830299114 1121.9507079410275 1049.5827085071455 968.472194107032 877.8440738231208 776.7728630442366 664.5920585078002 540.293475467839 402.91522414604765 251.4458159023486 84.82256363977103 98.0696177769114 298.3993110971426 517.3898962625949 756.320849993881 1016.7977371639295 1299.7020435728482 1606.7359255632948 1939.4161432035053 2299.321551591621

Equation: (cos(x0 * 63.6670459510066) / (x0 * x0)) + 1591.9161008748276
Residuals:
1186.3189153424705 1121.9562887366105 1049.5844034751085 968.4711677583232 877.8412952630639 776.769164906387 664.588058310208 540.2895971360947 402.9117350752308 251.44284032058954 84.8200970382536 98.07169334152672 298.4012110380738 517.3919170577735 756.3233525688677 1016.8008262638696 1299.7064807656002 1606.7421715788598 1939.4246583449396 2299.3327814245945

Equation: (sin(x0 - 0.4899639417080999) * (sin(x1) / (x4 + x1))) - -1591.8415794892132
Residuals:
1186.3454979858539 1121.9752165259843 1049.5966243753655 968.4778902159771 877.84387392931 776.7689400584422 664.586357736061 540.2876308854579 402.91050790856434 251.44310088159477 84.82230425054308 98.06738656997868 298.39495733199215 517.384158418788 756.3147901722493 1016.792684032587 1299.699520701116 1606.7375790445412 1939.423663548268 2299.336595668211

Equation: ((sin(x0) * (x3 * x1)) * -0.014551256850706245) - ((-2.2322653960234704 / x4) - 1591.146494943151)
Residuals:
1186.3442866974847 1121.9742409132257 1049.5959183013078 968.4773263256543 877.8432479033357 776.7680419128642 664.5850299069257 540.2858086041094 402.908243552831 251.44057092500998 84.81979928779242 98.06948779386107 298.39622836923763 517.3841779817556 756.3132048780408 1016.7892762656934 1299.6942877476004 1606.7308014874166 1939.4159778193034 2299.3290584821398

Equation: x4
Residuals:
402.42699999999996 466.6862 538.957 619.9712000000001 710.5038000000001 811.4801 923.5667 1047.7716 1185.0566000000001 1336.4331 1502.9637 1685.7634 1886.0007 2104.8989 2343.7374 2604.1216 2886.9330999999997 3193.8739 3526.4607 3886.2723

Equation: x3 ^ x0
Residuals:
376.83832621498397 434.36938836654105 498.14053109880217 568.3965156002702 645.2850535149626 728.902617013904 818.9024705896829 914.92118179433 1016.1603238285719 1121.3425242177193 1228.5489265546453 1335.003764195405 1436.789119750128 1528.4671572445814 1602.5788411373708 1649.0059831286553 1653.92368641088 1598.9143748642346 1459.1687646925602 1201.4426114442708

Equation: x4 + (x3 ^ x0)
Residuals:
373.75752621498395 431.18758836654104 494.85773109880216 565.0127156002701 641.8002535149626 725.316717013904 815.215570589683 911.13328179433 1012.2714238285719 1117.3526242177195 1224.4580265546454 1330.811864195405 1432.4962197501281 1524.0732572445813 1598.0839411373709 1644.4099831286553 1649.2266864108801 1594.1163748642346 1454.2697646925603 1196.4426114442708

Equation: x3 + 1586.9734974113242
Residuals:
1184.5262974113243 1120.2670974113244 1047.9962974113241 966.9820974113243 876.4494974113242 775.4731974113242 663.3865974113241 539.1816974113242 401.8966974113241 250.52019741132426 83.98959741132421 98.81010258867582 299.0474025886758 517.9456025886759 756.784102588676 1017.1683025886757 1299.9798025886757 1606.9206025886756 1939.5074025886759 2299.319002588676

Equation: sin(x1) + 1592.5421188138653
Residuals:
1187.155413543128 1122.6945100540686 1050.2217987307345 969.0065080947595 878.2746583030608 777.1017580198759 664.8225693776772 540.4298298464764 402.962624523542 251.4103810804238 84.71126132705285 98.24904655287901 298.6384350161138 517.6796833521123 756.6517629903046 1017.1598594797879 1300.085095412582 1607.1294684268878 1939.8096522976919 2299.704524651105

Equation: 1591.8576055645985 + (x2 - x1)
Residuals:
1186.3700055645986 1122.0098055645985 1049.6380055645986 968.5228055645985 877.8892055645985 776.8118055645984 664.6242055645985 540.3183055645984 402.93230556459844 251.45480556459847 84.82320556459854 98.0774944354016 298.4157944354015 517.4149944354017 756.3544944354016 1016.8397944354015 1299.7522944354014 1606.7940944354013 1939.4818944354015 2299.3944944354016

Equation: sin(x2 - x1) + 1591.8576069381254
Residuals:
1186.370005564419 1122.009805564419 1049.638005564419 968.5228055644188 877.8892055644188 776.8118055644188 664.6242055644188 540.3183055644188 402.9323055644188 251.45480556441885 84.82320556441891 98.07749443558123 298.4157944355811 517.4149944355813 756.3544944355813 1016.8397944355811 1299.752294435581 1606.794094435581 1939.4818944355811 2299.3944944355812

Equation: (x1 / x3) + (x1 * (1590.8879372563958 / x1))
Residuals:
1186.366937230257 1122.007158916315 1049.6357544941816 968.5209263157369 877.8876764586124 776.8106070827973 664.6233191747419 540.3177145343107 402.931994471998 251.45476016492785 84.8234126734003 98.07704704496814 298.4151181231066 517.4140997740362 756.3533912818305 1016.8384918008182 1299.7508011288248 1606.7924185182283 1939.4800434683725 2299.3924755192174

Equation: (-0.29156573748370906 / x1) + (x1 * (1591.9516862525338 / x1))
Residuals:
1186.3473476996287 1121.9902716243512 1049.6213997099594 968.508949812511 877.8779376813394 776.8029796070048 664.6176831591649 540.3139618709481 402.9300256231463 251.45448328063458 84.82474281966688 98.07418856350091 298.41080435954086 517.4083986660005 756.3463661181863 1016.8302004118141 1299.7412999819333 1606.7817592655738 1939.4682745232358 2299.3796423212775

Equation: ((1591.839253394585 / x1) * x1) + (sin(-109.9581517703668) * (x1 * x0))
Residuals:
1186.353279405013 1121.9945686815377 1049.624307104285 968.5106946732544 877.8787313884469 776.8030189433855 664.6171539996828 540.3130382022027 402.92887155094536 251.45325404591063 84.82358568709856 98.07513352549108 298.41140359185783 517.4085245120025 756.345896285924 1016.8290167334549 1299.7392901662715 1606.7788144528656 1939.4642895932373 2299.374515587386

Equation: (cos(-30.370962398442607) / (x2 * x4)) + (((1591.7082061492424 / x1) - -0.03428513761408914) * x1)
Residuals:
1186.3575401381927 1121.9974337843876 1049.6260354728643 968.5115087639913 877.8788224513108 776.802550898866 664.6162686534315 540.3118565970453 402.9274971905377 251.45177509730684 84.8220768595504 98.07660937131413 298.41279406015383 517.409786477602 756.3469948599436 1016.8299241639263 1299.739985638121 1606.7792828421816 1939.46452104281 2299.37450497807

Equation: x4
Residuals:
402.42699999999996 466.6862 538.957 619.9712000000001 710.5038000000001 811.4801 923.5667 1047.7716 1185.0566000000001 1336.4331 1502.9637 1685.7634 1886.0007 2104.8989 2343.7374 2604.1216 2886.9330999999997 3193.8739 3526.4607 3886.2723

Equation: x4 ^ x0
Residuals:
376.266914725888 433.661329215125 497.26029745008134 567.2987968819918 643.9119344140406 727.1795220500019 816.7344529736134 912.1857136821864 1012.6994693553 1116.9522960230267 1222.9653340680184 1327.884494977195 1427.6894475028873 1516.8082055592672 1587.6057105013474 1629.727575880289 1629.0525294012132 1566.7574751586965 1417.5024062725815 1147.3409265816817

Equation: (x4 ^ x0) + x4
Residuals:
373.186114725888 430.479529215125 493.97749745008133 563.9149968819919 640.4271344140406 723.5936220500018 813.0475529736134 908.3978136821863 1008.8105693553 1112.9623960230267 1218.8744340680182 1323.6925949771949 1423.3965475028874 1512.4143055592672 1583.1108105013473 1625.131575880289 1624.3555294012133 1561.9594751586965 1412.6034062725817 1142.3409265816817

Equation: 1587.8057416298186 + x4
Residuals:
1185.3787416298187 1121.1195416298187 1048.8487416298185 967.8345416298187 877.3019416298185 776.3256416298186 664.2390416298185 540.0341416298186 402.7491416298185 251.37264162981865 84.8420416298186 97.95765837018143 298.19495837018144 517.0931583701815 755.9316583701816 1016.3158583701813 1299.1273583701814 1606.0681583701812 1938.6549583701815 2298.4665583701817

Equation: 1592.5751516548962 + sin(x4)
Residuals:
1187.1281068696962 1122.6669551410155 1050.1946131085192 968.9803055299067 878.2500425424486 777.0793190743229 664.802870768578 540.4134090302384 402.9499855482211 251.40198944830104 84.70753925008057 98.24772445640178 298.63174553977433 517.6673579956114 756.6335906961008 1017.1356827903082 1300.0548299370819 1607.0930859594612 1939.76718697884 2299.6560726197667

Equation: (x0 / x4) + 1590.8929016678078
Residuals:
1186.35887471377 1121.9995072369825 1049.6284885326795 968.5140231879923 877.8811152582576 776.8043689702981 664.6173862375006 540.3120705872618 402.9266245843137 251.44965053369424 84.81855051280536 98.0816736011634 298.4195201076818 517.4182874625776 756.3573742604665 1016.842278836979 1299.7544008018535 1606.795838682338 1939.4832914940619 2299.395558332192

Equation: 1591.548689559815 + (x4 * (x4 - x0))
Residuals:
1186.2898181998148 1121.937778999815 1049.574139799815 968.467100599815 877.841661399815 776.7724302798149 664.592991079815 540.2952518798149 402.917412679815 251.4480734798151 84.82463427981497 98.06790492018513 298.398044120185 517.3890833201851 756.320422520185 1016.797553640185 1299.7018928401849 1606.7355320401848 1939.415171240185 2299.319610440185

Equation: (0.07692014042067988 * x2) + 1591.5675957762003
Residuals:
1186.2936637711355 1121.9412327053178 1049.5772016395003 968.4697705736828 877.8439395078652 776.7743161340618 664.5944850682442 540.2963540024268 402.9181229366093 251.44839187079174 84.82456080497423 98.06837026084327 298.39890132666073 517.3903323924785 756.3220634582958 1016.7995868320993 1299.7043178979166 1606.738348963734 1939.4183800295518 2299.3232110953695

Equation: 1591.929834415598 + (cos(x4) * 0.0991134335263575)
Residuals:
1186.3231040747464 1121.9628010861893 1049.59190747813 968.4786140123215 877.847901256736 776.7743440433931 664.5914956098432 540.2912108622711 402.9116325681639 251.44129527536825 84.81752597919967 98.07475513346981 298.4041338707277 517.3940011610398 756.3238521264741 1016.799275268957 1299.701790778885 1606.7335907435256 1939.4114770865517 2299.3143508512394

Equation: (cos(cos(x0)) * 0.2436650262964343) + 1591.6890718006675
Residuals:
1186.3149698584907 1121.9528934346376 1049.5812983382552 968.46837843341 877.839064844568 776.7678321103872 664.5880708435129 540.2914243703328 402.9157677204546 251.44931780433944 84.82904276155455 98.06052363314484 298.3883624643465 517.3782458198864 756.3100101473892 1016.7895244259678 1299.6984860706903 1606.739165992933 1939.4283208607565 2299.3446821535417

Equation: (cos(cos(x0)) * (x0 * (x3 - x1))) + 1591.7495514308484
Residuals:
1186.308253402241 1121.9493275384148 1049.5798437981575 968.4681033825318 877.8391716721188 776.7676789501734 664.5871898479386 540.2895328717145 402.9127739151588 251.4453194351829 84.82431780112051 98.06553496928359 298.3930844651543 517.3820020667338 756.3120646926977 1016.789124026317 1299.6949135239965 1606.7317758946447 1939.4165778973424 2299.328187981848

Equation: (cos(cos(x0)) * (x0 * 0.038272065251687686)) + 1591.756301445235
Residuals:
1186.3115006479206 1121.9525076732373 1049.5829019317525 968.4709792941019 877.8418016971633 776.7699978291228 664.5891341841543 540.2910430342488 402.9137973366669 251.4458137425545 84.82425387504759 98.0661702368609 298.3942859795461 517.3837451720387 756.3143048800853 1016.7917982632182 1299.6979412141418 1606.7350636578858 1939.4200235700548 2299.331685795045

Equation: 1591.9138642892804 + (cos(-60.444164470534645 * x4) / (x1 * x4))
Residuals:
1186.3361415767085 1121.9678266912088 1049.5913627359664 968.474661117054 877.8423906163563 776.7687801809627 664.5869820121795 540.2885835936279 402.9113888806619 251.4436087601366 84.82226915900856 98.06798173995526 298.3959672624403 517.3852770546018 756.3155629892326 1016.7928188454644 1299.6980204167044 1606.7336971960033 1939.4166327152677 2299.3256687061794

Equation: 1591.9398618857508 - (sin(cos(x0)) * ((x1 * 0.04016762268288687) * cos(x0)))
Residuals:
1186.331655491958 1121.966508367137 1049.5914780306603 968.4749326620365 877.8420080250934 776.7674003163957 664.5847363705802 540.2858693932196 402.90884796444743 251.4419982079571 84.82231141859552 98.06575663951344 298.39137121064164 517.378587101168 756.3076011759304 1016.7846857809707 1299.6919532559125 1606.7320425186354 1939.4220018819653 2299.3407450499894

Equation: ((0.5187378921827753 ^ x1) + 1591.60478708356) + (cos(cos(x1)) * (x3 * 0.06081937986539766))
Residuals:
1186.3364591315526 1121.969626264019 1049.5933843898738 968.4760391951913 877.8426424623366 776.767786839802 664.5849843538526 540.2859733734099 402.9087047291014 251.44144082005096 84.82115885690018 98.06763899160183 298.3940077601212 517.3818342697059 756.3111053257553 1016.7878643688198 1299.6940067635376 1606.7319942721201 1939.4187634098944 2299.333197761194

Equation: (((1.069403990192966 * x0) - x0) * cos(cos(x1))) + (1591.4001608410122 + ((x4 / x3) / x0))
Residuals:
1186.3416778651872 1121.9730202928938 1049.5952780439793 968.4767491589623 877.8424762699852 776.7670387559592 664.5839312324681 540.2848653011131 402.9077568386865 251.4408235494477 84.8209881455482 98.06731062205222 298.39319819181105 517.3806358014579 756.3096848191278 1016.7864590742122 1299.6929151786333 1606.731562595954 1939.419368602395 2299.3352280036215

Equation: (cos(cos(x1)) * (0.06973217781068503 * x0)) + (1591.3976529735648 - ((-0.18629325538005953 - x0) / (x4 * x3)))
Residuals:
1186.3420960798321 1121.9733078886823 1049.5954559837928 968.4768377882303 877.8424952064119 776.7670066609082 664.5838656929825 540.2847823468137 402.9076706288795 251.44074597470285 84.82092843486134 98.06734624985461 298.3932067898447 517.3806178279347 756.3096441066214 1016.7864026008638 1299.6928527020566 1606.731506010293 1939.4193312223572 2299.335223732828

Equation: x4
Residuals:
402.42699999999996 466.6862 538.957 619.9712000000001 710.5038000000001 811.4801 923.5667 1047.7716 1185.0566000000001 1336.4331 1502.9637 1685.7634 1886.0007 2104.8989 2343.7374 2604.1216 2886.9330999999997 3193.8739 3526.4607 3886.2723

Equation: x4 ^ x0
Residuals:
376.266914725888 433.661329215125 497.26029745008134 567.2987968819918 643.9119344140406 727.1795220500019 816.7344529736134 912.1857136821864 1012.6994693553 1116.9522960230267 1222.9653340680184 1327.884494977195 1427.6894475028873 1516.8082055592672 1587.6057105013474 1629.727575880289 1629.0525294012132 1566.7574751586965 1417.5024062725815 1147.3409265816817

Equation: x4 + (x4 ^ x0)
Residuals:
373.186114725888 430.479529215125 493.97749745008133 563.9149968819919 640.4271344140406 723.5936220500018 813.0475529736134 908.3978136821863 1008.8105693553 1112.9623960230267 1218.8744340680182 1323.6925949771949 1423.3965475028874 1512.4143055592672 1583.1108105013473 1625.131575880289 1624.3555294012133 1561.9594751586965 1412.6034062725817 1142.3409265816817

Equation: x4 + 1587.8057417374714
Residuals:
1185.3787417374715 1121.1195417374715 1048.8487417374713 967.8345417374715 877.3019417374713 776.3256417374714 664.2390417374713 540.0341417374714 402.7491417374713 251.37264173747144 84.84204173747139 97.95765826252864 298.19495826252864 517.0931582625287 755.9316582625288 1016.3158582625285 1299.1273582625286 1606.0681582625284 1938.6549582625287 2298.4665582625285

Equation: 1591.1181829459795 - sin(x3)
Residuals:
1185.529478812753 1121.2701889576133 1048.999095194576 967.9833710923151 877.4470027595299 776.4636903215605 664.365888837184 540.1446778771078 402.83739426258376 251.43183569013672 84.8646689089062 97.97976280581656 298.27053295903374 517.2314259906886 756.1422323380907 1016.6087308350327 1299.5125502749434 1606.5558555921048 1939.2553314438258 2299.189658825958

Equation: 1590.8929017754504 + (x0 / x4)
Residuals:
1186.3588748214124 1121.999507344625 1049.6284886403218 968.5140232956348 877.8811153659004 776.8043690779407 664.6173863451431 540.3120706949044 402.92662469195625 251.4496506413368 84.81855062044792 98.08167349352084 298.41952000003926 517.418287354935 756.3573741528239 1016.8422787293364 1299.754400694211 1606.7958385746954 1939.4832913864193 2299.39555822455

Equation: 1591.5503218274462 + ((x4 - x0) * x3)
Residuals:
1186.2898183074462 1121.9377791074462 1049.5741399074464 968.4671007074462 877.8416615074462 776.7724303874461 664.5929911874462 540.2952519874461 402.9174127874462 251.4480735874463 84.82463438744617 98.06790481255393 298.3980440125538 517.3890832125539 756.3204224125539 1016.7975535325538 1299.7018927325537 1606.7355319325536 1939.4151711325537 2299.3196103325536

Equation: 1591.5707043840941 + (0.07691990915400289 * x0)
Residuals:
1186.2936641115562 1121.9412330223806 1049.5772019332053 968.4697708440297 877.8439397548542 776.7743163576697 664.5944852684943 540.2963541793188 402.91812309014335 251.44839200096794 84.82456091179256 98.06837017738303 298.39890126655837 517.390332355734 756.3220634449094 1016.7995868420937 1299.704317931269 1606.7383490204445 1939.41838010962 2299.3232111987954

Equation: (0.099112586631245 * cos(x4)) + 1591.9298340777914
Residuals:
1186.3231045822704 1121.9628015945932 1049.591907978789 968.4786144966899 877.847901716434 776.7743444702555 664.5914959961049 540.291211200552 402.91163285157313 251.4412954975744 84.81752613449453 98.07475505011166 298.4041338635991 517.3940012336566 756.3238522815388 1016.7992755084167 1299.7017911036592 1606.7335911537473 1939.4114775814826 2299.314351429278

Equation: 1591.689073287978 + (cos(cos(x0)) * 0.24366324409966666)
Residuals:
1186.3149703679169 1121.952893957788 1049.5812988599068 968.4683789383848 877.8390653181915 776.7678325389024 664.5880712146948 540.2914246738333 402.91576794830235 251.44931795136563 84.8290428257485 98.06052365038363 298.3883625580995 517.3782459817824 756.3100103658651 1016.7895246867611 1299.6984863573634 1606.7391662877988 1939.4283211457123 2299.344682410987

Equation: 1591.7563024577205 + ((0.03827178001651473 * x0) * cos(cos(x0)))
Residuals:
1186.311501190884 1121.9525082072046 1049.5829024493664 968.4709797872902 877.8418021573924 776.7699982476447 664.5891345524713 540.2910433443678 402.91379758154153 251.4458139165049 84.82425397417069 98.06617021432226 298.3942860329089 517.3837452979981 756.3143050726753 1016.7917985139893 1299.697941512291 1606.7350639908962 1939.4200239242318 2299.3316861562107

Equation: ((sin(x0) * sin(x0)) * (sin(x0) * -0.10981636270076933)) + 1591.8274075528761
Residuals:
1186.3192989266468 1121.9594002136282 1049.5876317154866 968.4728633534157 877.8407244919603 776.7663436746539 664.583680570654 540.2848035088753 402.9078581899421 251.4411688069938 84.82165757694406 98.0663168984338 298.3920058839376 517.3795062240656 756.3089913325332 1016.786637501014 1299.6943919649157 1606.734679897071 1939.424308330111 2299.3419478734345

Equation: ((sin(1636.7605905050605) * sin(x4)) * (sin(x4) * (x0 * x0))) + ((x1 / (x0 * x3)) + 1591.529386983465)
Residuals:
1186.3508253373702 1121.9798855512702 1049.599889261181 968.4792682282232 877.8431811145873 776.7662946823368 664.582161872984 540.2825131938719 402.9052520372286 251.4385548494513 84.81927946879978 98.068219299372 298.3931672004194 517.3796418558954 756.3078389809923 1016.7840272325896 1299.6903426829842 1606.7294941049806 1939.4186644831375 2299.336967198138

Equation: ((sin(x4) * sin(1636.7613972823217)) * ((x0 * x0) * sin(x4))) + ((0.8079525103373469 / x3) + 1591.5873045836981)
Residuals:
1186.343767818577 1121.9749864930386 1049.5968461020052 968.4777655115297 877.8428960009152 776.766905150813 664.5833532974129 540.2839913436671 402.9067527930208 251.43985492806792 84.8202064709144 98.06777816315252 298.39325831878546 517.3802409112009 756.3088495823658 1016.7852829539333 1299.6916117356127 1606.7304890191408 1939.4190538619205 2299.336390744258

Equation: ((0.008264896673610047 * (x0 * x0)) * (sin(x0) * sin(x1))) + (1591.8979225094336 + (-0.006280713076228604 * (x1 * x0)))
Residuals:
1186.3344866216644 1121.9691982526633 1049.5937332674212 968.4765992590435 877.8430422821187 776.7678302820934 664.5846251873957 540.2852826377484 402.9078373939849 251.44060199649857 84.8205706793542 98.06777011285044 298.3935246791459 517.3806649135663 756.3093018303598 1016.7856451894777 1299.691801599555 1606.730483605522 1939.4189117449416 2299.3362710102556

Equation: ((sin(x4) * (x0 * x0)) * (sin(1636.7624476173005) * sin(x4))) + ((1.0996138116082828 / (x4 * x3)) + 1591.731160376861)
Residuals:
1186.3402229266526 1121.9725843099925 1049.595515160454 968.4773694594792 877.8432485320178 776.7677865027817 664.5845258404984 540.2852188960699 402.907817613632 251.44057470620578 84.820449948646 98.06807768874614 298.39409234311984 517.3815185791434 756.3103945995244 1016.7868347935341 1299.6928317150075 1606.7309711698422 1939.4183398123323 2299.333988671763

Equation: x1 ^ x0
Residuals:
377.95871939759195 435.7572493936817 499.8653295803409 570.5468381539523 647.9741127351167 732.2761714008823 823.1460666685599 920.2742328187037 1022.9313870645992 1129.9300753714551 1239.4685888318184 1348.9240569164187 1454.5784693783053 1551.2558194385088 1631.8405942030204 1686.6755283771824 1702.5140049530266 1661.7296448694449 1540.5485440993825 1307.0961624466008

Equation: x0 + (x3 ^ x0)
Residuals:
373.83832621498397 431.26838836654105 494.9385310988022 565.0935156002702 641.8810535149626 725.397517013904 815.296370589683 911.21408179433 1012.3522238285718 1117.4334242177194 1224.5388265546453 1330.892664195405 1432.577019750128 1524.1540572445815 1598.1647411373708 1644.4907831286553 1649.30748641088 1594.1971748642345 1454.35056469256 1196.523411444271

Equation: (x4 - cos(x4)) ^ x4
Residuals:
329.4789644885648 375.07276122334815 424.6096033362241 478.1181455975265 535.5927470322002 597.0557715477166 662.3072878681733 731.2849105134508 803.8120681341653 879.635742568802 958.3924170104716 1039.5552072304777 1122.356293477627 1205.677323146267 1287.8979226829858 1366.765029700122 1438.8050050495542 1499.4223046785223 1542.0774827091732 1557.682474705221

Equation: x3 * (x3 / (x1 - x0))
Residuals:
58.2185544554456 24.969354455445625 15.281445544554344 63.265645544554445 119.75824554455437 185.64934207920783 261.67494207920777 348.8088420792078 448.01284207920776 560.2983420792077 686.7279420792077 828.4166420792078 986.5329420792076 1162.3001420792077 1356.9976420792077 1572.185637623762 1808.835137623762 2068.6039376237622 2353.008737623762 2663.6283376237625

Equation: (x2 - x1) + 1591.7811886243392
Residuals:
1186.293588624339 1121.9333886243392 1049.561588624339 968.4463886243391 877.8127886243391 776.7353886243391 664.5477886243391 540.241888624339 402.85588862433906 251.3783886243391 84.74678862433916 98.15391137566098 298.4922113756609 517.4914113756611 756.430911375661 1016.9162113756609 1299.8287113756608 1606.8705113756607 1939.5583113756609 2299.4709113756608

Equation: ((x2 - x2) / x2) + (1591.8014408983863 - (-0.01894169227571789 * x2))
Residuals:
1186.3512312195812 1121.9929443305014 1049.6230574414212 968.509770552341 877.8780836632608 776.8025986683499 664.6169117792697 540.3129248901894 402.9288380011094 251.4532511120292 84.82356422294924 98.07522266613114 298.41160955521127 517.4088964442915 756.3464833333717 1016.8298683282824 1299.7404552173625 1606.7803421064425 1939.466228995523 2299.376915884603

Equation: ((x2 - (x1 + x4)) - x1) + (1591.8014408628223 - (-2.0189417013955024 * x2))
Residuals:
1186.351231211745 1121.9929443235862 1049.6230574354272 968.5097705472681 877.8780836591089 776.8025986651201 664.6169117769609 540.312924888802 402.9288380006428 251.45325111248394 84.82356422432485 98.07522266383444 298.41160955199325 517.4088964401526 756.3464833283115 1016.8298683223004 1299.7404552104592 1606.7803420986183 1939.4662289867774 2299.3769158749365

Equation: (((x3 - x0) / (x1 ^ x1)) - x1) + (1591.7811886243392 - (x2 * -1.0189535086579462))
Residuals:
1186.353366012644 1121.994665361645 1049.624440182507 968.5108778318906 877.8789675270549 776.803301868646 664.6174697323822 540.3133663822716 402.9291864661584 251.45352555315844 84.82377999295113 98.0750532078614 298.41147649322306 517.4087918501614 756.3464008877793 1016.8298030248388 1299.7404030598996 1606.7802999535622 1939.4661943727858 2299.376886848243

Equation: (((0.30522995764037286 / 1591.7811886243392) / cos(x1)) - x1) + (1591.7811886243392 - (x2 * -1.0189535086579462))
Residuals:
1186.3510216967616 1121.9927373828432 1049.622851102441 968.5095628252884 877.8778724150812 776.8023814983821 664.6166858765985 540.3126867902479 402.9285832464268 251.4529736976972 84.82325564102234 98.07557520431283 298.412026758946 517.4094154249772 756.3471814804841 1016.8309558705191 1299.7429783385032 1606.7726705942475 1939.4646981020405 2299.376057566208

Equation: (((x2 - x1) / (x1 / 26.52484921938774)) - x1) + ((1591.720519298262 + -0.20954136489932895) - (x2 * -1.0523020940682895))
Residuals:
1186.359803337058 1121.9991451021135 1049.6272467550657 968.5122754823522 877.8792023418772 776.8026026271571 664.6160519672308 540.3114307228675 402.9269207364214 251.45110571716668 84.82137100737123 98.07729661731764 298.413409118903 517.4102773441534 756.3473111516098 1016.8300168962644 1299.7398079144016 1606.7787891987214 1939.463667621195 2299.3732494917267

Equation: x3
Residuals:
402.44719999999995 466.7064 538.9771999999999 619.9914 710.524 811.5003 923.5869 1047.7918 1185.0768 1336.4533 1502.9839 1685.7836 1886.0209 2104.9191 2343.7576 2604.1418 2886.9532999999997 3193.8941 3526.4809 3886.2925

Equation: x3 ^ x0
Residuals:
376.83832621498397 434.36938836654105 498.14053109880217 568.3965156002702 645.2850535149626 728.902617013904 818.9024705896829 914.92118179433 1016.1603238285719 1121.3425242177193 1228.5489265546453 1335.003764195405 1436.789119750128 1528.4671572445814 1602.5788411373708 1649.0059831286553 1653.92368641088 1598.9143748642346 1459.1687646925602 1201.4426114442708

Equation: x2 + (x3 ^ x0)
Residuals:
373.797926214984 431.227988366541 494.89813109880214 565.0531156002701 641.8406535149626 725.357117013904 815.255970589683 911.1736817943299 1012.3118238285718 1117.3930242177194 1224.4984265546454 1330.852264195405 1432.536619750128 1524.1136572445814 1598.1243411373707 1644.4503831286552 1649.26708641088 1594.1567748642346 1454.3101646925602 1196.4830114442707

Equation: x0 ^ (x1 - cos(x4))
Residuals:
322.8580622150266 363.89875402680497 407.66635551069044 454.2333993762368 503.80314740005065 556.812000282728 613.7550990584499 675.5237858050675 743.1990565391452 818.0745045531984 901.6003416019987 995.3007180603892 1100.6699115133 1219.0544418650366 1351.5272437785482 1498.911005532419 1661.0455559170691 1837.5169019658179 2026.9212373842013 2226.7895664603766

Equation: sin(cos(x1)) + 1591.8238932181373
Residuals:
1185.4786210912048 1121.1145345927696 1048.7443810349473 967.6364210732627 877.0159115056359 775.9579004733453 663.79649771562 539.5242244690646 402.17986567182584 250.75249993568104 84.17981238384027 98.65318535201823 298.91531907562467 517.8305914697478 756.6794903270447 1017.0688649264202 1299.8820497535517 1606.8230009764923 1939.4104595647957 2299.2252358501146

Equation: (x0 / 15190.359704316805) + 1591.8238932181373
Residuals:
1186.3162907118149 1121.9560973607686 1049.5843040097225 968.4691106586761 877.8355173076301 776.758123963167 664.5705306121208 540.2646372610745 402.87864391002836 251.40115055898218 84.76955720793603 98.13113614311033 298.46942949415643 517.4686228452028 756.408116196249 1016.8934095407119 1299.805902891758 1606.847696242804 1939.5354895938503 2299.4480829448967

Equation: (x0 / ((x0 ^ x0) + x0)) + 1591.8238932181373
Residuals:
1186.4160932181371 1122.040778130537 1049.6556755180895 968.5288841486924 877.8852768934217 776.7993030956063 664.6044297668525 540.2923979484087 402.9012631708431 251.41948996297538 84.78435415152762 98.11925595646176 298.4599392469488 517.4610820902269 756.4021590484904 1016.8887349684592 1299.8022613268956 1606.8448848544506 1939.5333433644935 2299.44646819877

Equation: sin(x1 - x2) + ((x3 - x0) + 1591.8238932181373)
Residuals:
1186.3564945918438 1121.996294591844 1049.6244945918438 968.5092945918439 877.8756945918439 776.7982945918438 664.6106945918439 540.3047945918438 402.91879459184383 251.44129459184387 84.80969459184394 98.0910054081562 298.4293054081561 517.4285054081563 756.3680054081563 1016.8533054081561 1299.765805408156 1606.807605408156 1939.495405408156 2299.408005408156

Equation: (cos(x0) / (x0 ^ x0)) + ((x3 - x0) + 1591.8234275598704)
Residuals:
1186.3395611711076 1121.986139679428 1049.6201923429462 968.5099570171183 877.8805002856312 776.8065083641034 664.6216651368495 540.3179655270517 402.93369675787494 251.45753912866894 84.82696437245909 98.07296501451651 298.41069575098345 517.4094832846283 756.3486910214724 1016.8337892439588 1299.7461548510494 1606.7878692461513 1939.4756183093166 2299.3881913615614

Equation: ((cos(x4) / (x0 * x1)) / x4) + ((x3 - x0) + 1591.8238932181373)
Residuals:
1186.3409349463968 1121.9840478567012 1049.615462635115 968.503355665983 877.8727098297487 776.7981158015095 664.6131600242102 540.3097405400194 402.9260550782624 251.45070339716494 84.821086880243 98.07779178548935 298.41442886803907 517.4121197997674 756.3502593482694 1016.8343406202896 1299.7457598576952 1606.7866093117016 1939.4735822819225 2299.3854719115525

Equation: ((cos(x4) / (x2 * x1)) / x4) + (sin(x3 - x0) + 1591.8238932181373)
Residuals:
1186.3413730084626 1121.984428036507 1049.6157897614125 968.5036344152725 877.8729446679416 776.7983109125566 664.6133194083138 540.3098678878002 402.9261538136077 251.45077668375984 84.82113763131156 98.07776089549475 298.41441539068205 517.4121214994077 756.3502741887928 1016.8343667623822 1299.745795613657 1606.786653167586 1939.4736328739132 2299.3855280150074

Equation: (sin(cos(x4)) / ((x0 * x1) * x0)) + (sin(x3 - x0) + 1591.8238932181373)
Residuals:
1186.3457357591983 1121.9884348237674 1049.6193492915954 968.506691467496 877.8754778532985 776.8003283150556 664.6148550767448 540.3109744618694 402.9268968573274 251.4512284988175 84.82137142092733 98.07767619156425 298.41441931582676 517.4121651465275 756.3503219911022 1016.8343969631462 1299.7457996149483 1606.7866337240655 1939.4736015830563 2299.3855023430942

Equation: 1591.8701840143544 + (cos(5003.140054956316 / 3185.0703917541296) * (x4 - (x0 ^ x0)))
Residuals:
1186.3627083095266 1122.0025941288168 1049.6309025640649 968.5158398327433 877.882413942673 776.8052354743425 664.6179173637031 540.3123771177213 402.92683720643345 251.44992684679733 84.81908409788139 98.080641373964 298.4176846400644 517.4152606707748 756.3526579202578 1016.8352267380549 1299.7441793983207 1606.7813590792903 1939.4631297375604 2299.3678468693843

Equation: (((x0 - 2.295035265853116) / 17152.182728116586) * ((x1 + x0) * (x0 * x3))) + (1591.8224255018024 + (x2 - x0))
Residuals:
1186.3572973889009 1121.9976919843382 1049.6265742502728 968.5121516700012 877.8794320180317 776.8030243993489 664.616535214755 540.3118740379562 402.92724980859157 251.4512717575103 84.82134940677292 98.07750743035058 298.4137886493777 517.4107838546172 756.3478823591652 1016.8305704949539 1299.7402421501072 1606.7789832850062 1939.463482047617 2299.372526294694

Equation: (((x0 - 2.295035265853116) / (x3 + 17152.182728116586)) * ((x1 + x0) * (x0 * x3))) + (1591.8224255018024 + (x2 - x0))
Residuals:
1186.3572969835823 1121.997691456067 1049.6265735753764 968.5121508217917 877.8794309665706 776.8030231109522 664.6165336524584 540.3118721605713 402.92724757065434 251.45126910900285 84.82134629283655 98.07751106970863 298.4137928795892 517.4107887468645 756.3478879907018 1016.830576950292 1299.7402495188735 1606.7789916646839 1939.463491543129 2299.372537018767

Equation: x4
Residuals:
402.42699999999996 466.6862 538.957 619.9712000000001 710.5038000000001 811.4801 923.5667 1047.7716 1185.0566000000001 1336.4331 1502.9637 1685.7634 1886.0007 2104.8989 2343.7374 2604.1216 2886.9330999999997 3193.8739 3526.4607 3886.2723

Equation: x4 ^ x0
Residuals:
376.266914725888 433.661329215125 497.26029745008134 567.2987968819918 643.9119344140406 727.1795220500019 816.7344529736134 912.1857136821864 1012.6994693553 1116.9522960230267 1222.9653340680184 1327.884494977195 1427.6894475028873 1516.8082055592672 1587.6057105013474 1629.727575880289 1629.0525294012132 1566.7574751586965 1417.5024062725815 1147.3409265816817

Equation: (x4 ^ x0) + x4
Residuals:
373.186114725888 430.479529215125 493.97749745008133 563.9149968819919 640.4271344140406 723.5936220500018 813.0475529736134 908.3978136821863 1008.8105693553 1112.9623960230267 1218.8744340680182 1323.6925949771949 1423.3965475028874 1512.4143055592672 1583.1108105013473 1625.131575880289 1624.3555294012133 1561.9594751586965 1412.6034062725817 1142.3409265816817

Equation: x4 - -1587.8057416947236
Residuals:
1185.3787416947234 1121.1195416947237 1048.8487416947237 967.8345416947236 877.3019416947235 776.3256416947236 664.2390416947235 540.0341416947235 402.74914169472345 251.3726416947236 84.84204169472378 97.95765830527648 298.19495830527626 517.0931583052766 755.9316583052764 1016.3158583052764 1299.1273583052762 1606.0681583052763 1938.6549583052763 2298.4665583052765

Equation: 1591.1802566665226 - sin(x4)
Residuals:
1185.6117014517222 1121.3524531804035 1049.0811952128997 968.0651027915121 877.5281657789702 776.5440892470958 664.4453375528408 540.2229992911803 402.91442277319766 251.50741887311779 84.93866907133838 97.90746722217978 298.2000461388068 517.1628336829701 756.0756009824809 1016.5441088882728 1299.449961741499 1606.4953057191196 1939.196804699741 2299.1331190588144

Equation: 1592.8982853981302 - (x4 / x0)
Residuals:
1186.3635520647967 1122.0042292871983 1049.6332511695232 968.5188227883814 877.8859486178716 776.8092332740823 664.6222789202177 540.3169893850741 402.93156746792874 251.45461567875736 84.82353627466705 98.07666870904313 298.4144974322869 517.4132482273367 756.352319579102 1016.837209711721 1299.7493181762381 1606.790743407093 1939.4781843499084 2299.3904400369

Equation: 1591.7088160444478 - (sin(x4) / x4)
Residuals:
1186.18129544759 1121.8534493067148 1049.5118875402372 968.4246967480915 877.8167808723998 776.7626834642233 664.5958981585052 540.3083072070069 402.9380868296762 251.47383133470453 84.85295285170696 98.03951906819862 298.3720379808799 517.3678412007087 756.3062505686034 1016.7926755035928 1299.7084073125932 1606.7554270955359 1939.4503045242934 2299.3716991006195

Equation: (x0 * (x4 - x0)) + 1591.5558421222784
Residuals:
1186.2904421222784 1121.9384029222786 1049.5747637222785 968.4677245222783 877.8422853222784 776.7730542022784 664.5936150022783 540.2958758022783 402.91803660227833 251.4486974022784 84.82525820227852 98.06728099772158 298.39742019772166 517.3884593977218 756.3197985977217 1016.7969297177215 1299.7012689177216 1606.7349081177215 1939.4145473177216 2299.318986517722

Equation: 1591.5660425738995 + (0.0769200114046748 * x3)
Residuals:
1186.2936639608047 1121.9412328819567 1049.5772018031084 968.4697707242603 877.8439396454122 776.774316258565 664.5944851797169 540.2963541008687 402.91812302202084 251.44839194317274 84.82456086432467 98.06837021452361 298.39890129337164 517.39033237222 756.3220634510681 1016.7995868379148 1299.7043179167629 1606.738348995611 1939.4183800744593 2299.3232111533075

Equation: 1591.9298342224956 + (cos(x4) * 0.0991129489017492)
Residuals:
1186.3231043653736 1121.9628013773197 1049.5919077648286 968.4786142896978 877.8479015199952 776.7743442878625 664.5914958310793 540.2912110560508 402.91163273054417 251.4412954027257 84.81752606826808 98.07475508556627 298.4041338664456 517.3940012023907 756.323852215005 1016.7992754057818 1299.70179096453 1606.7335909780666 1939.4114773695665 2299.3143511818116

Equation: (0.24366398462591357 * cos(cos(x0))) + 1591.689072668865
Residuals:
1186.3149701551274 1121.9528937392963 1049.5812986420378 968.468378727445 877.8390651202789 776.7678323597329 664.5880710593478 540.291424546609 402.9157678525128 251.44931788915846 84.82904279795912 98.06052364433663 298.38836252025976 517.3782459156284 756.3100102762014 1016.7895245795139 1299.6984862393629 1606.739166166394 1939.4283210284252 2299.344682305131

Equation: ((cos(51.79835296596484) * x3) * cos(cos(x0))) + 1591.7556498770955
Residuals:
1186.3115249302246 1121.952503054257 1049.5828788723438 968.4709473071448 877.8417690709888 776.7699714026085 664.5891191327478 540.2910427417964 402.9138133020863 251.44584555454912 84.82429926310829 98.0661152660573 298.394226916306 517.3836886919673 756.3142584592874 1016.7917697640291 1299.6979383705968 1606.7350936809626 1939.420092738379 2299.331799139046

Equation: (cos(x1 / 0.5215711571310857) * -0.05722091466063168) + 1591.884570483305
Residuals:
1186.3263528959933 1121.9618876767838 1049.5878665892315 968.4725726611769 877.8410094038032 776.7677057048047 664.5861003596813 540.287872332274 402.91093483185205 251.4435490875394 84.82273701211693 98.06690466446571 298.39428932020405 517.383124988303 756.3131991042335 1016.7903567129724 1299.6963182475438 1606.733419378865 1939.4185357582394 2299.3305677037415

Equation: (cos(x1 / 0.5215711571310857) * sin(-0.05722091466063168)) + 1591.884570483305
Residuals:
1186.326380404645 1121.961917512608 1049.5878976369168 968.4726037601108 877.8410393914575 776.767733457451 664.5861248415467 540.2878926281869 402.91095018311876 251.44355892030444 84.82274095881598 98.06690675136701 298.3942973626938 517.3831386857398 756.3132179445852 1016.7903799959447 1299.6963450980084 1606.7334487931084 1939.4185666367098 2299.3305988921516

Equation: ((cos(x0) * (-0.00995127088919187 * x4)) * (cos(x1) * x1)) + 1591.9418039277418
Residuals:
1186.3430122128225 1121.9750794580564 1049.5972741578603 968.478172300209 877.8430728975344 776.7667762562676 664.5829562736444 540.2834510463676 402.90625155331827 251.43959884177002 84.8203892099566 98.06701253382448 298.39185184786334 517.3782558116154 756.3064980266754 1016.7829511628436 1299.6898761119332 1606.7301232867617 1939.4210269530722 2299.3418541935416

Equation: 1591.9404386258675 + (cos(x2 + -0.18321118110608922) * (cos(x0) * (-0.03319950026726289 * x1)))
Residuals:
1186.3373605309703 1121.9706381647381 1049.5942206509512 968.4765629158051 877.8428326588574 776.7677014600506 664.5847252798189 540.2856547016022 402.9084302013882 251.44129027268536 84.82118357202148 98.06741424940583 298.39357965048634 517.381217073686 756.3103325962165 1016.7869990129293 1299.6931610158501 1606.7313572845371 1939.4186338101015 2299.3340149565715

Equation: x4
Residuals:
402.42699999999996 466.6862 538.957 619.9712000000001 710.5038000000001 811.4801 923.5667 1047.7716 1185.0566000000001 1336.4331 1502.9637 1685.7634 1886.0007 2104.8989 2343.7374 2604.1216 2886.9330999999997 3193.8739 3526.4607 3886.2723

Equation: x4 ^ x0
Residuals:
376.266914725888 433.661329215125 497.26029745008134 567.2987968819918 643.9119344140406 727.1795220500019 816.7344529736134 912.1857136821864 1012.6994693553 1116.9522960230267 1222.9653340680184 1327.884494977195 1427.6894475028873 1516.8082055592672 1587.6057105013474 1629.727575880289 1629.0525294012132 1566.7574751586965 1417.5024062725815 1147.3409265816817

Equation: (x4 ^ x0) + x4
Residuals:
373.186114725888 430.479529215125 493.97749745008133 563.9149968819919 640.4271344140406 723.5936220500018 813.0475529736134 908.3978136821863 1008.8105693553 1112.9623960230267 1218.8744340680182 1323.6925949771949 1423.3965475028874 1512.4143055592672 1583.1108105013473 1625.131575880289 1624.3555294012133 1561.9594751586965 1412.6034062725817 1142.3409265816817

Equation: 1587.8057414779366 + x4
Residuals:
1185.3787414779367 1121.1195414779368 1048.8487414779365 967.8345414779367 877.3019414779366 776.3256414779366 664.2390414779366 540.0341414779366 402.7491414779365 251.37264147793667 84.84204147793662 97.95765852206341 298.1949585220634 517.0931585220635 755.9316585220636 1016.3158585220633 1299.1273585220633 1606.0681585220632 1938.6549585220635 2298.4665585220637

Equation: (x3 - x4) + 1591.899787843145
Residuals:
1186.3717878431448 1122.011587843145 1049.6397878431449 968.5245878431449 877.8909878431449 776.8135878431449 664.6259878431449 540.3200878431448 402.9340878431449 251.45658784314492 84.82498784314498 98.07571215685516 298.41401215685505 517.4132121568553 756.3527121568552 1016.838012156855 1299.750512156855 1606.792312156855 1939.480112156855 2299.392712156855

Equation: 1872.0516962744707 + -280.1739922965487
Residuals:
1186.3699039779221 1122.009703977922 1049.6379039779222 968.522703977922 877.889103977922 776.811703977922 664.624103977922 540.3182039779219 402.932203977922 251.454703977922 84.82310397792207 98.07759602207807 298.41589602207796 517.4150960220782 756.3545960220781 1016.8398960220779 1299.7523960220778 1606.7941960220778 1939.481996022078 2299.394596022078

Equation: 1591.9195014612417 + (cos(x3) / (x0 * x0))
Residuals:
1186.3009545848413 1121.94753110333 1049.5828803827849 968.4750904164639 877.8490625521898 776.7793172877693 664.5993624747434 540.301037707474 402.92248307806244 251.4522459531429 84.82768033318871 98.06625368653386 298.39809037583245 517.3911587679434 756.3248830102877 1016.8047775232042 1299.7122683009793 1606.7494610744427 1939.4330633392296 2299.3418790582587

Equation: (cos(1584.8576613292207) * x0) + 1591.577987400513
Residuals:
1186.2974666445143 1121.9449183790623 1049.5807701136105 968.4732218481583 877.8472735827064 776.7775328932294 664.5975846277775 540.2993363623252 402.9209880968733 251.45113983142141 84.82719156596954 98.06585669948254 298.39650496493437 517.3880532303865 756.3199014958384 1016.7975421853155 1299.7023904507673 1606.7365387162192 1939.4166869816713 2299.3216352471236

Equation: x2 - ((0.9230795549534202 * x1) - 1591.5489481891807)
Residuals:
1186.2936633173103 1121.9412322822602 1049.5772012472098 968.4697702121596 877.8439391771093 776.7743158341034 664.5944847990531 540.2963537640028 402.91812272895254 251.4483916939023 84.82456065885208 98.06837037619835 298.3989014112485 517.3903324462992 756.3220634813495 1016.799586824355 1299.7043178594051 1606.7383488944554 1939.4183799295058 2299.323210964556

Equation: ((cos(x0) * 0.3627948642054794) / x0) + 1591.9356044277008
Residuals:
1186.3080830299114 1121.9507079410275 1049.5827085071455 968.472194107032 877.8440738231208 776.7728630442366 664.5920585078002 540.293475467839 402.91522414604765 251.4458159023486 84.82256363977103 98.0696177769114 298.3993110971426 517.3898962625949 756.320849993881 1016.7977371639295 1299.7020435728482 1606.7359255632948 1939.4161432035053 2299.321551591621

Equation: (cos(x0 * 63.6670459510066) / (x0 * x0)) + 1591.9161008748276
Residuals:
1186.3189153424705 1121.9562887366105 1049.5844034751085 968.4711677583232 877.8412952630639 776.769164906387 664.588058310208 540.2895971360947 402.9117350752308 251.44284032058954 84.8200970382536 98.07169334152672 298.4012110380738 517.3919170577735 756.3233525688677 1016.8008262638696 1299.7064807656002 1606.7421715788598 1939.4246583449396 2299.3327814245945

Equation: (sin(x0 - 0.4899639417080999) * (sin(x1) / (x4 + x1))) - -1591.8415794892132
Residuals:
1186.3454979858539 1121.9752165259843 1049.5966243753655 968.4778902159771 877.84387392931 776.7689400584422 664.586357736061 540.2876308854579 402.91050790856434 251.44310088159477 84.82230425054308 98.06738656997868 298.39495733199215 517.384158418788 756.3147901722493 1016.792684032587 1299.699520701116 1606.7375790445412 1939.423663548268 2299.336595668211

Equation: ((sin(x0) * (x3 * x1)) * -0.014551256850706245) - ((-2.2322653960234704 / x4) - 1591.146494943151)
Residuals:
1186.3442866974847 1121.9742409132257 1049.5959183013078 968.4773263256543 877.8432479033357 776.7680419128642 664.5850299069257 540.2858086041094 402.908243552831 251.44057092500998 84.81979928779242 98.06948779386107 298.39622836923763 517.3841779817556 756.3132048780408 1016.7892762656934 1299.6942877476004 1606.7308014874166 1939.4159778193034 2299.3290584821398

