Equation: x4
Residuals:
2623836194.227387 2628177010.136977 2635947784.295875 2649995309.765889 2659723940.7348948 2679715871.2319593 2698417534.423329 2721954002.1221795 2733918603.8821325 2735200841.7201815 2740223668.666581 2750593212.095611 2756433632.3043723 2779592671.660048 2798214208.1731977 2813579895.7242703 2823529194.3929696 2880571856.260484 2902560108.0776525 2905196399.2941823

Equation: x3 ^ x0
Residuals:
1.2167234361411413e+143 1.409120216609164e+143 4.673791292638884e+143 6.157068925558748e+143 6.3826660519949595e+143 1.2209703214107006e+144 3.5825577656234774e+144 4.417609971254724e+144 2.656936455839133e+145 3.5744226128569304e+145 6.440306087630437e+145 6.82802939626686e+145 8.493242641634975e+145 1.6440198004743236e+146 2.0066154462766093e+146 4.907600353178473e+146 1.3727756178829912e+147 1.9106832588344723e+147 2.346870555995048e+147 2.3496122862953743e+147

Equation: x4 + (x3 ^ x0)
Residuals:
1.2167234361411413e+143 1.409120216609164e+143 4.673791292638884e+143 6.157068925558748e+143 6.3826660519949595e+143 1.2209703214107006e+144 3.5825577656234774e+144 4.417609971254724e+144 2.656936455839133e+145 3.5744226128569304e+145 6.440306087630437e+145 6.82802939626686e+145 8.493242641634975e+145 1.6440198004743236e+146 2.0066154462766093e+146 4.907600353178473e+146 1.3727756178829912e+147 1.9106832588344723e+147 2.346870555995048e+147 2.3496122862953743e+147

Equation: x3 + 1586.9734974113242
Residuals:
2623834607.560587 2628175423.3761263 2635946197.5468893 2649993723.029532 2659722354.064511 2679714284.6603913 2698415947.840765 2721952415.636773 2733917017.238217 2735199255.0042367 2740222081.558567 2750591625.0141425 2756432045.252703 2779591084.6153116 2798212621.2199254 2813578308.7617617 2823527607.3834887 2880570269.4862404 2902558521.3387346 2905194812.557832

Equation: sin(x1) + 1592.5421188138653
Residuals:
2623834677.3364415 2628175493.248026 2635946267.4253902 2649993792.94017 2659722423.920386 2679714354.4396825 2698416017.7066984 2721952485.532962 2733917087.346641 2735199325.156868 2740222152.1203923 2750591695.673248 2756432115.941847 2779591155.4720745 2798212692.1118126 2813578379.752947 2823527678.5095797 2880570340.8040967 2902558592.752866 2905194884.124746

Equation: 1591.8576055645985 + (x2 - x1)
Residuals:
2623834678.7200665 2628175494.4963098 2635946268.6106997 2649993794.0960946 2659722425.1812654 2679714355.7918077 2698416019.075707 2721952486.868574 2733917088.7527184 2735199326.6472363 2740222153.7957225 2750591697.557546 2756432117.7666063 2779591157.120265 2798212693.7586884 2813578381.1184535 2823527679.859835 2880570342.0980806 2902558594.041513 2905194885.3905935

Equation: sin(x2 - x1) + 1591.8576069381254
Residuals:
2623834678.720062 2628175494.496675 2635946268.612168 2649993794.0994334 2659722425.183102 2679714355.793811 2698416019.077757 2721952486.8719625 2733917088.754534 2735199326.6482587 2740222153.795721 2750591697.554117 2756432117.7641826 2779591157.120103 2798212693.758324 2813578381.1189704 2823527679.860283 2880570342.0981617 2902558594.0415864 2905194885.3905683

Equation: (x1 / x3) + (x1 * (1590.8879372563958 / x1))
Residuals:
2623834678.661532 2628175494.5956635 2635946268.786709 2649993794.3375463 2659722425.3723993 2679714355.987294 2698416019.2737713 2721952487.10908 2733917088.944152 2735199326.798704 2740222153.773665 2750591697.250251 2756432117.4884157 2779591156.988449 2798212693.595305 2813578381.2318215 2823527679.967371 2880570342.1442733 2902558594.0861297 2905194885.3038974

Equation: (-0.29156573748370906 / x1) + (x1 * (1591.9516862525338 / x1))
Residuals:
2623834678.603175 2628175494.536145 2635946268.727175 2649993794.2778015 2659722425.3137884 2679714355.9308467 2698416019.216516 2721952487.0516057 2733917088.884347 2735199326.740196 2740222153.7124815 2750591697.1929197 2756432117.432003 2779591156.931112 2798212693.538713 2813578381.1741476 2823527679.9087276 2880570342.086917 2902558594.027772 2905194885.247978

Equation: ((1591.839253394585 / x1) * x1) + (sin(-109.9581517703668) * (x1 * x0))
Residuals:
2623834664.7598996 2628175480.6862593 2635946254.823852 2649993780.3561034 2659722411.3744564 2679714341.930447 2698416005.166677 2721952472.9903584 2733917074.746755 2735199312.558487 2740222139.4839287 2750591682.9027805 2756432103.1191797 2779591142.583555 2798212679.1713724 2813578366.7705045 2823527665.4586077 2880570327.592814 2902558579.526598 2905194870.7108917

Equation: (cos(-30.370962398442607) / (x2 * x4)) + (((1591.7082061492424 / x1) - -0.03428513761408914) * x1)
Residuals:
2623834676.2324142 2628175492.1643815 2635946266.354756 2649993791.9035983 2659722422.93658 2679714353.547241 2698416016.8313985 2721952484.6657166 2733917086.496627 2735199324.3459697 2740222151.3109612 2750591694.780332 2756432115.0169616 2779591154.513819 2798212691.1193376 2813578378.7544227 2823527677.4876966 2880570339.65986 2902558591.6003437 2905194882.814002

Equation: x4
Residuals:
6292813471.049354 6298877151.069906 6312126837.657074 6328707224.940089 6446515359.308444 6451430244.792069 6508735668.112014 6516741545.948453 6522465383.576518 6525355451.283113 6565710534.221823 6616137690.886455 6653801963.286215 6670309277.5884 6788078936.959184 6813345879.89327 6864467528.033458 6902280293.675561 6909264434.883747 6921952496.144268

Equation: x4 ^ x0
Residuals:
6.308754357297757e+177 1.1604033319007417e+178 1.3074224658121751e+178 2.5418547849928267e+178 1.0470476577987865e+179 1.4558290069795466e+179 2.1720111025545872e+179 4.0187665873087154e+179 7.231092911000865e+179 7.36361702591769e+179 8.807170839962505e+179 2.0302345385228884e+180 2.5109451928719336e+180 3.0532167087452925e+180 4.742472476662255e+180 3.448150888528409e+181 7.690191468229888e+181 1.3112512084953311e+182 1.4952805025244262e+182 2.3936356409480512e+182

Equation: (x4 ^ x0) + x4
Residuals:
6.308754357297757e+177 1.1604033319007417e+178 1.3074224658121751e+178 2.5418547849928267e+178 1.0470476577987865e+179 1.4558290069795466e+179 2.1720111025545872e+179 4.0187665873087154e+179 7.231092911000865e+179 7.36361702591769e+179 8.807170839962505e+179 2.0302345385228884e+180 2.5109451928719336e+180 3.0532167087452925e+180 4.742472476662255e+180 3.448150888528409e+181 7.690191468229888e+181 1.3112512084953311e+182 1.4952805025244262e+182 2.3936356409480512e+182

Equation: 1587.8057416298186 + x4
Residuals:
6292811883.243611 6298875563.264164 6312125249.851333 6328705637.134347 6446513771.502702 6451428656.986327 6508734080.306272 6516739958.142712 6522463795.770776 6525353863.477371 6565708946.41608 6616136103.080713 6653800375.480473 6670307689.782659 6788077349.153441 6813344292.087528 6864465940.227716 6902278705.869819 6909262847.078006 6921950908.338527

Equation: 1592.5751516548962 + sin(x4)
Residuals:
6292811969.263012 6298875649.3105755 6312125335.958893 6328705723.346731 6446513858.403225 6451428743.906499 6508734167.531439 6516740045.413079 6522463883.098587 6525353950.811681 6565709033.966277 6616136190.886789 6653800463.453163 6670307777.819146 6788077437.675609 6813344380.698015 6864466029.003719 6902278794.758387 6909262935.985709 6921950997.279159

Equation: (x0 / x4) + 1590.8929016678078
Residuals:
6292811970.10556 6298875650.138393 6312125336.756388 6328705724.091005 6446513858.80654 6451428744.299532 6508734167.778616 6516740045.637747 6522463883.295323 6525353951.005389 6565709034.0624075 6616136190.871963 6653800463.371647 6670307777.713047 6788077437.416701 6813344380.415275 6864466028.694238 6902278794.441527 6909262935.66861 6921950996.961945

Equation: 1591.548689559815 + (x4 * (x4 - x0))
Residuals:
6292811954.3655205 6298875645.178169 6312125330.787819 6328705725.696688 6446513850.459535 6451428741.504455 6508734155.421538 6516740043.085329 6522463889.24008 6525353956.930562 6565709030.499563 6616136188.011233 6653800453.698182 6670307767.61451 6788077399.123675 6813344374.899448 6864466023.879582 6902278788.655019 6909262930.4236145 6921950997.555696

Equation: (0.07692014042067988 * x2) + 1591.5675957762003
Residuals:
6292811963.446212 6298875643.479004 6312125330.080116 6328705717.414536 6446513852.128707 6451428737.612579 6508734161.08789 6516740038.943705 6522463876.590137 6525353944.2985735 6565709027.329677 6616136184.132464 6653800456.614467 6670307770.954194 6788077430.646 6813344373.638495 6864466021.916021 6902278787.659509 6909262928.885348 6921950990.167826

Equation: 1591.929834415598 + (cos(x4) * 0.0991134335263575)
Residuals:
6292811970.164546 6298875650.198887 6312125336.817155 6328705724.153147 6446513858.863716 6451428744.35709 6508734167.829337 6516740045.68858 6522463883.345742 6525353951.055638 6565709034.105281 6616136190.905678 6653800463.397368 6670307777.735702 6788077437.407458 6813344380.4034 6864466028.668952 6902278794.405747 6909262935.631013 6921950996.921709

Equation: (cos(cos(x0)) * 0.2436650262964343) + 1591.6890718006675
Residuals:
6292811970.164548 6298875650.205717 6312125336.824357 6328705724.163095 6446513858.874058 6451428744.364545 6508734167.83947 6516740045.690345 6522463883.337791 6525353951.047536 6565709034.102073 6616136190.895557 6653800463.391654 6670307777.729137 6788077437.426723 6813344380.387155 6864466028.65768 6902278794.401855 6909262935.628564 6921950996.922299

Equation: (cos(cos(x0)) * (x0 * (x3 - x1))) + 1591.7495514308484
Residuals:
6292811967.775235 6298875641.2847595 6312125320.096244 6328705706.474343 6446513840.791078 6451428726.223497 6508734155.397407 6516740026.900444 6522463862.585757 6525353937.341667 6565709020.586405 6616136175.44919 6653800448.717857 6670307763.865163 6788077421.251839 6813344360.69589 6864466043.879818 6902278792.8561325 6909262934.262177 6921950996.694377

Equation: (cos(cos(x0)) * (x0 * 0.038272065251687686)) + 1591.756301445235
Residuals:
6292811968.202912 6298875648.334479 6312125334.962882 6328705722.3413925 6446513857.002379 6451428742.449044 6508734165.882449 6516740043.604305 6522463881.099534 6525353948.804927 6565709031.840987 6616136188.41366 6653800460.8716545 6670307775.156195 6788077434.815795 6813344377.196617 6864466025.346528 6902278791.046486 6909262932.26633 6921950993.552583

Equation: 1591.9138642892804 + (cos(-60.444164470534645 * x4) / (x1 * x4))
Residuals:
6292811970.08255 6298875650.1166725 6312125336.734726 6328705724.070129 6446513858.784478 6451428744.278206 6508734167.756111 6516740045.61632 6522463883.275072 6525353950.985157 6565709034.041097 6616136190.850541 6653800463.349451 6670307777.690811 6788077437.391287 6813344380.39351 6864466028.672748 6902278794.419931 6909262935.647106 6921950996.940929

Equation: 1591.9398618857508 - (sin(cos(x0)) * ((x1 * 0.04016762268288687) * cos(x0)))
Residuals:
6292811972.845975 6298875653.056443 6312125339.69524 6328705727.115615 6446513861.7507305 6451428747.1674385 6508734170.574614 6516740048.197513 6522463885.567036 6525353953.271597 6565709036.292731 6616136192.667625 6653800465.090912 6670307779.326245 6788077438.950725 6813344380.740754 6864466028.764739 6902278794.420618 6909262935.634458 6921950996.919923

Equation: ((0.5187378921827753 ^ x1) + 1591.60478708356) + (cos(cos(x1)) * (x3 * 0.06081937986539766))
Residuals:
6292811967.200962 6298875647.24905 6312125333.926902 6328705721.366978 6446513856.073025 6451428741.529837 6508734164.83208 6516740042.490751 6522463879.98383 6525353947.432952 6565709030.37715 6616136187.036117 6653800459.413997 6670307773.625706 6788077433.131481 6813344376.033681 6864466023.398766 6902278789.117822 6909262930.320037 6921950991.6186075

Equation: (((1.069403990192966 * x0) - x0) * cos(cos(x1))) + (1591.4001608410122 + ((x4 / x3) / x0))
Residuals:
6292811966.947463 6298875646.998072 6312125333.691911 6328705721.148567 6446513855.849508 6451428741.300902 6508734164.578835 6516740042.213305 6522463879.682254 6525353947.095319 6565709030.025451 6616136186.659379 6653800459.020875 6670307773.214607 6788077432.697868 6813344375.564044 6864466022.797632 6902278788.520788 6909262929.726219 6921950991.01922

Equation: (cos(cos(x1)) * (0.06973217781068503 * x0)) + (1591.3976529735648 - ((-0.18629325538005953 - x0) / (x4 * x3)))
Residuals:
6292811966.932789 6298875646.983447 6312125333.677648 6328705721.134856 6446513855.83576 6451428741.286941 6508734164.5639515 6516740042.197329 6522463879.665359 6525353947.07702 6565709030.00658 6616136186.639676 6653800459.00054 6670307773.193576 6788077432.675881 6813344375.541329 6864466022.769973 6902278788.493017 6909262929.698344 6921950990.991325

Equation: x4
Residuals:
2207662690.2220845 2221483421.66191 2224632075.7468753 2251020559.8023415 2321041535.4607687 2327284509.3751507 2335975638.3256574 2354191267.040824 2358143448.7387176 2360535009.4992156 2379290226.1174483 2380345060.2094774 2392209074.26898 2396514507.47496 2396954443.2005424 2400694235.6589785 2402829676.216621 2417884521.379446 2433942146.1818995 2456224963.1116524

Equation: x4 ^ x0
Residuals:
3.314873084319275e+137 6.565822744980306e+137 1.1062570433909672e+138 1.1825273626902244e+139 1.8971682629155282e+139 2.094428346172159e+139 8.378959220856279e+139 9.593352126199253e+139 2.593346739368513e+140 2.923621574720122e+140 3.3251887964220364e+140 3.5519844047212114e+140 6.327409498332136e+140 7.03040404747387e+140 8.254675836707058e+140 9.298653175672309e+140 1.0327450246064342e+141 1.1803564540471829e+141 2.23605300956472e+141 3.232562020153096e+141

Equation: x4 + (x4 ^ x0)
Residuals:
3.314873084319275e+137 6.565822744980306e+137 1.1062570433909672e+138 1.1825273626902244e+139 1.8971682629155282e+139 2.094428346172159e+139 8.378959220856279e+139 9.593352126199253e+139 2.593346739368513e+140 2.923621574720122e+140 3.3251887964220364e+140 3.5519844047212114e+140 6.327409498332136e+140 7.03040404747387e+140 8.254675836707058e+140 9.298653175672309e+140 1.0327450246064342e+141 1.1803564540471829e+141 2.23605300956472e+141 3.232562020153096e+141

Equation: x4 + 1587.8057417374714
Residuals:
2207661102.4163427 2221481833.8561683 2224630487.9411335 2251018971.9965997 2321039947.6550274 2327282921.569409 2335974050.5199156 2354189679.235082 2358141860.932976 2360533421.693474 2379288638.3117065 2380343472.4037356 2392207486.4632382 2396512919.669218 2396952855.3948007 2400692647.8532367 2402828088.410879 2417882933.5737042 2433940558.3761578 2456223375.3059106

Equation: 1591.1181829459795 - sin(x3)
Residuals:
2207661171.8846035 2221481903.426883 2224630557.4800167 2251019041.7035537 2321040017.8058276 2327282991.7809887 2335974120.7936487 2354189749.628115 2358141931.5230255 2360533492.3184733 2379288709.2048826 2380343543.3361278 2392207557.5104437 2396512990.745226 2396952926.4819508 2400692718.9987736 2402828159.583075 2417883004.8864985 2433940629.9451876 2456223447.1140914

Equation: 1590.8929017754504 + (x0 / x4)
Residuals:
2207661172.0441856 2221481903.5882473 2224630557.6769643 2251019041.919378 2321040018.0311646 2327282991.9877567 2335974120.9940624 2354189749.8206205 2358141931.5421915 2360533492.329372 2379288709.061831 2380343543.1672177 2392207557.302245 2396512990.5303745 2396952926.263751 2400692718.736736 2402828159.308438 2417883004.5813494 2433940629.470323 2456223446.5498624

Equation: 1591.5503218274462 + ((x4 - x0) * x3)
Residuals:
2207661166.7209673 2221481900.465793 2224630562.993889 2251019070.4649105 2321040013.990935 2327282985.8224635 2335974133.246858 2354189754.362791 2358141950.8637958 2360533511.280808 2379288719.913665 2380343553.937717 2392207571.0761867 2396513004.0933466 2396952941.8577547 2400692735.052737 2402828176.1419234 2417883013.7057133 2433940641.670171 2456223451.4248548

Equation: 1591.5707043840941 + (0.07691990915400289 * x0)
Residuals:
2207661166.7011976 2221481898.235313 2224630552.316351 2251019036.524091 2321040012.62948 2327282986.5846696 2335974115.5706306 2354189744.395342 2358141926.1023006 2360533486.8877516 2379288703.6184683 2380343537.7229013 2392207551.8495297 2396512985.076138 2396952920.807162 2400692713.2784133 2402828153.848589 2417882999.1196856 2433940623.9993744 2456223441.0737

Equation: (0.099112586631245 * cos(x4)) + 1591.9298340777914
Residuals:
2207661172.0174294 2221481903.551551 2224630557.6412964 2251019041.86912 2321040017.9346385 2327282991.8875628 2335974120.8927474 2354189749.7102466 2358141931.432765 2360533492.2182083 2379288708.9427547 2380343543.047432 2392207557.179328 2396512990.406449 2396952926.1398406 2400692718.6123424 2402828159.183566 2417883004.4513464 2433940629.338656 2456223446.4148355

Equation: 1591.689073287978 + (cos(cos(x0)) * 0.24366324409966666)
Residuals:
2207661172.0076637 2221481903.548155 2224630557.638544 2251019041.9193454 2321040018.0257654 2327282991.9833846 2335974121.02706 2354189749.852845 2358141931.5985775 2360533492.3874297 2379288709.1187105 2380343543.2250257 2392207557.368367 2396512990.5975237 2396952926.3330364 2400692718.807228 2402828159.3798695 2417883004.651621 2433940629.544268 2456223446.6228356

Equation: 1591.7563024577205 + ((0.03827178001651473 * x0) * cos(cos(x0)))
Residuals:
2207661169.41194 2221481900.905262 2224630554.992313 2251019039.6185517 2321040015.731165 2327282989.7034183 2335974119.1024942 2354189747.934826 2358141929.906206 2360533490.7132945 2379288707.4475646 2380343541.563774 2392207555.788437 2396512989.0286765 2396952924.7825923 2400692717.267943 2402828157.8493094 2417883003.123271 2433940628.0471625 2456223445.128233

Equation: ((sin(x0) * sin(x0)) * (sin(x0) * -0.10981636270076933)) + 1591.8274075528761
Residuals:
2207661172.0046754 2221481903.543802 2224630557.634232 2251019041.9245195 2321040018.031056 2327282991.98894 2335974121.0350237 2354189749.860767 2358141931.6024117 2360533492.390661 2379288709.121838 2380343543.2278 2392207557.367565 2396512990.596123 2396952926.330569 2400692718.804062 2402828159.376125 2417883004.6477246 2433940629.537897 2456223446.616157

Equation: ((sin(1636.7605905050605) * sin(x4)) * (sin(x4) * (x0 * x0))) + ((x1 / (x0 * x3)) + 1591.529386983465)
Residuals:
2207661123.243624 2221481853.9715314 2224630507.895802 2251018993.2221136 2321039985.439433 2327282961.439291 2335974093.1851945 2354189727.6343923 2358141910.566401 2360533472.687216 2379288694.8924804 2380343529.6085615 2392207547.045143 2396512981.1773996 2396952917.2299504 2400692710.2762904 2402828151.388046 2417883000.342165 2433940627.4547014 2456223446.6717253

Equation: ((sin(x4) * sin(1636.7613972823217)) * ((x0 * x0) * sin(x4))) + ((0.8079525103373469 / x3) + 1591.5873045836981)
Residuals:
2207661127.506721 2221481858.306355 2224630512.245204 2251018997.476571 2321039988.278303 2327282964.0986123 2335974095.604064 2354189729.5591226 2358141912.3849955 2360533474.388641 2379288696.11294 2380343530.7753854 2392207547.921926 2396512981.9747734 2396952917.9993157 2400692710.9953084 2402828152.059624 2417883000.690183 2433940627.607379 2456223446.6364946

Equation: ((0.008264896673610047 * (x0 * x0)) * (sin(x0) * sin(x1))) + (1591.8979225094336 + (-0.006280713076228604 * (x1 * x0)))
Residuals:
2207661163.1375647 2221481893.654293 2224630547.090442 2251019038.0062766 2321040014.16089 2327282988.7485557 2335974127.547294 2354189756.821732 2358141948.189324 2360533510.7446833 2379288729.1843414 2380343565.735215 2392207584.377389 2396513020.632609 2396952957.6697173 2400692751.9381475 2402828193.121101 2417883038.648776 2433940664.681445 2456223482.236524

Equation: ((sin(x4) * (x0 * x0)) * (sin(1636.7624476173005) * sin(x4))) + ((1.0996138116082828 / (x4 * x3)) + 1591.731160376861)
Residuals:
2207661132.9957914 2221481863.8888326 2224630517.846655 2251019002.9545155 2321039991.91326 2327282967.4997773 2335974098.692235 2354189732.003963 2358141914.6916313 2360533476.542713 2379288697.6407886 2380343532.2333694 2392207549.0023055 2396512982.9517217 2396952918.939795 2400692711.870208 2402828152.872756 2417883001.0820656 2433940627.744952 2456223446.529403

Equation: x1 ^ x0
Residuals:
3.065726857278918e+68 3.215093858617452e+68 6.784063812336603e+68 8.052097721985097e+68 1.3597906360510294e+69 1.8449095991452505e+69 2.595190819971374e+69 2.9495648935769045e+69 3.4304575795940606e+69 6.966413212343151e+69 1.3055066611579842e+70 2.0263480817198766e+70 2.2963119881748335e+70 3.2655091816472883e+70 3.452289608963671e+70 4.514348331362726e+70 2.2029373937239318e+71 5.417463706016769e+71 7.377486633154196e+71 8.874542936980799e+71

Equation: x0 + (x3 ^ x0)
Residuals:
2.837492368526279e+68 3.2077108081984417e+68 6.4450603800258705e+68 8.605912689453095e+68 1.0260300599334726e+69 1.5650236834547692e+69 2.7770688951669672e+69 3.004798048512342e+69 3.656718478736474e+69 6.225244130398819e+69 1.1594009138928376e+70 1.7511120424840026e+70 1.8861572214028596e+70 3.296198659490108e+70 3.541415947330277e+70 4.715126130066408e+70 2.4199784215768864e+71 5.832263984156671e+71 7.49659560920056e+71 9.901389094475524e+71

Equation: (x4 - cos(x4)) ^ x4
Residuals:
3.268158074645339e+68 5.658886943682076e+68 1.9915386469086864e+69 2.0892163813846805e+69 6.657757172398797e+69 6.948629343071538e+69 1.2550254122499804e+70 1.7155468981999783e+70 2.5060900484890514e+70 2.629865618929516e+70 2.849526267919667e+70 4.214176124215241e+70 4.3989112064197024e+70 5.220661525035762e+70 6.143895907737499e+70 1.2410058693055813e+71 2.0744551350582167e+71 3.1963792488165395e+71 3.5177899486923e+71 3.954765586688141e+71

Equation: x3 * (x3 / (x1 - x0))
Residuals:
136048146.68428186 138262959.82958218 143408042.6477569 143639735.55914167 148663769.7902864 149113582.86385843 151414118.8886754 152569327.85186973 154427654.56499806 154745809.98616675 155041612.35337633 156559874.36886382 156822242.44328687 157657611.97871742 158099451.23798063 161022092.56874177 163799724.66123232 165245058.2781789 165620548.75587156 165726058.96733162

Equation: (x2 - x1) + 1591.7811886243392
Residuals:
136034496.13432726 138248414.02218083 143398875.04217923 143625124.8391339 148673035.75833952 149127962.42850074 151465659.94730645 152589827.53677428 154447534.65865797 154757550.19575018 155051950.46271574 156566829.10089618 156826765.16800132 157660494.82021704 158102379.3079627 161025441.5318079 163560114.5371977 165226431.5961938 165597350.83885896 165689575.95782816

Equation: ((x2 - x2) / x2) + (1591.8014408983863 - (-0.01894169227571789 * x2))
Residuals:
136034495.26434526 138248413.19552302 143398874.14090958 143625123.881723 148673034.49398968 149127961.25779504 151465659.13506284 152589826.77382964 154447533.91156787 154757549.29043207 155051949.42351988 156566828.00626758 156826764.0528222 157660493.5428666 158102378.1710317 161025440.47693256 163560113.68922836 165226430.8801705 165597350.1397306 165689575.21808118

Equation: ((x2 - (x1 + x4)) - x1) + (1591.8014408628223 - (-2.0189417013955024 * x2))
Residuals:
136034495.4921129 138248413.417652 143398874.84114507 143625124.64789048 148673036.1338645 149127962.59791094 151465659.51984873 152589827.01758096 154447534.16479722 154757549.83810404 155051950.2461843 156566828.94319162 156826764.96231982 157660494.81144994 158102379.0394688 161025441.22656068 163560113.89767984 165226430.6675671 165597349.80806902 165689574.96706992

Equation: (((x3 - x0) / (x1 ^ x1)) - x1) + (1591.7811886243392 - (x2 * -1.0189535086579462))
Residuals:
136034495.338641 138248413.22531918 143398874.24519947 143625124.04107532 148673034.95946625 149127961.62737164 151465659.13906288 152589826.72632134 154447533.84724355 154757549.38371786 155051949.65045738 156566828.2869718 156826764.352638 157660494.0047436 158102378.4896083 161025440.7113136 163560113.71227422 165226430.7666714 165597350.00740117 165689575.12589976

Equation: (((0.30522995764037286 / 1591.7811886243392) / cos(x1)) - x1) + (1591.7811886243392 - (x2 * -1.0189535086579462))
Residuals:
136034495.33916315 138248413.2258657 143398874.24589875 143625124.04223722 148673034.95841438 149127961.62643614 151465659.13816914 152589826.72563058 154447533.846625 154757549.38332182 155051949.65014094 156566828.28670257 156826764.35239077 157660494.00452322 158102378.489389 161025440.7110977 163560113.71206072 165226430.7664673 165597350.00720242 165689575.12570405

Equation: (((x2 - x1) / (x1 / 26.52484921938774)) - x1) + ((1591.720519298262 + -0.20954136489932895) - (x2 * -1.0523020940682895))
Residuals:
136034494.24326146 138248412.09978968 143398873.16634688 143625122.99475598 148673034.10162657 149127960.7057263 151465657.97737455 152589825.5287595 154447532.63758412 154757548.2706139 155051948.6191265 156566827.28530133 156826763.35979232 157660493.1099359 158102377.50225022 161025439.66873658 163560112.53305277 165226429.49634808 165597348.72240227 165689573.86453363

Equation: x3
Residuals:
1693090302.717018 1693806376.0723207 1696324284.54548 1697341065.6912467 1699607359.8375134 1700598064.995606 1714741831.0814757 1745217261.0599418 1785567905.0099008 1794618029.2312691 1797978543.3311517 1820353082.9853966 1823667078.0802634 1828076866.2080534 1831017015.8197782 1848358366.5931072 1879748847.9876525 1890135176.8489065 1903166483.0806162 1914418130.5853057

Equation: x3 ^ x0
Residuals:
6.7930422761850504e+128 7.135456799735536e+128 1.1276646496241043e+129 1.627702207036922e+129 7.490675090189349e+129 8.765369320330537e+129 1.3874045221279196e+130 3.1676479345025055e+130 3.9909132726988603e+130 4.2617602906126917e+130 2.0179406795117226e+131 2.4733934143788644e+131 3.2234123125867397e+131 9.487293940736697e+131 1.2346260937235474e+132 2.3516289629129012e+132 4.43819092210793e+132 6.620264811609715e+132 8.95532553717159e+132 1.0500221628615338e+133

Equation: x2 + (x3 ^ x0)
Residuals:
6.7930422761850504e+128 7.135456799735536e+128 1.1276646496241043e+129 1.627702207036922e+129 7.490675090189349e+129 8.765369320330537e+129 1.3874045221279196e+130 3.1676479345025055e+130 3.9909132726988603e+130 4.2617602906126917e+130 2.0179406795117226e+131 2.4733934143788644e+131 3.2234123125867397e+131 9.487293940736697e+131 1.2346260937235474e+132 2.3516289629129012e+132 4.43819092210793e+132 6.620264811609715e+132 8.95532553717159e+132 1.0500221628615338e+133

Equation: x0 ^ (x1 - cos(x4))
Residuals:
3.114563408060253e+127 5.223091610869062e+127 6.7105996040581465e+127 9.048063148832794e+127 2.0448919674317803e+128 6.879129752874943e+128 1.2885046883548888e+129 3.9759935575665617e+129 1.9526875111507168e+130 3.6781714135400803e+130 1.365467030255769e+131 3.0576862533222347e+131 3.731296684647525e+131 2.3329725212408618e+132 7.569186788784677e+132 2.2076315172419866e+133 1.6265348111731e+134 2.178579546519317e+134 3.3307597274677336e+134 4.426976724142536e+134

Equation: sin(cos(x1)) + 1591.8238932181373
Residuals:
1693088780.1742544 1693804853.6253889 1696322762.2269347 1697339543.452387 1699605837.8203092 1700596543.22151 1714740309.3681984 1745215739.4028711 1785566383.5183876 1794616507.8065228 1797977022.1535556 1820351561.9835153 1823665557.1717877 1828075345.6918151 1831015495.6832728 1848356846.5826428 1879747328.09475 1890133657.193526 1903164963.6731858 1914416611.2516575

Equation: (x0 / 15190.359704316805) + 1591.8238932181373
Residuals:
1693088780.8443854 1693804854.2334657 1696322762.8226893 1697339544.0148973 1699605838.3078368 1700596543.4824996 1714740309.6031795 1745215739.6374464 1785566383.6986299 1794616507.9275692 1797977022.0593944 1820351561.8834229 1823665557.071131 1828075345.2735004 1831015495.0828881 1848356845.929114 1879747327.3384366 1890133656.4345436 1903164962.9075532 1914416610.4796126

Equation: (x0 / ((x0 ^ x0) + x0)) + 1591.8238932181373
Residuals:
1693088780.8489826 1693804854.238063 1696322762.827292 1697339544.019505 1699605838.312466 1700596543.4871309 1714740309.6078172 1745215739.642096 1785566383.7032814 1794616507.9322217 1797977022.0640705 1820351561.8880994 1823665557.0758102 1828075345.2781951 1831015495.0875838 1848356845.9338186 1879747327.3431506 1890133656.4392602 1903164962.9122708 1914416610.4843316

Equation: sin(x1 - x2) + ((x3 - x0) + 1591.8238932181373)
Residuals:
1693088780.6886635 1693804854.0192258 1696322762.7545564 1697339543.972122 1699605838.3407335 1700596543.3368907 1714740309.6982276 1745215739.9496193 1785566383.892941 1794616508.0695586 1797977022.3190234 1820351561.98313 1823665557.372925 1828075345.4014013 1831015495.098683 1848356846.0622149 1879747327.4113967 1890133656.3089507 1903164962.7038796 1914416610.2340724

Equation: (cos(x0) / (x0 ^ x0)) + ((x3 - x0) + 1591.8234275598704)
Residuals:
1693088780.7279258 1693804854.0868695 1696322762.6404839 1697339543.8617008 1699605838.3325286 1700596543.5236742 1714740309.7093177 1745215739.8687036 1785566383.8467498 1794616508.081764 1797977022.539448 1820351562.201393 1823665557.336553 1828075345.7001183 1831015495.3270493 1848356846.234312 1879747327.7742882 1890133656.6739633 1903164962.9198186 1914416610.4459932

Equation: ((cos(x4) / (x0 * x1)) / x4) + ((x3 - x0) + 1591.8238932181373)
Residuals:
1693088780.727458 1693804854.0864017 1696322762.640016 1697339543.8612332 1699605838.332061 1700596543.5232067 1714740309.7088504 1745215739.868237 1785566383.846284 1794616508.0812984 1797977022.5389826 1820351562.2009277 1823665557.3360882 1828075345.6996536 1831015495.3265846 1848356846.2338476 1879747327.7738242 1890133656.6734996 1903164962.9193552 1914416610.4455297

Equation: ((cos(x4) / (x2 * x1)) / x4) + (sin(x3 - x0) + 1591.8238932181373)
Residuals:
1693088780.727757 1693804854.0869825 1696322762.6411088 1697339543.8618932 1699605838.3320599 1700596543.5231988 1714740309.7086785 1745215739.8663144 1785566383.845797 1794616508.080747 1797977022.5213308 1820351562.1958504 1823665557.3331594 1828075345.6872869 1831015495.3243158 1848356846.2293665 1879747327.7606337 1890133656.6713634 1903164962.9193552 1914416610.4455395

Equation: (sin(cos(x4)) / ((x0 * x1) * x0)) + (sin(x3 - x0) + 1591.8238932181373)
Residuals:
1693088780.7277572 1693804854.0869825 1696322762.641109 1697339543.8618932 1699605838.33206 1700596543.5231988 1714740309.7086787 1745215739.8663144 1785566383.845797 1794616508.080747 1797977022.5213308 1820351562.1958504 1823665557.3331594 1828075345.6872869 1831015495.3243158 1848356846.2293665 1879747327.7606337 1890133656.671363 1903164962.919355 1914416610.4455392

Equation: 1591.8701840143544 + (cos(5003.140054956316 / 3185.0703917541296) * (x4 - (x0 ^ x0)))
Residuals:
8.156943876529734e+123 8.314232459601253e+123 1.2680912003933856e+124 1.884128967175214e+124 1.0356830510361116e+125 1.2320727936539862e+125 2.081168615850506e+125 5.38642326204766e+125 6.243588420534392e+125 6.7080196046870484e+125 4.406019221680053e+126 4.588242624945964e+126 5.672233680992186e+126 1.9629799322332342e+127 2.1266686843232082e+127 4.306627273067135e+127 9.268359423140036e+127 1.1349161770956389e+128 1.2227878085631135e+128 1.3694445077644883e+128

Equation: (((x0 - 2.295035265853116) / 17152.182728116586) * ((x1 + x0) * (x0 * x3))) + (1591.8224255018024 + (x2 - x0))
Residuals:
1693086093.771908 1693802163.2345378 1696320058.9700298 1697336829.978818 1699603084.7521 1700593780.689715 1714737534.8464334 1745212944.6531394 1785563580.3518643 1794613701.7130034 1797974174.4184072 1820348706.4835355 1823662693.5816853 1828072447.8297315 1831012582.5460072 1848353914.6176348 1879744375.5890708 1890130690.790975 1903161985.1779873 1914413627.2645943

Equation: (((x0 - 2.295035265853116) / (x3 + 17152.182728116586)) * ((x1 + x0) * (x0 * x3))) + (1591.8224255018024 + (x2 - x0))
Residuals:
1693086104.6868343 1693802174.1703372 1696320069.9757173 1697336841.0333564 1699603095.9922793 1700593791.9700859 1714737546.180809 1745212956.0795221 1785563591.8304884 1794613713.204645 1797974186.08639 1820348718.2113402 1823662705.3571947 1828072459.7583082 1831012594.5687282 1848353926.7301452 1879744387.7890098 1890130703.0887468 1903161997.5667467 1914413639.6877842

Equation: x4
Residuals:
78177035.47876488 78582965.48312326 78670776.07695603 84238880.9335834 84776741.20900236 86009386.50797409 86226618.63554354 86732699.48471545 89430456.43941115 89866178.43786521 90210662.78598984 90682649.65871632 90774049.95484124 91390364.0482531 91662292.14629565 93914187.37815851 95037486.1640509 95716246.30207963 97233863.72120638 99848888.93866745

Equation: x4 ^ x0
Residuals:
3.543870056523381e+59 3.9740555918520748e+59 4.689380359416587e+59 1.0220406285234678e+60 1.442114878136186e+60 2.4593269785078585e+60 4.4620907605844166e+60 7.857373598836621e+60 1.909654692089256e+61 2.9461863209041585e+61 6.013375353050239e+61 9.041776924797257e+61 1.9389277362486525e+62 2.0410934633490763e+62 2.8673946990895497e+62 3.755509932744157e+62 4.711336603567533e+62 5.579776779289585e+62 6.360808639541249e+62 1.7027243159986908e+63

Equation: (x4 ^ x0) + x4
Residuals:
3.543870056523381e+59 3.9740555918520748e+59 4.689380359416587e+59 1.0220406285234678e+60 1.442114878136186e+60 2.4593269785078585e+60 4.4620907605844166e+60 7.857373598836621e+60 1.909654692089256e+61 2.9461863209041585e+61 6.013375353050239e+61 9.041776924797257e+61 1.9389277362486525e+62 2.0410934633490763e+62 2.8673946990895497e+62 3.755509932744157e+62 4.711336603567533e+62 5.579776779289585e+62 6.360808639541249e+62 1.7027243159986908e+63

Equation: x4 - -1587.8057416947236
Residuals:
78175447.67302318 78581377.67738156 78669188.27121434 84237293.1278417 84775153.40326066 86007798.70223239 86225030.82980184 86731111.67897375 89428868.63366945 89864590.63212353 90209074.98024814 90681061.85297462 90772462.14909954 91388776.2425114 91660704.34055395 93912599.57241681 95035898.35830921 95714658.49633794 97232275.91546468 99847301.13292575

Equation: 1591.1802566665226 - sin(x4)
Residuals:
78175481.9560054 78581412.00419548 78669222.65695867 84237328.51515327 84775188.92381886 86007834.37251747 86225066.5573346 86731147.51248074 89428904.85991405 89864626.8817611 90209111.32129437 90681098.21478419 90772498.56064034 91388812.709224 91660740.83867276 93912636.30454946 95035935.18445295 95714695.38751577 97232312.92279841 99847338.3131146

Equation: 1592.8982853981302 - (x4 / x0)
Residuals:
78175481.25601195 78581411.28219372 78669221.90528592 84237327.28758842 84775187.63551754 86007833.01704217 86225065.17404577 86731146.08275534 89428903.28367688 89864625.2951649 90209109.70267399 90681096.58752501 90772496.91479893 91388811.04931122 91660739.16912353 93912634.59347987 95035933.46531042 95714693.66700071 97232311.21242557 99847336.65437052

Equation: 1591.7088160444478 - (sin(x4) / x4)
Residuals:
78175481.44770038 78581411.47455698 78669222.09863822 84237327.48204722 84775187.8316069 86007833.21589637 86225065.37673667 86731146.28858383 89428903.49146034 89864625.5057029 90209109.91690451 90681096.80428879 90772497.1360638 91388811.26998845 91660739.39158252 93912634.81275423 95035933.68358867 95714693.88443254 97232311.42652114 99847336.8666016

Equation: (x0 * (x4 - x0)) + 1591.5558421222784
Residuals:
78175485.55741075 78581415.72225833 78669226.65184623 84237315.31660807 84775175.7214531 86007822.5882281 86225059.36409701 86731143.19776149 89428897.75365199 89864623.57060213 90209112.46704163 90681102.98624648 90772509.75320545 91388822.43084727 91660753.0526865 93912641.94380538 95035939.00645757 95714697.8782564 97232310.65229928 99847335.41185361

Equation: 1591.5660425738995 + (0.0769200114046748 * x3)
Residuals:
78175478.68782759 78581408.71388547 78669219.30195403 84237324.67187163 84775185.01510394 86007830.39447935 86225062.54660755 86731143.4565875 89428900.65488178 89864622.64709511 90209107.05662656 90681093.923493 90772494.25444245 91388808.38122478 91660736.49389966 93912631.91373026 95035930.78382806 95714690.97987904 97232308.51893377 99847333.94058459

Equation: 1591.9298342224956 + (cos(x4) * 0.0991129489017492)
Residuals:
78175481.12814292 78581411.1543965 78669221.77774315 84237327.16270821 84775187.51465741 86007832.90233253 86225065.06467341 86731145.97961506 89428903.19797069 89864625.21335977 90209109.62931804 90681096.51784678 90772496.85246441 91388810.98971765 91660739.11329287 93912634.55148198 95035933.43048328 95714693.63753015 97232311.19206274 99847336.65514973

Equation: (0.24366398462591357 * cos(cos(x0))) + 1591.689072668865
Residuals:
78175481.33562335 78581411.3613951 78669221.98371953 84237327.3516828 84775187.69587126 86007833.0700157 86225065.21649128 86731146.11277513 89428903.2922653 89864625.29386236 90209109.68731362 90681096.56653194 90772496.88935496 91388811.02285789 91660739.14344788 93912634.56364909 95035933.43473199 95714693.63611749 97232311.17851312 99847336.62967762

Equation: ((cos(51.79835296596484) * x3) * cos(cos(x0))) + 1591.7556498770955
Residuals:
78175480.62396415 78581410.64722519 78669221.25525291 84237326.60961275 84775186.93358251 86007832.26484366 86225064.34047888 86731145.1646151 89428902.2457621 89864624.1760747 90209108.48344609 90681095.31272137 90772495.59170307 91388809.72157013 91660737.83373097 93912633.25421233 95035932.12721503 95714692.32910334 97232309.87012872 99847335.36133608

Equation: (cos(x1 / 0.5215711571310857) * -0.05722091466063168) + 1591.884570483305
Residuals:
78175481.21527791 78581411.24738948 78669221.87836719 84237327.26966672 84775187.61816515 86007833.00434506 86225065.17818499 86731146.11789834 89428903.3194967 89864625.33867592 90209109.75583392 90681096.64600225 90772496.9802197 91388811.11816944 91660739.2455826 93912634.66719468 95035933.53806846 95714693.74026833 97232311.28009817 99847336.71596302

Equation: (cos(x1 / 0.5215711571310857) * sin(-0.05722091466063168)) + 1591.884570483305
Residuals:
78175481.21530913 78581411.24741752 78669221.87839104 84237327.26967931 84775187.61817747 86007833.00435543 86225065.17818792 86731146.11788546 89428903.3194825 89864625.3386589 90209109.75581327 90681096.64598 90772496.98019592 91388811.11814328 91660739.24555315 93912634.66716442 95035933.53803807 95714693.7402372 97232311.28006841 99847336.71593635

Equation: ((cos(x0) * (-0.00995127088919187 * x4)) * (cos(x1) * x1)) + 1591.9418039277418
Residuals:
78175495.29646651 78581425.02638471 78669235.12296928 84237339.0470194 84775199.14973965 86007843.77555107 86225074.10203436 86731151.83323698 89428907.90000334 89864628.85310507 90209111.82021593 90681097.99046601 90772497.2715788 91388811.31300099 91660739.126073 93912634.52468906 95035933.36007589 95714693.76302372 97232311.4865129 99847338.16656056

Equation: 1591.9404386258675 + (cos(x2 + -0.18321118110608922) * (cos(x0) * (-0.03319950026726289 * x1)))
Residuals:
78175482.43954527 78581412.47484551 78669223.11590791 84237328.42242454 84775188.69404943 86007833.96736419 86225066.0326919 86731146.8453055 89428903.84820262 89864625.73905703 90209109.97746187 90681096.76708546 90772496.94627413 91388811.07048395 91660739.13459758 93912634.55430377 95035933.42442766 95714693.62693523 97232311.17109106 99847336.6770566

Equation: x4
Residuals:
8738670033.139904 8774648079.557043 8790350114.161243 8811737471.225851 8887112892.88913 8971578917.750578 9067342827.022848 9089322286.731216 9165291642.322735 9179813558.461494 9208832874.478985 9230036135.698244 9377543080.711477 9418356539.918285 9432704135.931786 9533843228.881237 9542031718.066887 9557902993.805613 9558571358.9823 9596802615.217052

Equation: x4 ^ x0
Residuals:
4.761982269912762e+193 6.31100962331511e+193 8.585452740390402e+193 1.2619957804627695e+194 2.328565559546164e+194 3.901657644969102e+194 8.664169465181088e+194 1.0010468231551926e+195 1.193710789531568e+195 1.5477809384889914e+195 2.236604980963604e+195 2.6433123474620183e+195 8.172884797251912e+195 1.6556907819507425e+196 6.347491300820357e+196 9.049225182830835e+196 1.3191030697068678e+197 1.8206601578904835e+197 2.794057440298956e+197 3.1301594046208495e+197

Equation: (x4 ^ x0) + x4
Residuals:
4.761982269912762e+193 6.31100962331511e+193 8.585452740390402e+193 1.2619957804627695e+194 2.328565559546164e+194 3.901657644969102e+194 8.664169465181088e+194 1.0010468231551926e+195 1.193710789531568e+195 1.5477809384889914e+195 2.236604980963604e+195 2.6433123474620183e+195 8.172884797251912e+195 1.6556907819507425e+196 6.347491300820357e+196 9.049225182830835e+196 1.3191030697068678e+197 1.8206601578904835e+197 2.794057440298956e+197 3.1301594046208495e+197

Equation: 1587.8057414779366 + x4
Residuals:
8738668445.334164 8774646491.7513 8790348526.355503 8811735883.420109 8887111305.08339 8971577329.944836 9067341239.217106 9089320698.925474 9165290054.516994 9179811970.655752 9208831286.673243 9230034547.892504 9377541492.905737 9418354952.112543 9432702548.126045 9533841641.075497 9542030130.261145 9557901405.999872 9558569771.176558 9596801027.411312

Equation: (x3 - x4) + 1591.899787843145
Residuals:
8738668538.377218 8774646584.934317 8790348619.55772 8811735976.645418 8887111398.48424 8971577423.71167 9067341333.041515 9089320792.851599 9165290148.516968 9179812064.723972 9208831380.82767 9230034641.979477 9377541587.53754 9418355046.860338 9432702642.866781 9533841736.151344 9542030225.223152 9557901501.016232 9558569865.972408 9596801122.26879

Equation: 1872.0516962744707 + -280.1739922965487
Residuals:
8738668538.398003 8774646584.895693 8790348619.527252 8811735976.64004 8887111398.475405 8971577423.52873 9067341332.999393 9089320792.759672 9165290148.510433 9179812064.692944 9208831380.773216 9230034642.030867 9377541587.356028 9418355046.645357 9432702642.694801 9533841735.85081 9542030225.060995 9557901500.83668 9558569866.016016 9596801122.320835

Equation: 1591.9195014612417 + (cos(x3) / (x0 * x0))
Residuals:
8738668538.356308 8774646584.853998 8790348619.485558 8811735976.598347 8887111398.433712 8971577423.487038 9067341332.957693 9089320792.717972 9165290148.46872 9179812064.651228 9208831380.731499 9230034641.989138 9377541587.314293 9418355046.603619 9432702642.653055 9533841735.809055 9542030225.019226 9557901500.794909 9558569865.974222 9596801122.279034

Equation: (cos(1584.8576613292207) * x0) + 1591.577987400513
Residuals:
8738668531.31464 8774646577.809006 8790348612.435925 8811735969.543137 8887111391.371223 8971577416.419191 9067341325.87995 9089320785.638699 9165290141.389181 9179812057.568123 9208831373.64335 9230034634.898874 9377541580.210539 9418355039.489576 9432702635.517439 9533841728.671003 9542030217.87538 9557901493.646358 9558569858.818676 9596801115.122778

Equation: x2 - ((0.9230795549534202 * x1) - 1591.5489481891807)
Residuals:
8738668531.282757 8774646577.792473 8790348612.511562 8811735969.574923 8887111391.29163 8971577416.32726 9067341325.927916 9089320785.536552 9165290141.276323 9179812057.437767 9208831373.669134 9230034634.812017 9377541579.981888 9418355039.232292 9432702635.17754 9533841728.345076 9542030217.553898 9557901493.376001 9558569858.592218 9596801115.091494

Equation: ((cos(x0) * 0.3627948642054794) / x0) + 1591.9356044277008
Residuals:
8738668538.343819 8774646584.841492 8790348619.473019 8811735976.585747 8887111398.421005 8971577423.474234 9067341332.94467 9089320792.704908 9165290148.455662 9179812064.638075 9208831380.718197 9230034641.97578 9377541587.300467 9418355046.589386 9432702642.637867 9533841735.793758 9542030225.003668 9557901500.779125 9558569865.958122 9596801122.262907

Equation: (cos(x0 * 63.6670459510066) / (x0 * x0)) + 1591.9161008748276
Residuals:
8738668538.35971 8774646584.857199 8790348619.488955 8811735976.601677 8887111398.437027 8971577423.49023 9067341332.96104 9089320792.721378 9165290148.472134 9179812064.654446 9208831380.734844 9230034641.992367 9377541587.317598 9418355046.606916 9432702642.656311 9533841735.812492 9542030225.022549 9557901500.798252 9558569865.977629 9596801122.282389

Equation: (sin(x0 - 0.4899639417080999) * (sin(x1) / (x4 + x1))) - -1591.8415794892132
Residuals:
8738668538.433475 8774646584.93127 8790348619.56312 8811735976.676031 8887111398.511505 8971577423.564909 9067341333.035398 9089320792.795593 9165290148.546333 9179812064.728703 9208831380.808659 9230034642.066135 9377541587.390608 9418355046.679398 9432702642.727892 9533841735.88375 9542030225.093657 9557901500.869005 9558569866.04803 9596801122.3525

Equation: ((sin(x0) * (x3 * x1)) * -0.014551256850706245) - ((-2.2322653960234704 / x4) - 1591.146494943151)
Residuals:
8738668530.263813 8774646570.756655 8790348597.023401 8811735944.190746 8887111353.243683 8971577369.114447 9067341262.014223 9089320719.291714 9165290074.396837 9179811985.08256 9208831293.538544 9230034551.539803 9377541479.26673 9418354927.38804 9432702507.44995 9533841599.334536 9542030086.16865 9557901360.688658 9558569724.839287 9596800980.588205

Equation: x4
Residuals:
2623836194.227387 2628177010.136977 2635947784.295875 2649995309.765889 2659723940.7348948 2679715871.2319593 2698417534.423329 2721954002.1221795 2733918603.8821325 2735200841.7201815 2740223668.666581 2750593212.095611 2756433632.3043723 2779592671.660048 2798214208.1731977 2813579895.7242703 2823529194.3929696 2880571856.260484 2902560108.0776525 2905196399.2941823

Equation: x3 ^ x0
Residuals:
1.2167234361411413e+143 1.409120216609164e+143 4.673791292638884e+143 6.157068925558748e+143 6.3826660519949595e+143 1.2209703214107006e+144 3.5825577656234774e+144 4.417609971254724e+144 2.656936455839133e+145 3.5744226128569304e+145 6.440306087630437e+145 6.82802939626686e+145 8.493242641634975e+145 1.6440198004743236e+146 2.0066154462766093e+146 4.907600353178473e+146 1.3727756178829912e+147 1.9106832588344723e+147 2.346870555995048e+147 2.3496122862953743e+147

Equation: x4 + (x3 ^ x0)
Residuals:
1.2167234361411413e+143 1.409120216609164e+143 4.673791292638884e+143 6.157068925558748e+143 6.3826660519949595e+143 1.2209703214107006e+144 3.5825577656234774e+144 4.417609971254724e+144 2.656936455839133e+145 3.5744226128569304e+145 6.440306087630437e+145 6.82802939626686e+145 8.493242641634975e+145 1.6440198004743236e+146 2.0066154462766093e+146 4.907600353178473e+146 1.3727756178829912e+147 1.9106832588344723e+147 2.346870555995048e+147 2.3496122862953743e+147

Equation: x3 + 1586.9734974113242
Residuals:
2623834607.560587 2628175423.3761263 2635946197.5468893 2649993723.029532 2659722354.064511 2679714284.6603913 2698415947.840765 2721952415.636773 2733917017.238217 2735199255.0042367 2740222081.558567 2750591625.0141425 2756432045.252703 2779591084.6153116 2798212621.2199254 2813578308.7617617 2823527607.3834887 2880570269.4862404 2902558521.3387346 2905194812.557832

Equation: sin(x1) + 1592.5421188138653
Residuals:
2623834677.3364415 2628175493.248026 2635946267.4253902 2649993792.94017 2659722423.920386 2679714354.4396825 2698416017.7066984 2721952485.532962 2733917087.346641 2735199325.156868 2740222152.1203923 2750591695.673248 2756432115.941847 2779591155.4720745 2798212692.1118126 2813578379.752947 2823527678.5095797 2880570340.8040967 2902558592.752866 2905194884.124746

Equation: 1591.8576055645985 + (x2 - x1)
Residuals:
2623834678.7200665 2628175494.4963098 2635946268.6106997 2649993794.0960946 2659722425.1812654 2679714355.7918077 2698416019.075707 2721952486.868574 2733917088.7527184 2735199326.6472363 2740222153.7957225 2750591697.557546 2756432117.7666063 2779591157.120265 2798212693.7586884 2813578381.1184535 2823527679.859835 2880570342.0980806 2902558594.041513 2905194885.3905935

Equation: sin(x2 - x1) + 1591.8576069381254
Residuals:
2623834678.720062 2628175494.496675 2635946268.612168 2649993794.0994334 2659722425.183102 2679714355.793811 2698416019.077757 2721952486.8719625 2733917088.754534 2735199326.6482587 2740222153.795721 2750591697.554117 2756432117.7641826 2779591157.120103 2798212693.758324 2813578381.1189704 2823527679.860283 2880570342.0981617 2902558594.0415864 2905194885.3905683

Equation: (x1 / x3) + (x1 * (1590.8879372563958 / x1))
Residuals:
2623834678.661532 2628175494.5956635 2635946268.786709 2649993794.3375463 2659722425.3723993 2679714355.987294 2698416019.2737713 2721952487.10908 2733917088.944152 2735199326.798704 2740222153.773665 2750591697.250251 2756432117.4884157 2779591156.988449 2798212693.595305 2813578381.2318215 2823527679.967371 2880570342.1442733 2902558594.0861297 2905194885.3038974

Equation: (-0.29156573748370906 / x1) + (x1 * (1591.9516862525338 / x1))
Residuals:
2623834678.603175 2628175494.536145 2635946268.727175 2649993794.2778015 2659722425.3137884 2679714355.9308467 2698416019.216516 2721952487.0516057 2733917088.884347 2735199326.740196 2740222153.7124815 2750591697.1929197 2756432117.432003 2779591156.931112 2798212693.538713 2813578381.1741476 2823527679.9087276 2880570342.086917 2902558594.027772 2905194885.247978

Equation: ((1591.839253394585 / x1) * x1) + (sin(-109.9581517703668) * (x1 * x0))
Residuals:
2623834664.7598996 2628175480.6862593 2635946254.823852 2649993780.3561034 2659722411.3744564 2679714341.930447 2698416005.166677 2721952472.9903584 2733917074.746755 2735199312.558487 2740222139.4839287 2750591682.9027805 2756432103.1191797 2779591142.583555 2798212679.1713724 2813578366.7705045 2823527665.4586077 2880570327.592814 2902558579.526598 2905194870.7108917

Equation: (cos(-30.370962398442607) / (x2 * x4)) + (((1591.7082061492424 / x1) - -0.03428513761408914) * x1)
Residuals:
2623834676.2324142 2628175492.1643815 2635946266.354756 2649993791.9035983 2659722422.93658 2679714353.547241 2698416016.8313985 2721952484.6657166 2733917086.496627 2735199324.3459697 2740222151.3109612 2750591694.780332 2756432115.0169616 2779591154.513819 2798212691.1193376 2813578378.7544227 2823527677.4876966 2880570339.65986 2902558591.6003437 2905194882.814002

Equation: x4
Residuals:
6292813471.049354 6298877151.069906 6312126837.657074 6328707224.940089 6446515359.308444 6451430244.792069 6508735668.112014 6516741545.948453 6522465383.576518 6525355451.283113 6565710534.221823 6616137690.886455 6653801963.286215 6670309277.5884 6788078936.959184 6813345879.89327 6864467528.033458 6902280293.675561 6909264434.883747 6921952496.144268

Equation: x4 ^ x0
Residuals:
6.308754357297757e+177 1.1604033319007417e+178 1.3074224658121751e+178 2.5418547849928267e+178 1.0470476577987865e+179 1.4558290069795466e+179 2.1720111025545872e+179 4.0187665873087154e+179 7.231092911000865e+179 7.36361702591769e+179 8.807170839962505e+179 2.0302345385228884e+180 2.5109451928719336e+180 3.0532167087452925e+180 4.742472476662255e+180 3.448150888528409e+181 7.690191468229888e+181 1.3112512084953311e+182 1.4952805025244262e+182 2.3936356409480512e+182

Equation: (x4 ^ x0) + x4
Residuals:
6.308754357297757e+177 1.1604033319007417e+178 1.3074224658121751e+178 2.5418547849928267e+178 1.0470476577987865e+179 1.4558290069795466e+179 2.1720111025545872e+179 4.0187665873087154e+179 7.231092911000865e+179 7.36361702591769e+179 8.807170839962505e+179 2.0302345385228884e+180 2.5109451928719336e+180 3.0532167087452925e+180 4.742472476662255e+180 3.448150888528409e+181 7.690191468229888e+181 1.3112512084953311e+182 1.4952805025244262e+182 2.3936356409480512e+182

Equation: 1587.8057416298186 + x4
Residuals:
6292811883.243611 6298875563.264164 6312125249.851333 6328705637.134347 6446513771.502702 6451428656.986327 6508734080.306272 6516739958.142712 6522463795.770776 6525353863.477371 6565708946.41608 6616136103.080713 6653800375.480473 6670307689.782659 6788077349.153441 6813344292.087528 6864465940.227716 6902278705.869819 6909262847.078006 6921950908.338527

Equation: 1592.5751516548962 + sin(x4)
Residuals:
6292811969.263012 6298875649.3105755 6312125335.958893 6328705723.346731 6446513858.403225 6451428743.906499 6508734167.531439 6516740045.413079 6522463883.098587 6525353950.811681 6565709033.966277 6616136190.886789 6653800463.453163 6670307777.819146 6788077437.675609 6813344380.698015 6864466029.003719 6902278794.758387 6909262935.985709 6921950997.279159

Equation: (x0 / x4) + 1590.8929016678078
Residuals:
6292811970.10556 6298875650.138393 6312125336.756388 6328705724.091005 6446513858.80654 6451428744.299532 6508734167.778616 6516740045.637747 6522463883.295323 6525353951.005389 6565709034.0624075 6616136190.871963 6653800463.371647 6670307777.713047 6788077437.416701 6813344380.415275 6864466028.694238 6902278794.441527 6909262935.66861 6921950996.961945

Equation: 1591.548689559815 + (x4 * (x4 - x0))
Residuals:
6292811954.3655205 6298875645.178169 6312125330.787819 6328705725.696688 6446513850.459535 6451428741.504455 6508734155.421538 6516740043.085329 6522463889.24008 6525353956.930562 6565709030.499563 6616136188.011233 6653800453.698182 6670307767.61451 6788077399.123675 6813344374.899448 6864466023.879582 6902278788.655019 6909262930.4236145 6921950997.555696

Equation: (0.07692014042067988 * x2) + 1591.5675957762003
Residuals:
6292811963.446212 6298875643.479004 6312125330.080116 6328705717.414536 6446513852.128707 6451428737.612579 6508734161.08789 6516740038.943705 6522463876.590137 6525353944.2985735 6565709027.329677 6616136184.132464 6653800456.614467 6670307770.954194 6788077430.646 6813344373.638495 6864466021.916021 6902278787.659509 6909262928.885348 6921950990.167826

Equation: 1591.929834415598 + (cos(x4) * 0.0991134335263575)
Residuals:
6292811970.164546 6298875650.198887 6312125336.817155 6328705724.153147 6446513858.863716 6451428744.35709 6508734167.829337 6516740045.68858 6522463883.345742 6525353951.055638 6565709034.105281 6616136190.905678 6653800463.397368 6670307777.735702 6788077437.407458 6813344380.4034 6864466028.668952 6902278794.405747 6909262935.631013 6921950996.921709

Equation: (cos(cos(x0)) * 0.2436650262964343) + 1591.6890718006675
Residuals:
6292811970.164548 6298875650.205717 6312125336.824357 6328705724.163095 6446513858.874058 6451428744.364545 6508734167.83947 6516740045.690345 6522463883.337791 6525353951.047536 6565709034.102073 6616136190.895557 6653800463.391654 6670307777.729137 6788077437.426723 6813344380.387155 6864466028.65768 6902278794.401855 6909262935.628564 6921950996.922299

Equation: (cos(cos(x0)) * (x0 * (x3 - x1))) + 1591.7495514308484
Residuals:
6292811967.775235 6298875641.2847595 6312125320.096244 6328705706.474343 6446513840.791078 6451428726.223497 6508734155.397407 6516740026.900444 6522463862.585757 6525353937.341667 6565709020.586405 6616136175.44919 6653800448.717857 6670307763.865163 6788077421.251839 6813344360.69589 6864466043.879818 6902278792.8561325 6909262934.262177 6921950996.694377

Equation: (cos(cos(x0)) * (x0 * 0.038272065251687686)) + 1591.756301445235
Residuals:
6292811968.202912 6298875648.334479 6312125334.962882 6328705722.3413925 6446513857.002379 6451428742.449044 6508734165.882449 6516740043.604305 6522463881.099534 6525353948.804927 6565709031.840987 6616136188.41366 6653800460.8716545 6670307775.156195 6788077434.815795 6813344377.196617 6864466025.346528 6902278791.046486 6909262932.26633 6921950993.552583

Equation: 1591.9138642892804 + (cos(-60.444164470534645 * x4) / (x1 * x4))
Residuals:
6292811970.08255 6298875650.1166725 6312125336.734726 6328705724.070129 6446513858.784478 6451428744.278206 6508734167.756111 6516740045.61632 6522463883.275072 6525353950.985157 6565709034.041097 6616136190.850541 6653800463.349451 6670307777.690811 6788077437.391287 6813344380.39351 6864466028.672748 6902278794.419931 6909262935.647106 6921950996.940929

Equation: 1591.9398618857508 - (sin(cos(x0)) * ((x1 * 0.04016762268288687) * cos(x0)))
Residuals:
6292811972.845975 6298875653.056443 6312125339.69524 6328705727.115615 6446513861.7507305 6451428747.1674385 6508734170.574614 6516740048.197513 6522463885.567036 6525353953.271597 6565709036.292731 6616136192.667625 6653800465.090912 6670307779.326245 6788077438.950725 6813344380.740754 6864466028.764739 6902278794.420618 6909262935.634458 6921950996.919923

Equation: ((0.5187378921827753 ^ x1) + 1591.60478708356) + (cos(cos(x1)) * (x3 * 0.06081937986539766))
Residuals:
6292811967.200962 6298875647.24905 6312125333.926902 6328705721.366978 6446513856.073025 6451428741.529837 6508734164.83208 6516740042.490751 6522463879.98383 6525353947.432952 6565709030.37715 6616136187.036117 6653800459.413997 6670307773.625706 6788077433.131481 6813344376.033681 6864466023.398766 6902278789.117822 6909262930.320037 6921950991.6186075

Equation: (((1.069403990192966 * x0) - x0) * cos(cos(x1))) + (1591.4001608410122 + ((x4 / x3) / x0))
Residuals:
6292811966.947463 6298875646.998072 6312125333.691911 6328705721.148567 6446513855.849508 6451428741.300902 6508734164.578835 6516740042.213305 6522463879.682254 6525353947.095319 6565709030.025451 6616136186.659379 6653800459.020875 6670307773.214607 6788077432.697868 6813344375.564044 6864466022.797632 6902278788.520788 6909262929.726219 6921950991.01922

Equation: (cos(cos(x1)) * (0.06973217781068503 * x0)) + (1591.3976529735648 - ((-0.18629325538005953 - x0) / (x4 * x3)))
Residuals:
6292811966.932789 6298875646.983447 6312125333.677648 6328705721.134856 6446513855.83576 6451428741.286941 6508734164.5639515 6516740042.197329 6522463879.665359 6525353947.07702 6565709030.00658 6616136186.639676 6653800459.00054 6670307773.193576 6788077432.675881 6813344375.541329 6864466022.769973 6902278788.493017 6909262929.698344 6921950990.991325

Equation: x4
Residuals:
2207662690.2220845 2221483421.66191 2224632075.7468753 2251020559.8023415 2321041535.4607687 2327284509.3751507 2335975638.3256574 2354191267.040824 2358143448.7387176 2360535009.4992156 2379290226.1174483 2380345060.2094774 2392209074.26898 2396514507.47496 2396954443.2005424 2400694235.6589785 2402829676.216621 2417884521.379446 2433942146.1818995 2456224963.1116524

Equation: x4 ^ x0
Residuals:
3.314873084319275e+137 6.565822744980306e+137 1.1062570433909672e+138 1.1825273626902244e+139 1.8971682629155282e+139 2.094428346172159e+139 8.378959220856279e+139 9.593352126199253e+139 2.593346739368513e+140 2.923621574720122e+140 3.3251887964220364e+140 3.5519844047212114e+140 6.327409498332136e+140 7.03040404747387e+140 8.254675836707058e+140 9.298653175672309e+140 1.0327450246064342e+141 1.1803564540471829e+141 2.23605300956472e+141 3.232562020153096e+141

Equation: x4 + (x4 ^ x0)
Residuals:
3.314873084319275e+137 6.565822744980306e+137 1.1062570433909672e+138 1.1825273626902244e+139 1.8971682629155282e+139 2.094428346172159e+139 8.378959220856279e+139 9.593352126199253e+139 2.593346739368513e+140 2.923621574720122e+140 3.3251887964220364e+140 3.5519844047212114e+140 6.327409498332136e+140 7.03040404747387e+140 8.254675836707058e+140 9.298653175672309e+140 1.0327450246064342e+141 1.1803564540471829e+141 2.23605300956472e+141 3.232562020153096e+141

Equation: x4 + 1587.8057417374714
Residuals:
2207661102.4163427 2221481833.8561683 2224630487.9411335 2251018971.9965997 2321039947.6550274 2327282921.569409 2335974050.5199156 2354189679.235082 2358141860.932976 2360533421.693474 2379288638.3117065 2380343472.4037356 2392207486.4632382 2396512919.669218 2396952855.3948007 2400692647.8532367 2402828088.410879 2417882933.5737042 2433940558.3761578 2456223375.3059106

Equation: 1591.1181829459795 - sin(x3)
Residuals:
2207661171.8846035 2221481903.426883 2224630557.4800167 2251019041.7035537 2321040017.8058276 2327282991.7809887 2335974120.7936487 2354189749.628115 2358141931.5230255 2360533492.3184733 2379288709.2048826 2380343543.3361278 2392207557.5104437 2396512990.745226 2396952926.4819508 2400692718.9987736 2402828159.583075 2417883004.8864985 2433940629.9451876 2456223447.1140914

Equation: 1590.8929017754504 + (x0 / x4)
Residuals:
2207661172.0441856 2221481903.5882473 2224630557.6769643 2251019041.919378 2321040018.0311646 2327282991.9877567 2335974120.9940624 2354189749.8206205 2358141931.5421915 2360533492.329372 2379288709.061831 2380343543.1672177 2392207557.302245 2396512990.5303745 2396952926.263751 2400692718.736736 2402828159.308438 2417883004.5813494 2433940629.470323 2456223446.5498624

Equation: 1591.5503218274462 + ((x4 - x0) * x3)
Residuals:
2207661166.7209673 2221481900.465793 2224630562.993889 2251019070.4649105 2321040013.990935 2327282985.8224635 2335974133.246858 2354189754.362791 2358141950.8637958 2360533511.280808 2379288719.913665 2380343553.937717 2392207571.0761867 2396513004.0933466 2396952941.8577547 2400692735.052737 2402828176.1419234 2417883013.7057133 2433940641.670171 2456223451.4248548

Equation: 1591.5707043840941 + (0.07691990915400289 * x0)
Residuals:
2207661166.7011976 2221481898.235313 2224630552.316351 2251019036.524091 2321040012.62948 2327282986.5846696 2335974115.5706306 2354189744.395342 2358141926.1023006 2360533486.8877516 2379288703.6184683 2380343537.7229013 2392207551.8495297 2396512985.076138 2396952920.807162 2400692713.2784133 2402828153.848589 2417882999.1196856 2433940623.9993744 2456223441.0737

Equation: (0.099112586631245 * cos(x4)) + 1591.9298340777914
Residuals:
2207661172.0174294 2221481903.551551 2224630557.6412964 2251019041.86912 2321040017.9346385 2327282991.8875628 2335974120.8927474 2354189749.7102466 2358141931.432765 2360533492.2182083 2379288708.9427547 2380343543.047432 2392207557.179328 2396512990.406449 2396952926.1398406 2400692718.6123424 2402828159.183566 2417883004.4513464 2433940629.338656 2456223446.4148355

Equation: 1591.689073287978 + (cos(cos(x0)) * 0.24366324409966666)
Residuals:
2207661172.0076637 2221481903.548155 2224630557.638544 2251019041.9193454 2321040018.0257654 2327282991.9833846 2335974121.02706 2354189749.852845 2358141931.5985775 2360533492.3874297 2379288709.1187105 2380343543.2250257 2392207557.368367 2396512990.5975237 2396952926.3330364 2400692718.807228 2402828159.3798695 2417883004.651621 2433940629.544268 2456223446.6228356

Equation: 1591.7563024577205 + ((0.03827178001651473 * x0) * cos(cos(x0)))
Residuals:
2207661169.41194 2221481900.905262 2224630554.992313 2251019039.6185517 2321040015.731165 2327282989.7034183 2335974119.1024942 2354189747.934826 2358141929.906206 2360533490.7132945 2379288707.4475646 2380343541.563774 2392207555.788437 2396512989.0286765 2396952924.7825923 2400692717.267943 2402828157.8493094 2417883003.123271 2433940628.0471625 2456223445.128233

Equation: ((sin(x0) * sin(x0)) * (sin(x0) * -0.10981636270076933)) + 1591.8274075528761
Residuals:
2207661172.0046754 2221481903.543802 2224630557.634232 2251019041.9245195 2321040018.031056 2327282991.98894 2335974121.0350237 2354189749.860767 2358141931.6024117 2360533492.390661 2379288709.121838 2380343543.2278 2392207557.367565 2396512990.596123 2396952926.330569 2400692718.804062 2402828159.376125 2417883004.6477246 2433940629.537897 2456223446.616157

Equation: ((sin(1636.7605905050605) * sin(x4)) * (sin(x4) * (x0 * x0))) + ((x1 / (x0 * x3)) + 1591.529386983465)
Residuals:
2207661123.243624 2221481853.9715314 2224630507.895802 2251018993.2221136 2321039985.439433 2327282961.439291 2335974093.1851945 2354189727.6343923 2358141910.566401 2360533472.687216 2379288694.8924804 2380343529.6085615 2392207547.045143 2396512981.1773996 2396952917.2299504 2400692710.2762904 2402828151.388046 2417883000.342165 2433940627.4547014 2456223446.6717253

Equation: ((sin(x4) * sin(1636.7613972823217)) * ((x0 * x0) * sin(x4))) + ((0.8079525103373469 / x3) + 1591.5873045836981)
Residuals:
2207661127.506721 2221481858.306355 2224630512.245204 2251018997.476571 2321039988.278303 2327282964.0986123 2335974095.604064 2354189729.5591226 2358141912.3849955 2360533474.388641 2379288696.11294 2380343530.7753854 2392207547.921926 2396512981.9747734 2396952917.9993157 2400692710.9953084 2402828152.059624 2417883000.690183 2433940627.607379 2456223446.6364946

Equation: ((0.008264896673610047 * (x0 * x0)) * (sin(x0) * sin(x1))) + (1591.8979225094336 + (-0.006280713076228604 * (x1 * x0)))
Residuals:
2207661163.1375647 2221481893.654293 2224630547.090442 2251019038.0062766 2321040014.16089 2327282988.7485557 2335974127.547294 2354189756.821732 2358141948.189324 2360533510.7446833 2379288729.1843414 2380343565.735215 2392207584.377389 2396513020.632609 2396952957.6697173 2400692751.9381475 2402828193.121101 2417883038.648776 2433940664.681445 2456223482.236524

Equation: ((sin(x4) * (x0 * x0)) * (sin(1636.7624476173005) * sin(x4))) + ((1.0996138116082828 / (x4 * x3)) + 1591.731160376861)
Residuals:
2207661132.9957914 2221481863.8888326 2224630517.846655 2251019002.9545155 2321039991.91326 2327282967.4997773 2335974098.692235 2354189732.003963 2358141914.6916313 2360533476.542713 2379288697.6407886 2380343532.2333694 2392207549.0023055 2396512982.9517217 2396952918.939795 2400692711.870208 2402828152.872756 2417883001.0820656 2433940627.744952 2456223446.529403

Equation: x1 ^ x0
Residuals:
3.065726857278918e+68 3.215093858617452e+68 6.784063812336603e+68 8.052097721985097e+68 1.3597906360510294e+69 1.8449095991452505e+69 2.595190819971374e+69 2.9495648935769045e+69 3.4304575795940606e+69 6.966413212343151e+69 1.3055066611579842e+70 2.0263480817198766e+70 2.2963119881748335e+70 3.2655091816472883e+70 3.452289608963671e+70 4.514348331362726e+70 2.2029373937239318e+71 5.417463706016769e+71 7.377486633154196e+71 8.874542936980799e+71

Equation: x0 + (x3 ^ x0)
Residuals:
2.837492368526279e+68 3.2077108081984417e+68 6.4450603800258705e+68 8.605912689453095e+68 1.0260300599334726e+69 1.5650236834547692e+69 2.7770688951669672e+69 3.004798048512342e+69 3.656718478736474e+69 6.225244130398819e+69 1.1594009138928376e+70 1.7511120424840026e+70 1.8861572214028596e+70 3.296198659490108e+70 3.541415947330277e+70 4.715126130066408e+70 2.4199784215768864e+71 5.832263984156671e+71 7.49659560920056e+71 9.901389094475524e+71

Equation: (x4 - cos(x4)) ^ x4
Residuals:
3.268158074645339e+68 5.658886943682076e+68 1.9915386469086864e+69 2.0892163813846805e+69 6.657757172398797e+69 6.948629343071538e+69 1.2550254122499804e+70 1.7155468981999783e+70 2.5060900484890514e+70 2.629865618929516e+70 2.849526267919667e+70 4.214176124215241e+70 4.3989112064197024e+70 5.220661525035762e+70 6.143895907737499e+70 1.2410058693055813e+71 2.0744551350582167e+71 3.1963792488165395e+71 3.5177899486923e+71 3.954765586688141e+71

Equation: x3 * (x3 / (x1 - x0))
Residuals:
136048146.68428186 138262959.82958218 143408042.6477569 143639735.55914167 148663769.7902864 149113582.86385843 151414118.8886754 152569327.85186973 154427654.56499806 154745809.98616675 155041612.35337633 156559874.36886382 156822242.44328687 157657611.97871742 158099451.23798063 161022092.56874177 163799724.66123232 165245058.2781789 165620548.75587156 165726058.96733162

Equation: (x2 - x1) + 1591.7811886243392
Residuals:
136034496.13432726 138248414.02218083 143398875.04217923 143625124.8391339 148673035.75833952 149127962.42850074 151465659.94730645 152589827.53677428 154447534.65865797 154757550.19575018 155051950.46271574 156566829.10089618 156826765.16800132 157660494.82021704 158102379.3079627 161025441.5318079 163560114.5371977 165226431.5961938 165597350.83885896 165689575.95782816

Equation: ((x2 - x2) / x2) + (1591.8014408983863 - (-0.01894169227571789 * x2))
Residuals:
136034495.26434526 138248413.19552302 143398874.14090958 143625123.881723 148673034.49398968 149127961.25779504 151465659.13506284 152589826.77382964 154447533.91156787 154757549.29043207 155051949.42351988 156566828.00626758 156826764.0528222 157660493.5428666 158102378.1710317 161025440.47693256 163560113.68922836 165226430.8801705 165597350.1397306 165689575.21808118

Equation: ((x2 - (x1 + x4)) - x1) + (1591.8014408628223 - (-2.0189417013955024 * x2))
Residuals:
136034495.4921129 138248413.417652 143398874.84114507 143625124.64789048 148673036.1338645 149127962.59791094 151465659.51984873 152589827.01758096 154447534.16479722 154757549.83810404 155051950.2461843 156566828.94319162 156826764.96231982 157660494.81144994 158102379.0394688 161025441.22656068 163560113.89767984 165226430.6675671 165597349.80806902 165689574.96706992

Equation: (((x3 - x0) / (x1 ^ x1)) - x1) + (1591.7811886243392 - (x2 * -1.0189535086579462))
Residuals:
136034495.338641 138248413.22531918 143398874.24519947 143625124.04107532 148673034.95946625 149127961.62737164 151465659.13906288 152589826.72632134 154447533.84724355 154757549.38371786 155051949.65045738 156566828.2869718 156826764.352638 157660494.0047436 158102378.4896083 161025440.7113136 163560113.71227422 165226430.7666714 165597350.00740117 165689575.12589976

Equation: (((0.30522995764037286 / 1591.7811886243392) / cos(x1)) - x1) + (1591.7811886243392 - (x2 * -1.0189535086579462))
Residuals:
136034495.33916315 138248413.2258657 143398874.24589875 143625124.04223722 148673034.95841438 149127961.62643614 151465659.13816914 152589826.72563058 154447533.846625 154757549.38332182 155051949.65014094 156566828.28670257 156826764.35239077 157660494.00452322 158102378.489389 161025440.7110977 163560113.71206072 165226430.7664673 165597350.00720242 165689575.12570405

Equation: (((x2 - x1) / (x1 / 26.52484921938774)) - x1) + ((1591.720519298262 + -0.20954136489932895) - (x2 * -1.0523020940682895))
Residuals:
136034494.24326146 138248412.09978968 143398873.16634688 143625122.99475598 148673034.10162657 149127960.7057263 151465657.97737455 152589825.5287595 154447532.63758412 154757548.2706139 155051948.6191265 156566827.28530133 156826763.35979232 157660493.1099359 158102377.50225022 161025439.66873658 163560112.53305277 165226429.49634808 165597348.72240227 165689573.86453363

Equation: x3
Residuals:
1693090302.717018 1693806376.0723207 1696324284.54548 1697341065.6912467 1699607359.8375134 1700598064.995606 1714741831.0814757 1745217261.0599418 1785567905.0099008 1794618029.2312691 1797978543.3311517 1820353082.9853966 1823667078.0802634 1828076866.2080534 1831017015.8197782 1848358366.5931072 1879748847.9876525 1890135176.8489065 1903166483.0806162 1914418130.5853057

Equation: x3 ^ x0
Residuals:
6.7930422761850504e+128 7.135456799735536e+128 1.1276646496241043e+129 1.627702207036922e+129 7.490675090189349e+129 8.765369320330537e+129 1.3874045221279196e+130 3.1676479345025055e+130 3.9909132726988603e+130 4.2617602906126917e+130 2.0179406795117226e+131 2.4733934143788644e+131 3.2234123125867397e+131 9.487293940736697e+131 1.2346260937235474e+132 2.3516289629129012e+132 4.43819092210793e+132 6.620264811609715e+132 8.95532553717159e+132 1.0500221628615338e+133

Equation: x2 + (x3 ^ x0)
Residuals:
6.7930422761850504e+128 7.135456799735536e+128 1.1276646496241043e+129 1.627702207036922e+129 7.490675090189349e+129 8.765369320330537e+129 1.3874045221279196e+130 3.1676479345025055e+130 3.9909132726988603e+130 4.2617602906126917e+130 2.0179406795117226e+131 2.4733934143788644e+131 3.2234123125867397e+131 9.487293940736697e+131 1.2346260937235474e+132 2.3516289629129012e+132 4.43819092210793e+132 6.620264811609715e+132 8.95532553717159e+132 1.0500221628615338e+133

Equation: x0 ^ (x1 - cos(x4))
Residuals:
3.114563408060253e+127 5.223091610869062e+127 6.7105996040581465e+127 9.048063148832794e+127 2.0448919674317803e+128 6.879129752874943e+128 1.2885046883548888e+129 3.9759935575665617e+129 1.9526875111507168e+130 3.6781714135400803e+130 1.365467030255769e+131 3.0576862533222347e+131 3.731296684647525e+131 2.3329725212408618e+132 7.569186788784677e+132 2.2076315172419866e+133 1.6265348111731e+134 2.178579546519317e+134 3.3307597274677336e+134 4.426976724142536e+134

Equation: sin(cos(x1)) + 1591.8238932181373
Residuals:
1693088780.1742544 1693804853.6253889 1696322762.2269347 1697339543.452387 1699605837.8203092 1700596543.22151 1714740309.3681984 1745215739.4028711 1785566383.5183876 1794616507.8065228 1797977022.1535556 1820351561.9835153 1823665557.1717877 1828075345.6918151 1831015495.6832728 1848356846.5826428 1879747328.09475 1890133657.193526 1903164963.6731858 1914416611.2516575

Equation: (x0 / 15190.359704316805) + 1591.8238932181373
Residuals:
1693088780.8443854 1693804854.2334657 1696322762.8226893 1697339544.0148973 1699605838.3078368 1700596543.4824996 1714740309.6031795 1745215739.6374464 1785566383.6986299 1794616507.9275692 1797977022.0593944 1820351561.8834229 1823665557.071131 1828075345.2735004 1831015495.0828881 1848356845.929114 1879747327.3384366 1890133656.4345436 1903164962.9075532 1914416610.4796126

Equation: (x0 / ((x0 ^ x0) + x0)) + 1591.8238932181373
Residuals:
1693088780.8489826 1693804854.238063 1696322762.827292 1697339544.019505 1699605838.312466 1700596543.4871309 1714740309.6078172 1745215739.642096 1785566383.7032814 1794616507.9322217 1797977022.0640705 1820351561.8880994 1823665557.0758102 1828075345.2781951 1831015495.0875838 1848356845.9338186 1879747327.3431506 1890133656.4392602 1903164962.9122708 1914416610.4843316

Equation: sin(x1 - x2) + ((x3 - x0) + 1591.8238932181373)
Residuals:
1693088780.6886635 1693804854.0192258 1696322762.7545564 1697339543.972122 1699605838.3407335 1700596543.3368907 1714740309.6982276 1745215739.9496193 1785566383.892941 1794616508.0695586 1797977022.3190234 1820351561.98313 1823665557.372925 1828075345.4014013 1831015495.098683 1848356846.0622149 1879747327.4113967 1890133656.3089507 1903164962.7038796 1914416610.2340724

Equation: (cos(x0) / (x0 ^ x0)) + ((x3 - x0) + 1591.8234275598704)
Residuals:
1693088780.7279258 1693804854.0868695 1696322762.6404839 1697339543.8617008 1699605838.3325286 1700596543.5236742 1714740309.7093177 1745215739.8687036 1785566383.8467498 1794616508.081764 1797977022.539448 1820351562.201393 1823665557.336553 1828075345.7001183 1831015495.3270493 1848356846.234312 1879747327.7742882 1890133656.6739633 1903164962.9198186 1914416610.4459932

Equation: ((cos(x4) / (x0 * x1)) / x4) + ((x3 - x0) + 1591.8238932181373)
Residuals:
1693088780.727458 1693804854.0864017 1696322762.640016 1697339543.8612332 1699605838.332061 1700596543.5232067 1714740309.7088504 1745215739.868237 1785566383.846284 1794616508.0812984 1797977022.5389826 1820351562.2009277 1823665557.3360882 1828075345.6996536 1831015495.3265846 1848356846.2338476 1879747327.7738242 1890133656.6734996 1903164962.9193552 1914416610.4455297

Equation: ((cos(x4) / (x2 * x1)) / x4) + (sin(x3 - x0) + 1591.8238932181373)
Residuals:
1693088780.727757 1693804854.0869825 1696322762.6411088 1697339543.8618932 1699605838.3320599 1700596543.5231988 1714740309.7086785 1745215739.8663144 1785566383.845797 1794616508.080747 1797977022.5213308 1820351562.1958504 1823665557.3331594 1828075345.6872869 1831015495.3243158 1848356846.2293665 1879747327.7606337 1890133656.6713634 1903164962.9193552 1914416610.4455395

Equation: (sin(cos(x4)) / ((x0 * x1) * x0)) + (sin(x3 - x0) + 1591.8238932181373)
Residuals:
1693088780.7277572 1693804854.0869825 1696322762.641109 1697339543.8618932 1699605838.33206 1700596543.5231988 1714740309.7086787 1745215739.8663144 1785566383.845797 1794616508.080747 1797977022.5213308 1820351562.1958504 1823665557.3331594 1828075345.6872869 1831015495.3243158 1848356846.2293665 1879747327.7606337 1890133656.671363 1903164962.919355 1914416610.4455392

Equation: 1591.8701840143544 + (cos(5003.140054956316 / 3185.0703917541296) * (x4 - (x0 ^ x0)))
Residuals:
8.156943876529734e+123 8.314232459601253e+123 1.2680912003933856e+124 1.884128967175214e+124 1.0356830510361116e+125 1.2320727936539862e+125 2.081168615850506e+125 5.38642326204766e+125 6.243588420534392e+125 6.7080196046870484e+125 4.406019221680053e+126 4.588242624945964e+126 5.672233680992186e+126 1.9629799322332342e+127 2.1266686843232082e+127 4.306627273067135e+127 9.268359423140036e+127 1.1349161770956389e+128 1.2227878085631135e+128 1.3694445077644883e+128

Equation: (((x0 - 2.295035265853116) / 17152.182728116586) * ((x1 + x0) * (x0 * x3))) + (1591.8224255018024 + (x2 - x0))
Residuals:
1693086093.771908 1693802163.2345378 1696320058.9700298 1697336829.978818 1699603084.7521 1700593780.689715 1714737534.8464334 1745212944.6531394 1785563580.3518643 1794613701.7130034 1797974174.4184072 1820348706.4835355 1823662693.5816853 1828072447.8297315 1831012582.5460072 1848353914.6176348 1879744375.5890708 1890130690.790975 1903161985.1779873 1914413627.2645943

Equation: (((x0 - 2.295035265853116) / (x3 + 17152.182728116586)) * ((x1 + x0) * (x0 * x3))) + (1591.8224255018024 + (x2 - x0))
Residuals:
1693086104.6868343 1693802174.1703372 1696320069.9757173 1697336841.0333564 1699603095.9922793 1700593791.9700859 1714737546.180809 1745212956.0795221 1785563591.8304884 1794613713.204645 1797974186.08639 1820348718.2113402 1823662705.3571947 1828072459.7583082 1831012594.5687282 1848353926.7301452 1879744387.7890098 1890130703.0887468 1903161997.5667467 1914413639.6877842

Equation: x4
Residuals:
78177035.47876488 78582965.48312326 78670776.07695603 84238880.9335834 84776741.20900236 86009386.50797409 86226618.63554354 86732699.48471545 89430456.43941115 89866178.43786521 90210662.78598984 90682649.65871632 90774049.95484124 91390364.0482531 91662292.14629565 93914187.37815851 95037486.1640509 95716246.30207963 97233863.72120638 99848888.93866745

Equation: x4 ^ x0
Residuals:
3.543870056523381e+59 3.9740555918520748e+59 4.689380359416587e+59 1.0220406285234678e+60 1.442114878136186e+60 2.4593269785078585e+60 4.4620907605844166e+60 7.857373598836621e+60 1.909654692089256e+61 2.9461863209041585e+61 6.013375353050239e+61 9.041776924797257e+61 1.9389277362486525e+62 2.0410934633490763e+62 2.8673946990895497e+62 3.755509932744157e+62 4.711336603567533e+62 5.579776779289585e+62 6.360808639541249e+62 1.7027243159986908e+63

Equation: (x4 ^ x0) + x4
Residuals:
3.543870056523381e+59 3.9740555918520748e+59 4.689380359416587e+59 1.0220406285234678e+60 1.442114878136186e+60 2.4593269785078585e+60 4.4620907605844166e+60 7.857373598836621e+60 1.909654692089256e+61 2.9461863209041585e+61 6.013375353050239e+61 9.041776924797257e+61 1.9389277362486525e+62 2.0410934633490763e+62 2.8673946990895497e+62 3.755509932744157e+62 4.711336603567533e+62 5.579776779289585e+62 6.360808639541249e+62 1.7027243159986908e+63

Equation: x4 - -1587.8057416947236
Residuals:
78175447.67302318 78581377.67738156 78669188.27121434 84237293.1278417 84775153.40326066 86007798.70223239 86225030.82980184 86731111.67897375 89428868.63366945 89864590.63212353 90209074.98024814 90681061.85297462 90772462.14909954 91388776.2425114 91660704.34055395 93912599.57241681 95035898.35830921 95714658.49633794 97232275.91546468 99847301.13292575

Equation: 1591.1802566665226 - sin(x4)
Residuals:
78175481.9560054 78581412.00419548 78669222.65695867 84237328.51515327 84775188.92381886 86007834.37251747 86225066.5573346 86731147.51248074 89428904.85991405 89864626.8817611 90209111.32129437 90681098.21478419 90772498.56064034 91388812.709224 91660740.83867276 93912636.30454946 95035935.18445295 95714695.38751577 97232312.92279841 99847338.3131146

Equation: 1592.8982853981302 - (x4 / x0)
Residuals:
78175481.25601195 78581411.28219372 78669221.90528592 84237327.28758842 84775187.63551754 86007833.01704217 86225065.17404577 86731146.08275534 89428903.28367688 89864625.2951649 90209109.70267399 90681096.58752501 90772496.91479893 91388811.04931122 91660739.16912353 93912634.59347987 95035933.46531042 95714693.66700071 97232311.21242557 99847336.65437052

Equation: 1591.7088160444478 - (sin(x4) / x4)
Residuals:
78175481.44770038 78581411.47455698 78669222.09863822 84237327.48204722 84775187.8316069 86007833.21589637 86225065.37673667 86731146.28858383 89428903.49146034 89864625.5057029 90209109.91690451 90681096.80428879 90772497.1360638 91388811.26998845 91660739.39158252 93912634.81275423 95035933.68358867 95714693.88443254 97232311.42652114 99847336.8666016

Equation: (x0 * (x4 - x0)) + 1591.5558421222784
Residuals:
78175485.55741075 78581415.72225833 78669226.65184623 84237315.31660807 84775175.7214531 86007822.5882281 86225059.36409701 86731143.19776149 89428897.75365199 89864623.57060213 90209112.46704163 90681102.98624648 90772509.75320545 91388822.43084727 91660753.0526865 93912641.94380538 95035939.00645757 95714697.8782564 97232310.65229928 99847335.41185361

Equation: 1591.5660425738995 + (0.0769200114046748 * x3)
Residuals:
78175478.68782759 78581408.71388547 78669219.30195403 84237324.67187163 84775185.01510394 86007830.39447935 86225062.54660755 86731143.4565875 89428900.65488178 89864622.64709511 90209107.05662656 90681093.923493 90772494.25444245 91388808.38122478 91660736.49389966 93912631.91373026 95035930.78382806 95714690.97987904 97232308.51893377 99847333.94058459

Equation: 1591.9298342224956 + (cos(x4) * 0.0991129489017492)
Residuals:
78175481.12814292 78581411.1543965 78669221.77774315 84237327.16270821 84775187.51465741 86007832.90233253 86225065.06467341 86731145.97961506 89428903.19797069 89864625.21335977 90209109.62931804 90681096.51784678 90772496.85246441 91388810.98971765 91660739.11329287 93912634.55148198 95035933.43048328 95714693.63753015 97232311.19206274 99847336.65514973

Equation: (0.24366398462591357 * cos(cos(x0))) + 1591.689072668865
Residuals:
78175481.33562335 78581411.3613951 78669221.98371953 84237327.3516828 84775187.69587126 86007833.0700157 86225065.21649128 86731146.11277513 89428903.2922653 89864625.29386236 90209109.68731362 90681096.56653194 90772496.88935496 91388811.02285789 91660739.14344788 93912634.56364909 95035933.43473199 95714693.63611749 97232311.17851312 99847336.62967762

Equation: ((cos(51.79835296596484) * x3) * cos(cos(x0))) + 1591.7556498770955
Residuals:
78175480.62396415 78581410.64722519 78669221.25525291 84237326.60961275 84775186.93358251 86007832.26484366 86225064.34047888 86731145.1646151 89428902.2457621 89864624.1760747 90209108.48344609 90681095.31272137 90772495.59170307 91388809.72157013 91660737.83373097 93912633.25421233 95035932.12721503 95714692.32910334 97232309.87012872 99847335.36133608

Equation: (cos(x1 / 0.5215711571310857) * -0.05722091466063168) + 1591.884570483305
Residuals:
78175481.21527791 78581411.24738948 78669221.87836719 84237327.26966672 84775187.61816515 86007833.00434506 86225065.17818499 86731146.11789834 89428903.3194967 89864625.33867592 90209109.75583392 90681096.64600225 90772496.9802197 91388811.11816944 91660739.2455826 93912634.66719468 95035933.53806846 95714693.74026833 97232311.28009817 99847336.71596302

Equation: (cos(x1 / 0.5215711571310857) * sin(-0.05722091466063168)) + 1591.884570483305
Residuals:
78175481.21530913 78581411.24741752 78669221.87839104 84237327.26967931 84775187.61817747 86007833.00435543 86225065.17818792 86731146.11788546 89428903.3194825 89864625.3386589 90209109.75581327 90681096.64598 90772496.98019592 91388811.11814328 91660739.24555315 93912634.66716442 95035933.53803807 95714693.7402372 97232311.28006841 99847336.71593635

Equation: ((cos(x0) * (-0.00995127088919187 * x4)) * (cos(x1) * x1)) + 1591.9418039277418
Residuals:
78175495.29646651 78581425.02638471 78669235.12296928 84237339.0470194 84775199.14973965 86007843.77555107 86225074.10203436 86731151.83323698 89428907.90000334 89864628.85310507 90209111.82021593 90681097.99046601 90772497.2715788 91388811.31300099 91660739.126073 93912634.52468906 95035933.36007589 95714693.76302372 97232311.4865129 99847338.16656056

Equation: 1591.9404386258675 + (cos(x2 + -0.18321118110608922) * (cos(x0) * (-0.03319950026726289 * x1)))
Residuals:
78175482.43954527 78581412.47484551 78669223.11590791 84237328.42242454 84775188.69404943 86007833.96736419 86225066.0326919 86731146.8453055 89428903.84820262 89864625.73905703 90209109.97746187 90681096.76708546 90772496.94627413 91388811.07048395 91660739.13459758 93912634.55430377 95035933.42442766 95714693.62693523 97232311.17109106 99847336.6770566

Equation: x4
Residuals:
8738670033.139904 8774648079.557043 8790350114.161243 8811737471.225851 8887112892.88913 8971578917.750578 9067342827.022848 9089322286.731216 9165291642.322735 9179813558.461494 9208832874.478985 9230036135.698244 9377543080.711477 9418356539.918285 9432704135.931786 9533843228.881237 9542031718.066887 9557902993.805613 9558571358.9823 9596802615.217052

Equation: x4 ^ x0
Residuals:
4.761982269912762e+193 6.31100962331511e+193 8.585452740390402e+193 1.2619957804627695e+194 2.328565559546164e+194 3.901657644969102e+194 8.664169465181088e+194 1.0010468231551926e+195 1.193710789531568e+195 1.5477809384889914e+195 2.236604980963604e+195 2.6433123474620183e+195 8.172884797251912e+195 1.6556907819507425e+196 6.347491300820357e+196 9.049225182830835e+196 1.3191030697068678e+197 1.8206601578904835e+197 2.794057440298956e+197 3.1301594046208495e+197

Equation: (x4 ^ x0) + x4
Residuals:
4.761982269912762e+193 6.31100962331511e+193 8.585452740390402e+193 1.2619957804627695e+194 2.328565559546164e+194 3.901657644969102e+194 8.664169465181088e+194 1.0010468231551926e+195 1.193710789531568e+195 1.5477809384889914e+195 2.236604980963604e+195 2.6433123474620183e+195 8.172884797251912e+195 1.6556907819507425e+196 6.347491300820357e+196 9.049225182830835e+196 1.3191030697068678e+197 1.8206601578904835e+197 2.794057440298956e+197 3.1301594046208495e+197

Equation: 1587.8057414779366 + x4
Residuals:
8738668445.334164 8774646491.7513 8790348526.355503 8811735883.420109 8887111305.08339 8971577329.944836 9067341239.217106 9089320698.925474 9165290054.516994 9179811970.655752 9208831286.673243 9230034547.892504 9377541492.905737 9418354952.112543 9432702548.126045 9533841641.075497 9542030130.261145 9557901405.999872 9558569771.176558 9596801027.411312

Equation: (x3 - x4) + 1591.899787843145
Residuals:
8738668538.377218 8774646584.934317 8790348619.55772 8811735976.645418 8887111398.48424 8971577423.71167 9067341333.041515 9089320792.851599 9165290148.516968 9179812064.723972 9208831380.82767 9230034641.979477 9377541587.53754 9418355046.860338 9432702642.866781 9533841736.151344 9542030225.223152 9557901501.016232 9558569865.972408 9596801122.26879

Equation: 1872.0516962744707 + -280.1739922965487
Residuals:
8738668538.398003 8774646584.895693 8790348619.527252 8811735976.64004 8887111398.475405 8971577423.52873 9067341332.999393 9089320792.759672 9165290148.510433 9179812064.692944 9208831380.773216 9230034642.030867 9377541587.356028 9418355046.645357 9432702642.694801 9533841735.85081 9542030225.060995 9557901500.83668 9558569866.016016 9596801122.320835

Equation: 1591.9195014612417 + (cos(x3) / (x0 * x0))
Residuals:
8738668538.356308 8774646584.853998 8790348619.485558 8811735976.598347 8887111398.433712 8971577423.487038 9067341332.957693 9089320792.717972 9165290148.46872 9179812064.651228 9208831380.731499 9230034641.989138 9377541587.314293 9418355046.603619 9432702642.653055 9533841735.809055 9542030225.019226 9557901500.794909 9558569865.974222 9596801122.279034

Equation: (cos(1584.8576613292207) * x0) + 1591.577987400513
Residuals:
8738668531.31464 8774646577.809006 8790348612.435925 8811735969.543137 8887111391.371223 8971577416.419191 9067341325.87995 9089320785.638699 9165290141.389181 9179812057.568123 9208831373.64335 9230034634.898874 9377541580.210539 9418355039.489576 9432702635.517439 9533841728.671003 9542030217.87538 9557901493.646358 9558569858.818676 9596801115.122778

Equation: x2 - ((0.9230795549534202 * x1) - 1591.5489481891807)
Residuals:
8738668531.282757 8774646577.792473 8790348612.511562 8811735969.574923 8887111391.29163 8971577416.32726 9067341325.927916 9089320785.536552 9165290141.276323 9179812057.437767 9208831373.669134 9230034634.812017 9377541579.981888 9418355039.232292 9432702635.17754 9533841728.345076 9542030217.553898 9557901493.376001 9558569858.592218 9596801115.091494

Equation: ((cos(x0) * 0.3627948642054794) / x0) + 1591.9356044277008
Residuals:
8738668538.343819 8774646584.841492 8790348619.473019 8811735976.585747 8887111398.421005 8971577423.474234 9067341332.94467 9089320792.704908 9165290148.455662 9179812064.638075 9208831380.718197 9230034641.97578 9377541587.300467 9418355046.589386 9432702642.637867 9533841735.793758 9542030225.003668 9557901500.779125 9558569865.958122 9596801122.262907

Equation: (cos(x0 * 63.6670459510066) / (x0 * x0)) + 1591.9161008748276
Residuals:
8738668538.35971 8774646584.857199 8790348619.488955 8811735976.601677 8887111398.437027 8971577423.49023 9067341332.96104 9089320792.721378 9165290148.472134 9179812064.654446 9208831380.734844 9230034641.992367 9377541587.317598 9418355046.606916 9432702642.656311 9533841735.812492 9542030225.022549 9557901500.798252 9558569865.977629 9596801122.282389

Equation: (sin(x0 - 0.4899639417080999) * (sin(x1) / (x4 + x1))) - -1591.8415794892132
Residuals:
8738668538.433475 8774646584.93127 8790348619.56312 8811735976.676031 8887111398.511505 8971577423.564909 9067341333.035398 9089320792.795593 9165290148.546333 9179812064.728703 9208831380.808659 9230034642.066135 9377541587.390608 9418355046.679398 9432702642.727892 9533841735.88375 9542030225.093657 9557901500.869005 9558569866.04803 9596801122.3525

Equation: ((sin(x0) * (x3 * x1)) * -0.014551256850706245) - ((-2.2322653960234704 / x4) - 1591.146494943151)
Residuals:
8738668530.263813 8774646570.756655 8790348597.023401 8811735944.190746 8887111353.243683 8971577369.114447 9067341262.014223 9089320719.291714 9165290074.396837 9179811985.08256 9208831293.538544 9230034551.539803 9377541479.26673 9418354927.38804 9432702507.44995 9533841599.334536 9542030086.16865 9557901360.688658 9558569724.839287 9596800980.588205

Equation: x4
Residuals:
2623836194.227387 2628177010.136977 2635947784.295875 2649995309.765889 2659723940.7348948 2679715871.2319593 2698417534.423329 2721954002.1221795 2733918603.8821325 2735200841.7201815 2740223668.666581 2750593212.095611 2756433632.3043723 2779592671.660048 2798214208.1731977 2813579895.7242703 2823529194.3929696 2880571856.260484 2902560108.0776525 2905196399.2941823

Equation: x3 ^ x0
Residuals:
1.2167234361411413e+143 1.409120216609164e+143 4.673791292638884e+143 6.157068925558748e+143 6.3826660519949595e+143 1.2209703214107006e+144 3.5825577656234774e+144 4.417609971254724e+144 2.656936455839133e+145 3.5744226128569304e+145 6.440306087630437e+145 6.82802939626686e+145 8.493242641634975e+145 1.6440198004743236e+146 2.0066154462766093e+146 4.907600353178473e+146 1.3727756178829912e+147 1.9106832588344723e+147 2.346870555995048e+147 2.3496122862953743e+147

Equation: x4 + (x3 ^ x0)
Residuals:
1.2167234361411413e+143 1.409120216609164e+143 4.673791292638884e+143 6.157068925558748e+143 6.3826660519949595e+143 1.2209703214107006e+144 3.5825577656234774e+144 4.417609971254724e+144 2.656936455839133e+145 3.5744226128569304e+145 6.440306087630437e+145 6.82802939626686e+145 8.493242641634975e+145 1.6440198004743236e+146 2.0066154462766093e+146 4.907600353178473e+146 1.3727756178829912e+147 1.9106832588344723e+147 2.346870555995048e+147 2.3496122862953743e+147

Equation: x3 + 1586.9734974113242
Residuals:
2623834607.560587 2628175423.3761263 2635946197.5468893 2649993723.029532 2659722354.064511 2679714284.6603913 2698415947.840765 2721952415.636773 2733917017.238217 2735199255.0042367 2740222081.558567 2750591625.0141425 2756432045.252703 2779591084.6153116 2798212621.2199254 2813578308.7617617 2823527607.3834887 2880570269.4862404 2902558521.3387346 2905194812.557832

Equation: sin(x1) + 1592.5421188138653
Residuals:
2623834677.3364415 2628175493.248026 2635946267.4253902 2649993792.94017 2659722423.920386 2679714354.4396825 2698416017.7066984 2721952485.532962 2733917087.346641 2735199325.156868 2740222152.1203923 2750591695.673248 2756432115.941847 2779591155.4720745 2798212692.1118126 2813578379.752947 2823527678.5095797 2880570340.8040967 2902558592.752866 2905194884.124746

Equation: 1591.8576055645985 + (x2 - x1)
Residuals:
2623834678.7200665 2628175494.4963098 2635946268.6106997 2649993794.0960946 2659722425.1812654 2679714355.7918077 2698416019.075707 2721952486.868574 2733917088.7527184 2735199326.6472363 2740222153.7957225 2750591697.557546 2756432117.7666063 2779591157.120265 2798212693.7586884 2813578381.1184535 2823527679.859835 2880570342.0980806 2902558594.041513 2905194885.3905935

Equation: sin(x2 - x1) + 1591.8576069381254
Residuals:
2623834678.720062 2628175494.496675 2635946268.612168 2649993794.0994334 2659722425.183102 2679714355.793811 2698416019.077757 2721952486.8719625 2733917088.754534 2735199326.6482587 2740222153.795721 2750591697.554117 2756432117.7641826 2779591157.120103 2798212693.758324 2813578381.1189704 2823527679.860283 2880570342.0981617 2902558594.0415864 2905194885.3905683

Equation: (x1 / x3) + (x1 * (1590.8879372563958 / x1))
Residuals:
2623834678.661532 2628175494.5956635 2635946268.786709 2649993794.3375463 2659722425.3723993 2679714355.987294 2698416019.2737713 2721952487.10908 2733917088.944152 2735199326.798704 2740222153.773665 2750591697.250251 2756432117.4884157 2779591156.988449 2798212693.595305 2813578381.2318215 2823527679.967371 2880570342.1442733 2902558594.0861297 2905194885.3038974

Equation: (-0.29156573748370906 / x1) + (x1 * (1591.9516862525338 / x1))
Residuals:
2623834678.603175 2628175494.536145 2635946268.727175 2649993794.2778015 2659722425.3137884 2679714355.9308467 2698416019.216516 2721952487.0516057 2733917088.884347 2735199326.740196 2740222153.7124815 2750591697.1929197 2756432117.432003 2779591156.931112 2798212693.538713 2813578381.1741476 2823527679.9087276 2880570342.086917 2902558594.027772 2905194885.247978

Equation: ((1591.839253394585 / x1) * x1) + (sin(-109.9581517703668) * (x1 * x0))
Residuals:
2623834664.7598996 2628175480.6862593 2635946254.823852 2649993780.3561034 2659722411.3744564 2679714341.930447 2698416005.166677 2721952472.9903584 2733917074.746755 2735199312.558487 2740222139.4839287 2750591682.9027805 2756432103.1191797 2779591142.583555 2798212679.1713724 2813578366.7705045 2823527665.4586077 2880570327.592814 2902558579.526598 2905194870.7108917

Equation: (cos(-30.370962398442607) / (x2 * x4)) + (((1591.7082061492424 / x1) - -0.03428513761408914) * x1)
Residuals:
2623834676.2324142 2628175492.1643815 2635946266.354756 2649993791.9035983 2659722422.93658 2679714353.547241 2698416016.8313985 2721952484.6657166 2733917086.496627 2735199324.3459697 2740222151.3109612 2750591694.780332 2756432115.0169616 2779591154.513819 2798212691.1193376 2813578378.7544227 2823527677.4876966 2880570339.65986 2902558591.6003437 2905194882.814002

Equation: x4
Residuals:
6292813471.049354 6298877151.069906 6312126837.657074 6328707224.940089 6446515359.308444 6451430244.792069 6508735668.112014 6516741545.948453 6522465383.576518 6525355451.283113 6565710534.221823 6616137690.886455 6653801963.286215 6670309277.5884 6788078936.959184 6813345879.89327 6864467528.033458 6902280293.675561 6909264434.883747 6921952496.144268

Equation: x4 ^ x0
Residuals:
6.308754357297757e+177 1.1604033319007417e+178 1.3074224658121751e+178 2.5418547849928267e+178 1.0470476577987865e+179 1.4558290069795466e+179 2.1720111025545872e+179 4.0187665873087154e+179 7.231092911000865e+179 7.36361702591769e+179 8.807170839962505e+179 2.0302345385228884e+180 2.5109451928719336e+180 3.0532167087452925e+180 4.742472476662255e+180 3.448150888528409e+181 7.690191468229888e+181 1.3112512084953311e+182 1.4952805025244262e+182 2.3936356409480512e+182

Equation: (x4 ^ x0) + x4
Residuals:
6.308754357297757e+177 1.1604033319007417e+178 1.3074224658121751e+178 2.5418547849928267e+178 1.0470476577987865e+179 1.4558290069795466e+179 2.1720111025545872e+179 4.0187665873087154e+179 7.231092911000865e+179 7.36361702591769e+179 8.807170839962505e+179 2.0302345385228884e+180 2.5109451928719336e+180 3.0532167087452925e+180 4.742472476662255e+180 3.448150888528409e+181 7.690191468229888e+181 1.3112512084953311e+182 1.4952805025244262e+182 2.3936356409480512e+182

Equation: 1587.8057416298186 + x4
Residuals:
6292811883.243611 6298875563.264164 6312125249.851333 6328705637.134347 6446513771.502702 6451428656.986327 6508734080.306272 6516739958.142712 6522463795.770776 6525353863.477371 6565708946.41608 6616136103.080713 6653800375.480473 6670307689.782659 6788077349.153441 6813344292.087528 6864465940.227716 6902278705.869819 6909262847.078006 6921950908.338527

Equation: 1592.5751516548962 + sin(x4)
Residuals:
6292811969.263012 6298875649.3105755 6312125335.958893 6328705723.346731 6446513858.403225 6451428743.906499 6508734167.531439 6516740045.413079 6522463883.098587 6525353950.811681 6565709033.966277 6616136190.886789 6653800463.453163 6670307777.819146 6788077437.675609 6813344380.698015 6864466029.003719 6902278794.758387 6909262935.985709 6921950997.279159

Equation: (x0 / x4) + 1590.8929016678078
Residuals:
6292811970.10556 6298875650.138393 6312125336.756388 6328705724.091005 6446513858.80654 6451428744.299532 6508734167.778616 6516740045.637747 6522463883.295323 6525353951.005389 6565709034.0624075 6616136190.871963 6653800463.371647 6670307777.713047 6788077437.416701 6813344380.415275 6864466028.694238 6902278794.441527 6909262935.66861 6921950996.961945

Equation: 1591.548689559815 + (x4 * (x4 - x0))
Residuals:
6292811954.3655205 6298875645.178169 6312125330.787819 6328705725.696688 6446513850.459535 6451428741.504455 6508734155.421538 6516740043.085329 6522463889.24008 6525353956.930562 6565709030.499563 6616136188.011233 6653800453.698182 6670307767.61451 6788077399.123675 6813344374.899448 6864466023.879582 6902278788.655019 6909262930.4236145 6921950997.555696

Equation: (0.07692014042067988 * x2) + 1591.5675957762003
Residuals:
6292811963.446212 6298875643.479004 6312125330.080116 6328705717.414536 6446513852.128707 6451428737.612579 6508734161.08789 6516740038.943705 6522463876.590137 6525353944.2985735 6565709027.329677 6616136184.132464 6653800456.614467 6670307770.954194 6788077430.646 6813344373.638495 6864466021.916021 6902278787.659509 6909262928.885348 6921950990.167826

Equation: 1591.929834415598 + (cos(x4) * 0.0991134335263575)
Residuals:
6292811970.164546 6298875650.198887 6312125336.817155 6328705724.153147 6446513858.863716 6451428744.35709 6508734167.829337 6516740045.68858 6522463883.345742 6525353951.055638 6565709034.105281 6616136190.905678 6653800463.397368 6670307777.735702 6788077437.407458 6813344380.4034 6864466028.668952 6902278794.405747 6909262935.631013 6921950996.921709

Equation: (cos(cos(x0)) * 0.2436650262964343) + 1591.6890718006675
Residuals:
6292811970.164548 6298875650.205717 6312125336.824357 6328705724.163095 6446513858.874058 6451428744.364545 6508734167.83947 6516740045.690345 6522463883.337791 6525353951.047536 6565709034.102073 6616136190.895557 6653800463.391654 6670307777.729137 6788077437.426723 6813344380.387155 6864466028.65768 6902278794.401855 6909262935.628564 6921950996.922299

Equation: (cos(cos(x0)) * (x0 * (x3 - x1))) + 1591.7495514308484
Residuals:
6292811967.775235 6298875641.2847595 6312125320.096244 6328705706.474343 6446513840.791078 6451428726.223497 6508734155.397407 6516740026.900444 6522463862.585757 6525353937.341667 6565709020.586405 6616136175.44919 6653800448.717857 6670307763.865163 6788077421.251839 6813344360.69589 6864466043.879818 6902278792.8561325 6909262934.262177 6921950996.694377

Equation: (cos(cos(x0)) * (x0 * 0.038272065251687686)) + 1591.756301445235
Residuals:
6292811968.202912 6298875648.334479 6312125334.962882 6328705722.3413925 6446513857.002379 6451428742.449044 6508734165.882449 6516740043.604305 6522463881.099534 6525353948.804927 6565709031.840987 6616136188.41366 6653800460.8716545 6670307775.156195 6788077434.815795 6813344377.196617 6864466025.346528 6902278791.046486 6909262932.26633 6921950993.552583

Equation: 1591.9138642892804 + (cos(-60.444164470534645 * x4) / (x1 * x4))
Residuals:
6292811970.08255 6298875650.1166725 6312125336.734726 6328705724.070129 6446513858.784478 6451428744.278206 6508734167.756111 6516740045.61632 6522463883.275072 6525353950.985157 6565709034.041097 6616136190.850541 6653800463.349451 6670307777.690811 6788077437.391287 6813344380.39351 6864466028.672748 6902278794.419931 6909262935.647106 6921950996.940929

Equation: 1591.9398618857508 - (sin(cos(x0)) * ((x1 * 0.04016762268288687) * cos(x0)))
Residuals:
6292811972.845975 6298875653.056443 6312125339.69524 6328705727.115615 6446513861.7507305 6451428747.1674385 6508734170.574614 6516740048.197513 6522463885.567036 6525353953.271597 6565709036.292731 6616136192.667625 6653800465.090912 6670307779.326245 6788077438.950725 6813344380.740754 6864466028.764739 6902278794.420618 6909262935.634458 6921950996.919923

Equation: ((0.5187378921827753 ^ x1) + 1591.60478708356) + (cos(cos(x1)) * (x3 * 0.06081937986539766))
Residuals:
6292811967.200962 6298875647.24905 6312125333.926902 6328705721.366978 6446513856.073025 6451428741.529837 6508734164.83208 6516740042.490751 6522463879.98383 6525353947.432952 6565709030.37715 6616136187.036117 6653800459.413997 6670307773.625706 6788077433.131481 6813344376.033681 6864466023.398766 6902278789.117822 6909262930.320037 6921950991.6186075

Equation: (((1.069403990192966 * x0) - x0) * cos(cos(x1))) + (1591.4001608410122 + ((x4 / x3) / x0))
Residuals:
6292811966.947463 6298875646.998072 6312125333.691911 6328705721.148567 6446513855.849508 6451428741.300902 6508734164.578835 6516740042.213305 6522463879.682254 6525353947.095319 6565709030.025451 6616136186.659379 6653800459.020875 6670307773.214607 6788077432.697868 6813344375.564044 6864466022.797632 6902278788.520788 6909262929.726219 6921950991.01922

Equation: (cos(cos(x1)) * (0.06973217781068503 * x0)) + (1591.3976529735648 - ((-0.18629325538005953 - x0) / (x4 * x3)))
Residuals:
6292811966.932789 6298875646.983447 6312125333.677648 6328705721.134856 6446513855.83576 6451428741.286941 6508734164.5639515 6516740042.197329 6522463879.665359 6525353947.07702 6565709030.00658 6616136186.639676 6653800459.00054 6670307773.193576 6788077432.675881 6813344375.541329 6864466022.769973 6902278788.493017 6909262929.698344 6921950990.991325

Equation: x4
Residuals:
2207662690.2220845 2221483421.66191 2224632075.7468753 2251020559.8023415 2321041535.4607687 2327284509.3751507 2335975638.3256574 2354191267.040824 2358143448.7387176 2360535009.4992156 2379290226.1174483 2380345060.2094774 2392209074.26898 2396514507.47496 2396954443.2005424 2400694235.6589785 2402829676.216621 2417884521.379446 2433942146.1818995 2456224963.1116524

Equation: x4 ^ x0
Residuals:
3.314873084319275e+137 6.565822744980306e+137 1.1062570433909672e+138 1.1825273626902244e+139 1.8971682629155282e+139 2.094428346172159e+139 8.378959220856279e+139 9.593352126199253e+139 2.593346739368513e+140 2.923621574720122e+140 3.3251887964220364e+140 3.5519844047212114e+140 6.327409498332136e+140 7.03040404747387e+140 8.254675836707058e+140 9.298653175672309e+140 1.0327450246064342e+141 1.1803564540471829e+141 2.23605300956472e+141 3.232562020153096e+141

Equation: x4 + (x4 ^ x0)
Residuals:
3.314873084319275e+137 6.565822744980306e+137 1.1062570433909672e+138 1.1825273626902244e+139 1.8971682629155282e+139 2.094428346172159e+139 8.378959220856279e+139 9.593352126199253e+139 2.593346739368513e+140 2.923621574720122e+140 3.3251887964220364e+140 3.5519844047212114e+140 6.327409498332136e+140 7.03040404747387e+140 8.254675836707058e+140 9.298653175672309e+140 1.0327450246064342e+141 1.1803564540471829e+141 2.23605300956472e+141 3.232562020153096e+141

Equation: x4 + 1587.8057417374714
Residuals:
2207661102.4163427 2221481833.8561683 2224630487.9411335 2251018971.9965997 2321039947.6550274 2327282921.569409 2335974050.5199156 2354189679.235082 2358141860.932976 2360533421.693474 2379288638.3117065 2380343472.4037356 2392207486.4632382 2396512919.669218 2396952855.3948007 2400692647.8532367 2402828088.410879 2417882933.5737042 2433940558.3761578 2456223375.3059106

Equation: 1591.1181829459795 - sin(x3)
Residuals:
2207661171.8846035 2221481903.426883 2224630557.4800167 2251019041.7035537 2321040017.8058276 2327282991.7809887 2335974120.7936487 2354189749.628115 2358141931.5230255 2360533492.3184733 2379288709.2048826 2380343543.3361278 2392207557.5104437 2396512990.745226 2396952926.4819508 2400692718.9987736 2402828159.583075 2417883004.8864985 2433940629.9451876 2456223447.1140914

Equation: 1590.8929017754504 + (x0 / x4)
Residuals:
2207661172.0441856 2221481903.5882473 2224630557.6769643 2251019041.919378 2321040018.0311646 2327282991.9877567 2335974120.9940624 2354189749.8206205 2358141931.5421915 2360533492.329372 2379288709.061831 2380343543.1672177 2392207557.302245 2396512990.5303745 2396952926.263751 2400692718.736736 2402828159.308438 2417883004.5813494 2433940629.470323 2456223446.5498624

Equation: 1591.5503218274462 + ((x4 - x0) * x3)
Residuals:
2207661166.7209673 2221481900.465793 2224630562.993889 2251019070.4649105 2321040013.990935 2327282985.8224635 2335974133.246858 2354189754.362791 2358141950.8637958 2360533511.280808 2379288719.913665 2380343553.937717 2392207571.0761867 2396513004.0933466 2396952941.8577547 2400692735.052737 2402828176.1419234 2417883013.7057133 2433940641.670171 2456223451.4248548

Equation: 1591.5707043840941 + (0.07691990915400289 * x0)
Residuals:
2207661166.7011976 2221481898.235313 2224630552.316351 2251019036.524091 2321040012.62948 2327282986.5846696 2335974115.5706306 2354189744.395342 2358141926.1023006 2360533486.8877516 2379288703.6184683 2380343537.7229013 2392207551.8495297 2396512985.076138 2396952920.807162 2400692713.2784133 2402828153.848589 2417882999.1196856 2433940623.9993744 2456223441.0737

Equation: (0.099112586631245 * cos(x4)) + 1591.9298340777914
Residuals:
2207661172.0174294 2221481903.551551 2224630557.6412964 2251019041.86912 2321040017.9346385 2327282991.8875628 2335974120.8927474 2354189749.7102466 2358141931.432765 2360533492.2182083 2379288708.9427547 2380343543.047432 2392207557.179328 2396512990.406449 2396952926.1398406 2400692718.6123424 2402828159.183566 2417883004.4513464 2433940629.338656 2456223446.4148355

Equation: 1591.689073287978 + (cos(cos(x0)) * 0.24366324409966666)
Residuals:
2207661172.0076637 2221481903.548155 2224630557.638544 2251019041.9193454 2321040018.0257654 2327282991.9833846 2335974121.02706 2354189749.852845 2358141931.5985775 2360533492.3874297 2379288709.1187105 2380343543.2250257 2392207557.368367 2396512990.5975237 2396952926.3330364 2400692718.807228 2402828159.3798695 2417883004.651621 2433940629.544268 2456223446.6228356

Equation: 1591.7563024577205 + ((0.03827178001651473 * x0) * cos(cos(x0)))
Residuals:
2207661169.41194 2221481900.905262 2224630554.992313 2251019039.6185517 2321040015.731165 2327282989.7034183 2335974119.1024942 2354189747.934826 2358141929.906206 2360533490.7132945 2379288707.4475646 2380343541.563774 2392207555.788437 2396512989.0286765 2396952924.7825923 2400692717.267943 2402828157.8493094 2417883003.123271 2433940628.0471625 2456223445.128233

Equation: ((sin(x0) * sin(x0)) * (sin(x0) * -0.10981636270076933)) + 1591.8274075528761
Residuals:
2207661172.0046754 2221481903.543802 2224630557.634232 2251019041.9245195 2321040018.031056 2327282991.98894 2335974121.0350237 2354189749.860767 2358141931.6024117 2360533492.390661 2379288709.121838 2380343543.2278 2392207557.367565 2396512990.596123 2396952926.330569 2400692718.804062 2402828159.376125 2417883004.6477246 2433940629.537897 2456223446.616157

Equation: ((sin(1636.7605905050605) * sin(x4)) * (sin(x4) * (x0 * x0))) + ((x1 / (x0 * x3)) + 1591.529386983465)
Residuals:
2207661123.243624 2221481853.9715314 2224630507.895802 2251018993.2221136 2321039985.439433 2327282961.439291 2335974093.1851945 2354189727.6343923 2358141910.566401 2360533472.687216 2379288694.8924804 2380343529.6085615 2392207547.045143 2396512981.1773996 2396952917.2299504 2400692710.2762904 2402828151.388046 2417883000.342165 2433940627.4547014 2456223446.6717253

Equation: ((sin(x4) * sin(1636.7613972823217)) * ((x0 * x0) * sin(x4))) + ((0.8079525103373469 / x3) + 1591.5873045836981)
Residuals:
2207661127.506721 2221481858.306355 2224630512.245204 2251018997.476571 2321039988.278303 2327282964.0986123 2335974095.604064 2354189729.5591226 2358141912.3849955 2360533474.388641 2379288696.11294 2380343530.7753854 2392207547.921926 2396512981.9747734 2396952917.9993157 2400692710.9953084 2402828152.059624 2417883000.690183 2433940627.607379 2456223446.6364946

Equation: ((0.008264896673610047 * (x0 * x0)) * (sin(x0) * sin(x1))) + (1591.8979225094336 + (-0.006280713076228604 * (x1 * x0)))
Residuals:
2207661163.1375647 2221481893.654293 2224630547.090442 2251019038.0062766 2321040014.16089 2327282988.7485557 2335974127.547294 2354189756.821732 2358141948.189324 2360533510.7446833 2379288729.1843414 2380343565.735215 2392207584.377389 2396513020.632609 2396952957.6697173 2400692751.9381475 2402828193.121101 2417883038.648776 2433940664.681445 2456223482.236524

Equation: ((sin(x4) * (x0 * x0)) * (sin(1636.7624476173005) * sin(x4))) + ((1.0996138116082828 / (x4 * x3)) + 1591.731160376861)
Residuals:
2207661132.9957914 2221481863.8888326 2224630517.846655 2251019002.9545155 2321039991.91326 2327282967.4997773 2335974098.692235 2354189732.003963 2358141914.6916313 2360533476.542713 2379288697.6407886 2380343532.2333694 2392207549.0023055 2396512982.9517217 2396952918.939795 2400692711.870208 2402828152.872756 2417883001.0820656 2433940627.744952 2456223446.529403

Equation: x1 ^ x0
Residuals:
3.065726857278918e+68 3.215093858617452e+68 6.784063812336603e+68 8.052097721985097e+68 1.3597906360510294e+69 1.8449095991452505e+69 2.595190819971374e+69 2.9495648935769045e+69 3.4304575795940606e+69 6.966413212343151e+69 1.3055066611579842e+70 2.0263480817198766e+70 2.2963119881748335e+70 3.2655091816472883e+70 3.452289608963671e+70 4.514348331362726e+70 2.2029373937239318e+71 5.417463706016769e+71 7.377486633154196e+71 8.874542936980799e+71

Equation: x0 + (x3 ^ x0)
Residuals:
2.837492368526279e+68 3.2077108081984417e+68 6.4450603800258705e+68 8.605912689453095e+68 1.0260300599334726e+69 1.5650236834547692e+69 2.7770688951669672e+69 3.004798048512342e+69 3.656718478736474e+69 6.225244130398819e+69 1.1594009138928376e+70 1.7511120424840026e+70 1.8861572214028596e+70 3.296198659490108e+70 3.541415947330277e+70 4.715126130066408e+70 2.4199784215768864e+71 5.832263984156671e+71 7.49659560920056e+71 9.901389094475524e+71

Equation: (x4 - cos(x4)) ^ x4
Residuals:
3.268158074645339e+68 5.658886943682076e+68 1.9915386469086864e+69 2.0892163813846805e+69 6.657757172398797e+69 6.948629343071538e+69 1.2550254122499804e+70 1.7155468981999783e+70 2.5060900484890514e+70 2.629865618929516e+70 2.849526267919667e+70 4.214176124215241e+70 4.3989112064197024e+70 5.220661525035762e+70 6.143895907737499e+70 1.2410058693055813e+71 2.0744551350582167e+71 3.1963792488165395e+71 3.5177899486923e+71 3.954765586688141e+71

Equation: x3 * (x3 / (x1 - x0))
Residuals:
136048146.68428186 138262959.82958218 143408042.6477569 143639735.55914167 148663769.7902864 149113582.86385843 151414118.8886754 152569327.85186973 154427654.56499806 154745809.98616675 155041612.35337633 156559874.36886382 156822242.44328687 157657611.97871742 158099451.23798063 161022092.56874177 163799724.66123232 165245058.2781789 165620548.75587156 165726058.96733162

Equation: (x2 - x1) + 1591.7811886243392
Residuals:
136034496.13432726 138248414.02218083 143398875.04217923 143625124.8391339 148673035.75833952 149127962.42850074 151465659.94730645 152589827.53677428 154447534.65865797 154757550.19575018 155051950.46271574 156566829.10089618 156826765.16800132 157660494.82021704 158102379.3079627 161025441.5318079 163560114.5371977 165226431.5961938 165597350.83885896 165689575.95782816

Equation: ((x2 - x2) / x2) + (1591.8014408983863 - (-0.01894169227571789 * x2))
Residuals:
136034495.26434526 138248413.19552302 143398874.14090958 143625123.881723 148673034.49398968 149127961.25779504 151465659.13506284 152589826.77382964 154447533.91156787 154757549.29043207 155051949.42351988 156566828.00626758 156826764.0528222 157660493.5428666 158102378.1710317 161025440.47693256 163560113.68922836 165226430.8801705 165597350.1397306 165689575.21808118

Equation: ((x2 - (x1 + x4)) - x1) + (1591.8014408628223 - (-2.0189417013955024 * x2))
Residuals:
136034495.4921129 138248413.417652 143398874.84114507 143625124.64789048 148673036.1338645 149127962.59791094 151465659.51984873 152589827.01758096 154447534.16479722 154757549.83810404 155051950.2461843 156566828.94319162 156826764.96231982 157660494.81144994 158102379.0394688 161025441.22656068 163560113.89767984 165226430.6675671 165597349.80806902 165689574.96706992

Equation: (((x3 - x0) / (x1 ^ x1)) - x1) + (1591.7811886243392 - (x2 * -1.0189535086579462))
Residuals:
136034495.338641 138248413.22531918 143398874.24519947 143625124.04107532 148673034.95946625 149127961.62737164 151465659.13906288 152589826.72632134 154447533.84724355 154757549.38371786 155051949.65045738 156566828.2869718 156826764.352638 157660494.0047436 158102378.4896083 161025440.7113136 163560113.71227422 165226430.7666714 165597350.00740117 165689575.12589976

Equation: (((0.30522995764037286 / 1591.7811886243392) / cos(x1)) - x1) + (1591.7811886243392 - (x2 * -1.0189535086579462))
Residuals:
136034495.33916315 138248413.2258657 143398874.24589875 143625124.04223722 148673034.95841438 149127961.62643614 151465659.13816914 152589826.72563058 154447533.846625 154757549.38332182 155051949.65014094 156566828.28670257 156826764.35239077 157660494.00452322 158102378.489389 161025440.7110977 163560113.71206072 165226430.7664673 165597350.00720242 165689575.12570405

Equation: (((x2 - x1) / (x1 / 26.52484921938774)) - x1) + ((1591.720519298262 + -0.20954136489932895) - (x2 * -1.0523020940682895))
Residuals:
136034494.24326146 138248412.09978968 143398873.16634688 143625122.99475598 148673034.10162657 149127960.7057263 151465657.97737455 152589825.5287595 154447532.63758412 154757548.2706139 155051948.6191265 156566827.28530133 156826763.35979232 157660493.1099359 158102377.50225022 161025439.66873658 163560112.53305277 165226429.49634808 165597348.72240227 165689573.86453363

Equation: x3
Residuals:
1693090302.717018 1693806376.0723207 1696324284.54548 1697341065.6912467 1699607359.8375134 1700598064.995606 1714741831.0814757 1745217261.0599418 1785567905.0099008 1794618029.2312691 1797978543.3311517 1820353082.9853966 1823667078.0802634 1828076866.2080534 1831017015.8197782 1848358366.5931072 1879748847.9876525 1890135176.8489065 1903166483.0806162 1914418130.5853057

Equation: x3 ^ x0
Residuals:
6.7930422761850504e+128 7.135456799735536e+128 1.1276646496241043e+129 1.627702207036922e+129 7.490675090189349e+129 8.765369320330537e+129 1.3874045221279196e+130 3.1676479345025055e+130 3.9909132726988603e+130 4.2617602906126917e+130 2.0179406795117226e+131 2.4733934143788644e+131 3.2234123125867397e+131 9.487293940736697e+131 1.2346260937235474e+132 2.3516289629129012e+132 4.43819092210793e+132 6.620264811609715e+132 8.95532553717159e+132 1.0500221628615338e+133

Equation: x2 + (x3 ^ x0)
Residuals:
6.7930422761850504e+128 7.135456799735536e+128 1.1276646496241043e+129 1.627702207036922e+129 7.490675090189349e+129 8.765369320330537e+129 1.3874045221279196e+130 3.1676479345025055e+130 3.9909132726988603e+130 4.2617602906126917e+130 2.0179406795117226e+131 2.4733934143788644e+131 3.2234123125867397e+131 9.487293940736697e+131 1.2346260937235474e+132 2.3516289629129012e+132 4.43819092210793e+132 6.620264811609715e+132 8.95532553717159e+132 1.0500221628615338e+133

Equation: x0 ^ (x1 - cos(x4))
Residuals:
3.114563408060253e+127 5.223091610869062e+127 6.7105996040581465e+127 9.048063148832794e+127 2.0448919674317803e+128 6.879129752874943e+128 1.2885046883548888e+129 3.9759935575665617e+129 1.9526875111507168e+130 3.6781714135400803e+130 1.365467030255769e+131 3.0576862533222347e+131 3.731296684647525e+131 2.3329725212408618e+132 7.569186788784677e+132 2.2076315172419866e+133 1.6265348111731e+134 2.178579546519317e+134 3.3307597274677336e+134 4.426976724142536e+134

Equation: sin(cos(x1)) + 1591.8238932181373
Residuals:
1693088780.1742544 1693804853.6253889 1696322762.2269347 1697339543.452387 1699605837.8203092 1700596543.22151 1714740309.3681984 1745215739.4028711 1785566383.5183876 1794616507.8065228 1797977022.1535556 1820351561.9835153 1823665557.1717877 1828075345.6918151 1831015495.6832728 1848356846.5826428 1879747328.09475 1890133657.193526 1903164963.6731858 1914416611.2516575

Equation: (x0 / 15190.359704316805) + 1591.8238932181373
Residuals:
1693088780.8443854 1693804854.2334657 1696322762.8226893 1697339544.0148973 1699605838.3078368 1700596543.4824996 1714740309.6031795 1745215739.6374464 1785566383.6986299 1794616507.9275692 1797977022.0593944 1820351561.8834229 1823665557.071131 1828075345.2735004 1831015495.0828881 1848356845.929114 1879747327.3384366 1890133656.4345436 1903164962.9075532 1914416610.4796126

Equation: (x0 / ((x0 ^ x0) + x0)) + 1591.8238932181373
Residuals:
1693088780.8489826 1693804854.238063 1696322762.827292 1697339544.019505 1699605838.312466 1700596543.4871309 1714740309.6078172 1745215739.642096 1785566383.7032814 1794616507.9322217 1797977022.0640705 1820351561.8880994 1823665557.0758102 1828075345.2781951 1831015495.0875838 1848356845.9338186 1879747327.3431506 1890133656.4392602 1903164962.9122708 1914416610.4843316

Equation: sin(x1 - x2) + ((x3 - x0) + 1591.8238932181373)
Residuals:
1693088780.6886635 1693804854.0192258 1696322762.7545564 1697339543.972122 1699605838.3407335 1700596543.3368907 1714740309.6982276 1745215739.9496193 1785566383.892941 1794616508.0695586 1797977022.3190234 1820351561.98313 1823665557.372925 1828075345.4014013 1831015495.098683 1848356846.0622149 1879747327.4113967 1890133656.3089507 1903164962.7038796 1914416610.2340724

Equation: (cos(x0) / (x0 ^ x0)) + ((x3 - x0) + 1591.8234275598704)
Residuals:
1693088780.7279258 1693804854.0868695 1696322762.6404839 1697339543.8617008 1699605838.3325286 1700596543.5236742 1714740309.7093177 1745215739.8687036 1785566383.8467498 1794616508.081764 1797977022.539448 1820351562.201393 1823665557.336553 1828075345.7001183 1831015495.3270493 1848356846.234312 1879747327.7742882 1890133656.6739633 1903164962.9198186 1914416610.4459932

Equation: ((cos(x4) / (x0 * x1)) / x4) + ((x3 - x0) + 1591.8238932181373)
Residuals:
1693088780.727458 1693804854.0864017 1696322762.640016 1697339543.8612332 1699605838.332061 1700596543.5232067 1714740309.7088504 1745215739.868237 1785566383.846284 1794616508.0812984 1797977022.5389826 1820351562.2009277 1823665557.3360882 1828075345.6996536 1831015495.3265846 1848356846.2338476 1879747327.7738242 1890133656.6734996 1903164962.9193552 1914416610.4455297

Equation: ((cos(x4) / (x2 * x1)) / x4) + (sin(x3 - x0) + 1591.8238932181373)
Residuals:
1693088780.727757 1693804854.0869825 1696322762.6411088 1697339543.8618932 1699605838.3320599 1700596543.5231988 1714740309.7086785 1745215739.8663144 1785566383.845797 1794616508.080747 1797977022.5213308 1820351562.1958504 1823665557.3331594 1828075345.6872869 1831015495.3243158 1848356846.2293665 1879747327.7606337 1890133656.6713634 1903164962.9193552 1914416610.4455395

Equation: (sin(cos(x4)) / ((x0 * x1) * x0)) + (sin(x3 - x0) + 1591.8238932181373)
Residuals:
1693088780.7277572 1693804854.0869825 1696322762.641109 1697339543.8618932 1699605838.33206 1700596543.5231988 1714740309.7086787 1745215739.8663144 1785566383.845797 1794616508.080747 1797977022.5213308 1820351562.1958504 1823665557.3331594 1828075345.6872869 1831015495.3243158 1848356846.2293665 1879747327.7606337 1890133656.671363 1903164962.919355 1914416610.4455392

Equation: 1591.8701840143544 + (cos(5003.140054956316 / 3185.0703917541296) * (x4 - (x0 ^ x0)))
Residuals:
8.156943876529734e+123 8.314232459601253e+123 1.2680912003933856e+124 1.884128967175214e+124 1.0356830510361116e+125 1.2320727936539862e+125 2.081168615850506e+125 5.38642326204766e+125 6.243588420534392e+125 6.7080196046870484e+125 4.406019221680053e+126 4.588242624945964e+126 5.672233680992186e+126 1.9629799322332342e+127 2.1266686843232082e+127 4.306627273067135e+127 9.268359423140036e+127 1.1349161770956389e+128 1.2227878085631135e+128 1.3694445077644883e+128

Equation: (((x0 - 2.295035265853116) / 17152.182728116586) * ((x1 + x0) * (x0 * x3))) + (1591.8224255018024 + (x2 - x0))
Residuals:
1693086093.771908 1693802163.2345378 1696320058.9700298 1697336829.978818 1699603084.7521 1700593780.689715 1714737534.8464334 1745212944.6531394 1785563580.3518643 1794613701.7130034 1797974174.4184072 1820348706.4835355 1823662693.5816853 1828072447.8297315 1831012582.5460072 1848353914.6176348 1879744375.5890708 1890130690.790975 1903161985.1779873 1914413627.2645943

Equation: (((x0 - 2.295035265853116) / (x3 + 17152.182728116586)) * ((x1 + x0) * (x0 * x3))) + (1591.8224255018024 + (x2 - x0))
Residuals:
1693086104.6868343 1693802174.1703372 1696320069.9757173 1697336841.0333564 1699603095.9922793 1700593791.9700859 1714737546.180809 1745212956.0795221 1785563591.8304884 1794613713.204645 1797974186.08639 1820348718.2113402 1823662705.3571947 1828072459.7583082 1831012594.5687282 1848353926.7301452 1879744387.7890098 1890130703.0887468 1903161997.5667467 1914413639.6877842

Equation: x4
Residuals:
78177035.47876488 78582965.48312326 78670776.07695603 84238880.9335834 84776741.20900236 86009386.50797409 86226618.63554354 86732699.48471545 89430456.43941115 89866178.43786521 90210662.78598984 90682649.65871632 90774049.95484124 91390364.0482531 91662292.14629565 93914187.37815851 95037486.1640509 95716246.30207963 97233863.72120638 99848888.93866745

Equation: x4 ^ x0
Residuals:
3.543870056523381e+59 3.9740555918520748e+59 4.689380359416587e+59 1.0220406285234678e+60 1.442114878136186e+60 2.4593269785078585e+60 4.4620907605844166e+60 7.857373598836621e+60 1.909654692089256e+61 2.9461863209041585e+61 6.013375353050239e+61 9.041776924797257e+61 1.9389277362486525e+62 2.0410934633490763e+62 2.8673946990895497e+62 3.755509932744157e+62 4.711336603567533e+62 5.579776779289585e+62 6.360808639541249e+62 1.7027243159986908e+63

Equation: (x4 ^ x0) + x4
Residuals:
3.543870056523381e+59 3.9740555918520748e+59 4.689380359416587e+59 1.0220406285234678e+60 1.442114878136186e+60 2.4593269785078585e+60 4.4620907605844166e+60 7.857373598836621e+60 1.909654692089256e+61 2.9461863209041585e+61 6.013375353050239e+61 9.041776924797257e+61 1.9389277362486525e+62 2.0410934633490763e+62 2.8673946990895497e+62 3.755509932744157e+62 4.711336603567533e+62 5.579776779289585e+62 6.360808639541249e+62 1.7027243159986908e+63

Equation: x4 - -1587.8057416947236
Residuals:
78175447.67302318 78581377.67738156 78669188.27121434 84237293.1278417 84775153.40326066 86007798.70223239 86225030.82980184 86731111.67897375 89428868.63366945 89864590.63212353 90209074.98024814 90681061.85297462 90772462.14909954 91388776.2425114 91660704.34055395 93912599.57241681 95035898.35830921 95714658.49633794 97232275.91546468 99847301.13292575

Equation: 1591.1802566665226 - sin(x4)
Residuals:
78175481.9560054 78581412.00419548 78669222.65695867 84237328.51515327 84775188.92381886 86007834.37251747 86225066.5573346 86731147.51248074 89428904.85991405 89864626.8817611 90209111.32129437 90681098.21478419 90772498.56064034 91388812.709224 91660740.83867276 93912636.30454946 95035935.18445295 95714695.38751577 97232312.92279841 99847338.3131146

Equation: 1592.8982853981302 - (x4 / x0)
Residuals:
78175481.25601195 78581411.28219372 78669221.90528592 84237327.28758842 84775187.63551754 86007833.01704217 86225065.17404577 86731146.08275534 89428903.28367688 89864625.2951649 90209109.70267399 90681096.58752501 90772496.91479893 91388811.04931122 91660739.16912353 93912634.59347987 95035933.46531042 95714693.66700071 97232311.21242557 99847336.65437052

Equation: 1591.7088160444478 - (sin(x4) / x4)
Residuals:
78175481.44770038 78581411.47455698 78669222.09863822 84237327.48204722 84775187.8316069 86007833.21589637 86225065.37673667 86731146.28858383 89428903.49146034 89864625.5057029 90209109.91690451 90681096.80428879 90772497.1360638 91388811.26998845 91660739.39158252 93912634.81275423 95035933.68358867 95714693.88443254 97232311.42652114 99847336.8666016

Equation: (x0 * (x4 - x0)) + 1591.5558421222784
Residuals:
78175485.55741075 78581415.72225833 78669226.65184623 84237315.31660807 84775175.7214531 86007822.5882281 86225059.36409701 86731143.19776149 89428897.75365199 89864623.57060213 90209112.46704163 90681102.98624648 90772509.75320545 91388822.43084727 91660753.0526865 93912641.94380538 95035939.00645757 95714697.8782564 97232310.65229928 99847335.41185361

Equation: 1591.5660425738995 + (0.0769200114046748 * x3)
Residuals:
78175478.68782759 78581408.71388547 78669219.30195403 84237324.67187163 84775185.01510394 86007830.39447935 86225062.54660755 86731143.4565875 89428900.65488178 89864622.64709511 90209107.05662656 90681093.923493 90772494.25444245 91388808.38122478 91660736.49389966 93912631.91373026 95035930.78382806 95714690.97987904 97232308.51893377 99847333.94058459

Equation: 1591.9298342224956 + (cos(x4) * 0.0991129489017492)
Residuals:
78175481.12814292 78581411.1543965 78669221.77774315 84237327.16270821 84775187.51465741 86007832.90233253 86225065.06467341 86731145.97961506 89428903.19797069 89864625.21335977 90209109.62931804 90681096.51784678 90772496.85246441 91388810.98971765 91660739.11329287 93912634.55148198 95035933.43048328 95714693.63753015 97232311.19206274 99847336.65514973

Equation: (0.24366398462591357 * cos(cos(x0))) + 1591.689072668865
Residuals:
78175481.33562335 78581411.3613951 78669221.98371953 84237327.3516828 84775187.69587126 86007833.0700157 86225065.21649128 86731146.11277513 89428903.2922653 89864625.29386236 90209109.68731362 90681096.56653194 90772496.88935496 91388811.02285789 91660739.14344788 93912634.56364909 95035933.43473199 95714693.63611749 97232311.17851312 99847336.62967762

Equation: ((cos(51.79835296596484) * x3) * cos(cos(x0))) + 1591.7556498770955
Residuals:
78175480.62396415 78581410.64722519 78669221.25525291 84237326.60961275 84775186.93358251 86007832.26484366 86225064.34047888 86731145.1646151 89428902.2457621 89864624.1760747 90209108.48344609 90681095.31272137 90772495.59170307 91388809.72157013 91660737.83373097 93912633.25421233 95035932.12721503 95714692.32910334 97232309.87012872 99847335.36133608

Equation: (cos(x1 / 0.5215711571310857) * -0.05722091466063168) + 1591.884570483305
Residuals:
78175481.21527791 78581411.24738948 78669221.87836719 84237327.26966672 84775187.61816515 86007833.00434506 86225065.17818499 86731146.11789834 89428903.3194967 89864625.33867592 90209109.75583392 90681096.64600225 90772496.9802197 91388811.11816944 91660739.2455826 93912634.66719468 95035933.53806846 95714693.74026833 97232311.28009817 99847336.71596302

Equation: (cos(x1 / 0.5215711571310857) * sin(-0.05722091466063168)) + 1591.884570483305
Residuals:
78175481.21530913 78581411.24741752 78669221.87839104 84237327.26967931 84775187.61817747 86007833.00435543 86225065.17818792 86731146.11788546 89428903.3194825 89864625.3386589 90209109.75581327 90681096.64598 90772496.98019592 91388811.11814328 91660739.24555315 93912634.66716442 95035933.53803807 95714693.7402372 97232311.28006841 99847336.71593635

Equation: ((cos(x0) * (-0.00995127088919187 * x4)) * (cos(x1) * x1)) + 1591.9418039277418
Residuals:
78175495.29646651 78581425.02638471 78669235.12296928 84237339.0470194 84775199.14973965 86007843.77555107 86225074.10203436 86731151.83323698 89428907.90000334 89864628.85310507 90209111.82021593 90681097.99046601 90772497.2715788 91388811.31300099 91660739.126073 93912634.52468906 95035933.36007589 95714693.76302372 97232311.4865129 99847338.16656056

Equation: 1591.9404386258675 + (cos(x2 + -0.18321118110608922) * (cos(x0) * (-0.03319950026726289 * x1)))
Residuals:
78175482.43954527 78581412.47484551 78669223.11590791 84237328.42242454 84775188.69404943 86007833.96736419 86225066.0326919 86731146.8453055 89428903.84820262 89864625.73905703 90209109.97746187 90681096.76708546 90772496.94627413 91388811.07048395 91660739.13459758 93912634.55430377 95035933.42442766 95714693.62693523 97232311.17109106 99847336.6770566

Equation: x4
Residuals:
8738670033.139904 8774648079.557043 8790350114.161243 8811737471.225851 8887112892.88913 8971578917.750578 9067342827.022848 9089322286.731216 9165291642.322735 9179813558.461494 9208832874.478985 9230036135.698244 9377543080.711477 9418356539.918285 9432704135.931786 9533843228.881237 9542031718.066887 9557902993.805613 9558571358.9823 9596802615.217052

Equation: x4 ^ x0
Residuals:
4.761982269912762e+193 6.31100962331511e+193 8.585452740390402e+193 1.2619957804627695e+194 2.328565559546164e+194 3.901657644969102e+194 8.664169465181088e+194 1.0010468231551926e+195 1.193710789531568e+195 1.5477809384889914e+195 2.236604980963604e+195 2.6433123474620183e+195 8.172884797251912e+195 1.6556907819507425e+196 6.347491300820357e+196 9.049225182830835e+196 1.3191030697068678e+197 1.8206601578904835e+197 2.794057440298956e+197 3.1301594046208495e+197

Equation: (x4 ^ x0) + x4
Residuals:
4.761982269912762e+193 6.31100962331511e+193 8.585452740390402e+193 1.2619957804627695e+194 2.328565559546164e+194 3.901657644969102e+194 8.664169465181088e+194 1.0010468231551926e+195 1.193710789531568e+195 1.5477809384889914e+195 2.236604980963604e+195 2.6433123474620183e+195 8.172884797251912e+195 1.6556907819507425e+196 6.347491300820357e+196 9.049225182830835e+196 1.3191030697068678e+197 1.8206601578904835e+197 2.794057440298956e+197 3.1301594046208495e+197

Equation: 1587.8057414779366 + x4
Residuals:
8738668445.334164 8774646491.7513 8790348526.355503 8811735883.420109 8887111305.08339 8971577329.944836 9067341239.217106 9089320698.925474 9165290054.516994 9179811970.655752 9208831286.673243 9230034547.892504 9377541492.905737 9418354952.112543 9432702548.126045 9533841641.075497 9542030130.261145 9557901405.999872 9558569771.176558 9596801027.411312

Equation: (x3 - x4) + 1591.899787843145
Residuals:
8738668538.377218 8774646584.934317 8790348619.55772 8811735976.645418 8887111398.48424 8971577423.71167 9067341333.041515 9089320792.851599 9165290148.516968 9179812064.723972 9208831380.82767 9230034641.979477 9377541587.53754 9418355046.860338 9432702642.866781 9533841736.151344 9542030225.223152 9557901501.016232 9558569865.972408 9596801122.26879

Equation: 1872.0516962744707 + -280.1739922965487
Residuals:
8738668538.398003 8774646584.895693 8790348619.527252 8811735976.64004 8887111398.475405 8971577423.52873 9067341332.999393 9089320792.759672 9165290148.510433 9179812064.692944 9208831380.773216 9230034642.030867 9377541587.356028 9418355046.645357 9432702642.694801 9533841735.85081 9542030225.060995 9557901500.83668 9558569866.016016 9596801122.320835

Equation: 1591.9195014612417 + (cos(x3) / (x0 * x0))
Residuals:
8738668538.356308 8774646584.853998 8790348619.485558 8811735976.598347 8887111398.433712 8971577423.487038 9067341332.957693 9089320792.717972 9165290148.46872 9179812064.651228 9208831380.731499 9230034641.989138 9377541587.314293 9418355046.603619 9432702642.653055 9533841735.809055 9542030225.019226 9557901500.794909 9558569865.974222 9596801122.279034

Equation: (cos(1584.8576613292207) * x0) + 1591.577987400513
Residuals:
8738668531.31464 8774646577.809006 8790348612.435925 8811735969.543137 8887111391.371223 8971577416.419191 9067341325.87995 9089320785.638699 9165290141.389181 9179812057.568123 9208831373.64335 9230034634.898874 9377541580.210539 9418355039.489576 9432702635.517439 9533841728.671003 9542030217.87538 9557901493.646358 9558569858.818676 9596801115.122778

Equation: x2 - ((0.9230795549534202 * x1) - 1591.5489481891807)
Residuals:
8738668531.282757 8774646577.792473 8790348612.511562 8811735969.574923 8887111391.29163 8971577416.32726 9067341325.927916 9089320785.536552 9165290141.276323 9179812057.437767 9208831373.669134 9230034634.812017 9377541579.981888 9418355039.232292 9432702635.17754 9533841728.345076 9542030217.553898 9557901493.376001 9558569858.592218 9596801115.091494

Equation: ((cos(x0) * 0.3627948642054794) / x0) + 1591.9356044277008
Residuals:
8738668538.343819 8774646584.841492 8790348619.473019 8811735976.585747 8887111398.421005 8971577423.474234 9067341332.94467 9089320792.704908 9165290148.455662 9179812064.638075 9208831380.718197 9230034641.97578 9377541587.300467 9418355046.589386 9432702642.637867 9533841735.793758 9542030225.003668 9557901500.779125 9558569865.958122 9596801122.262907

Equation: (cos(x0 * 63.6670459510066) / (x0 * x0)) + 1591.9161008748276
Residuals:
8738668538.35971 8774646584.857199 8790348619.488955 8811735976.601677 8887111398.437027 8971577423.49023 9067341332.96104 9089320792.721378 9165290148.472134 9179812064.654446 9208831380.734844 9230034641.992367 9377541587.317598 9418355046.606916 9432702642.656311 9533841735.812492 9542030225.022549 9557901500.798252 9558569865.977629 9596801122.282389

Equation: (sin(x0 - 0.4899639417080999) * (sin(x1) / (x4 + x1))) - -1591.8415794892132
Residuals:
8738668538.433475 8774646584.93127 8790348619.56312 8811735976.676031 8887111398.511505 8971577423.564909 9067341333.035398 9089320792.795593 9165290148.546333 9179812064.728703 9208831380.808659 9230034642.066135 9377541587.390608 9418355046.679398 9432702642.727892 9533841735.88375 9542030225.093657 9557901500.869005 9558569866.04803 9596801122.3525

Equation: ((sin(x0) * (x3 * x1)) * -0.014551256850706245) - ((-2.2322653960234704 / x4) - 1591.146494943151)
Residuals:
8738668530.263813 8774646570.756655 8790348597.023401 8811735944.190746 8887111353.243683 8971577369.114447 9067341262.014223 9089320719.291714 9165290074.396837 9179811985.08256 9208831293.538544 9230034551.539803 9377541479.26673 9418354927.38804 9432702507.44995 9533841599.334536 9542030086.16865 9557901360.688658 9558569724.839287 9596800980.588205

